<?xml version="1.0" encoding="utf-8"?>
<TEI xmlns="http://www.tei-c.org/ns/1.0" xmlns:xi="http://www.w3.org/2001/XInclude">
 <teiHeader>
  <fileDesc>
   <titleStmt>
    <title xml:id="v59_002_RektoruKazanskogouniversiteta">
     Письма и документы. Tolstoy Digital
    </title>
    <title type="main">
     Письмо Ректору Казанского университета. от 3 августа 1844 г.
    </title>
    <title type="bibl">
     Толстой Л. Н. Письмо Ректору Казанского университета., 3 августа 1844 г. // Толстой Л. Н. Полное собрание сочинений: в 90 тт. Т. 59. М.: Гос. изд. «Художественная литература», 1935. С.
    </title>
    <respStmt>
     <resp>
      Идея, постановка задач, руководство:
     </resp>
     <name>
      Анастасия Бонч-Осмоловская, Фёкла Толстая, Борис Орехов, Тимофей Лукашевский
     </name>
    </respStmt>
    <respStmt>
     <resp>
      Подготовка TEI/XML:
     </resp>
     <name>
      Евгений Можаев, Даниил Скоринкин, Ирина Павлова, Матвей Колбасов, Елена Сидорова, Кирилл Милинцевич, Лев Буланов, Макар Федоров, Константин Петров
     </name>
    </respStmt>
    <respStmt>
     <resp>
      Подготовка метаданных:
     </resp>
     <name>
      Мария Картышева, Вероника Файнберг
     </name>
    </respStmt>
    <respStmt>
     <resp>
      Разметка имен собственных:
     </resp>
     <name>
      Никита Северин, Елена Северина
     </name>
    </respStmt>
    <respStmt>
     <resp>
      Исправление древнегреческого текста:
     </resp>
     <name>
      Ольга Алиева
     </name>
    </respStmt>
    <funder>
     Проект «Слово Толстого»
    </funder>
   </titleStmt>
   <publicationStmt>
    <publisher>
     <orgName>
      Tolstoy Digital, DH CLOUD, Научно-образовательный союз «Родное Слово» проект «Слово Толстого»
     </orgName>
    </publisher>
    <availability>
     <p id="f10fd049-8814-462f-ad9d-0b8225342db7">
      Тексты и метатекстовая разметка доступны для свободного использования и распространения по лицензии Creative Commons Attribution Share-Alike (cc by-sa)
     </p>
    </availability>
    <date from="2015" to="2022"/>
   </publicationStmt>
   <notesStmt>
    <note>
     Публикуемые документы был получены с сайта tolstoy.ru в формате html, переведены в формат TEI. Исправлены некоторые ошибки распознавания. Тексты, написанные в дореформенной орфографии, сопоставлены с их версиями в современной орфографии.
    </note>
   </notesStmt>
   <sourceDesc>
    <biblStruct>
     <analytic>
      <author>
       Толстой Лев Николаевич
      </author>
     </analytic>
     <monogr>
      <title level="m">
       Полное собрание сочинений. Том 59
      </title>
      <imprint>
       <pubPlace>
        Москва
       </pubPlace>
       <publisher>
        Государственное издательство «Художественная литература»
       </publisher>
       <date when="1935"/>
      </imprint>
      <biblScope unit="vol">
       59
      </biblScope>
      <biblScope unit="page">
       5-8
      </biblScope>
     </monogr>
     <series>
      <title level="s">
       Л. Н. Толстой. Полное собрание сочинений: в 90 тт.
      </title>
     </series>
    </biblStruct>
    <bibl/>
   </sourceDesc>
  </fileDesc>
  <encodingDesc>
   <classDecl>
    <xi:include href="../../reference/taxonomy.xml"/>
   </classDecl>
  </encodingDesc>
  <profileDesc>
   <correspDesc>
    <correspAction type="sending">
     <persName ref="13883">
      Л. Н. Толстой
     </persName>
     <placeName>
      Казань
     </placeName>
     <date when="1844-08-03"/>
    </correspAction>
    <correspAction type="receiving">
     <persName ref="7974">
      Лобачевский Николай Иванович
     </persName>
    </correspAction>
   </correspDesc>
   <langUsage>
    <language ident="ru"/>
    <language ident="ru-petr1708"/>
   </langUsage>
   <textClass>
    <catRef ana="#tolstoy_heritage" target="library"/>
    <catRef ana="#letters" target="type"/>
    <catRef ana="#sent" target="sent"/>
   </textClass>
  </profileDesc>
 </teiHeader>
 <xenoData>
  <number type="in a volume">
   2
  </number>
 </xenoData>
 <text xml:id="RektoruKazanskogouniversiteta._2" xmlns="http://www.tei-c.org/ns/1.0" xmlns:xi="http://www.w3.org/2001/XInclude">
  <body>
   <div>
    <pb n="5"/>
    <opener index="false">
     2. Ректору Казанского университета
     <name placement="text" ref="7974" type="person">
      Н. И. Лобачевскому
     </name>
     .1844 г. Августа 3. Казань.
    </opener>
    <p id="90eb1e67-f45a-4442-8398-54c2c5a4ad5d">
     Его Превосходительству господину ректору
     <choice>
      <reg>
       Императорского
      </reg>
      <orig>
       Императорскаго
      </orig>
     </choice>
     <choice>
      <reg>
       Казанского
      </reg>
      <orig>
       Казанскаго
      </orig>
     </choice>
     университета, заслуженному профессору,
     <choice>
      <reg>
       действительному
      </reg>
      <orig>
       дѣйствительному
      </orig>
     </choice>
     статскому
     <choice>
      <reg>
       советнику
      </reg>
      <orig>
       совѣтнику
      </orig>
     </choice>
     <name placement="text" ref="7974" type="person">
      Николаю Ивановичу Лобачевскому
     </name>
     .
     <hi>
      1
     </hi>
    </p>
    <p id="cf0ad281-a8a7-425c-828e-d50a84bafece" rend="Shapka">
     <choice>
      <reg>
       От
      </reg>
      <orig>
       Отъ
      </orig>
     </choice>
     Льва Николаевича графа
    </p>
    <p id="31c52a57-34a3-4c9b-9b69-5afc613ba26f" rend="Shapka">
     Толстого
    </p>
    <p id="621b2c88-03ef-4636-8d18-69d65cdcd731" rend="subtitle centerline">
     <choice>
      <reg>
       Прошение
      </reg>
      <orig>
       Прошеніе
      </orig>
     </choice>
     .
    </p>
    <p id="ef0722e0-e128-46c6-9858-ea43dad4c525">
     <choice>
      <reg>
       В
      </reg>
      <orig>
       Въ
      </orig>
     </choice>
     <choice>
      <reg>
       мае
      </reg>
      <orig>
       маѣ
      </orig>
     </choice>
     <choice>
      <reg>
       месяце
      </reg>
      <orig>
       мѣсяцѣ
      </orig>
     </choice>
     <choice>
      <reg>
       текущего
      </reg>
      <orig>
       текущаго
      </orig>
     </choice>
     года я
     <choice>
      <reg>
       вместе
      </reg>
      <orig>
       вмѣстѣ
      </orig>
     </choice>
     <choice>
      <reg>
       с
      </reg>
      <orig>
       съ
      </orig>
     </choice>
     учениками первой и второй Казанской
     <choice>
      <reg>
       гимназии
      </reg>
      <orig>
       гимназіи
      </orig>
     </choice>
     подвергался
     <choice>
      <reg>
       испытанию
      </reg>
      <orig>
       испытанію
      </orig>
     </choice>
     ,
     <choice>
      <reg>
       с
      </reg>
      <orig>
       съ
      </orig>
     </choice>
     <choice>
      <reg>
       целью
      </reg>
      <orig>
       цѣлью
      </orig>
     </choice>
     поступить
     <choice>
      <reg>
       в
      </reg>
      <orig>
       въ
      </orig>
     </choice>
     число
     <choice>
      <reg>
       студентов
      </reg>
      <orig>
       студентовъ
      </orig>
     </choice>
     <choice>
      <reg>
       Казанского
      </reg>
      <orig>
       Казанскаго
      </orig>
     </choice>
     университета разряда арабско-турецкой словесности. Но
     <choice>
      <reg>
       как
      </reg>
      <orig>
       какъ
      </orig>
     </choice>
     на
     <choice>
      <reg>
       этом
      </reg>
      <orig>
       этомъ
      </orig>
     </choice>
     <choice>
      <reg>
       испытании
      </reg>
      <orig>
       испытаніи
      </orig>
     </choice>
     не
     <choice>
      <reg>
       оказал
      </reg>
      <orig>
       оказалъ
      </orig>
     </choice>
     <choice>
      <reg>
       надлежащих
      </reg>
      <orig>
       надлежащихъ
      </orig>
     </choice>
     <choice>
      <reg>
       сведений
      </reg>
      <orig>
       свѣдѣній
      </orig>
     </choice>
     <choice>
      <reg>
       в
      </reg>
      <orig>
       въ
      </orig>
     </choice>
     <choice>
      <reg>
       истории
      </reg>
      <orig>
       исторіи
      </orig>
     </choice>
     ,
     <choice>
      <reg>
       статистике
      </reg>
      <orig>
       статистикѣ
      </orig>
     </choice>
     , то и прошу
     <choice>
      <reg>
       покорнейше
      </reg>
      <orig>
       покорнѣйше
      </orig>
     </choice>
     ваше превосходительство дозволить
     <choice>
      <reg>
       мне
      </reg>
      <orig>
       мнѣ
      </orig>
     </choice>
     <choice>
      <reg>
       ныне
      </reg>
      <orig>
       нынѣ
      </orig>
     </choice>
     снова экзаменоваться
     <choice>
      <reg>
       в
      </reg>
      <orig>
       въ
      </orig>
     </choice>
     <choice>
      <reg>
       этих
      </reg>
      <orig>
       этихъ
      </orig>
     </choice>
     <choice>
      <reg>
       предметах
      </reg>
      <orig>
       предметахъ
      </orig>
     </choice>
     .
     <hi>
      2
     </hi>
    </p>
    <p id="163d97ca-5db7-4f7a-b07b-a3c4c3eac87d">
     При
     <choice>
      <reg>
       сем
      </reg>
      <orig>
       семъ
      </orig>
     </choice>
     <choice>
      <reg>
       имею
      </reg>
      <orig>
       имѣю
      </orig>
     </choice>
     честь представить
     <choice>
      <reg>
       следующие
      </reg>
      <orig>
       слѣдующіе
      </orig>
     </choice>
     документы:
    </p>
    <p id="af7b50c4-787d-43d6-9ce4-36896588d9c7">
     1) метрическое
     <choice>
      <reg>
       свидетельство
      </reg>
      <orig>
       свидѣтельство
      </orig>
     </choice>
     <choice>
      <reg>
       из
      </reg>
      <orig>
       изъ
      </orig>
     </choice>
     Тульской
     <choice>
      <reg>
       консистории
      </reg>
      <orig>
       консисторіи
      </orig>
     </choice>
     ,
     <hi>
      3
     </hi>
    </p>
    <p id="1804c49e-dce5-4eb3-826e-9a8aee13c23d">
     2)
     <choice>
      <reg>
       копии
      </reg>
      <orig>
       копіи
      </orig>
     </choice>
     <hi>
      4
     </hi>
     <choice>
      <reg>
       с
      </reg>
      <orig>
       съ
      </orig>
     </choice>
     <choice>
      <reg>
       постановления
      </reg>
      <orig>
       постановленія
      </orig>
     </choice>
     <choice>
      <reg>
       Тульского
      </reg>
      <orig>
       Тульскаго
      </orig>
     </choice>
     <choice>
      <reg>
       дворянского
      </reg>
      <orig>
       дворянскаго
      </orig>
     </choice>
     <choice>
      <reg>
       депутатского
      </reg>
      <orig>
       депутатскаго
      </orig>
     </choice>
     <choice>
      <reg>
       собрания
      </reg>
      <orig>
       собранія
      </orig>
     </choice>
     . Августа 3 дня 1844 г.
     <choice>
      <reg>
       К
      </reg>
      <orig>
       Къ
      </orig>
     </choice>
     сему
     <choice>
      <reg>
       прошению
      </reg>
      <orig>
       прошенію
      </orig>
     </choice>
     означенный выше проситель
     <choice>
      <reg>
       граф
      </reg>
      <orig>
       графъ
      </orig>
     </choice>
     <choice>
      <reg>
       Лев
      </reg>
      <orig>
       Левъ
      </orig>
     </choice>
     <choice>
      <reg>
       Николаев
      </reg>
      <orig>
       Николаевъ
      </orig>
     </choice>
     Толстой руку
     <choice>
      <reg>
       приложил
      </reg>
      <orig>
       приложилъ
      </orig>
     </choice>
     .
    </p>
    <noteGrp type="comments">
     <note index="false" type="comments">
      <p id="beeea809-ccb1-4703-961d-d10a189e6560" rend="Textpetit_otstup left">
       Печатается по автографу, хранящемуся в архиве Казанского университета. Впервые опубликовано Н. П. Загоскиным в статье: «Граф Л. Н. Толстой и его студенческие
       <hi>
        годы
       </hi>
       » — «Исторический вестник» 1894, № 1, стр. 48—99.
      </p>
     </note>
     <note index="false" type="comments">
      <p id="f9a743ed-d96f-4b80-8192-4a3c97c78980" rend="petit">
       На прошении рукой Лобачевского помечено: «Допустить к дополнительному испытанию. 4 августа 1844 г. Ректор Лобачевский». После текста прошения помечено: «Определено Толстого принять в университет студентом
       <ref id="svoekoshtnyj" target="slovar">
        своекоштного
       </ref>
       содержания по разряду арабско-турецкой словесности, в 1-й курс, о чем уведомить Отделение Наук и инспектора студентов, подлинное за подписом гг. присутствующих и скрепою секретаря, верно за столоначальника Андроникова исполнено 20 сентября. В 1-ое отделение № 1189 Инспектору № 1138».
      </p>
     </note>
    </noteGrp>
   </div>
  </body>
 </text>
</TEI>
