<?xml version="1.0" encoding="utf-8"?>
<TEI xmlns="http://www.tei-c.org/ns/1.0" xmlns:xi="http://www.w3.org/2001/XInclude">
 <teiHeader>
  <fileDesc>
   <titleStmt>
    <title xml:id="v59_089_T_A_Ergolskoj">
     Письма и документы. Tolstoy Digital
    </title>
    <title type="main">
     Письмо Т. А. Ергольской с 17 октября 1854 г. по 18 октября 1854 г.
    </title>
    <title type="bibl">
     Толстой Л. Н. Письмо Т. А. Ергольской, 17 октября 1854 г. — 18 октября 1854 г. // Толстой Л. Н. Полное собрание сочинений: в 90 тт. Т. 59. М.: Гос. изд. «Художественная литература», 1935. С.
    </title>
    <respStmt>
     <resp>
      Идея, постановка задач, руководство:
     </resp>
     <name>
      Анастасия Бонч-Осмоловская, Фёкла Толстая, Борис Орехов, Тимофей Лукашевский
     </name>
    </respStmt>
    <respStmt>
     <resp>
      Подготовка TEI/XML:
     </resp>
     <name>
      Евгений Можаев, Даниил Скоринкин, Ирина Павлова, Матвей Колбасов, Елена Сидорова, Кирилл Милинцевич, Лев Буланов, Макар Федоров, Константин Петров
     </name>
    </respStmt>
    <respStmt>
     <resp>
      Подготовка метаданных:
     </resp>
     <name>
      Мария Картышева, Вероника Файнберг
     </name>
    </respStmt>
    <respStmt>
     <resp>
      Разметка имен собственных:
     </resp>
     <name>
      Никита Северин, Елена Северина
     </name>
    </respStmt>
    <respStmt>
     <resp>
      Исправление древнегреческого текста:
     </resp>
     <name>
      Ольга Алиева
     </name>
    </respStmt>
    <funder>
     Проект «Слово Толстого»
    </funder>
   </titleStmt>
   <publicationStmt>
    <publisher>
     <orgName>
      Tolstoy Digital, DH CLOUD, Научно-образовательный союз «Родное Слово» проект «Слово Толстого»
     </orgName>
    </publisher>
    <availability>
     <p id="9d961d11-1a2d-4851-aee7-f0e45e2f3d02">
      Тексты и метатекстовая разметка доступны для свободного использования и распространения по лицензии Creative Commons Attribution Share-Alike (cc by-sa)
     </p>
    </availability>
    <date from="2015" to="2022"/>
   </publicationStmt>
   <notesStmt>
    <note>
     Публикуемые документы был получены с сайта tolstoy.ru в формате html, переведены в формат TEI. Исправлены некоторые ошибки распознавания. Тексты, написанные в дореформенной орфографии, сопоставлены с их версиями в современной орфографии.
    </note>
   </notesStmt>
   <sourceDesc>
    <biblStruct>
     <analytic>
      <author>
       Толстой Лев Николаевич
      </author>
     </analytic>
     <monogr>
      <title level="m">
       Полное собрание сочинений. Том 59
      </title>
      <imprint>
       <pubPlace>
        Москва
       </pubPlace>
       <publisher>
        Государственное издательство «Художественная литература»
       </publisher>
       <date when="1935"/>
      </imprint>
      <biblScope unit="vol">
       59
      </biblScope>
      <biblScope unit="page">
       277-280
      </biblScope>
     </monogr>
     <series>
      <title level="s">
       Л. Н. Толстой. Полное собрание сочинений: в 90 тт.
      </title>
     </series>
    </biblStruct>
    <bibl>
     Публикуется впервые
    </bibl>
   </sourceDesc>
  </fileDesc>
  <encodingDesc>
   <classDecl>
    <xi:include href="../../reference/taxonomy.xml"/>
   </classDecl>
  </encodingDesc>
  <profileDesc>
   <correspDesc>
    <correspAction type="sending">
     <persName ref="13883">
      Л. Н. Толстой
     </persName>
     <placeName>
      Кишинев
     </placeName>
     <date notAfter="1854-10-18" notBefore="1854-10-17"/>
    </correspAction>
    <correspAction type="receiving">
     <persName ref="4947">
      Ергольская Татьяна Александровна
     </persName>
    </correspAction>
   </correspDesc>
   <langUsage>
    <language ident="ru"/>
    <language ident="ru-petr1708"/>
   </langUsage>
   <textClass>
    <catRef ana="#tolstoy_heritage" target="library"/>
    <catRef ana="#letters" target="type"/>
    <catRef ana="#sent" target="sent"/>
   </textClass>
  </profileDesc>
 </teiHeader>
 <xenoData>
  <number type="in a volume">
   89
  </number>
 </xenoData>
 <text xml:id="T.A.Ergolskoj_89" xmlns="http://www.tei-c.org/ns/1.0" xmlns:xi="http://www.w3.org/2001/XInclude">
  <body>
   <div>
    <pb n="277"/>
    <opener index="false">
     * 89. T. A. Ергольской.1854 г. Октября 17—18. Кишинев.
    </opener>
    <p id="e1cbb160-72a7-4377-9583-09c3f7c6ee77" rend="right">
     <choice>
      <reg>
       Кишинев
      </reg>
      <orig>
       Кишиневъ
      </orig>
     </choice>
    </p>
    <lb/>
    <p id="e8a0c7dd-e5db-4c0e-93ad-71482b1adab2" rend="center">
     Chère tante!
    </p>
    <p id="da1d884f-2a72-449f-9fd9-8e111161ae1a" rend="right">
     1854. 17 Октября.
    </p>
    <p id="2851e7c3-7a6f-429f-ad77-53ab455f6187">
     Il у a des siècles que je ne vous ai écrit. Pourquoi ce silence? je ne
     <choice original_editorial_correction="saurai[s]">
      <sic>
       saurai
      </sic>
      <corr>
       saurais
      </corr>
     </choice>
     vous dire, il y a eu plusieurs raisons. La plus grave, c’est que je n’avais pas de bonnes nouvelles, à vous donner sur mon compte. J’ai été sans argent pendant plus de 3 mois et c’est pour la première fois que j’ai éprouvé jusqu’à quel point cet état [est] désagréable; mais une fois que c’est passé je ne vous en parlerai plus. Je vous
     <choice original_editorial_correction="parlerai[s]">
      <sic>
       parlerai
      </sic>
      <corr>
       parlerais
      </corr>
     </choice>
     de ce qu’il y a d’agréable dans ma position. I-mo nous sommes depuis près de 6 semaines
     <ref target="#note1">
      1
     </ref>
     <note index="false" resp="volume_editor" xml:id="note1">
      Толстой выехал из Бухареста по направлению к русской границе 19 июля и 9 сентября приехал в Кишинев.
     </note>
     à
     <choice>
      <reg>
       Кишинев
      </reg>
      <orig>
       Кишиневъ
      </orig>
     </choice>
     , une jolie ville de province très animée à cause de l’arrivée de l’état-major et surtout depuis quelques jours, à cause de l’arrivée des grands ducs Nicolas et Michel.
     <ref target="#note2">
      2
     </ref>
     <note index="false" resp="volume_editor" xml:id="note2">
      В. к. Николай Николаевич Старший (1831—1891), третий сын Николая I, и в. к.
      <name placement="note" ref="9031" type="person">
       Михаил Николаевич
      </name>
      (1832—1909), четвертый сын Николая I, 27 сентября 1854 г. были командированы в распоряжение командующего 3, 4 и 5 пехотными корпусами кн. Мих. Дм. Горчакова и 6 октября прибыли в Кишинев.
     </note>
     On y est très tranquillement, on [ne]pense qu’à s’amuser et au nouvelles qui nous arrivent de Crimée. Ces nouvelles sont consolantes depuis quelque tems. Aujourd’hui nous avons appris la nouvelle de la conquête de Liprandi,
     <ref target="#note3">
      3
     </ref>
     <note index="false" resp="volume_editor" xml:id="note3">
      <name placement="note" ref="7916" type="person">
       Павел Петрович Липранди
      </name>
      (1796—1864) принимал участие в поводах 1813—1814 гг., в войне с Турцией 1828—1829 гг., в польской кампании 1830—1831 гг., причем участвовал при штурме варшавских укреплений; в 1842—1848 гг. командовал л.-гв. Семеновским полком, в 1848 г. начальник штаба гренадерского корпуса. В 1853—1854 гг. скомандовал отрядом в Валахии, а затем был переведен в Крым. До
      <hi style="opdelimiter">
       конца
      </hi>
      <hi style="npdelimiter">
       войны
      </hi>
      1853—1856 гг. оставался при Крымской армии, принимал участие во всех больших сражениях, а по окончании войны командовал корпусом.
     </note>
     qui a battu les Anglais, leur a pris 4 redoutes et 4 canons.
     <ref target="#note4">
      4
     </ref>
     <note index="false" resp="volume_editor" xml:id="note4">
      Речь идет о сражении при Балаклаве 13 октября. Войсками Чоргунского отряда под начальством ген.-лейт. П. П. Липранди были взяты 4 редута и 11 (а не 4, как пишет Толстой) орудий.
     </note>
     — J’ai eu un moment d’envie en apprenant cela, d’autant plus que de nom, je suis dans la 12 brigade qui a participé à ce combat, et qu’il y a une semaine j’ai été sur le point d’y partir. L’homme n’est jamais content en général et moi en particulier — pendant nos marches continuelles à l’etranger je ne pensais qu’au bonheur de me reposer à présent que j’ai touts mes aises, un bon logement, un piano, un bon diner, des occupations stables et de bonnes connaissances; je rêve de nouveau à la vie de camp et j’envie ceux qui la mènent. — Hier j’ai interrompu ma lettre pour aller à l’assemblée, où je me suis amusé à regarder danser les Grands Ducs. Ils ont l’аir excessivement bons enfants et de très beaus garçons touts les deux. L’aide de camp de Liprandi est arrivé au bal et c’est là qu’il a raconté les
     <hi>
      подробности
     </hi>
     de l’affaire. Je ne sais pas si chez vous on s’occupe aussi vivement des affaires en Crimée; mais ici, les courriers qui arrivent de Sevastopol font époque; quand les nouvelles sont tristes tout le monde l’est. Hier, au contraire, on dirait que c’était le jour de nom de tous, au point que j’ai bu tout une bouteille de Champagne à souper et que
     <hi style="opdelimiter">
      je
     </hi>
     <pb n="278"/>
     <hi style="npdelimiter">
      suis
     </hi>
     revenu gris à la maison, ce qui ne m’est arriver il y a bien longtems. Je suis très occupé depuis quelques tems à une entreprise, que ne vous raconterai que quand elle aura réussi et à laquelle je travaille avec beaucoup de plaisir, car c’est une chose, vraiment utile, c’etait aussi une des raison de mon silence.
     <ref target="#note5">
      5
     </ref>
     <note index="false" resp="volume_editor" xml:id="note5">
      Речь идет о военном журнале, о чем см. прим. 6 к п. № 90.
     </note>
     — Il faut que j’écrive à Valérien; mais je sens que je n’en
     <choice original_editorial_correction="aurai’[s]">
      <sic>
       aurai’
      </sic>
      <corr>
       aurai’s
      </corr>
     </choice>
     pas le tems avec cette poste; ayez donc la bonté, chère tante, de lui dire de ma part, que je le remercie beaucoup pour la vente de la maison (J’avais cessé d’espérer de la vendre si bien)
     <ref target="#note6">
      6
     </ref>
     <note index="false" resp="volume_editor" xml:id="note6">
      Дом этот, выстроенный дедом (по матери) Толстого кн. Н. С. Волконским и отцом, был трехэтажный; по словам Толстого в нем было 42 комнаты. Дом был продан за 5000 р. ассигнациями на своз помещику Горохову, который поставил его в своем имении Долгое, Крапивенского уезда в 17 в. от Ясной поляны. Толстой всегда с болью вспоминал о продаже дома. 4 декабря 1897 г. он ездил в Долгое, желая взглянуть на тот дом, в котором родился, провел детство и первую молодость. 6 декабря Толстой записал в дневнике: «4-го ездил в Долгое. Очень умиленное впечатление от развалившегося дома. — Рой воспоминаний». В настоящее время этот дом уже не существует. В 1911 г. он был продан местным крестьянам, а в 1913 г. по постановлению сельского схода был разобран на дрова и кирпич и разделен по дворам. Ни письма Толстого к гр. Валер. Петр. Толстому, с просьбой продать дом в Ясной поляне, ни письма гр. В. П. Толстого, извещавшего об этой продаже, не сохранилось. Вырученные от продажи дома деньги Толстой хотел употребить на создание журнала, но журнал не был разрешен, а деньги эти Толстой проиграл в карты. См. прим. к пп. № 95, 96, 97.
     </note>
     et pour l’envoie de l’argent, destiné pour l’achat des chevaux et déjà dépensé à cet usage. Mais que cet envoi ne change rien dans mes dispositions précédentes c. à d. de recevoir 600 r. par an, — à compter du mois de septembre. — Et que comme j’ai déjà reçu 150 r. je le prie de m’envoyer, et plus vite, encore 150. То есть, то что я себе положил до Января.
     <choice>
      <reg>
       Мне
      </reg>
      <orig>
       Мнѣ
      </orig>
     </choice>
     нужны деньги теперь потому что я
     <choice>
      <reg>
       заплатил
      </reg>
      <orig>
       заплатилъ
      </orig>
     </choice>
     долги, а
     <choice>
      <reg>
       в
      </reg>
      <orig>
       въ
      </orig>
     </choice>
     <choice>
      <reg>
       Январе
      </reg>
      <orig>
       Январѣ
      </orig>
     </choice>
     получу жалованье. Adieu, chère tante, je baise vos mains, et vous prie de m’excuser cette petite et
     <choice original_editorial_correction="бестолкова[я]">
      <sic>
       бестолкова
      </sic>
      <corr>
       бестолковая
      </corr>
     </choice>
     lettre. — Je prie encore Valérien de me faire acheter à Moscou à comte des 150 r. que je demande.
    </p>
    <div rend="poem">
     <div rend="stanza">
      <p id="a3d44800-321a-47ef-82dc-5e3dac3cc862" rend="v">
       <choice>
        <reg>
         Артиллерийскую
        </reg>
        <orig>
         Артиллерійскую
        </orig>
       </choice>
       каску
       <choice>
        <reg>
         с
        </reg>
        <orig>
         съ
        </orig>
       </choice>
       12 №
      </p>
      <p id="5d7c15f8-3a83-4f7d-a0b2-2898952add37" rend="v">
       ....... полусаблю
      </p>
      <p id="5ea548ea-4f07-4c2c-8ff0-fb3443214c44" rend="v">
       и ........ пару
       <choice>
        <reg>
         эполет
        </reg>
        <orig>
         эполетъ
        </orig>
       </choice>
       <choice>
        <reg>
         с
        </reg>
        <orig>
         съ
        </orig>
       </choice>
       12 №
      </p>
      <p id="62d8b30f-d248-4c00-bae2-32c36715e22d" rend="v">
       <hi>
        Каска чтобы была самая маленькая.
       </hi>
      </p>
     </div>
    </div>
    <p id="df5193b4-6567-40d7-aa08-abb0aff36ec7" rend="Obrashenie petit">
     Дорогая тетенька!
    </p>
    <p id="2901843a-f739-4e53-b08e-bc68bf3d0594" rend="petit">
     Целый век вам не писал, а почему, и сам не знаю, было несколько причин. Главная та, что ничего хорошего я не мог вам сказать о себе. Три месяца я был без денег, и в первый раз мне пришлось испытать, до чего это положение неприятно; говорить об этом не буду, это дело прошлое. Лучше расскажу вам о более для меня приятном. Во 1-х, мы в Кишеневе уже скоро 6 недель;
     <ref target="#note7">
      7
     </ref>
     <note index="false" resp="volume_editor" xml:id="note7">
      Толстой выехал из Бухареста по направлению к русской границе 19 июля и 9 сентября приехал в Кишинев.
     </note>
     город провинциальный, красивый, очень оживленный по случаю приезда главного штаба и особенно за последние дни, по случаю приезда великих князей Николая и Михаила.
     <ref target="#note8">
      8
     </ref>
     <note index="false" resp="volume_editor" xml:id="note8">
      В. к. Николай Николаевич Старший (1831—1891), третий сын Николая I, и в. к. Михаил Николаевич (1832—1909), четвертый сын Николая I, 27 сентября 1854 г. были командированы в распоряжение командующего 3, 4 и 5 пехотными корпусами кн. Мих. Дм. Горчакова и 6 октября прибыли в Кишинев.
     </note>
     Жизнь протекает спокойно, в удовольствиях и в ожидании известий из Крыма. С некоторого времени вести утешительные. Сегодня мы узнали о победе Липранди;
     <ref target="#note9">
      9
     </ref>
     <note index="false" resp="volume_editor" xml:id="note9">
      Павел Петрович Липранди (1796—1864) принимал участие в поводах 1813—1814 гг., в войне с Турцией 1828—1829 гг., в польской кампании 1830—1831 гг., причем участвовал при штурме варшавских укреплений; в 1842—1848 гг. командовал л.-гв. Семеновским полком, в 1848 г. начальник штаба гренадерского корпуса. В 1853—1854 гг. скомандовал отрядом в Валахии, а затем был переведен в Крым. До
      <hi style="opdelimiter">
       конца
      </hi>
      <hi style="npdelimiter">
       войны
      </hi>
      1853—1856 гг. оставался при Крымской армии, принимал участие во всех больших сражениях, а по окончании войны командовал корпусом.
     </note>
     он побил англичан, овладел 4 редутами и взял 4 пушки.
     <ref target="#note10">
      10
     </ref>
     <note index="false" resp="volume_editor" xml:id="note10">
      Речь идет о сражении при Балаклаве 13 октября. Войсками Чоргунского отряда под начальством ген.-лейт. П. П. Липранди были взяты 4 редута и 11 (а не 4, как пишет Толстой) орудий.
     </note>
     — Известие это вызвало во мне чувство зависти; ведь я приписан к 12 бригаде, которая участвовала в бою, и неделю тому назад я чуть было не уехал туда. Люди, вообще, никогда не довольны своей судьбой, я же — в особенности; в беспрерывном походе за границей я только и мечтал о счастье отдыха; теперь же я пользуюсь всеми удобствами жизни, имею хорошую
     <hi style="opdelimiter">
      квартиру,
     </hi>
     <pb n="279"/>
     <hi style="npdelimiter">
      фортепиано,
     </hi>
     вкусный обед, установившиеся занятия и приятных знакомых, и я опять мечтаю о походной жизни и завидую тем, кто там. — Вчера я прервал письмо, поехал в собрание; смотрел как танцовали великие князья. На вид они кажутся добрыми малыми и оба очень красивы. На бал приехал адъютант Липранди, и там он рассказывал *
     <hi>
      подробности*
     </hi>
     дела. Не знаю, с таким ли горячим интересом у вас относятся к происходящему в Крыму; здесь же приезд курьера из Севастополя составляет эпоху в жизни, и когда вести печальные — то всеобщее горе. Зато вчера все выглядели именинниками; я сам выпил за ужином целую бутылку шампанского и домой вернулся выпивши, чего со мной уже очень давно не было. С некоторого времени я занят одним начинанием, о котором я вам расскажу, только ежели оно удастся; работаю я с большим удовольствием, потому что это вещь действительно полезная. Это тоже одна из причин моего долгого молчания.
     <ref target="#note11">
      11
     </ref>
     <note index="false" resp="volume_editor" xml:id="note11">
      Речь идет о военном журнале, о чем см. прим. 6 к п. № 90.
     </note>
     — Мне нужно написать Валерьяну, но чувствую, что не успею с этой почтой. Так будьте добры, дорогая тетенька, передайте ему от меня, что я благодарю его за продажу дома (я было потерял всякую надежду на такую удачную продажу)
     <ref target="#note12">
      12
     </ref>
     <note index="false" resp="volume_editor" xml:id="note12">
      Дом этот, выстроенный дедом (по матери) Толстого кн. Н. С. Волконским и отцом, был трехэтажный; по словам Толстого в нем было 42 комнаты. Дом был продан за 5000 р. ассигнациями на своз помещику Горохову, который поставил его в своем имении Долгое, Крапивенского уезда в 17 в. от Ясной поляны. Толстой всегда с болью вспоминал о продаже дома. 4 декабря 1897 г. он ездил в Долгое, желая взглянуть на тот дом, в котором родился, провел детство и первую молодость. 6 декабря Толстой записал в дневнике: «4-го ездил в Долгое. Очень умиленное впечатление от развалившегося дома. — Рой воспоминаний». В настоящее время этот дом уже не существует. В 1911 г. он был продан местным крестьянам, а в 1913 г. по постановлению сельского схода был разобран на дрова и кирпич и разделен по дворам. Ни письма Толстого к гр. Валер. Петр. Толстому, с просьбой продать дом в Ясной поляне, ни письма гр. В. П. Толстого, извещавшего об этой продаже, не сохранилось. Вырученные от продажи дома деньги Толстой хотел употребить на создание журнала, но журнал не был разрешен, а деньги эти Толстой проиграл в карты. См. прим. к пп. № 95, 96, 97.
     </note>
     и за присылку денег, предназначенных на покупку лошадей и так и истраченных. Но эта присылка не изменяет моего предыдущего распоряжения о том, чтобы я получал 600 р. в год, начиная с сентября месяца. — И так как я уже получил 150 р., то прошу его как можно скорее выслать еще 150 р. *То есть, то что я
     <choice>
      <reg>
       себе
      </reg>
      <orig>
       себѣ
      </orig>
     </choice>
     <choice>
      <reg>
       положил
      </reg>
      <orig>
       положилъ
      </orig>
     </choice>
     до Января.
     <choice>
      <reg>
       Мне
      </reg>
      <orig>
       Мнѣ
      </orig>
     </choice>
     нужны деньги теперь потому что я
     <choice>
      <reg>
       заплатил
      </reg>
      <orig>
       заплатилъ
      </orig>
     </choice>
     долги, а в
     <choice>
      <reg>
       Январе
      </reg>
      <orig>
       Январѣ
      </orig>
     </choice>
     получу жалованье*. Прощайте, дорогая тетенька, целую ваши ручки и прошу извинить меня за это короткое и *
     <choice>
      <reg>
       бестолковое
      </reg>
      <orig>
       безтолковое
      </orig>
     </choice>
     * письмо. — Еще прошу Валерьяна велеть мне купить в Москве в счет упомянутых 150 р.:
    </p>
    <div rend="poem petit">
     <div rend="stanza">
      <p id="1b651e3a-f53a-4c3e-83c7-119c55c93d8c" rend="v petit">
       *
       <choice>
        <reg>
         Артиллерийскую
        </reg>
        <orig>
         Артиллерійскую
        </orig>
       </choice>
       каску с 12 №
      </p>
      <p id="2df1e9b3-917c-4e71-ac80-a1dd3f20b452" rend="v petit">
       ........ полусаблю
      </p>
      <p id="9c8cbc03-6822-412b-9c77-c2a5b760a137" rend="v petit">
       и ........ пару
       <choice>
        <reg>
         эполет
        </reg>
        <orig>
         эполетъ
        </orig>
       </choice>
       с 12 №
      </p>
      <p id="81aa50af-8127-4024-97c5-14487f27278f" rend="v petit">
       <hi>
        Каска чтобы была самая маленькая
       </hi>
       .*
      </p>
     </div>
    </div>
    <noteGrp type="comments">
     <note index="false" type="comments">
      <p id="167f73b0-3d87-451c-ab8d-d55e596edab1" rend="Textpetit_otstup left">
       Печатается по автографу, хранящемуся в АТБ. Публикуется впервые. Датируется двумя днями на основании слов: «Вчера я прервал письмо, поехал в собрание».
      </p>
     </note>
    </noteGrp>
   </div>
  </body>
 </text>
</TEI>
