<?xml version="1.0" encoding="utf-8"?>
<TEI xmlns="http://www.tei-c.org/ns/1.0" xmlns:xi="http://www.w3.org/2001/XInclude">
 <teiHeader>
  <fileDesc>
   <titleStmt>
    <title xml:id="v60_246_gr_S_N_Tolstomu">
     Письма и документы. Tolstoy Digital
    </title>
    <title type="main">
     Письмо гр. С. Н. Толстому от 6 августа 1862 г.
    </title>
    <title type="bibl">
     Толстой Л. Н. Письмо гр. С. Н. Толстому, 6 августа 1862 г. // Толстой Л. Н. Полное собрание сочинений: в 90 тт. Т. 60. М.: Гос. изд. «Художественная литература», 1949. С.
    </title>
    <respStmt>
     <resp>
      Идея, постановка задач, руководство:
     </resp>
     <name>
      Анастасия Бонч-Осмоловская, Фёкла Толстая, Борис Орехов, Тимофей Лукашевский
     </name>
    </respStmt>
    <respStmt>
     <resp>
      Подготовка TEI/XML:
     </resp>
     <name>
      Евгений Можаев, Даниил Скоринкин, Ирина Павлова, Матвей Колбасов, Елена Сидорова, Кирилл Милинцевич, Лев Буланов, Макар Федоров, Константин Петров
     </name>
    </respStmt>
    <respStmt>
     <resp>
      Подготовка метаданных:
     </resp>
     <name>
      Мария Картышева, Вероника Файнберг
     </name>
    </respStmt>
    <respStmt>
     <resp>
      Разметка имен собственных:
     </resp>
     <name>
      Никита Северин, Елена Северина
     </name>
    </respStmt>
    <respStmt>
     <resp>
      Исправление древнегреческого текста:
     </resp>
     <name>
      Ольга Алиева
     </name>
    </respStmt>
    <funder>
     Проект «Слово Толстого»
    </funder>
   </titleStmt>
   <publicationStmt>
    <publisher>
     <orgName>
      Tolstoy Digital, DH CLOUD, Научно-образовательный союз «Родное Слово» проект «Слово Толстого»
     </orgName>
    </publisher>
    <availability>
     <p id="48ca232b-0cb5-41bf-adfe-9c9807fa4e51">
      Тексты и метатекстовая разметка доступны для свободного использования и распространения по лицензии Creative Commons Attribution Share-Alike (cc by-sa)
     </p>
    </availability>
    <date from="2015" to="2022"/>
   </publicationStmt>
   <notesStmt>
    <note>
     Публикуемые документы был получены с сайта tolstoy.ru в формате html, переведены в формат TEI. Исправлены некоторые ошибки распознавания. Тексты, написанные в дореформенной орфографии, сопоставлены с их версиями в современной орфографии.
    </note>
   </notesStmt>
   <sourceDesc>
    <biblStruct>
     <analytic>
      <author>
       Толстой Лев Николаевич
      </author>
     </analytic>
     <monogr>
      <title level="m">
       Полное собрание сочинений. Том 60
      </title>
      <imprint>
       <pubPlace>
        Москва
       </pubPlace>
       <publisher>
        Государственное издательство «Художественная литература»
       </publisher>
       <date when="1949"/>
      </imprint>
      <biblScope unit="vol">
       60
      </biblScope>
      <biblScope unit="page">
       431-433
      </biblScope>
     </monogr>
     <series>
      <title level="s">
       Л. Н. Толстой. Полное собрание сочинений: в 90 тт.
      </title>
     </series>
    </biblStruct>
    <bibl>
     Публикуется впервые
    </bibl>
   </sourceDesc>
  </fileDesc>
  <encodingDesc>
   <classDecl>
    <xi:include href="../../reference/taxonomy.xml"/>
   </classDecl>
  </encodingDesc>
  <profileDesc>
   <correspDesc>
    <correspAction type="sending">
     <persName ref="13883">
      Л. Н. Толстой
     </persName>
     <placeName>
      Ясная Поляна
     </placeName>
     <date when="1862-08-06"/>
    </correspAction>
    <correspAction type="receiving">
     <persName ref="13906">
      Толстой Сергей Николаевич
     </persName>
    </correspAction>
   </correspDesc>
   <langUsage>
    <language ident="ru"/>
    <language ident="ru-petr1708"/>
   </langUsage>
   <textClass>
    <catRef ana="#tolstoy_heritage" target="library"/>
    <catRef ana="#letters" target="type"/>
    <catRef ana="#sent" target="sent"/>
   </textClass>
  </profileDesc>
 </teiHeader>
 <xenoData>
  <number type="in a volume">
   246
  </number>
 </xenoData>
 <text xml:id="gr.S.N.Tolstomu_246" xmlns="http://www.tei-c.org/ns/1.0" xmlns:xi="http://www.w3.org/2001/XInclude">
  <body>
   <div>
    <pb n="431"/>
    <opener index="false">
     * 246.
     <name placement="text" ref="13906" type="person">
      Гр. С. Н. Толстому
     </name>
     .1862 г. Августа 6. Я. П.
    </opener>
    <p id="b8de0be3-f034-4e73-9f07-d3a7010c9bb8">
     Я приехал недели две после твоего отъезда.
     <ref target="#note1">
      1
     </ref>
     <note index="false" resp="volume_editor" xml:id="note1">
      С. Н. Толстой уехал за границу в Бе (Вех, Швейцария).
     </note>
     Маша же выехала из Вех в тот самый день, как ты выехал из Тулы. Она пробудет здесь до 17
     <choice original_editorial_correction="Авг[уста]">
      <sic>
       Авг
      </sic>
      <corr>
       Августа
      </corr>
     </choice>
     . Кумыс чудес не делает,
     <hi style="opdelimiter">
      как
     </hi>
     <pb n="432"/>
     <hi style="npdelimiter">
      и
     </hi>
     всякое лечение, но кашель мой прошел. Главное событие, случившееся у нас во время твоего отсутствия, это посещение
     <choice original_editorial_correction="Ясн[ой]">
      <sic>
       Ясн
      </sic>
      <corr>
       Ясной
      </corr>
     </choice>
     <choice original_editorial_correction="Пол[яны]">
      <sic>
       Пол
      </sic>
      <corr>
       Поляны
      </corr>
     </choice>
     жандармами. Это было без меня при Маше. Нарочно присланный из Петербурга
     <choice original_editorial_correction="Полковн[ик]">
      <sic>
       Полковн
      </sic>
      <corr>
       Полковник
      </corr>
     </choice>
     <choice original_editorial_correction="Жандарм[ский]">
      <sic>
       Жандарм
      </sic>
      <corr>
       Жандармский
      </corr>
     </choice>
     Дурново с исправником, Становым и каким то частным Приставом подкатили с колоколами на 3-х тройках. Все студенты были в Ясной: их арестовали во флигеле и стали
     <choice>
      <reg>
       обыскивать
      </reg>
      <orig>
       объискивать
      </orig>
     </choice>
     , потом пошли в мой кабинет, где жила Маша, перерыли там всё, лазили в фотографию, в судно, в подвал, поднимали камни, ездили в Крыльцово и в Колпну, ездили в Никольское, всё перерыли и, разумеется, ничего не нашли. Искали, главное, типографию, в
     <choice original_editorial_correction="котор[ой]">
      <sic>
       котор
      </sic>
      <corr>
       которой
      </corr>
     </choice>
     я должен печатать воззвание. Должно быть какой нибудь
     <name placement="note" ref="9085" type="person">
      Михаловский
     </name>
     <ref target="#note2">
      2
     </ref>
     <note index="false" resp="volume_editor" xml:id="note2">
      <name placement="note" ref="9085" type="person">
       Валерьян Ильич Михаловский
      </name>
      — помещик Крапивенского уезда. Его фамилия стоит первой под жалобой на Толстого крапивенских дворян, поданной уездному предводителю дворянства в августе 1861 г. Михаловский был выбран крапивенским дворянством в мировые посредники 4-го участка, но вместо него в посредники тульским губернатором был назначен Толстой.
      <ref target="file:///Volume_60_V.I.Mixalovskomu_216.xml">
       См. письмо к нему № 216
      </ref>
      .
     </note>
     так удружил мне доносом. Я еще ничего не предпринял по этому случаю, но намерен написать письмо Государю. — Студенты, Машинька и тетинька перепугались страшно и прятали разные письма,
     <choice original_editorial_correction="котор[ые]">
      <sic>
       котор
      </sic>
      <corr>
       которые
      </corr>
     </choice>
     не нужно было и нечего было прятать. — Жандарм объявил, что ничего не нашел подозрительного; но ежели можно нагрянуть в дом, то завтра можно нагрянуть и сковать меня и тетиньку без всякой причины. Когда я узнал про всё это по письму в Москве, мне это было только смешно, как и тебе, может быть, покажется, но чем дольше проходит времени, тем больше это злит и мучает. — Остальное у нас всё по старому — тетинька, студенты, коростовое хозяйство и т. д. Школы не начинались. Журнал отстал на 2 месяца почти, но идет и подписка и хорошее о нем мнение. У тебя, сколько я могу судить по письму Мещерского
     <ref target="#note3">
      3
     </ref>
     <note index="false" resp="volume_editor" xml:id="note3">
      Мещерский — управляющий имением С. Н. Толстого.
     </note>
     и словам Михея,
     <ref target="#note4">
      4
     </ref>
     <note index="false" resp="volume_editor" xml:id="note4">
      Михей — староста имения С. Н. Толстого.
     </note>
     всё идет — т. е. ничего особенно,
     <choice original_editorial_correction="след[овательно]">
      <sic>
       след
      </sic>
      <corr>
       следовательно
      </corr>
     </choice>
     дурного не случилось.
    </p>
    <p id="8c51ef22-a7bc-4e0f-b0f6-e4b3f0264120">
     Машинька на мой взгляд действительно переменилась много к лучшему, стала спокойнее, проще, доверчивее. Нынче был управляющий, молодой немец, который мне очень понравился, я попросил его подождать тебя две недели, как ты хочешь приехать. Мне однако, по правде сказать, не хотелось бы, чтобы ты приезжал так скоро. Мне всё кажется, что тебе бы хорошо было пожить подольше вне милого отечества,
     <choice original_editorial_correction="кот[орое]">
      <sic>
       кот
      </sic>
      <corr>
       которое
      </corr>
     </choice>
     на тебя нехорошо действует. В Туле у тебя ничего особенного нет, по слухам, я сам не был, Петерсон
     <ref target="#note5">
      5
     </ref>
     <note index="false" resp="volume_editor" xml:id="note5">
      Н. П. Петерсон.
     </note>
     ездит. Машенька без меня была у Маши
     <ref target="#note6">
      6
     </ref>
     <note index="false" resp="volume_editor" xml:id="note6">
      Мария Михайловна Шишкина, жена С. Н. Толстого.
     </note>
     и привозила c собой Гришу,
     <ref target="#note7">
      7
     </ref>
     <note index="false" resp="volume_editor" xml:id="note7">
      <name placement="note" ref="13864" type="person">
       Григорий Сергеевич Толстой
      </name>
      .
     </note>
     от него все наши пришли в радость, а
     <choice original_editorial_correction="Наталь[я]">
      <sic>
       Наталь
      </sic>
      <corr>
       <name placement="text" ref="10375" type="person">
        Наталья
       </name>
      </corr>
     </choice>
     <choice original_editorial_correction="Петр[овна]">
      <sic>
       <name placement="text" ref="10375" type="person">
        Петр
       </name>
      </sic>
      <corr>
       <name placement="text" ref="10375" type="person">
        Петровна
       </name>
      </corr>
     </choice>
     <ref target="#note8">
      8
     </ref>
     <note index="false" resp="volume_editor" xml:id="note8">
      <name placement="text" ref="10375" type="person">
       Н. П. Охотницкая
      </name>
      .
     </note>
     внушила ему, чтобы он целовал ручки и чувствовал. — Видел я в
     <hi style="opdelimiter">
      Казани
     </hi>
     <pb n="433"/>
     <hi style="npdelimiter">
      <choice original_editorial_correction="Влад[имира]">
       <sic>
        Влад
       </sic>
       <corr>
        <name placement="text" ref="16109" type="person">
         Владимира
        </name>
       </corr>
      </choice>
     </hi>
     <choice original_editorial_correction="Ив[ановича]">
      <sic>
       <name placement="text" ref="16109" type="person">
        Ив
       </name>
      </sic>
      <corr>
       <name placement="text" ref="16109" type="person">
        Ивановича
       </name>
      </corr>
     </choice>
     <hi>
      9
     </hi>
     — точно такой же, как был. Ну да об этом всё расскажу на словах. Деньги посылаются с сею же почтою 500 р. Ежели прошла неделя 6 дней с получения твоего письма, то право нельзя было иначе. От Михея только 300 р., остальные Машенькины. Михей еще не получал за землю. — Прощай, Машинька и тетинька тебя целуют. Письма и ведомость Мещерского посылаю, Михей приедет завтра, и я велю ему написать.
    </p>
    <p id="559c2b5e-1c48-4187-a32b-d3aef0ca17e0" rend="right">
     <name placement="text" ref="13883" type="person">
      Л. Толстой
     </name>
     .
    </p>
    <p id="ad24a392-3d65-4d2d-bcde-fed81a8065bf">
     6 Августа.
    </p>
    <noteGrp type="comments"/>
   </div>
  </body>
 </text>
</TEI>
