<?xml version="1.0" encoding="utf-8"?>
<TEI xmlns="http://www.tei-c.org/ns/1.0" xmlns:xi="http://www.w3.org/2001/XInclude">
 <teiHeader>
  <fileDesc>
   <titleStmt>
    <title xml:id="v60_196_gr_S_N_Tolstomu">
     Письма и документы. Tolstoy Digital
    </title>
    <title type="main">
     Письмо гр. С. Н. Толстому от 17 марта 1861 г.
    </title>
    <title type="bibl">
     Толстой Л. Н. Письмо гр. С. Н. Толстому, 17 марта 1861 г. // Толстой Л. Н. Полное собрание сочинений: в 90 тт. Т. 60. М.: Гос. изд. «Художественная литература», 1949. С.
    </title>
    <respStmt>
     <resp>
      Идея, постановка задач, руководство:
     </resp>
     <name>
      Анастасия Бонч-Осмоловская, Фёкла Толстая, Борис Орехов, Тимофей Лукашевский
     </name>
    </respStmt>
    <respStmt>
     <resp>
      Подготовка TEI/XML:
     </resp>
     <name>
      Евгений Можаев, Даниил Скоринкин, Ирина Павлова, Матвей Колбасов, Елена Сидорова, Кирилл Милинцевич, Лев Буланов, Макар Федоров, Константин Петров
     </name>
    </respStmt>
    <respStmt>
     <resp>
      Подготовка метаданных:
     </resp>
     <name>
      Мария Картышева, Вероника Файнберг
     </name>
    </respStmt>
    <respStmt>
     <resp>
      Разметка имен собственных:
     </resp>
     <name>
      Никита Северин, Елена Северина
     </name>
    </respStmt>
    <respStmt>
     <resp>
      Исправление древнегреческого текста:
     </resp>
     <name>
      Ольга Алиева
     </name>
    </respStmt>
    <funder>
     Проект «Слово Толстого»
    </funder>
   </titleStmt>
   <publicationStmt>
    <publisher>
     <orgName>
      Tolstoy Digital, DH CLOUD, Научно-образовательный союз «Родное Слово» проект «Слово Толстого»
     </orgName>
    </publisher>
    <availability>
     <p id="6678d623-46cb-481d-a008-f51e5b689d06">
      Тексты и метатекстовая разметка доступны для свободного использования и распространения по лицензии Creative Commons Attribution Share-Alike (cc by-sa)
     </p>
    </availability>
    <date from="2015" to="2022"/>
   </publicationStmt>
   <notesStmt>
    <note>
     Публикуемые документы был получены с сайта tolstoy.ru в формате html, переведены в формат TEI. Исправлены некоторые ошибки распознавания. Тексты, написанные в дореформенной орфографии, сопоставлены с их версиями в современной орфографии.
    </note>
   </notesStmt>
   <sourceDesc>
    <biblStruct>
     <analytic>
      <author>
       Толстой Лев Николаевич
      </author>
     </analytic>
     <monogr>
      <title level="m">
       Полное собрание сочинений. Том 60
      </title>
      <imprint>
       <pubPlace>
        Москва
       </pubPlace>
       <publisher>
        Государственное издательство «Художественная литература»
       </publisher>
       <date when="1949"/>
      </imprint>
      <biblScope unit="vol">
       60
      </biblScope>
      <biblScope unit="page">
       375-376
      </biblScope>
     </monogr>
     <series>
      <title level="s">
       Л. Н. Толстой. Полное собрание сочинений: в 90 тт.
      </title>
     </series>
    </biblStruct>
    <bibl>
     Публикуется впервые
    </bibl>
   </sourceDesc>
  </fileDesc>
  <encodingDesc>
   <classDecl>
    <xi:include href="../../reference/taxonomy.xml"/>
   </classDecl>
  </encodingDesc>
  <profileDesc>
   <correspDesc>
    <correspAction type="sending">
     <persName ref="13883">
      Л. Н. Толстой
     </persName>
     <placeName>
      Брюссель
     </placeName>
     <date when="1861-03-17"/>
    </correspAction>
    <correspAction type="receiving">
     <persName ref="13906">
      Толстой Сергей Николаевич
     </persName>
    </correspAction>
   </correspDesc>
   <langUsage>
    <language ident="ru"/>
   </langUsage>
   <textClass>
    <catRef ana="#tolstoy_heritage" target="library"/>
    <catRef ana="#letters" target="type"/>
    <catRef ana="#sent" target="sent"/>
   </textClass>
  </profileDesc>
 </teiHeader>
 <xenoData>
  <number type="in a volume">
   196
  </number>
 </xenoData>
 <text xml:id="gr.S.N.Tolstomu_196" xmlns="http://www.tei-c.org/ns/1.0" xmlns:xi="http://www.w3.org/2001/XInclude">
  <body>
   <div>
    <pb n="375"/>
    <opener index="false">
     * 196.
     <name placement="text" ref="13906" type="person">
      Гр. С. Н. Толстому
     </name>
     .1861 г. Марта 17/29. Брюссель.
    </opener>
    <p id="c1b25756-e0a5-4c12-b7bb-401e732d03f8" rend="right">
     29 Марта.
    </p>
    <p id="47b5d5f1-46f6-4a74-bf56-e44e29f8d882">
     Пришли мне пожалуйста как можно скорее дагеротипный портрет Николиньки в Брюссель на имя:
    </p>
    <p id="eee55555-0a0d-4db4-bc9b-2dabc934166c">
     Bruxelles. Monsieur Geefs (sculpteur) Searbeck.
     <hi>
      1
     </hi>
    </p>
    <p id="4d9d4a95-ff6e-412f-a5e7-5f62d86db6a9">
     Я заказал здесь бюст Николиньки, и ему нужен портрет для работы. — Портрет, разумеется, он возвратит в целости. —
    </p>
    <p id="445f7ab6-3237-4cd7-95fd-674c0b9ce35f">
     Я здоров, веду скромную жизнь, занимаюсь, целую ручки тетинек и тебе. Прощай.
    </p>
    <p id="67e12218-5ccb-4b63-b5d8-1215589949a7" rend="right">
     <name placement="text" ref="13883" type="person">
      Л. Толстой
     </name>
     .
    </p>
    <noteGrp type="comments">
     <note index="false" type="comments">
      <p id="2054d526-a97f-4d51-b067-03fdc2aacbf9" rend="Textpetit_otstup left">
       Год определяется содержанием: в марте 1861 г. скульптору Гифсу в Брюсселе Толстой заказал бюст покойного брата Н. Н.
       <hi style="opdelimiter">
        Толстого.
       </hi>
      </p>
     </note>
     <note index="false" type="comments">
      <p id="ef46b08a-1e87-4c66-970c-11b4043b87f3" rend="Textpetit_otstup left">
       <pb n="376"/>
       <hi style="npdelimiter">
        <hi>
         1
        </hi>
        [Брюссель
       </hi>
       . Господину Гифсу (скульптору). Сербек.] Виллем Гифс (1806—1883) — бельгийский скульптор.
      </p>
     </note>
     <note index="false" type="comments">
      <p id="f89e5552-4006-4dcf-b6aa-e29de79b6bca" rend="Textpetit_otstup left">
       С лица Н. Н. Толстого после его смерти была снята гипсовая маска, и, пользуясь ею, Толстой хотел заказать бюст покойного брата. Первоначально Толстой обратился за помощью к Б. Н. Чичерину, на что последний ответил письмом из Парижа от 4 марта 1861 г.: «Любезный друг, я справлялся насчет бюста у своего приятеля, живописца Perin. Он мне советует отнюдь не брать этого на себя, потому что тут необходимо руководство кого-либо из членов семейства, который бы хорошо знал форму головы и с любовью входил бы во все подробности. Маска дает только переднюю часть лица, но для бюста этого недостаточно. Стало быть, тебе необходимо велеть это сделать при себе» (ПТТ, стр. 283—284).
      </p>
     </note>
     <note index="false" type="comments">
      <p id="604d8401-5e34-488c-8857-e279ec3ab39c" rend="petit">
       Не получив ответа, Б. Н. Чичерин 9 марта снова писал Толстому (там же, стр. 284—285).
      </p>
     </note>
     <note index="false" type="comments">
      <p id="7021b34e-c064-4984-8f7a-762cf88fe4c0" rend="petit">
       Наблюдение за работой было поручено кн. М. А. Дондукову-Корсакову.
      </p>
     </note>
     <note index="false" type="comments">
      <p id="eb8ec3c3-1cf3-4647-b614-76b36c2a765e" rend="petit">
       Гифсом были выполнены два бюста Н. Н. Толстого, один в мраморе (высота 46 см.), другой в гипсе (высота 23 см.), о чем скульптор извещал М. А. Дондукова-Корсакова письмом от 12/24 августа 1861 г. Оба бюста находятся в яснополянском доме Толстого.
      </p>
     </note>
    </noteGrp>
   </div>
  </body>
 </text>
</TEI>
