<?xml version="1.0" encoding="utf-8"?>
<TEI xmlns="http://www.tei-c.org/ns/1.0" xmlns:xi="http://www.w3.org/2001/XInclude">
 <teiHeader>
  <fileDesc>
   <titleStmt>
    <title xml:id="v60_086_gr_A_A_Tolstoj">
     Письма и документы. Tolstoy Digital
    </title>
    <title type="main">
     Письмо гр. А. А. Толстой от 16 июля 1857 г.
    </title>
    <title type="bibl">
     Толстой Л. Н. Письмо гр. А. А. Толстой, 16 июля 1857 г. // Толстой Л. Н. Полное собрание сочинений: в 90 тт. Т. 60. М.: Гос. изд. «Художественная литература», 1949. С.
    </title>
    <respStmt>
     <resp>
      Идея, постановка задач, руководство:
     </resp>
     <name>
      Анастасия Бонч-Осмоловская, Фёкла Толстая, Борис Орехов, Тимофей Лукашевский
     </name>
    </respStmt>
    <respStmt>
     <resp>
      Подготовка TEI/XML:
     </resp>
     <name>
      Евгений Можаев, Даниил Скоринкин, Ирина Павлова, Матвей Колбасов, Елена Сидорова, Кирилл Милинцевич, Лев Буланов, Макар Федоров, Константин Петров
     </name>
    </respStmt>
    <respStmt>
     <resp>
      Подготовка метаданных:
     </resp>
     <name>
      Мария Картышева, Вероника Файнберг
     </name>
    </respStmt>
    <respStmt>
     <resp>
      Разметка имен собственных:
     </resp>
     <name>
      Никита Северин, Елена Северина
     </name>
    </respStmt>
    <respStmt>
     <resp>
      Исправление древнегреческого текста:
     </resp>
     <name>
      Ольга Алиева
     </name>
    </respStmt>
    <funder>
     Проект «Слово Толстого»
    </funder>
   </titleStmt>
   <publicationStmt>
    <publisher>
     <orgName>
      Tolstoy Digital, DH CLOUD, Научно-образовательный союз «Родное Слово» проект «Слово Толстого»
     </orgName>
    </publisher>
    <availability>
     <p id="b56180b3-3f30-43cf-9afc-b37f4da8df3e">
      Тексты и метатекстовая разметка доступны для свободного использования и распространения по лицензии Creative Commons Attribution Share-Alike (cc by-sa)
     </p>
    </availability>
    <date from="2015" to="2022"/>
   </publicationStmt>
   <notesStmt>
    <note>
     Публикуемые документы был получены с сайта tolstoy.ru в формате html, переведены в формат TEI. Исправлены некоторые ошибки распознавания. Тексты, написанные в дореформенной орфографии, сопоставлены с их версиями в современной орфографии.
    </note>
   </notesStmt>
   <sourceDesc>
    <biblStruct>
     <analytic>
      <author>
       Толстой Лев Николаевич
      </author>
     </analytic>
     <monogr>
      <title level="m">
       Полное собрание сочинений. Том 60
      </title>
      <imprint>
       <pubPlace>
        Москва
       </pubPlace>
       <publisher>
        Государственное издательство «Художественная литература»
       </publisher>
       <date when="1949"/>
      </imprint>
      <biblScope unit="vol">
       60
      </biblScope>
      <biblScope unit="page">
       219-220
      </biblScope>
     </monogr>
     <series>
      <title level="s">
       Л. Н. Толстой. Полное собрание сочинений: в 90 тт.
      </title>
     </series>
    </biblStruct>
    <bibl>
     Публикуется впервые
    </bibl>
   </sourceDesc>
  </fileDesc>
  <encodingDesc>
   <classDecl>
    <xi:include href="../../reference/taxonomy.xml"/>
   </classDecl>
  </encodingDesc>
  <profileDesc>
   <correspDesc>
    <correspAction type="sending">
     <persName ref="13883">
      Л. Н. Толстой
     </persName>
     <placeName>
      Баден-Баден
     </placeName>
     <date when="1857-07-16"/>
    </correspAction>
    <correspAction type="receiving">
     <persName ref="13812">
      Толстая Александра Андреевна
     </persName>
    </correspAction>
   </correspDesc>
   <langUsage>
    <language ident="ru"/>
    <language ident="ru-petr1708"/>
   </langUsage>
   <textClass>
    <catRef ana="#tolstoy_heritage" target="library"/>
    <catRef ana="#letters" target="type"/>
    <catRef ana="#sent" target="sent"/>
   </textClass>
  </profileDesc>
 </teiHeader>
 <xenoData>
  <number type="in a volume">
   86
  </number>
 </xenoData>
 <text xml:id="gr.A.A.Tolstoj_86" xmlns="http://www.tei-c.org/ns/1.0" xmlns:xi="http://www.w3.org/2001/XInclude">
  <body>
   <div>
    <pb n="219"/>
    <opener index="false">
     * 86.
     <name placement="text" ref="13812" type="person">
      Гр. А. А. Толстой
     </name>
     .1857 г. Июля 16/28. Баден-Баден.
    </opener>
    <p id="a4ed33ce-71fb-47dc-928f-5ec69be342c2" rend="Obrashenie">
     Милая бабушка!
    </p>
    <p id="e26b073e-fba9-46cf-973f-fe1e9680bc77">
     Странное и смешное дело, о котором я вам пишу. Ну, да что выйдет, то выйдет. Попутала меня нелегкая поехать в Baden, а в Бадене рулетка, и я проиграл всё до копейки. Но это бы ничего, потому что я распорядился, чтобы мне прислали, и на прожиток достал; но дорогой я сошелся с Французом,
     <ref target="#note1">
      1
     </ref>
     <note index="false" resp="volume_editor" xml:id="note1">
      Француз-банкир. См. т. 47, стр. 147, 151.
     </note>
     который тоже проигрался, и которому я давал денег, и который потом мне дал
     <choice>
      <reg>
       отыгравшись
      </reg>
      <orig>
       отъигравшись
      </orig>
     </choice>
     . И я так и остался ему должен до Парижа 200 фр., но он пишет, что в Женеве ему нужны будут. Не можете ли вы мне дать взаймы недели на две? Ежели да, то положите в Женеве poste restante на имя Pegot-Ogier 200 фр. Ежели вы уезжаете, не даст ли мне батюшка,
     <ref target="#note2">
      2
     </ref>
     <note index="false" resp="volume_editor" xml:id="note2">
      Священник Петров. О нем см. прим. 5 к п. № 76.
     </note>
     а я пунктуально вышлю через 2 недели. — Ну уж там, как хотите, браните меня,
     <hi style="opdelimiter">
      только
     </hi>
     <pb n="220"/>
     <hi style="npdelimiter">
      не
     </hi>
     переставайте любить меня так, как я сотой доли того не стою. —
    </p>
    <p id="5d3e729f-1348-466e-bcc8-243c05fad7f3">
     Когда буду в нормальном положении, напишу подробно, а теперь стыдно таким людям, как вы, даже мысленно в глаза смотреть. —
    </p>
    <p id="dfec64e0-b971-49a7-ab1b-09dae2d1344d">
     Прощайте и простите. —
    </p>
    <p id="be3d4c83-7daa-4f8c-bee5-7c840216cccc">
     Адрес: Baden-Baden, Hôtel Hollande.
    </p>
    <p id="ea751b5e-ccca-4901-9d2f-7940eddfda2f">
     Обеим бабушкам
     <ref target="#note3">
      3
     </ref>
     <note index="false" resp="volume_editor" xml:id="note3">
      Е. А. и А. А. Толстые.
     </note>
     робко жму руки. —
    </p>
    <p id="3c86fc4f-589a-40f8-85db-3819045ba059" rend="right">
     Ваш Гр. Л. Толстой.
    </p>
    <p id="3958bc10-03d4-4312-9b72-3f3ca0648a07">
     28 июля.
    </p>
    <p id="6da5af3f-ca1d-4b55-9e06-cdf7ee4d09cb">
     Заметьте: 28.
     <ref target="#note4">
      4
     </ref>
     <note index="false" resp="volume_editor" xml:id="note4">
      Толстой придавал большое значение числу «28», это был год и день его рождения (1828 г., августа 28).
     </note>
    </p>
    <p id="2a63951a-b7d3-481f-a2a3-34b10a125db0">
     Если можно, ответьте по телеграфу franco. —
    </p>
    <noteGrp type="comments"/>
   </div>
  </body>
 </text>
</TEI>
