<?xml version="1.0" encoding="utf-8"?>
<TEI xmlns="http://www.tei-c.org/ns/1.0" xmlns:xi="http://www.w3.org/2001/XInclude">
 <teiHeader>
  <fileDesc>
   <titleStmt>
    <title xml:id="v60_090_N_A_Nekrasovu">
     Письма и документы. Tolstoy Digital
    </title>
    <title type="main">
     Письмо Н. А. Некрасову от 11 октября 1857 г.
    </title>
    <title type="bibl">
     Толстой Л. Н. Письмо Н. А. Некрасову, 11 октября 1857 г. // Толстой Л. Н. Полное собрание сочинений: в 90 тт. Т. 60. М.: Гос. изд. «Художественная литература», 1949. С.
    </title>
    <respStmt>
     <resp>
      Идея, постановка задач, руководство:
     </resp>
     <name>
      Анастасия Бонч-Осмоловская, Фёкла Толстая, Борис Орехов, Тимофей Лукашевский
     </name>
    </respStmt>
    <respStmt>
     <resp>
      Подготовка TEI/XML:
     </resp>
     <name>
      Евгений Можаев, Даниил Скоринкин, Ирина Павлова, Матвей Колбасов, Елена Сидорова, Кирилл Милинцевич, Лев Буланов, Макар Федоров, Константин Петров
     </name>
    </respStmt>
    <respStmt>
     <resp>
      Подготовка метаданных:
     </resp>
     <name>
      Мария Картышева, Вероника Файнберг
     </name>
    </respStmt>
    <respStmt>
     <resp>
      Разметка имен собственных:
     </resp>
     <name>
      Никита Северин, Елена Северина
     </name>
    </respStmt>
    <respStmt>
     <resp>
      Исправление древнегреческого текста:
     </resp>
     <name>
      Ольга Алиева
     </name>
    </respStmt>
    <funder>
     Проект «Слово Толстого»
    </funder>
   </titleStmt>
   <publicationStmt>
    <publisher>
     <orgName>
      Tolstoy Digital, DH CLOUD, Научно-образовательный союз «Родное Слово» проект «Слово Толстого»
     </orgName>
    </publisher>
    <availability>
     <p id="32b66240-87ab-452f-9704-8d6789518bdc">
      Тексты и метатекстовая разметка доступны для свободного использования и распространения по лицензии Creative Commons Attribution Share-Alike (cc by-sa)
     </p>
    </availability>
    <date from="2015" to="2022"/>
   </publicationStmt>
   <notesStmt>
    <note>
     Публикуемые документы был получены с сайта tolstoy.ru в формате html, переведены в формат TEI. Исправлены некоторые ошибки распознавания. Тексты, написанные в дореформенной орфографии, сопоставлены с их версиями в современной орфографии.
    </note>
   </notesStmt>
   <sourceDesc>
    <biblStruct>
     <analytic>
      <author>
       Толстой Лев Николаевич
      </author>
     </analytic>
     <monogr>
      <title level="m">
       Полное собрание сочинений. Том 60
      </title>
      <imprint>
       <pubPlace>
        Москва
       </pubPlace>
       <publisher>
        Государственное издательство «Художественная литература»
       </publisher>
       <date when="1949"/>
      </imprint>
      <biblScope unit="vol">
       60
      </biblScope>
      <biblScope unit="page">
       225-227
      </biblScope>
     </monogr>
     <series>
      <title level="s">
       Л. Н. Толстой. Полное собрание сочинений: в 90 тт.
      </title>
     </series>
    </biblStruct>
    <bibl/>
   </sourceDesc>
  </fileDesc>
  <encodingDesc>
   <classDecl>
    <xi:include href="../../reference/taxonomy.xml"/>
   </classDecl>
  </encodingDesc>
  <profileDesc>
   <correspDesc>
    <correspAction type="sending">
     <persName ref="13883">
      Л. Н. Толстой
     </persName>
     <placeName>
      Ясная Поляна
     </placeName>
     <date when="1857-10-11"/>
    </correspAction>
    <correspAction type="receiving">
     <persName ref="9649">
      Некрасов Николай Алексеевич
     </persName>
    </correspAction>
   </correspDesc>
   <langUsage>
    <language ident="ru"/>
   </langUsage>
   <textClass>
    <catRef ana="#tolstoy_heritage" target="library"/>
    <catRef ana="#letters" target="type"/>
    <catRef ana="#sent" target="sent"/>
   </textClass>
  </profileDesc>
 </teiHeader>
 <xenoData>
  <number type="in a volume">
   90
  </number>
 </xenoData>
 <text xml:id="N.A.Nekrasovu_90" xmlns="http://www.tei-c.org/ns/1.0" xmlns:xi="http://www.w3.org/2001/XInclude">
  <body>
   <div>
    <pb n="225"/>
    <opener index="false">
     90.
     <name placement="text" ref="9649" type="person">
      Н. А. Некрасову
     </name>
     .1857 г. Октября 11. Я. П.
    </opener>
    <p id="6887f149-b477-4580-b971-6db9209e2882">
     Нынче получил я Сентябрской
     <choice original_editorial_correction="Совр[еменник]">
      <sic>
       Совр
      </sic>
      <corr>
       Современник
      </corr>
     </choice>
     . Ясно, как письмо от вас подействовало на меня:
     <ref target="#note1">
      1
     </ref>
     <note index="false" resp="volume_editor" xml:id="note1">
      Трудно сказать, какое письмо Некрасова имеет в виду Толстой.
     </note>
     хочется поговорить с вами. — Во-первых, по порядку: какова мерзость и плоская мерзость вышла моя статья в печати и при перечтении.
     <ref target="#note2">
      2
     </ref>
     <note index="false" resp="volume_editor" xml:id="note2">
      В сентябрьской книжке «Современника» был напечатан «Люцерн» Толстого.
     </note>
     — Я совершенно надул себя ею да и вас кажется.
     <choice original_editorial_correction="Ав[дотьи]">
      <sic>
       Ав
      </sic>
      <corr>
       Авдотьи
      </corr>
     </choice>
     <choice original_editorial_correction="Як[овлевны]">
      <sic>
       Як
      </sic>
      <corr>
       Яковлевны
      </corr>
     </choice>
     повесть еще не прочел.
     <ref target="#note3">
      3
     </ref>
     <note index="false" resp="volume_editor" xml:id="note3">
      Повесть Авдотьи Яковлевны Панаевой, писавшей под псевдонимом «Н. Станицкий», «Домашний ад», напечатанная в сентябрьской книжке «Современника» за 1857 г.
     </note>
     Теперь ваши стихи. Вы, может, и знать не хотите моего мнения, а я почему-то чувствую внутреннюю необходимость сказать вам его так же искренно, как желал бы, чтобы говорили всегда мне. — Первое превосходно. Это самородок и чудесный самородок, остальные
     <hi>
      все,
     </hi>
     по-моему, слабы и
     <hi>
      сделаны,
     </hi>
     по крайней мере такое произвели на меня впечатление, в сравнении с первым.
     <ref target="#note4">
      4
     </ref>
     <note index="false" resp="volume_editor" xml:id="note4">
      Стихотворение Некрасова «Тишина».
     </note>
     <choice original_editorial_correction="Современ[ное]">
      <sic>
       Современ
      </sic>
      <corr>
       Современное
      </corr>
     </choice>
     Обозрение, хотя и интересно, вышло не то, как я ожидал. Слишком оно петербургское, а не русское. Вообще книжечка так себе, скорее
     <hi style="opdelimiter">
      плоха.
      <ref target="#note5">
       5
      </ref>
      <note index="false" resp="volume_editor" xml:id="note5">
       «Современное обозрение» в сентябрьской книжке «Современника».
      </note>
     </hi>
    </p>
    <p id="f46cffa1-4a5d-4cbc-b442-a1b0659e7aea">
     <pb n="226"/>
     <hi style="npdelimiter">
      Что
     </hi>
     будет у вас или есть уже в Октябре?
     <ref target="#note6">
      6
     </ref>
     <note index="false" resp="volume_editor" xml:id="note6">
      В октябрьской книжке «Современника».
     </note>
     На меня же пожалуйста больше не расчитывайте, надоело мне писать ковыряшки, да еще скверные. Вчера прочел, как меня обругали в
     <choice original_editorial_correction="П[етербургских]">
      <sic>
       П
      </sic>
      <corr>
       Петербургских
      </corr>
     </choice>
     <choice original_editorial_correction="В[едомостях]">
      <sic>
       В
      </sic>
      <corr>
       Ведомостях
      </corr>
     </choice>
     , и поделом.
     <ref target="#note7">
      7
     </ref>
     <note index="false" resp="volume_editor" xml:id="note7">
      Толстой имеет в виду фельетон за подписью П. Б. «Русская литература, журналы», помещенный в № 210 «Петербургских ведомостей» от 28 октября 1857 г., с резким отзывом о «Люцерне».
     </note>
     Скажите мне пожалуйста откровенно мнение
     <choice original_editorial_correction="Друж[инина]">
      <sic>
       Друж
      </sic>
      <corr>
       Дружинина
      </corr>
     </choice>
     и
     <choice original_editorial_correction="Аннен[кова]">
      <sic>
       Аннен
      </sic>
      <corr>
       Анненкова
      </corr>
     </choice>
     . Как они с вами говорили про эту статейку? — Я вчера писал Колбасину
     <ref target="#note8">
      8
     </ref>
     <note index="false" resp="volume_editor" xml:id="note8">
      Письмо Толстого к Д. Я. Колбасину от 10 октября 1857 г. неизвестно.
     </note>
     разный вздор, а забыл про дело. Сделайте милость, передайте ему, что я прошу как можно скорее похлопотать о высылке мне Указа об отставке,
     <ref target="#note9">
      9
     </ref>
     <note index="false" resp="volume_editor" xml:id="note9">
      Отставка Толстого от военной службы в Петербургском ракетном заведении была проведена в приказе 26 ноября.
     </note>
     а то я без вида. Тороплюсь на почту и, признаюсь, чувствую себя не в духе в настоящую минуту; потому кончаю письмо.
    </p>
    <p id="b63596c4-a8ed-4b17-97dc-385ed99f63e3">
     Недели через 2 я надеюсь быть в Петербурге.
     <ref target="#note10">
      10
     </ref>
     <note index="false" resp="volume_editor" xml:id="note10">
      16 октября Толстой вместе с М. Н. Толстой выехал в Москву, а 22 октября поехал в Петербург; пробыл там до 30 октября и снова вернулся в Москву.
     </note>
     До свидания. Кланяйтесь очень
     <choice original_editorial_correction="Ив[ану]">
      <sic>
       Ив
      </sic>
      <corr>
       <name placement="text" ref="10447" type="person">
        Ивану
       </name>
      </corr>
     </choice>
     <choice original_editorial_correction="Ив[ановичу]">
      <sic>
       <name placement="text" ref="10447" type="person">
        Ив
       </name>
      </sic>
      <corr>
       <name placement="text" ref="10447" type="person">
        Ивановичу
       </name>
      </corr>
     </choice>
     <ref target="#note11">
      11
     </ref>
     <note index="false" resp="volume_editor" xml:id="note11">
      <name placement="text" ref="10447" type="person">
       И. И. Панаеву
      </name>
      .
     </note>
     .
    </p>
    <p id="a8ecbfee-fbd0-42d2-9964-8e81abd65158" rend="right">
     Ваш Гр. Л. Толстой.
    </p>
    <p id="a5b30519-00bb-40c2-88bf-a0b18abcde59">
     11 Октября.
    </p>
    <p id="c01eedb8-8552-4631-a853-82ddab58ba00">
     И еще скажите пожалуйста Колбасину, что ежели перевод статьи не сделан, то не нужно
     <ref target="#note12">
      12
     </ref>
     <note index="false" resp="volume_editor" xml:id="note12">
      Под «статьей» разумеется рассказ «Люцерн».
     </note>
     .
    </p>
    <noteGrp type="comments">
     <note index="false" type="comments">
      <p id="f178d4c3-3c11-4ed1-b2d8-e8741487074f" rend="Textpetit_otstup left">
       Впервые напечатано в АК, стр. 204.
      </p>
     </note>
    </noteGrp>
   </div>
  </body>
 </text>
</TEI>
