<?xml version="1.0" encoding="utf-8"?>
<TEI xmlns="http://www.tei-c.org/ns/1.0" xmlns:xi="http://www.w3.org/2001/XInclude">
 <teiHeader>
  <fileDesc>
   <titleStmt>
    <title xml:id="v60_198_kn_A_N_Dondukovoj_Korsakovoj">
     Письма и документы. Tolstoy Digital
    </title>
    <title type="main">
     Письмо кн. А. Н. Дондуковой-Корсаковой от 28 марта 1861 г.
    </title>
    <title type="bibl">
     Толстой Л. Н. Письмо кн. А. Н. Дондуковой-Корсаковой, 28 марта 1861 г. // Толстой Л. Н. Полное собрание сочинений: в 90 тт. Т. 60. М.: Гос. изд. «Художественная литература», 1949. С.
    </title>
    <respStmt>
     <resp>
      Идея, постановка задач, руководство:
     </resp>
     <name>
      Анастасия Бонч-Осмоловская, Фёкла Толстая, Борис Орехов, Тимофей Лукашевский
     </name>
    </respStmt>
    <respStmt>
     <resp>
      Подготовка TEI/XML:
     </resp>
     <name>
      Евгений Можаев, Даниил Скоринкин, Ирина Павлова, Матвей Колбасов, Елена Сидорова, Кирилл Милинцевич, Лев Буланов, Макар Федоров, Константин Петров
     </name>
    </respStmt>
    <respStmt>
     <resp>
      Подготовка метаданных:
     </resp>
     <name>
      Мария Картышева, Вероника Файнберг
     </name>
    </respStmt>
    <respStmt>
     <resp>
      Разметка имен собственных:
     </resp>
     <name>
      Никита Северин, Елена Северина
     </name>
    </respStmt>
    <respStmt>
     <resp>
      Исправление древнегреческого текста:
     </resp>
     <name>
      Ольга Алиева
     </name>
    </respStmt>
    <funder>
     Проект «Слово Толстого»
    </funder>
   </titleStmt>
   <publicationStmt>
    <publisher>
     <orgName>
      Tolstoy Digital, DH CLOUD, Научно-образовательный союз «Родное Слово» проект «Слово Толстого»
     </orgName>
    </publisher>
    <availability>
     <p id="a8c72c60-101a-4dfd-8e41-93a5ea42b50c">
      Тексты и метатекстовая разметка доступны для свободного использования и распространения по лицензии Creative Commons Attribution Share-Alike (cc by-sa)
     </p>
    </availability>
    <date from="2015" to="2022"/>
   </publicationStmt>
   <notesStmt>
    <note>
     Публикуемые документы был получены с сайта tolstoy.ru в формате html, переведены в формат TEI. Исправлены некоторые ошибки распознавания. Тексты, написанные в дореформенной орфографии, сопоставлены с их версиями в современной орфографии.
    </note>
   </notesStmt>
   <sourceDesc>
    <biblStruct>
     <analytic>
      <author>
       Толстой Лев Николаевич
      </author>
     </analytic>
     <monogr>
      <title level="m">
       Полное собрание сочинений. Том 60
      </title>
      <imprint>
       <pubPlace>
        Москва
       </pubPlace>
       <publisher>
        Государственное издательство «Художественная литература»
       </publisher>
       <date when="1949"/>
      </imprint>
      <biblScope unit="vol">
       60
      </biblScope>
      <biblScope unit="page">
       377-378
      </biblScope>
     </monogr>
     <series>
      <title level="s">
       Л. Н. Толстой. Полное собрание сочинений: в 90 тт.
      </title>
     </series>
    </biblStruct>
    <bibl>
     Публикуется впервые
    </bibl>
   </sourceDesc>
  </fileDesc>
  <encodingDesc>
   <classDecl>
    <xi:include href="../../reference/taxonomy.xml"/>
   </classDecl>
  </encodingDesc>
  <profileDesc>
   <correspDesc>
    <correspAction type="sending">
     <persName ref="13883">
      Л. Н. Толстой
     </persName>
     <placeName>
      Франкфурт-на-Майне
     </placeName>
     <date when="1861-03-28"/>
    </correspAction>
    <correspAction type="receiving">
     <persName ref="4562">
      Дондукова-Корсакова Аделаида Николаевна
     </persName>
    </correspAction>
   </correspDesc>
   <langUsage>
    <language ident="ru"/>
   </langUsage>
   <textClass>
    <catRef ana="#tolstoy_heritage" target="library"/>
    <catRef ana="#letters" target="type"/>
    <catRef ana="#not_sent" target="sent"/>
   </textClass>
  </profileDesc>
 </teiHeader>
 <xenoData>
  <number type="in a volume">
   198
  </number>
 </xenoData>
 <text xml:id="kn.A.N.Dondukovoj-Korsakovoj_198" xmlns="http://www.tei-c.org/ns/1.0" xmlns:xi="http://www.w3.org/2001/XInclude">
  <body>
   <div>
    <pb n="377"/>
    <opener index="false">
     * 198.
     <name placement="text" ref="4562" type="person">
      Кн. А. Н. Дондуковой-Корсаковой
     </name>
     . Неотправленное.1861 г. Марта 28/апреля 9. Франкфурт-на-Майне.
    </opener>
    <p id="aed5f18b-2bfc-4d4b-9836-ba67b6e04b44" rend="subtitle centerline">
     <hi rend="Razradka">
      Тайна.
     </hi>
    </p>
    <p id="5d39ada0-d7b1-4cd0-bd0a-9eeee3415c53">
     Я для того написал это слово, чтобы, ежели вам случится получить это письмо при Князе,
     <ref target="#note1">
      1
     </ref>
     <note index="false" resp="volume_editor" xml:id="note1">
      <name placement="note" ref="4561" type="person">
       Михаил Александрович Дондуков-Корсаков
      </name>
      .
     </note>
     вы бы не сказали ему от кого, не читав письма. Вот в чем дело, любезная Княгиня Аделаида Николаевна, и просьба моя к вам: есть новое Герценовское издание всех запрещенных в России стихов.
     <ref target="#note2">
      2
     </ref>
     <note index="false" resp="volume_editor" xml:id="note2">
      Имеется в виду «Русская потаенная литература XIX столетия», отдел 1, стих. часть 1, с предисловием Н. Огарева, Лондон 1861.
     </note>
     Так как Князь любит иметь все новости, я боюсь, чтобы он не купил эту книгу, а в ней есть глупые ребяческие стихи
     <hi style="opdelimiter">
      Пушкина
     </hi>
     <pb n="378"/>
     <hi style="npdelimiter">
      на
     </hi>
     Князя Дундукова, хотя и не очень злые, но пошлые и насмешливые.
     <ref target="#note3">
      3
     </ref>
     <note index="false" resp="volume_editor" xml:id="note3">
      Толстой разумеет известное стихотворение А. С. Пушкина «Князю Дондукову-Корсакову».
     </note>
     Мне бы хотелось избежать этой неприятности для него и, зная вашу практичность и спокойствие, не говоря о других качествах, которые вы разделяете со всем семейством, я обращаюсь именно к вам. — Отвратите от него как-нибудь эту во всех отношениях мерзкую книгу, или вырвите этот листок, ежели он ее купит. —
    </p>
    <p id="3252de7f-667a-4226-9c7f-edcb4deab3c6">
     Я благополучно и приятно доехал до Франкфурта и нынче еду ночевать в Ейзенах. Позволяю себе дружески жать вашу руку и надеюсь, что до свидания.
    </p>
    <p id="f3e24dc7-b226-4972-a50f-38f396013fa1" rend="right">
     <name placement="text" ref="13883" type="person">
      Л. Толстой
     </name>
     .
    </p>
    <p id="e03b788c-4a69-45cd-a605-03cd1c982aec">
     9 Апреля.
    </p>
    <noteGrp type="comments">
     <note index="false" type="comments">
      <p id="8e13949d-fdce-4c0b-aa98-c62d9b78ea6d" rend="Textpetit_otstup left">
       Год определяется содержанием. Упоминаемое в этом письме «новое издание запрещенных в России стихов» вышло в 1861 г. Так как письмо сохранилось в архиве Толстого, то, вероятно, оно не было отправлено.
      </p>
     </note>
     <note index="false" type="comments">
      <p id="bec70ec7-0b46-473f-8aa5-0a71abf18efa" rend="petit">
       <name placement="comments" ref="4562" type="person">
        Аделаида Николаевна Дондукова-Корсакова
       </name>
       , рожд. Окунева, — замужем за кн. Никитой Михайловичем Дондуковым-Корсаковым.
      </p>
     </note>
    </noteGrp>
   </div>
  </body>
 </text>
</TEI>
