<?xml version="1.0" encoding="utf-8"?>
<TEI xmlns="http://www.tei-c.org/ns/1.0" xmlns:xi="http://www.w3.org/2001/XInclude">
 <teiHeader>
  <fileDesc>
   <titleStmt>
    <title xml:id="v60_216_V_I_Mixalovskomu">
     Письма и документы. Tolstoy Digital
    </title>
    <title type="main">
     Письмо В. И. Михаловскому от 12 июля 1861 г.
    </title>
    <title type="bibl">
     Толстой Л. Н. Письмо В. И. Михаловскому, 12 июля 1861 г. // Толстой Л. Н. Полное собрание сочинений: в 90 тт. Т. 60. М.: Гос. изд. «Художественная литература», 1949. С.
    </title>
    <respStmt>
     <resp>
      Идея, постановка задач, руководство:
     </resp>
     <name>
      Анастасия Бонч-Осмоловская, Фёкла Толстая, Борис Орехов, Тимофей Лукашевский
     </name>
    </respStmt>
    <respStmt>
     <resp>
      Подготовка TEI/XML:
     </resp>
     <name>
      Евгений Можаев, Даниил Скоринкин, Ирина Павлова, Матвей Колбасов, Елена Сидорова, Кирилл Милинцевич, Лев Буланов, Макар Федоров, Константин Петров
     </name>
    </respStmt>
    <respStmt>
     <resp>
      Подготовка метаданных:
     </resp>
     <name>
      Мария Картышева, Вероника Файнберг
     </name>
    </respStmt>
    <respStmt>
     <resp>
      Разметка имен собственных:
     </resp>
     <name>
      Никита Северин, Елена Северина
     </name>
    </respStmt>
    <respStmt>
     <resp>
      Исправление древнегреческого текста:
     </resp>
     <name>
      Ольга Алиева
     </name>
    </respStmt>
    <funder>
     Проект «Слово Толстого»
    </funder>
   </titleStmt>
   <publicationStmt>
    <publisher>
     <orgName>
      Tolstoy Digital, DH CLOUD, Научно-образовательный союз «Родное Слово» проект «Слово Толстого»
     </orgName>
    </publisher>
    <availability>
     <p id="ecb375d9-abaa-4aac-918f-9ed35cb72f74">
      Тексты и метатекстовая разметка доступны для свободного использования и распространения по лицензии Creative Commons Attribution Share-Alike (cc by-sa)
     </p>
    </availability>
    <date from="2015" to="2022"/>
   </publicationStmt>
   <notesStmt>
    <note>
     Публикуемые документы был получены с сайта tolstoy.ru в формате html, переведены в формат TEI. Исправлены некоторые ошибки распознавания. Тексты, написанные в дореформенной орфографии, сопоставлены с их версиями в современной орфографии.
    </note>
   </notesStmt>
   <sourceDesc>
    <biblStruct>
     <analytic>
      <author>
       Толстой Лев Николаевич
      </author>
     </analytic>
     <monogr>
      <title level="m">
       Полное собрание сочинений. Том 60
      </title>
      <imprint>
       <pubPlace>
        Москва
       </pubPlace>
       <publisher>
        Государственное издательство «Художественная литература»
       </publisher>
       <date when="1949"/>
      </imprint>
      <biblScope unit="vol">
       60
      </biblScope>
      <biblScope unit="page">
       399-401
      </biblScope>
     </monogr>
     <series>
      <title level="s">
       Л. Н. Толстой. Полное собрание сочинений: в 90 тт.
      </title>
     </series>
    </biblStruct>
    <bibl/>
   </sourceDesc>
  </fileDesc>
  <encodingDesc>
   <classDecl>
    <xi:include href="../../reference/taxonomy.xml"/>
   </classDecl>
  </encodingDesc>
  <profileDesc>
   <correspDesc>
    <correspAction type="sending">
     <persName ref="13883">
      Л. Н. Толстой
     </persName>
     <placeName>
      Ясная Поляна
     </placeName>
     <date when="1861-07-12"/>
    </correspAction>
    <correspAction type="receiving">
     <persName ref="9085">
      Михадовский Валерьян Ильич
     </persName>
    </correspAction>
   </correspDesc>
   <langUsage>
    <language ident="ru"/>
   </langUsage>
   <textClass>
    <catRef ana="#tolstoy_heritage" target="library"/>
    <catRef ana="#letters" target="type"/>
    <catRef ana="#sent" target="sent"/>
   </textClass>
  </profileDesc>
 </teiHeader>
 <xenoData>
  <number type="in a volume">
   216
  </number>
 </xenoData>
 <text xml:id="V.I.Mixalovskomu_216" xmlns="http://www.tei-c.org/ns/1.0" xmlns:xi="http://www.w3.org/2001/XInclude">
  <body>
   <div>
    <pb n="399"/>
    <opener index="false">
     216.
     <name placement="text" ref="9085" type="person">
      В. И. Михаловскому
     </name>
     .1861 г. Июля 12. Я. П.
    </opener>
    <p id="e511bd24-bc7f-44a3-b6bf-3df656b9d592">
     Г. Валериану Ильичу Михаловскому от мирового посредника 4 участка гр. Толстого. 1) До назначения и смены волостного старшины помещикам нет никакого дела.
     <ref target="#note1">
      1
     </ref>
     <note index="false" resp="volume_editor" xml:id="note1">
      Распоряжение Толстого о смене старшины с. Панина см. список недошедших писем № 151.
     </note>
     2) Крестьянин Анисим,
     <ref target="#note2">
      2
     </ref>
     <note index="false" resp="volume_editor" xml:id="note2">
      Анисим — крестьянин с. Панина (Крапивенского уезда Тульской губернии).
     </note>
     со дня обнародования Положения, имеет право избрать род жизни и ни к каким повинностям помещику не
     <hi style="opdelimiter">
      обязан.
     </hi>
     <pb n="400"/>
     <hi style="npdelimiter">
      3)
     </hi>
     Ежели помещик не согласен простить крестьянам взыскание за потраву лугов, то и крестьяне не обязаны простить помещику штрафы за взятые с них, противно Положению, двуконные дни и караулы со дня обнародования положения. 4) Назначать цену за потраву имеет право посредник с помощью добросовестных, но никак не помещик.
     <ref target="#note3">
      3
     </ref>
     <note index="false" resp="volume_editor" xml:id="note3">
      Эти два пункта (3 и 4) являются, ответом на жалобу В. И. Михаловского от 8 августа 1861 г., на имя Крапивенского мирового съезда о потраве крестьянами с. Панина лугов в имении его жены, в которой он сообщал, что Толстой «действие свое по жалобе моей на первый раз ограничил тем, что просил управляющего имением простить крестьянам следуемое с них денежное взыскание за потраву луга», на что управляющий «объявил гр. Толстому, что согласиться на его просьбу не может по неимению на то права. Гр. Толстой, недовольный этим отказом, уехал из имения,
      <hi style="opdelimiter">
       но
      </hi>
      <hi style="npdelimiter">
       постановив
      </hi>
      на сей раз никакого заключения до делу о набеге крестьян на господские луга». В своем вторичном обращении к Толстому Михаловский известил его, что лугов потравлено четыре десятины и что цену за каждую потравленную десятину он назначает в 20 руб. Толстой вторично «прибыл в село Панино, собрал трех крестьян ближайшего села Бородина в качестве добросовестных и с ними отправился на место потравленного луга. Добросовестные, коим гр. Толстой предложил оценить луг, объявили, что потравленного луга должно быть десятины 3 и что цену потравы они полагают назначить за каждую десятину по 10 руб. серебром. Гр. Толстой с оценкою этого не согласился и предложил добросовестным ценить десятину в 5 р., не более. Добросовестные гр. Толстому не противоречили в этом». Признавая действия Толстого незаконными, Михаловский говорит: «Смело уверен в том, что правосудное правительство, озабоченное улучшением быта крестьян, не потерпит, чтобы улучшение это, обогащение крестьян, шло путем, указываемым мировым посредником гр. Толстым».
     </note>
     5) Назначение количества денег, следуемых увольняемым дворовым людям, делается не помещиком, а посредником, а потому вторичное представление актов, не утвержденных посредником, бесполезно. Рассчет, во второй раз сделанный, теперь уже письменно, при сем прилагается. 6) О выдаче старшиною билетов существуют узаконения, утвержденные высшею властью, а потому новые правила, изобретаемые помещиками, остаются без всякого внимания. 7) Все лица, имеющие дело с мировым посредником, обязаны ему уважением, а потому не должны ни говорить в его присутствии неприличных вещей, ни, еще менее, по делам писать ему неприличные письма. В противном случае виновные подвергаются штрафу.
    </p>
    <noteGrp type="comments">
     <note index="false" type="comments">
      <p id="17f7eb7f-ed7b-4654-a53d-71b4451063d6" rend="Textpetit_otstup left">
       Печатается по тексту, опубликованному в «Русской мысли», 1903, IX, стр. 87—88 (пятый пункт настоящей бумаги кроме того был выделен на стр. 81, а 3 и 4 пункты на стр. 86). Впервые было опубликовано в «Неделе», 1901, 20, отд. V, столб. 679. Текст этого документа, в копии В. И. Михаловского, хранился в Тульском архиве (дело это погибло). Местонахождение автографа Толстого неизвестно. Дата определяется содержанием и прошением Михаловского на имя губернского по крестьянским делам присутствия, где он упоминал, что документ, вместе с которым была получена настоящая бумага Толстого, относится к 12 июля 1861 г.
      </p>
     </note>
     <note index="false" type="comments">
      <p id="1720d811-26ee-4d76-961a-110261b7ba33" rend="petit">
       <name placement="comments" ref="9085" type="person">
        Валерьян Ильич Михаловский
       </name>
       , помещик Крапивенского уезда, штабс-капитан, вел дела с мировым посредником Толстым по доверенности своей жены
       <name placement="comments" ref="9084" type="person">
        Марии Александровны Михаловской
       </name>
       .
      </p>
     </note>
    </noteGrp>
   </div>
  </body>
 </text>
</TEI>
