<?xml version="1.0" encoding="utf-8"?>
<TEI xmlns="http://www.tei-c.org/ns/1.0" xmlns:xi="http://www.w3.org/2001/XInclude">
 <teiHeader>
  <fileDesc>
   <titleStmt>
    <title xml:id="v60_154_gr_M_N_Tolstoj">
     Письма и документы. Tolstoy Digital
    </title>
    <title type="main">
     Письмо гр. М. Н. Толстой от 11 октября 1859 г.
    </title>
    <title type="bibl">
     Толстой Л. Н. Письмо гр. М. Н. Толстой, 11 октября 1859 г. // Толстой Л. Н. Полное собрание сочинений: в 90 тт. Т. 60. М.: Гос. изд. «Художественная литература», 1949. С.
    </title>
    <respStmt>
     <resp>
      Идея, постановка задач, руководство:
     </resp>
     <name>
      Анастасия Бонч-Осмоловская, Фёкла Толстая, Борис Орехов, Тимофей Лукашевский
     </name>
    </respStmt>
    <respStmt>
     <resp>
      Подготовка TEI/XML:
     </resp>
     <name>
      Евгений Можаев, Даниил Скоринкин, Ирина Павлова, Матвей Колбасов, Елена Сидорова, Кирилл Милинцевич, Лев Буланов, Макар Федоров, Константин Петров
     </name>
    </respStmt>
    <respStmt>
     <resp>
      Подготовка метаданных:
     </resp>
     <name>
      Мария Картышева, Вероника Файнберг
     </name>
    </respStmt>
    <respStmt>
     <resp>
      Разметка имен собственных:
     </resp>
     <name>
      Никита Северин, Елена Северина
     </name>
    </respStmt>
    <respStmt>
     <resp>
      Исправление древнегреческого текста:
     </resp>
     <name>
      Ольга Алиева
     </name>
    </respStmt>
    <funder>
     Проект «Слово Толстого»
    </funder>
   </titleStmt>
   <publicationStmt>
    <publisher>
     <orgName>
      Tolstoy Digital, DH CLOUD, Научно-образовательный союз «Родное Слово» проект «Слово Толстого»
     </orgName>
    </publisher>
    <availability>
     <p id="79e764c0-a9ce-42c4-9302-7ad823d56360">
      Тексты и метатекстовая разметка доступны для свободного использования и распространения по лицензии Creative Commons Attribution Share-Alike (cc by-sa)
     </p>
    </availability>
    <date from="2015" to="2022"/>
   </publicationStmt>
   <notesStmt>
    <note>
     Публикуемые документы был получены с сайта tolstoy.ru в формате html, переведены в формат TEI. Исправлены некоторые ошибки распознавания. Тексты, написанные в дореформенной орфографии, сопоставлены с их версиями в современной орфографии.
    </note>
   </notesStmt>
   <sourceDesc>
    <biblStruct>
     <analytic>
      <author>
       Толстой Лев Николаевич
      </author>
     </analytic>
     <monogr>
      <title level="m">
       Полное собрание сочинений. Том 60
      </title>
      <imprint>
       <pubPlace>
        Москва
       </pubPlace>
       <publisher>
        Государственное издательство «Художественная литература»
       </publisher>
       <date when="1949"/>
      </imprint>
      <biblScope unit="vol">
       60
      </biblScope>
      <biblScope unit="page">
       310-311
      </biblScope>
     </monogr>
     <series>
      <title level="s">
       Л. Н. Толстой. Полное собрание сочинений: в 90 тт.
      </title>
     </series>
    </biblStruct>
    <bibl>
     Публикуется впервые
    </bibl>
   </sourceDesc>
  </fileDesc>
  <encodingDesc>
   <classDecl>
    <xi:include href="../../reference/taxonomy.xml"/>
   </classDecl>
  </encodingDesc>
  <profileDesc>
   <correspDesc>
    <correspAction type="sending">
     <persName ref="13883">
      Л. Н. Толстой
     </persName>
     <placeName>
      Ясная Поляна
     </placeName>
     <date when="1859-10-11"/>
    </correspAction>
    <correspAction type="receiving">
     <persName ref="13835">
      Толстая Мария Николаевна (сестра Толстого)
     </persName>
    </correspAction>
   </correspDesc>
   <langUsage>
    <language ident="ru"/>
   </langUsage>
   <textClass>
    <catRef ana="#tolstoy_heritage" target="library"/>
    <catRef ana="#letters" target="type"/>
    <catRef ana="#sent" target="sent"/>
   </textClass>
  </profileDesc>
 </teiHeader>
 <xenoData>
  <number type="in a volume">
   154
  </number>
 </xenoData>
 <text xml:id="gr.M.N.Tolstoj_154" xmlns="http://www.tei-c.org/ns/1.0" xmlns:xi="http://www.w3.org/2001/XInclude">
  <body>
   <div>
    <pb n="310"/>
    <opener index="false">
     * 154. Гр. М. Н. Толстой.1859 г. Октября 11. Я. П.
    </opener>
    <p id="72015891-f869-4fbf-b9fd-05aa000189ff">
     Как ты поживаешь, мой друг Маша? Ты, дети и все ваши? Я приехал дня три с охоты и хотел тотчас ехать к вам, но меня задержала заразительная болезнь короста, которую мне подарил Сережа с своими лошадьми.
    </p>
    <p id="fca6572a-edc6-488c-8fee-acbe683f0fa3">
     Кажется, что все мои лошади пропадут. —
    </p>
    <p id="7e56d6b1-268b-49b1-979b-1219225dadaa">
     Все-таки дня через три приеду, тогда расскажу всё, что и кого я видел в отъезде.
    </p>
    <p id="c6751c4a-5f0e-4dc6-9979-4fad2d15568b">
     <choice original_editorial_correction="Нат[алья]">
      <sic>
       Нат
      </sic>
      <corr>
       <name placement="text" ref="10375" type="person">
        Наталья
       </name>
      </corr>
     </choice>
     <choice original_editorial_correction="Петр[овна]">
      <sic>
       <name placement="text" ref="10375" type="person">
        Петр
       </name>
      </sic>
      <corr>
       <name placement="text" ref="10375" type="person">
        Петровна
       </name>
      </corr>
     </choice>
     вчера два раза спотыкнулась и полетела со всех ног через медведя.
     <ref target="#note1">
      1
     </ref>
     <note index="false" resp="volume_editor" xml:id="note1">
      То есть шкуру той самой медведицы, которая в декабре 1858 г. на охоте погрызла Толстого (см. прим. 2 к п. № 122).
     </note>
     Один раз с чашкой, так что мы ахнули с тетинькой. Это сообщи детям. Некогда, а то бы я нарисовал.
    </p>
    <p id="7cf0ef94-ef66-4789-9437-416ffbc91c7c">
     Мне даже нужно тебя видеть. Я в отъезде нашел гувернантку с французским, немецким и музыкой, отличной нравственности за 500 р. Ну да всё переговорим, до свиданья.
    </p>
    <p id="32429232-dd5e-4905-ad95-04a7094ebcf2" rend="right">
     <name placement="text" ref="13883" type="person">
      Л. Толстой
     </name>
     .
    </p>
    <p id="e08d0037-004b-4b59-b099-854541b1c321">
     11 октября.
    </p>
    <p id="0894a56c-6016-42fb-9bd7-02ba8a22dfb9">
     Немца с кабинетом прогнал к чорту.
    </p>
    <lb/>
    <p id="49365cfe-62ac-4d8d-afba-8c99e7bbfc19">
     <hi>
      На четвертой странице
     </hi>
     :
    </p>
    <p id="a6512b60-7411-46bc-9371-9c9c278f355e">
     Графине Марье Николаевне.
    </p>
    <noteGrp type="comments">
     <note index="false" type="comments">
      <p id="6f0ec9f2-bf54-48ac-9f72-869edaa6ac1c" rend="Textpetit_otstup left">
       Год определяется содержанием: «Я приехал дня три с охоты».
      </p>
     </note>
    </noteGrp>
   </div>
  </body>
 </text>
</TEI>
