<?xml version="1.0" encoding="utf-8"?>
<TEI xmlns="http://www.tei-c.org/ns/1.0" xmlns:xi="http://www.w3.org/2001/XInclude">
 <teiHeader>
  <fileDesc>
   <titleStmt>
    <title xml:id="v60_277_NachalnikuS__Peterburgskogoraketnogozavede">
     Письма и документы. Tolstoy Digital
    </title>
    <title type="main">
     Начальнику С.-Петербургского ракетного заведения Константинову К. И. от 29 декабря 1856 г.
    </title>
    <title type="bibl">
     Толстой Л. Н. Начальнику С.-Петербургского ракетного заведения Константинову К. И., 29 декабря 1856 г. // Толстой Л. Н. Полное собрание сочинений: в 90 тт. Т. 60. М.: Гос. изд. «Художественная литература», 1949. С.
    </title>
    <respStmt>
     <resp>
      Идея, постановка задач, руководство:
     </resp>
     <name>
      Анастасия Бонч-Осмоловская, Фёкла Толстая, Борис Орехов, Тимофей Лукашевский
     </name>
    </respStmt>
    <respStmt>
     <resp>
      Подготовка TEI/XML:
     </resp>
     <name>
      Евгений Можаев, Даниил Скоринкин, Ирина Павлова, Матвей Колбасов, Елена Сидорова, Кирилл Милинцевич, Лев Буланов, Макар Федоров, Константин Петров
     </name>
    </respStmt>
    <respStmt>
     <resp>
      Подготовка метаданных:
     </resp>
     <name>
      Мария Картышева, Вероника Файнберг
     </name>
    </respStmt>
    <respStmt>
     <resp>
      Разметка имен собственных:
     </resp>
     <name>
      Никита Северин, Елена Северина
     </name>
    </respStmt>
    <respStmt>
     <resp>
      Исправление древнегреческого текста:
     </resp>
     <name>
      Ольга Алиева
     </name>
    </respStmt>
    <funder>
     Проект «Слово Толстого»
    </funder>
   </titleStmt>
   <publicationStmt>
    <publisher>
     <orgName>
      Tolstoy Digital, DH CLOUD, Научно-образовательный союз «Родное Слово» проект «Слово Толстого»
     </orgName>
    </publisher>
    <availability>
     <p id="15469521-2493-4456-abb6-da506857f0cb">
      Тексты и метатекстовая разметка доступны для свободного использования и распространения по лицензии Creative Commons Attribution Share-Alike (cc by-sa)
     </p>
    </availability>
    <date from="2015" to="2022"/>
   </publicationStmt>
   <notesStmt>
    <note>
     Публикуемые документы был получены с сайта tolstoy.ru в формате html, переведены в формат TEI. Исправлены некоторые ошибки распознавания. Тексты, написанные в дореформенной орфографии, сопоставлены с их версиями в современной орфографии.
    </note>
   </notesStmt>
   <sourceDesc>
    <biblStruct>
     <analytic>
      <author>
       Толстой Лев Николаевич
      </author>
     </analytic>
     <monogr>
      <title level="m">
       Полное собрание сочинений. Том 60
      </title>
      <imprint>
       <pubPlace>
        Москва
       </pubPlace>
       <publisher>
        Государственное издательство «Художественная литература»
       </publisher>
       <date when="1949"/>
      </imprint>
      <biblScope unit="vol">
       60
      </biblScope>
      <biblScope unit="page">
       470-471
      </biblScope>
     </monogr>
     <series>
      <title level="s">
       Л. Н. Толстой. Полное собрание сочинений: в 90 тт.
      </title>
     </series>
    </biblStruct>
    <bibl/>
   </sourceDesc>
  </fileDesc>
  <encodingDesc>
   <classDecl>
    <xi:include href="../../reference/taxonomy.xml"/>
   </classDecl>
  </encodingDesc>
  <profileDesc>
   <correspDesc>
    <correspAction type="sending">
     <persName ref="13883">
      Л. Н. Толстой
     </persName>
     <placeName>
      Петербург
     </placeName>
     <date when="1856-12-29"/>
    </correspAction>
    <correspAction type="receiving">
     <persName ref="6833">
      Константинов Константин Иванович
     </persName>
    </correspAction>
   </correspDesc>
   <langUsage>
    <language ident="ru"/>
   </langUsage>
   <textClass>
    <catRef ana="#tolstoy_heritage" target="library"/>
    <catRef ana="#letters" target="type"/>
    <catRef ana="#sent" target="sent"/>
   </textClass>
  </profileDesc>
 </teiHeader>
 <xenoData>
  <number type="in a volume">
   277
  </number>
 </xenoData>
 <text xml:id="NachalnikuS.-PeterburgskogoraketnogozavedeniyaKonstantinovuK.I._277" xmlns="http://www.tei-c.org/ns/1.0" xmlns:xi="http://www.w3.org/2001/XInclude">
  <body>
   <div>
    <pb n="470"/>
    <opener index="false">
     277. Начальнику С.-Петербургского ракетного заведения
     <name placement="text" ref="6833" type="person">
      К. И. Константинову
     </name>
     .1856 г. Декабря 29. Петербург.
    </opener>
    <p id="0d0f89e6-fda7-4d79-b7de-13f8087a1405">
     Его Превосходительству г. начальнику С.-Петербургского ракетного заведения, генерал майору и кавалеру Константинову.
    </p>
    <p id="bb74d1d6-0472-4ab1-b0c8-877f13851a5c" rend="right rightindent">
     Уволенного от службы
    </p>
    <p id="186edbcf-2b1a-4396-90c3-177a246efd05" rend="right">
     поручика графа Толстого.
    </p>
    <p id="173c3c46-3e1a-491f-8106-78fe868f3ae8" rend="subtitle centerline">
     <hi rend="Razradka">
      Рапорт.
     </hi>
    </p>
    <p id="0d659900-93d8-418c-951d-4adcf78195fa">
     Имею честь довести, что свидетельство, присланное при подписании вашего превосходительства от 28 сего декабря за № 2569 для свободного жительства в России и
     <hi style="opdelimiter">
      заграницей,
     </hi>
     <pb n="471"/>
     <hi style="npdelimiter">
      впредь
     </hi>
     до получения указа об отставке, мною 29 числа сего же декабря получено.
    </p>
    <p id="ff13ec5e-3eb7-41af-9dc9-fd6fd9ca3c27" rend="right">
     Поручик граф Толстой.
    </p>
    <p id="41cf41ab-a18c-4352-928e-3e175e8ffe3c">
     № 59.
    </p>
    <p id="0a95a584-7e5d-43ea-a1e1-28bc3d9ccc07">
     29 декабря 1856 г.
    </p>
    <noteGrp type="comments">
     <note index="false" type="comments">
      <p id="2bda81d7-86f6-4ddb-a49a-0acbb81e52e1" rend="Textpetit_otstup left">
       Печатается по тексту, опубликованному Н. С. в «Одесском листке» в номере от 30 марта 1913 г. Автограф Толстого, по словам газеты, был найден в начале 1913 г. в г. Николаеве при ликвидации ракетного завода и передан в городской музей. Настоящий рапорт Толстого написан из Петербурга на другой день после получения свидетельства об отставке от военной службы, а не в тот же день, как указано в тексте. В Дневнике Толстого 28 декабря 1856 г. отмечено: «Получил свидетельство» (т. 47, стр. 107).
      </p>
     </note>
    </noteGrp>
   </div>
  </body>
 </text>
</TEI>
