<?xml version="1.0" encoding="utf-8"?>
<TEI xmlns="http://www.tei-c.org/ns/1.0" xmlns:xi="http://www.w3.org/2001/XInclude">
 <teiHeader>
  <fileDesc>
   <titleStmt>
    <title xml:id="v60_182_T_A_Ergolskoj">
     Письма и документы. Tolstoy Digital
    </title>
    <title type="main">
     Письмо Т. А. Ергольской от 24 сентября 1860 г.
    </title>
    <title type="bibl">
     Толстой Л. Н. Письмо Т. А. Ергольской, 24 сентября 1860 г. // Толстой Л. Н. Полное собрание сочинений: в 90 тт. Т. 60. М.: Гос. изд. «Художественная литература», 1949. С.
    </title>
    <respStmt>
     <resp>
      Идея, постановка задач, руководство:
     </resp>
     <name>
      Анастасия Бонч-Осмоловская, Фёкла Толстая, Борис Орехов, Тимофей Лукашевский
     </name>
    </respStmt>
    <respStmt>
     <resp>
      Подготовка TEI/XML:
     </resp>
     <name>
      Евгений Можаев, Даниил Скоринкин, Ирина Павлова, Матвей Колбасов, Елена Сидорова, Кирилл Милинцевич, Лев Буланов, Макар Федоров, Константин Петров
     </name>
    </respStmt>
    <respStmt>
     <resp>
      Подготовка метаданных:
     </resp>
     <name>
      Мария Картышева, Вероника Файнберг
     </name>
    </respStmt>
    <respStmt>
     <resp>
      Разметка имен собственных:
     </resp>
     <name>
      Никита Северин, Елена Северина
     </name>
    </respStmt>
    <respStmt>
     <resp>
      Исправление древнегреческого текста:
     </resp>
     <name>
      Ольга Алиева
     </name>
    </respStmt>
    <funder>
     Проект «Слово Толстого»
    </funder>
   </titleStmt>
   <publicationStmt>
    <publisher>
     <orgName>
      Tolstoy Digital, DH CLOUD, Научно-образовательный союз «Родное Слово» проект «Слово Толстого»
     </orgName>
    </publisher>
    <availability>
     <p id="9651e71b-7633-49e2-9f05-15f055b7fbd9">
      Тексты и метатекстовая разметка доступны для свободного использования и распространения по лицензии Creative Commons Attribution Share-Alike (cc by-sa)
     </p>
    </availability>
    <date from="2015" to="2022"/>
   </publicationStmt>
   <notesStmt>
    <note>
     Публикуемые документы был получены с сайта tolstoy.ru в формате html, переведены в формат TEI. Исправлены некоторые ошибки распознавания. Тексты, написанные в дореформенной орфографии, сопоставлены с их версиями в современной орфографии.
    </note>
   </notesStmt>
   <sourceDesc>
    <biblStruct>
     <analytic>
      <author>
       Толстой Лев Николаевич
      </author>
     </analytic>
     <monogr>
      <title level="m">
       Полное собрание сочинений. Том 60
      </title>
      <imprint>
       <pubPlace>
        Москва
       </pubPlace>
       <publisher>
        Государственное издательство «Художественная литература»
       </publisher>
       <date when="1949"/>
      </imprint>
      <biblScope unit="vol">
       60
      </biblScope>
      <biblScope unit="page">
       355-356
      </biblScope>
     </monogr>
     <series>
      <title level="s">
       Л. Н. Толстой. Полное собрание сочинений: в 90 тт.
      </title>
     </series>
    </biblStruct>
    <bibl>
     Публикуется впервые
    </bibl>
   </sourceDesc>
  </fileDesc>
  <encodingDesc>
   <classDecl>
    <xi:include href="../../reference/taxonomy.xml"/>
   </classDecl>
  </encodingDesc>
  <profileDesc>
   <correspDesc>
    <correspAction type="sending">
     <persName ref="13883">
      Л. Н. Толстой
     </persName>
     <placeName>
      Гиер
     </placeName>
     <date when="1860-09-24"/>
    </correspAction>
    <correspAction type="receiving">
     <persName ref="4947">
      Ергольская Татьяна Александровна
     </persName>
    </correspAction>
   </correspDesc>
   <langUsage>
    <language ident="ru"/>
   </langUsage>
   <textClass>
    <catRef ana="#tolstoy_heritage" target="library"/>
    <catRef ana="#letters" target="type"/>
    <catRef ana="#sent" target="sent"/>
   </textClass>
  </profileDesc>
 </teiHeader>
 <xenoData>
  <number type="in a volume">
   182
  </number>
 </xenoData>
 <text xml:id="T.A.Ergolskoj_182" xmlns="http://www.tei-c.org/ns/1.0" xmlns:xi="http://www.w3.org/2001/XInclude">
  <body>
   <div>
    <pb n="355"/>
    <opener index="false">
     * 182.
     <name placement="text" ref="4947" type="person">
      Т. А. Ергольской
     </name>
     .1860 г. Сентября 24 и 25/октября 6 и 7. Гиер.
    </opener>
    <p id="1213b9a0-801d-4b8c-86e4-2b5bde71ea92" rend="Obrashenie">
     Милый друг тетинька!
    </p>
    <p id="ada81823-a681-4335-8e21-14d36ba7a415">
     Вот письмо Сереже, которое я посылаю на ваше имя, вы прочтете всё. Посреди нашего горя верьте, что мы с Машенькой каждую минуту вспоминали вас и думали о том, как тяжело вам будет перенести еще этот удар. Утешений нет никаких как для вас, так и для меня, одно, что он умер так, как я бы желал умереть, спокойно, кротко и прекрасно. Тут не было священника, и я уверен, что он бы причастился, ежели бы это можно было. Никто, впрочем, не думал, что это будет так скоро. Доктор, который видел его за несколько часов, потом говорил, что он никак не ожидал этого. Впрочем, такой кротости и доброты, как последние его дни, трудно вообразить себе. Да и вся жизнь его! Присылайте к нам Сережу, ma tante, письмо это верно тотчас же вызовет его из Курска. А когда он приедет сюда, я приеду к вам. — Берегите себя, милый друг тетинька, теперь
     <hi style="opdelimiter">
      ваша
     </hi>
     <pb n="356"/>
     <hi style="npdelimiter">
      любовь
     </hi>
     нам всем еще в 10 раз нужнее. Прощайте, целую ваши руки. — Поскорее перешлите это письмо Сереже.
    </p>
    <lb/>
    <p id="918b7667-f97e-456e-a0e1-899a558e6386">
     <hi>
      На конверте:
     </hi>
    </p>
    <p id="cebfd6bf-a509-4338-aef0-2038ab8f0876">
     <hi>
      Russie
     </hi>
     .
     <hi>
      Toula
     </hi>
     . Mademoiselle Ergolsky. Ее Высокоблагородию
     <name placement="text" ref="4947" type="person">
      Татьяне Александровне Ергольской
     </name>
     .
     <hi>
      В Тулу
     </hi>
     .
    </p>
    <noteGrp type="comments">
     <note index="false" type="comments">
      <p id="b532a83f-b5d0-429a-8110-7f4114ac4436" rend="Textpetit_otstup left">
       Дата определяется письмом к С. Н. Толстому, посланным одновременно с этим письмом.
      </p>
     </note>
    </noteGrp>
   </div>
  </body>
 </text>
</TEI>
