<?xml version="1.0" encoding="utf-8"?>
<TEI xmlns="http://www.tei-c.org/ns/1.0" xmlns:xi="http://www.w3.org/2001/XInclude">
 <teiHeader>
  <fileDesc>
   <titleStmt>
    <title xml:id="v60_235_A_E_Bersu">
     Письма и документы. Tolstoy Digital
    </title>
    <title type="main">
     Письмо А. Е. Берсу от 17 марта 1862 г.
    </title>
    <title type="bibl">
     Толстой Л. Н. Письмо А. Е. Берсу, 17 марта 1862 г. // Толстой Л. Н. Полное собрание сочинений: в 90 тт. Т. 60. М.: Гос. изд. «Художественная литература», 1949. С.
    </title>
    <respStmt>
     <resp>
      Идея, постановка задач, руководство:
     </resp>
     <name>
      Анастасия Бонч-Осмоловская, Фёкла Толстая, Борис Орехов, Тимофей Лукашевский
     </name>
    </respStmt>
    <respStmt>
     <resp>
      Подготовка TEI/XML:
     </resp>
     <name>
      Евгений Можаев, Даниил Скоринкин, Ирина Павлова, Матвей Колбасов, Елена Сидорова, Кирилл Милинцевич, Лев Буланов, Макар Федоров, Константин Петров
     </name>
    </respStmt>
    <respStmt>
     <resp>
      Подготовка метаданных:
     </resp>
     <name>
      Мария Картышева, Вероника Файнберг
     </name>
    </respStmt>
    <respStmt>
     <resp>
      Разметка имен собственных:
     </resp>
     <name>
      Никита Северин, Елена Северина
     </name>
    </respStmt>
    <respStmt>
     <resp>
      Исправление древнегреческого текста:
     </resp>
     <name>
      Ольга Алиева
     </name>
    </respStmt>
    <funder>
     Проект «Слово Толстого»
    </funder>
   </titleStmt>
   <publicationStmt>
    <publisher>
     <orgName>
      Tolstoy Digital, DH CLOUD, Научно-образовательный союз «Родное Слово» проект «Слово Толстого»
     </orgName>
    </publisher>
    <availability>
     <p id="2c774e00-c45c-42d5-84e9-764372dd15a4">
      Тексты и метатекстовая разметка доступны для свободного использования и распространения по лицензии Creative Commons Attribution Share-Alike (cc by-sa)
     </p>
    </availability>
    <date from="2015" to="2022"/>
   </publicationStmt>
   <notesStmt>
    <note>
     Публикуемые документы был получены с сайта tolstoy.ru в формате html, переведены в формат TEI. Исправлены некоторые ошибки распознавания. Тексты, написанные в дореформенной орфографии, сопоставлены с их версиями в современной орфографии.
    </note>
   </notesStmt>
   <sourceDesc>
    <biblStruct>
     <analytic>
      <author>
       Толстой Лев Николаевич
      </author>
     </analytic>
     <monogr>
      <title level="m">
       Полное собрание сочинений. Том 60
      </title>
      <imprint>
       <pubPlace>
        Москва
       </pubPlace>
       <publisher>
        Государственное издательство «Художественная литература»
       </publisher>
       <date when="1949"/>
      </imprint>
      <biblScope unit="vol">
       60
      </biblScope>
      <biblScope unit="page">
       419-420
      </biblScope>
     </monogr>
     <series>
      <title level="s">
       Л. Н. Толстой. Полное собрание сочинений: в 90 тт.
      </title>
     </series>
    </biblStruct>
    <bibl>
     Публикуется впервые
    </bibl>
   </sourceDesc>
  </fileDesc>
  <encodingDesc>
   <classDecl>
    <xi:include href="../../reference/taxonomy.xml"/>
   </classDecl>
  </encodingDesc>
  <profileDesc>
   <correspDesc>
    <correspAction type="sending">
     <persName ref="13883">
      Л. Н. Толстой
     </persName>
     <placeName>
      Ясная Поляна
     </placeName>
     <date when="1862-03-17"/>
    </correspAction>
    <correspAction type="receiving">
     <persName ref="1324">
      Берс Андрей Евстафьевич
     </persName>
    </correspAction>
   </correspDesc>
   <langUsage>
    <language ident="ru"/>
   </langUsage>
   <textClass>
    <catRef ana="#tolstoy_heritage" target="library"/>
    <catRef ana="#letters" target="type"/>
    <catRef ana="#sent" target="sent"/>
   </textClass>
  </profileDesc>
 </teiHeader>
 <xenoData>
  <number type="in a volume">
   235
  </number>
 </xenoData>
 <text xml:id="A.E.Bersu_235" xmlns="http://www.tei-c.org/ns/1.0" xmlns:xi="http://www.w3.org/2001/XInclude">
  <body>
   <div>
    <pb n="419"/>
    <opener index="false">
     235. А. Е. Берсу.1862 г. Марта 17. Я. П.
    </opener>
    <p id="b993f04a-c3dd-497f-a1aa-ee0f888cdaf3" rend="Obrashenie">
     Любезный
     <name placement="text" ref="1324" type="person">
      Андрей Евстафьевич
     </name>
     ,
    </p>
    <p id="f707cd65-4a71-4b4d-89a3-dfc7d50a08e1">
     В почтовый Департамент я писать не буду и очень, очень Вас благодарю за ваши хлопоты; а будьте благодетель, дайте Г-ну Попову
     <ref target="#note1">
      1
     </ref>
     <note index="false" resp="volume_editor" xml:id="note1">
      В. М. Попов.
     </note>
     , моему комиссионеру, денег до 200 р., которые я вам высылаю с сею же почтою. В случае, ежели он не возьмет у вас всех денег, оставьте их у себя. Как вы поживаете, надеюсь, что хорошо и что
     <choice original_editorial_correction="С[офья]">
      <sic>
       С
      </sic>
      <corr>
       Софья
      </corr>
     </choice>
     <choice original_editorial_correction="А[ндреевна]">
      <sic>
       А
      </sic>
      <corr>
       Андреевна
      </corr>
     </choice>
     <ref target="#note2">
      2
     </ref>
     <note index="false" resp="volume_editor" xml:id="note2">
      Софья Андреевна Берс (1844—1919) — вторая дочь А. Е. и Л. А. Берсов. Жена Толстого с 23 сентября 1862 г. Подробнее см. т. 83, стр. 4—8.
     </note>
     уж здорова и всё по старому. Всем душевно кланяюсь.
     <ref target="#note3">
      3
     </ref>
     <note index="false" resp="volume_editor" xml:id="note3">
      Подразумевается семейство А. Е. Берса.
     </note>
     Я не здоров, журнал идет скверно, хозяйство еще хуже, помещики ненавидят меня всё больше и больше, но я чувствую себя таким довольным и счастливым, как никогда. Вот загадка, M-me
     <choice original_editorial_correction="Viardo[t]">
      <sic>
       Viardo
      </sic>
      <corr>
       Viardot
      </corr>
     </choice>
     .
     <ref target="#note4">
      4
     </ref>
     <note index="false" resp="volume_editor" xml:id="note4">
      Полина Виардо — певица. О ней см. прим. 8 к п. № 66. Ее именем Толстой прозвал младшую сестру
      <name placement="note" ref="13844" type="person">
       Софьи Андреевны
      </name>
      —
      <name placement="note" ref="7286" type="person">
       Татьяну Андреевну
      </name>
      , которая, обладая хорошим голосом, в это время училась пению.
     </note>
     И только оттого, что работаю с утра до вечера, и работа та самая, которую я люблю. Тетушка благодарит за память и кланяется.
    </p>
    <p id="cd22e68d-316d-4bb0-bd48-ff86f849e4cf" rend="right">
     Весь ваш
     <name placement="text" ref="13883" type="person">
      Л. Толстой
     </name>
     .
    </p>
    <p id="6a3add72-7b6b-4023-9839-8cb3fb37ef23">
     17
     <hi style="opdelimiter">
      Марта.
     </hi>
    </p>
    <noteGrp type="comments">
     <note index="false" type="comments">
      <p id="cac0808d-8e0d-46f0-93eb-2b8fc859737d" rend="Textpetit_otstup left">
       <pb n="420"/>
       <hi style="npdelimiter">
        Год
       </hi>
       определяется содержанием. Текст письма занимает две первых страницы почтового листа, на четвертой странице рукой Толстого написано:
      </p>
     </note>
     <note index="false" type="comments">
      <p id="0c8cf750-38ca-4f25-86cf-10dc651628e3">
       «1862 года, марта 12. Сим свидетельствую, что Г-н
       <name placement="comments" ref="13927" type="person">
        Анатолий Томашевский
       </name>
       в настоящее время занимает должность приходского учителя».
      </p>
     </note>
     <note index="false" type="comments">
      <p id="8679d803-fdbc-4a6f-9ec8-7e3b46bbc669" rend="petit">
       <name placement="comments" ref="1324" type="person">
        Андрей Евстафьевич Берс
       </name>
       (1808—1868) — врач дворцового ведомства, жил в Москве, занимал квартиру в Кремле. Подробнее см. т. 83, стр. 23.
      </p>
     </note>
    </noteGrp>
   </div>
  </body>
 </text>
</TEI>
