<?xml version="1.0" encoding="utf-8"?>
<TEI xmlns="http://www.tei-c.org/ns/1.0" xmlns:xi="http://www.w3.org/2001/XInclude">
 <teiHeader>
  <fileDesc>
   <titleStmt>
    <title xml:id="v60_102_V_P_Botkinu">
     Письма и документы. Tolstoy Digital
    </title>
    <title type="main">
     Письмо В. П. Боткину от 4 января 1858 г.
    </title>
    <title type="bibl">
     Толстой Л. Н. Письмо В. П. Боткину, 4 января 1858 г. // Толстой Л. Н. Полное собрание сочинений: в 90 тт. Т. 60. М.: Гос. изд. «Художественная литература», 1949. С.
    </title>
    <respStmt>
     <resp>
      Идея, постановка задач, руководство:
     </resp>
     <name>
      Анастасия Бонч-Осмоловская, Фёкла Толстая, Борис Орехов, Тимофей Лукашевский
     </name>
    </respStmt>
    <respStmt>
     <resp>
      Подготовка TEI/XML:
     </resp>
     <name>
      Евгений Можаев, Даниил Скоринкин, Ирина Павлова, Матвей Колбасов, Елена Сидорова, Кирилл Милинцевич, Лев Буланов, Макар Федоров, Константин Петров
     </name>
    </respStmt>
    <respStmt>
     <resp>
      Подготовка метаданных:
     </resp>
     <name>
      Мария Картышева, Вероника Файнберг
     </name>
    </respStmt>
    <respStmt>
     <resp>
      Разметка имен собственных:
     </resp>
     <name>
      Никита Северин, Елена Северина
     </name>
    </respStmt>
    <respStmt>
     <resp>
      Исправление древнегреческого текста:
     </resp>
     <name>
      Ольга Алиева
     </name>
    </respStmt>
    <funder>
     Проект «Слово Толстого»
    </funder>
   </titleStmt>
   <publicationStmt>
    <publisher>
     <orgName>
      Tolstoy Digital, DH CLOUD, Научно-образовательный союз «Родное Слово» проект «Слово Толстого»
     </orgName>
    </publisher>
    <availability>
     <p id="bf67c06f-4a18-46e9-b2c3-79bbb3f0e5f1">
      Тексты и метатекстовая разметка доступны для свободного использования и распространения по лицензии Creative Commons Attribution Share-Alike (cc by-sa)
     </p>
    </availability>
    <date from="2015" to="2022"/>
   </publicationStmt>
   <notesStmt>
    <note>
     Публикуемые документы был получены с сайта tolstoy.ru в формате html, переведены в формат TEI. Исправлены некоторые ошибки распознавания. Тексты, написанные в дореформенной орфографии, сопоставлены с их версиями в современной орфографии.
    </note>
   </notesStmt>
   <sourceDesc>
    <biblStruct>
     <analytic>
      <author>
       Толстой Лев Николаевич
      </author>
     </analytic>
     <monogr>
      <title level="m">
       Полное собрание сочинений. Том 60
      </title>
      <imprint>
       <pubPlace>
        Москва
       </pubPlace>
       <publisher>
        Государственное издательство «Художественная литература»
       </publisher>
       <date when="1949"/>
      </imprint>
      <biblScope unit="vol">
       60
      </biblScope>
      <biblScope unit="page">
       246-252
      </biblScope>
     </monogr>
     <series>
      <title level="s">
       Л. Н. Толстой. Полное собрание сочинений: в 90 тт.
      </title>
     </series>
    </biblStruct>
    <bibl/>
   </sourceDesc>
  </fileDesc>
  <encodingDesc>
   <classDecl>
    <xi:include href="../../reference/taxonomy.xml"/>
   </classDecl>
  </encodingDesc>
  <profileDesc>
   <correspDesc>
    <correspAction type="sending">
     <persName ref="13883">
      Л. Н. Толстой
     </persName>
     <placeName>
      Москва
     </placeName>
     <date when="1858-01-04"/>
    </correspAction>
    <correspAction type="receiving">
     <persName ref="1790">
      Боткин Василий Петрович
     </persName>
    </correspAction>
   </correspDesc>
   <langUsage>
    <language ident="ru"/>
   </langUsage>
   <textClass>
    <catRef ana="#tolstoy_heritage" target="library"/>
    <catRef ana="#letters" target="type"/>
    <catRef ana="#sent" target="sent"/>
   </textClass>
  </profileDesc>
 </teiHeader>
 <xenoData>
  <number type="in a volume">
   102
  </number>
 </xenoData>
 <text xml:id="V.P.Botkinu_102" xmlns="http://www.tei-c.org/ns/1.0" xmlns:xi="http://www.w3.org/2001/XInclude">
  <body>
   <div>
    <pb n="246"/>
    <opener index="false">
     102.
     <name placement="text" ref="1790" type="person">
      В. П. Боткину
     </name>
     .1858 г. Января 4. Москва.
    </opener>
    <p id="58576e89-d82d-43a2-90fd-0f40f50940b5">
     Благодарствуйте за длинное и славное письмо ваше, дорогой
     <name placement="text" ref="1790" type="person">
      Василий Петрович
     </name>
     . Отчего вы не прислали и не пришлете мне прежние письма ваши, которые вернулись?
     <ref target="#note1">
      1
     </ref>
     <note index="false" resp="volume_editor" xml:id="note1">
      Два письма Боткина к Толстому, отправленные в Зинциг на имя Тургенева и не полученные Толстым.
     </note>
     Мне серьезно полезны ваши письма. Как я подумаю, что вы так серьезно смотрите на мое писанье, так я и сам оперяюсь. — У нас, т. е. в Русском обществе, происходит небывалой кавардак, поднятый вопросом эмансипации. — Политическая жизнь вдруг неожиданно обхватила собой всех. Как бы мало кто ни был приготовлен к этой жизни, всякой чувствует необходимость деятельности. И что говорят и что делают, страшно и гадко становится. До сих пор обозначилось резко одно: дворянство почуяло, что у него не было других прерогатив, как крепостное право, и озлобленно ухватилось за него. — Противников освобожденья 90 на 100, а в этих 90 есть различные люди. Одни потерянные и озлобленные, не знающие, на что опереться, потому что и народ и правительство отрекаются от них. Другие лицемеры, ненавидящие самую мысль освобождения, но придирающиеся к форме. Третьи самолюбцы проэктеры. Эти самые гадкие. Эти никак не хотят понять,
     <ref target="#note2">
      2
     </ref>
     <note index="false" resp="volume_editor" xml:id="note2">
      <hi>
       В автографе
      </hi>
      : не понять.
     </note>
     что они известного рода граждане, имеющие право и обязанности ни большие, ни меньшие, чем другие. — Они хотят или ничего не делать, или делать по своему и всю Россию повернуть по своему прилаженному, узенькому деспотическому проэкту. Четвертые и самое большое число, это упорные и покорные. Они говорят: сами обсуждать дело мы не хотим и не будем. Ежели хотят, то пускай
     <hi style="opdelimiter">
      отнимут
     </hi>
     <pb n="247"/>
     <hi style="npdelimiter">
      всё,
     </hi>
     или всё оставят в старом положеньи. Есть еще аристократы на манер Аглецких. Есть Западники, есть Славянофилы. А людей, которые бы просто силой добра притягивали бы к себе и примиряли людей в добре, таких нету.
     <ref target="#note3">
      3
     </ref>
     <note index="false" resp="volume_editor" xml:id="note3">
      Речь идет о реакции разных кругов дворянства на рескрипты Александра II от 20 ноября 1857 г. на имя гродненского, минского и ковенского генерал-губернаторов и от 7 декабря 1857 г. на имя петербургского генерал-губернатора. Рескрипты эти впервые поставили официально вопрос о предстоящей крестьянской реформе. См. т. 47, стр. 516, прим. 2383.
     </note>
     Изящной литературе, положительно, нет места теперь для публики. Но не думайте, чтобы это мешало мне любить ее теперь больше, чем когда нибудь. — Я устал от толков, споров, речей и т. д. В доказательство того при сем препровождаю следующую штуку, о которой желаю знать ваше мнение. Я имел дерзость считать это отдельным и конченным произведением, хотя и не имею дерзости печатать.
     <ref target="#note4">
      4
     </ref>
     <note index="false" resp="volume_editor" xml:id="note4">
      Приводимый здесь текст представляет собою одну из редакций произведения Толстого, носящего в других редакциях название «Сон» (напечатан в т. 7 настоящего издания). Рукописей этого произведения, нам известных, считая и ту, которая вошла в письмо к Боткину, сохранилось четыре. Печатаемый здесь текст надо считать второй редакцией. Стимулом к этому замыслу послужил сон, рассказанный Толстому братом H. Н. Толстым. См. об этом записи в Дневнике под 24 ноября и 31 декабря 1857 г. (т. 47, стр. 164 и 166), а также прим. 2362, стр. 514.
     </note>
     —
    </p>
    <p id="b325e68e-7728-47b3-85d6-9c1b6afaf6eb">
     «Я во сне говорил всё то, что было в моей душе и чего я не знал прежде. Мысли мои были ясны и смелы и сами собой облекались вдохновенным словом. Звук моего голоса был прекрасен. Я удивлялся тому, что говорил, и радовался, слушая звуки своего голоса. — Я один стоял на
     <ref target="#note5">
      5
     </ref>
     <note index="false" resp="volume_editor" xml:id="note5">
      <hi>
       Зачеркнуто
      </hi>
      : белом
     </note>
     колеблющемся возвышении. Вокруг меня
     <ref target="#note6">
      6
     </ref>
     <note index="false" resp="volume_editor" xml:id="note6">
      <hi>
       Зачеркнуто
      </hi>
      : (снилось мне)
     </note>
     жались незнакомые мне братья. Вблизи я различал лица, вдали, как зыблющееся море, без конца виднелись головы. — Когда я говорил, по толпе, как ветер по листьям, пробегал трепет восторга; когда я замолкал, толпа, отдыхая, как один человек, тяжело переводила дыханье. — Я чувствовал на себе глаза миллионов людей, и сила этих глаз давила меня и радовала. Они двигали мною, так же как и я двигал ими.
     <ref target="#note7">
      7
     </ref>
     <note index="false" resp="volume_editor" xml:id="note7">
      <hi>
       Зачеркнуто
      </hi>
      : Безумный
     </note>
     — Восторг, горевший во мне, давал мне власть над безумной толпой, и
     <ref target="#note8">
      8
     </ref>
     <note index="false" resp="volume_editor" xml:id="note8">
      <hi>
       Зачеркнуто
      </hi>
      : и я упивался своим безумием
     </note>
     власть эта, казалось мне, не имела пределов.
     <ref target="#note9">
      9
     </ref>
     <note index="false" resp="volume_editor" xml:id="note9">
      <hi>
       Зачеркнуто
      </hi>
      : и белое возвышение, на котором я стоял, колеблясь поднималось всё выше и выше
     </note>
     — Далекой чуть слышный голос внутренно шептал мне “страшно!”,
     <ref target="#note10">
      10
     </ref>
     <note index="false" resp="volume_editor" xml:id="note10">
      <hi>
       Зачеркнуто
      </hi>
      : страшно
     </note>
     но быстрота движенья заглушала голос и влекла меня дальше. Болезненный поток мысли казалось не мог истощиться. Я весь отдавался потоку
     <ref target="#note11">
      11
     </ref>
     <note index="false" resp="volume_editor" xml:id="note11">
      <hi>
       Зачеркнуто
      </hi>
      : и неслышно
     </note>
     , и белое возвышение, на котором я стоял, колеблясь, поднималось
     <ref target="#note12">
      12
     </ref>
     <note index="false" resp="volume_editor" xml:id="note12">
      <hi>
       В автографе описка
      </hi>
      : поднимался
     </note>
     выше и выше. — Но,
     <ref target="#note13">
      13
     </ref>
     <note index="false" resp="volume_editor" xml:id="note13">
      <hi>
       Зачеркнуто
      </hi>
      : среди
     </note>
     кроме сковывавшей меня силы толпы, я давно уже чуял сзади себя что-то отдельное, неотвязно притягивающее.
     <ref target="#note14">
      14
     </ref>
     <note index="false" resp="volume_editor" xml:id="note14">
      <hi>
       Зачеркнуто
      </hi>
      : меня к себе
     </note>
     Вдруг я почувствовал сзади себя чужое счастье и
     <ref target="#note15">
      15
     </ref>
     <note index="false" resp="volume_editor" xml:id="note15">
      <hi>
       Зачеркнуто
      </hi>
      :
      <del>
       оглян
      </del>
      увидал женщину
     </note>
     принужден был оглянуться.
     <ref target="#note16">
      16
     </ref>
     <note index="false" resp="volume_editor" xml:id="note16">
      <hi>
       В автографе описка
      </hi>
      : оглянулся
     </note>
     Это была женщина.
     <ref target="#note17">
      17
     </ref>
     <note index="false" resp="volume_editor" xml:id="note17">
      <hi>
       Зачеркнуто
      </hi>
      : мне стало стыдно за
      <hi style="opdelimiter">
       себя
      </hi>
     </note>
     Без мыслей, без движений, я остановился и смотрел на нее. Мне стало стыдно за то, что я делал. Сжатая толпа не расступалась, но каким-то чудом женщина двигалась медленно и спокойно посередине толпы, не соединяясь с нею. Не помню, была ли эта женщина молода и прекрасна, не помню одежды и цвета волос ее; не знаю, была ли то первая погибшая мечта любви или позднее воспоминание любви матери,
     <hi style="opdelimiter">
      знаю
     </hi>
     <pb n="248"/>
     <hi style="npdelimiter">
      только,
     </hi>
     что в ней было всё, и к ней сладко и больно тянула непреодолимая сила.
     <ref target="#note18">
      18
     </ref>
     <note index="false" resp="volume_editor" xml:id="note18">
      <hi>
       Зачеркнуто
      </hi>
      : прелести
     </note>
     Она отвернулась. Я смутно видел очертания полуоборотившегося лица и только на мгновение застал на себе ее
     <ref target="#note19">
      19
     </ref>
     <note index="false" resp="volume_editor" xml:id="note19">
      <hi>
       Зачеркнуто
      </hi>
      : спокойный чарующий
     </note>
     взгляд, выражавший кроткую насмешку и любовное сожаление. — Она не понимала того, что я говорил; но не жалела о том, а жалела обо мне. Она не презирала ни меня, ни толпу, ни восторги наши, она была прелестна и счастлива. Ей никого не нужно было, и от этого-то я чувствовал, что не могу жить без нее..... С ее появлением исчезли и мысли, и толпа, и восторги; но и она не осталась со мною. Осталось одно жгучее, безжалостное воспоминание. Я заплакал во сне, и слезы эти были мне слаще прежних восторгов. Я проснулся и не отрекся от своих слез. В слезах этих и наяву было счастье».
     <ref target="#note20">
      20
     </ref>
     <note index="false" resp="volume_editor" xml:id="note20">
      <hi>
       Абзац редактора
      </hi>
      .
     </note>
    </p>
    <p id="06fd54ed-5d9d-4b27-a421-53d90733f00d">
     — Ежели Тургенев еще с вами, то прочтите это ему и решите, что это такое, дерзкая ерунда или нет. Но довольно об этом. У меня есть к вам серьезное дело. Что бы вы сказали в теперешнее время, когда политической грязной поток хочет решительно собрать в себя всё и ежели не уничтожить, то загадить искусство, что бы вы сказали о людях, которые бы, веря в самостоятельность и вечность искусства, собрались бы и делом (т. е. самим искусством в слове) и словом (критикой) доказывали бы эту истину и спасали бы вечное независимое от случайного, одностороннего и захватывающего политического влияния? Людьми этими не можем ли быть мы? Т. е. Тургенев, вы, Фет, я и все, кто разделяют и
     <hi>
      будут
     </hi>
     разделять наши убеждения. Средство к этому разумеется журнал, сборник, что хотите. Всё, что является и явится чисто художественного, должно быть притянуто в этот журнал. Всё русское и иностранное, являющееся художественное, должно быть обсужено. Цель журнала одна: художественное наслажденье, плакать и смеяться. Журнал ничего не доказывает, ничего не знает. Одно его мерило образованный вкус. Журнал знать не хочет ни того, ни другого направленья и потому очевидно еще меньше хочет знать потребностей публики. Журнал не хочет количественного успеха. Он не подделывается под вкус публики, а смело становится учителем публики в деле вкуса, но только вкуса. Ежели бы я стал теперь выводить результаты, которые я предвижу из этого дела, я бы никогда не кончил; да и мне кажется, что для вас это липшее. Вы разделяете это мнение и сами видите лучше меня то, что я буду трудиться доказывать. Ежели так, то, разумеется,
     <hi style="opdelimiter">
      никому
     </hi>
     <pb n="249"/>
     <hi style="npdelimiter">
      как
     </hi>
     вам надо быть редактором. Вы памятник воздвигнете себе нерукотворный. Деньги для издания дадим все — Тургенев, вы, Фет и я и т. д.
    </p>
    <p id="4f1552ca-c3d0-435d-b3a4-8a8ef2c7c380">
     Пожалуйста подумайте об этом и ответьте решительно.
     <ref target="#note21">
      21
     </ref>
     <note index="false" resp="volume_editor" xml:id="note21">
      В ответ на это письмо Тургенев писал Толстому 17/29 января 1858 г. (ТТП, стр, 43—45 и 48—50). Об этом же плане журнала Толстой говорил и с А. В. Дружининым во время своего свидания в Петербурге (12 марта). 15 апреля Дружинин писал о возможности взять в аренду «Библиотеку для чтения» (письмо неопубликовано). Издание художественного журнала не осуществилось, и Толстой, начиная с 60-х гг., постепенно превратился из апологета «чистого искусства» в решительного его врага и в дальнейшей своей деятельности до самого конца жизни резко и горячо обличал классовую, буржуазную сущность эстетской теории «чистого искусства».
     </note>
    </p>
    <p id="ecbf2650-23d3-4828-be6f-3735b93473b9">
     Кавказской роман, который вам понравился, я не продолжал.
     <ref target="#note22">
      22
     </ref>
     <note index="false" resp="volume_editor" xml:id="note22">
      Повесть Толстого «Казаки».
     </note>
     Всё мне казалось не то, я и еще после [
     <hi>
      1 неразобр
     </hi>
     .] — 2 раза начинал снова. Для меня, я всегда замечал, самое лучшее время деятельности от Генваря до весны, и теперь работается; но что выйдет, не знаю. На жизнь свою в Москве я не могу жаловаться. Хорошие люди есть, как и везде. Дома приятно, ежели бы только не нездоровье сестры. Она целую зиму страдает. Хорошая музыка даже есть, и теперь окончательно устраивается музыкальное общество под руководством Мортье.
     <ref target="#note23">
      23
     </ref>
     <note index="false" resp="volume_editor" xml:id="note23">
      Толстой, страстный поклонник музыки, когда находился в столицах, всегда искал случая присутствовать на концертах. Он посещал частные концерты, устраивавшиеся в Москве А. В. Киреевой (см. т. 47, прим. 2380, стр. 515—516). Но, так как публичных исполнений музыкальных произведений тогда в Москве не было, он решил проявить инициативу в этом направлении. См. Проект устройства в Москве музыкального общества, № 278.
     </note>
    </p>
    <p id="3802f704-90e0-4320-ba1f-99fc91f903e6">
     В Петербурге я не был и не хочется, Григорович был здесь. Написал недурную повесть
     <ref target="#note24">
      24
     </ref>
     <note index="false" resp="volume_editor" xml:id="note24">
      Повесть Григоровича «Кошка и мышка» напечатана в декабрьской книжке «Современника».
     </note>
     и сбирается на днях в Рим.
     <ref target="#note25">
      25
     </ref>
     <note index="false" resp="volume_editor" xml:id="note25">
      За границу Григорович на этот раз не поехал, а в августе 1858 г. отправился по поручению Морского министерства на корабле «Ретвизан» в путешествие кругом Европы, описав его в ряде очерков, печатавшихся в «Морском сборнике», а затем вышедших отдельной книгой под заглавием «Корабль Ретвизан».
     </note>
     Милый Фет был болен и теперь еще не совсем поправился. Какой он капризный и злой, когда болен, и какая славная женщина ваша сестра
     <choice original_editorial_correction="М[ария]">
      <sic>
       М
      </sic>
      <corr>
       <name placement="text" ref="14500" type="person">
        Мария
       </name>
      </corr>
     </choice>
     <choice original_editorial_correction="П[етровна]">
      <sic>
       <name placement="text" ref="14500" type="person">
        П
       </name>
      </sic>
      <corr>
       <name placement="text" ref="14500" type="person">
        Петровна
       </name>
      </corr>
     </choice>
     .
     <ref target="#note26">
      26
     </ref>
     <note index="false" resp="volume_editor" xml:id="note26">
      <name placement="note" ref="14500" type="person">
       Мария Петровна Фет
      </name>
      .
      <hi>
       Далее абзац редактора
      </hi>
      .
     </note>
    </p>
    <p id="3b23ca9e-0bc8-424b-a7d2-087436b84668">
     Был здесь обед в купеческом клубе,
     <ref target="#note27">
      27
     </ref>
     <note index="false" resp="volume_editor" xml:id="note27">
      Этот обед был задуман К. Д. Кавелиным по поводу опубликования рескрипта Александра II от 20 ноября 1857 г. «в духе примирения и соединения всех литературных партий». См. об этом т. 47, стр. 520—521, прим. 2444 и 2445.
     </note>
     устроенный Кавелиным,
     <ref target="#note28">
      28
     </ref>
     <note index="false" resp="volume_editor" xml:id="note28">
      <name placement="note" ref="5916" type="person">
       Константин Дмитриевич Кавелин
      </name>
      (1818—1885) — умеренно-либеральный историк-юрист и публицист, принадлежавший к правому крылу западников. См. т. 47, прим. 592, стр. 310.
     </note>
     по случаю эманципации. Были речи Каткова,
     <ref target="#note29">
      29
     </ref>
     <note index="false" resp="volume_editor" xml:id="note29">
      Михаил Никифорович Катков.
     </note>
     Станкевича,
     <ref target="#note30">
      30
     </ref>
     <note index="false" resp="volume_editor" xml:id="note30">
      <name placement="note" ref="13107" type="person">
       Александр Владимирович Станкевич
      </name>
      (1821—1907) — писатель, автор ряда повестей, брат Николая Владимировича Станкевича. В 1860-х гг. был членом Воронежского губернского по крестьянским делам присутствия.
     </note>
     Погодина,
     <ref target="#note31">
      31
     </ref>
     <note index="false" resp="volume_editor" xml:id="note31">
      <name placement="note" ref="10900" type="person">
       Михаил Петрович Погодин
      </name>
      (1800—1875) — реакционный историк, славянофил, защитник теории «официальной народности», профессор Московского университета.
     </note>
     Кавелина, Павлова,
     <ref target="#note32">
      32
     </ref>
     <note index="false" resp="volume_editor" xml:id="note32">
      <name placement="note" ref="10403" type="person">
       Николай Филиппович Павлов
      </name>
      (1805—1864) — писатель и журналист. См. о нем т. 47, прим. 1063, стр. 364—365.
     </note>
     Бабста
     <ref target="#note33">
      33
     </ref>
     <note index="false" resp="volume_editor" xml:id="note33">
      <name placement="note" ref="832" type="person">
       Иван Кондратьевич Бабст
      </name>
      (1828—1881) — с 1857 г. профессор политической экономии в Московском университете, буржуазный
      <hi style="opdelimiter">
       либерал;
      </hi>
      <hi style="npdelimiter">
       впоследствии
      </hi>
      был директором Лазаревского института восточных языков в Москве. В речи своей он говорил о значении свободного труда, который открывается в будущем для всего народа.
     </note>
     и Кокырева.
     <ref target="#note34">
      34
     </ref>
     <note index="false" resp="volume_editor" xml:id="note34">
      <name placement="note" ref="6656" type="person">
       Василий Александрович Кокорев
      </name>
      (1817—1889) — представитель нарождающегося крупного финансового капитала, откупщик, банковский и железнодорожный деятель. См. т. 47, прим. 619, стр. 315.
     </note>
     Только Павлова и Бабста речи были замечательны.
     <ref target="#note35">
      35
     </ref>
     <note index="false" resp="volume_editor" xml:id="note35">
      В Дневнике Толстого от 28 декабря записано: «Речи пошлые все, исключая Павловской» (т. 47, стр. 166). Имеется в виду речь Н. Ф. Павлова. См. т. 47, прим. 2445, стр. 520—521.
     </note>
     Обед этот произвел озлобление во всей публике дворянской. Славянофилы не хотели участвовать в обеде. Да что я пишу это вам vanitas vanitatum,
     <ref target="#note36">
      36
     </ref>
     <note index="false" resp="volume_editor" xml:id="note36">
      <hi rend="italic">
       суета сует
      </hi>
      — изречение из «Екклезиаста» (Библия), приписываемого царю Соломону.
     </note>
     вроде звезд и чинов. Человек везде человек, т. е. слаб. Нечто мученики, только одни мученики непосредственно действовали для добра. Т. е. делали то самое добро, которое хотели делать. А эти все деятели — рабы самих себя и событий. Хотят звезды или славы, а выходит государственная польза, а государственная польза выходит зло для всего человечества. А хотят государственной пользы, выходит кому нибудь звезда и на ней останавливается. Glaubst zu schieben und wirst geschoben.
     <ref target="#note37">
      37
     </ref>
     <note index="false" resp="volume_editor" xml:id="note37">
      <hi rend="italic">
       Думаешь подвинуть других, а тебя самого толкают вперед
      </hi>
      — афоризм, принадлежащий Гёте, одно из любимых изречений Толстого, поставленное им эпиграфом в его журнале «Ясная Поляна».
     </note>
     Вот ЧТО обидно в этой деятельности. И коли понял этот закон, хорошенько всем существом понял, то такая деятельность уже становится невозможна. То ли дело срубить лес, построить дом и т. д. —
    </p>
    <p id="a14c78ad-d2ea-4acb-b6e2-2a1469f8cbfd">
     <choice original_editorial_correction="Одна[ко]">
      <sic>
       Одна
      </sic>
      <corr>
       Однако
      </corr>
     </choice>
     прощайте, обнимаю вас изо всех сил, равно и Тургенева. — Адрес мой: на Пятницкой в д. Варгина.
    </p>
    <p id="22d7e362-cd31-4cf4-b2c1-cdb9456e8250" rend="right">
     4
     <hi style="opdelimiter">
      Января.
     </hi>
    </p>
    <p id="c65a6113-40bf-4be7-898b-dd7893cb3de4">
     <pb n="250"/>
     <hi style="npdelimiter">
      Вчера
     </hi>
     вышла приготовленная и несказанная Кокыревым речь.
     <ref target="#note38">
      38
     </ref>
     <note index="false" resp="volume_editor" xml:id="note38">
      См. выше прим. 34 и запись в Дневнике Толстого под 2—5 января 1858 г.
     </note>
     <name placement="note" ref="10015" type="person">
      Оболенской
     </name>
     <ref target="#note39">
      39
     </ref>
     <note index="false" resp="volume_editor" xml:id="note39">
      <name placement="note" ref="10015" type="person">
       Юрий Васильевич Оболенский
      </name>
      (1826—1886). См. о нем т. 47, прим. 699, стр. 326.
     </note>
     послал ее в Рим. Вы достанете ее там. Куда девалось мое олимпическое спокойствие, когда я прочел эту речь? Речь эта всем нравится. Куда мы идем? это ужасно. Я убеждаюсь, что у нас нет не только ни одного таланта, но ни одного ума. Люди, стоящие теперь впереди и на виду, это идиоты и нечестные люди. Надо вам знать, что эта речь есть единственное допущенное цензурой толкование рескрипта и циркуляра. В Москве я знаю только одного брата Николая, который возмущен этой речью. —
    </p>
    <noteGrp type="comments">
     <note index="false" type="comments">
      <p id="6bcf7a0f-0cfb-433a-af35-ccbc4ec3e56a" rend="Textpetit_otstup left">
       Впервые опубликовано в ТПТ, 4, стр. 53—59. Письмо является ответом на письмо В. П. Боткина от 22 ноября/4 декабря 1857 г. из Рима (см. ТПТ, 4, стр. 46—52).
      </p>
     </note>
    </noteGrp>
   </div>
  </body>
 </text>
</TEI>
