<?xml version="1.0" encoding="utf-8"?>
<TEI xmlns="http://www.tei-c.org/ns/1.0" xmlns:xi="http://www.w3.org/2001/XInclude">
 <teiHeader>
  <fileDesc>
   <titleStmt>
    <title xml:id="v60_133_K_S_Aksakovu">
     Письма и документы. Tolstoy Digital
    </title>
    <title type="main">
     Письмо К. С. Аксакову от 26 апреля 1859 г.
    </title>
    <title type="bibl">
     Толстой Л. Н. Письмо К. С. Аксакову, 26 апреля 1859 г. // Толстой Л. Н. Полное собрание сочинений: в 90 тт. Т. 60. М.: Гос. изд. «Художественная литература», 1949. С.
    </title>
    <respStmt>
     <resp>
      Идея, постановка задач, руководство:
     </resp>
     <name>
      Анастасия Бонч-Осмоловская, Фёкла Толстая, Борис Орехов, Тимофей Лукашевский
     </name>
    </respStmt>
    <respStmt>
     <resp>
      Подготовка TEI/XML:
     </resp>
     <name>
      Евгений Можаев, Даниил Скоринкин, Ирина Павлова, Матвей Колбасов, Елена Сидорова, Кирилл Милинцевич, Лев Буланов, Макар Федоров, Константин Петров
     </name>
    </respStmt>
    <respStmt>
     <resp>
      Подготовка метаданных:
     </resp>
     <name>
      Мария Картышева, Вероника Файнберг
     </name>
    </respStmt>
    <respStmt>
     <resp>
      Разметка имен собственных:
     </resp>
     <name>
      Никита Северин, Елена Северина
     </name>
    </respStmt>
    <respStmt>
     <resp>
      Исправление древнегреческого текста:
     </resp>
     <name>
      Ольга Алиева
     </name>
    </respStmt>
    <funder>
     Проект «Слово Толстого»
    </funder>
   </titleStmt>
   <publicationStmt>
    <publisher>
     <orgName>
      Tolstoy Digital, DH CLOUD, Научно-образовательный союз «Родное Слово» проект «Слово Толстого»
     </orgName>
    </publisher>
    <availability>
     <p id="dadcf99c-44ca-43b6-8970-a1ec57bcb6fb">
      Тексты и метатекстовая разметка доступны для свободного использования и распространения по лицензии Creative Commons Attribution Share-Alike (cc by-sa)
     </p>
    </availability>
    <date from="2015" to="2022"/>
   </publicationStmt>
   <notesStmt>
    <note>
     Публикуемые документы был получены с сайта tolstoy.ru в формате html, переведены в формат TEI. Исправлены некоторые ошибки распознавания. Тексты, написанные в дореформенной орфографии, сопоставлены с их версиями в современной орфографии.
    </note>
   </notesStmt>
   <sourceDesc>
    <biblStruct>
     <analytic>
      <author>
       Толстой Лев Николаевич
      </author>
     </analytic>
     <monogr>
      <title level="m">
       Полное собрание сочинений. Том 60
      </title>
      <imprint>
       <pubPlace>
        Москва
       </pubPlace>
       <publisher>
        Государственное издательство «Художественная литература»
       </publisher>
       <date when="1949"/>
      </imprint>
      <biblScope unit="vol">
       60
      </biblScope>
      <biblScope unit="page">
       292-292
      </biblScope>
     </monogr>
     <series>
      <title level="s">
       Л. Н. Толстой. Полное собрание сочинений: в 90 тт.
      </title>
     </series>
    </biblStruct>
    <bibl>
     Публикуется впервые
    </bibl>
   </sourceDesc>
  </fileDesc>
  <encodingDesc>
   <classDecl>
    <xi:include href="../../reference/taxonomy.xml"/>
   </classDecl>
  </encodingDesc>
  <profileDesc>
   <correspDesc>
    <correspAction type="sending">
     <persName ref="13883">
      Л. Н. Толстой
     </persName>
     <placeName>
      Москва
     </placeName>
     <date when="1859-04-26"/>
    </correspAction>
    <correspAction type="receiving">
     <persName ref="169">
      Аксаков Константин Сергеевич
     </persName>
    </correspAction>
   </correspDesc>
   <langUsage>
    <language ident="ru"/>
   </langUsage>
   <textClass>
    <catRef ana="#tolstoy_heritage" target="library"/>
    <catRef ana="#letters" target="type"/>
    <catRef ana="#not_sent" target="sent"/>
   </textClass>
  </profileDesc>
 </teiHeader>
 <xenoData>
  <number type="in a volume">
   133
  </number>
 </xenoData>
 <text xml:id="K.S.Aksakovu_133" xmlns="http://www.tei-c.org/ns/1.0" xmlns:xi="http://www.w3.org/2001/XInclude">
  <body>
   <div>
    <pb n="292"/>
    <opener index="false">
     * 133.
     <name placement="text" ref="169" type="person">
      К. С. Аксакову
     </name>
     . Неотправленное.1859 г. Апреля 26? Москва.
    </opener>
    <p id="33673443-fe2b-492f-8128-c5b9af3128e4">
     Я до такой степени загулял последнее время в Москве, что даже не мог выбрать минутки приехать к вам, любезнейший Константин Сергеич, и извиниться перед вашим батюшкой
     <ref target="#note1">
      1
     </ref>
     <note index="false" resp="volume_editor" xml:id="note1">
      <name placement="note" ref="171" type="person">
       Сергей Тимофеевич Аксаков
      </name>
      .
     </note>
     за мою неакуратность да и вообще приехать туда, куда мне больше всего нужно, полезно, приятно было бы приехать. Я завтра еду. Поэтому до свиданья. Повторяю просьбу присылать вам на суд то, что выйдет из моего романа; ежели же завтра не уеду, то непременно буду у вас.
    </p>
    <p id="a46cf67d-670d-4c60-b17b-45d0afbc5faf" rend="right">
     Истинно уважающий вас
     <name placement="text" ref="13883" type="person">
      Гр. Л. Толстой
     </name>
     .
    </p>
    <noteGrp type="comments">
     <note index="false" type="comments">
      <p id="18b5a555-0ee3-446c-b0cc-06ffbb7f5eae" rend="Textpetit_otstup left">
       Дата определяется содержанием: 1) Толстой просит у К. С. Аксакова разрешения присылать ему на суд то, что выйдет из его «романа»; единственное произведение Толстого, из напечатанных при жизни К. С. Аксакова, которое Толстой называл «романом», это «Семейное счастье». На этом основании относим письмо к 1859 г. 2) Слова: «завтра еду» позволяют датировать предположительно 26 апреля 1859 г., так как Толстой уехал из Москвы в Ясную Поляну 27 апреля 1859 г. То, что письмо осталось в бумагах Толстого, указывает на то, что отправлено оно не было.
      </p>
     </note>
     <note index="false" type="comments">
      <p id="8e65019c-bb6c-44bf-b5e0-270c2b408bf1" rend="petit">
       <name placement="comments" ref="169" type="person">
        Константин Сергеевич Аксаков
       </name>
       (1817—1860) — старший сын писателя С. Т. Аксакова, писатель, публицист, основоположник славянофильства. См. подробнее т. 47, стр. 213.
      </p>
     </note>
    </noteGrp>
   </div>
  </body>
 </text>
</TEI>
