<?xml version="1.0" encoding="utf-8"?>
<TEI xmlns="http://www.tei-c.org/ns/1.0" xmlns:xi="http://www.w3.org/2001/XInclude">
 <teiHeader>
  <fileDesc>
   <titleStmt>
    <title xml:id="v61_179_M_R_SHidlovskomu">
     Письма и документы. Tolstoy Digital
    </title>
    <title type="main">
     Письмо М. Р. Шидловскому от 14 сентября 1866 г.
    </title>
    <title type="bibl">
     Толстой Л. Н. Письмо М. Р. Шидловскому, 14 сентября 1866 г. // Толстой Л. Н. Полное собрание сочинений: в 90 тт. Т. 61. М.: Гос. изд. «Художественная литература», 1953. С.
    </title>
    <respStmt>
     <resp>
      Идея, постановка задач, руководство:
     </resp>
     <name>
      Анастасия Бонч-Осмоловская, Фёкла Толстая, Борис Орехов, Тимофей Лукашевский
     </name>
    </respStmt>
    <respStmt>
     <resp>
      Подготовка TEI/XML:
     </resp>
     <name>
      Евгений Можаев, Даниил Скоринкин, Ирина Павлова, Матвей Колбасов, Елена Сидорова, Кирилл Милинцевич, Лев Буланов, Макар Федоров, Константин Петров
     </name>
    </respStmt>
    <respStmt>
     <resp>
      Подготовка метаданных:
     </resp>
     <name>
      Мария Картышева, Вероника Файнберг
     </name>
    </respStmt>
    <respStmt>
     <resp>
      Разметка имен собственных:
     </resp>
     <name>
      Никита Северин, Елена Северина
     </name>
    </respStmt>
    <respStmt>
     <resp>
      Исправление древнегреческого текста:
     </resp>
     <name>
      Ольга Алиева
     </name>
    </respStmt>
    <funder>
     Проект «Слово Толстого»
    </funder>
   </titleStmt>
   <publicationStmt>
    <publisher>
     <orgName>
      Tolstoy Digital, DH CLOUD, Научно-образовательный союз «Родное Слово» проект «Слово Толстого»
     </orgName>
    </publisher>
    <availability>
     <p id="aa3d64bc-936b-4cc5-a3c6-4d6930ce53d9">
      Тексты и метатекстовая разметка доступны для свободного использования и распространения по лицензии Creative Commons Attribution Share-Alike (cc by-sa)
     </p>
    </availability>
    <date from="2015" to="2022"/>
   </publicationStmt>
   <notesStmt>
    <note>
     Публикуемые документы был получены с сайта tolstoy.ru в формате html, переведены в формат TEI. Исправлены некоторые ошибки распознавания. Тексты, написанные в дореформенной орфографии, сопоставлены с их версиями в современной орфографии.
    </note>
   </notesStmt>
   <sourceDesc>
    <biblStruct>
     <analytic>
      <author>
       Толстой Лев Николаевич
      </author>
     </analytic>
     <monogr>
      <title level="m">
       Полное собрание сочинений. Том 61
      </title>
      <imprint>
       <pubPlace>
        Москва
       </pubPlace>
       <publisher>
        Государственное издательство «Художественная литература»
       </publisher>
       <date when="1953"/>
      </imprint>
      <biblScope unit="vol">
       61
      </biblScope>
      <biblScope unit="page">
       147-148
      </biblScope>
     </monogr>
     <series>
      <title level="s">
       Л. Н. Толстой. Полное собрание сочинений: в 90 тт.
      </title>
     </series>
    </biblStruct>
    <bibl>
     Публикуется впервые
    </bibl>
   </sourceDesc>
  </fileDesc>
  <encodingDesc>
   <classDecl>
    <xi:include href="../../reference/taxonomy.xml"/>
   </classDecl>
  </encodingDesc>
  <profileDesc>
   <correspDesc>
    <correspAction type="sending">
     <persName ref="13883">
      Л. Н. Толстой
     </persName>
     <placeName>
      Ясная Поляна
     </placeName>
     <date when="1866-09-14"/>
    </correspAction>
    <correspAction type="receiving">
     <persName ref="15621">
      Шидловский Михаил Романович
     </persName>
    </correspAction>
   </correspDesc>
   <langUsage>
    <language ident="ru"/>
   </langUsage>
   <textClass>
    <catRef ana="#tolstoy_heritage" target="library"/>
    <catRef ana="#letters" target="type"/>
    <catRef ana="#sent" target="sent"/>
   </textClass>
  </profileDesc>
 </teiHeader>
 <xenoData>
  <number type="in a volume">
   179
  </number>
 </xenoData>
 <text xml:id="M__R__SHidlovskomu_179" xmlns="http://www.tei-c.org/ns/1.0" xmlns:xi="http://www.w3.org/2001/XInclude">
  <body>
   <div>
    <pb n="147"/>
    <opener index="false">
     * 179.
     <name placement="text" ref="15621" type="person">
      М. Р. Шидловскому
     </name>
     .1866 г. Сентября 14. Я. П.
    </opener>
    <p id="7f757acf-fd6b-4afa-a11b-135e68e1532a" rend="Obrashenie">
     Ваше превосходительство,
    </p>
    <p id="0beb6a5f-9085-467b-9c81-4844dce1f6b7" rend="Obrashenie1">
     милостивый государь
    </p>
    <p id="7898e8a4-2541-4069-92d4-710f94698009" rend="Obrashenie2">
     <name placement="text" ref="15621" type="person">
      Михаил Романович
     </name>
     !
    </p>
    <p id="b5dcb22f-4bb9-43fe-ae7e-d0f1b42bdf9e">
     8-го сентября два человека, проживающие в моей деревне Ясной Поляне, пришли ночью в мою конюшню, сбили с ног жену кучера, хотевшую выгнать их, и взяли двух лошадей. Один был так пьян, что, не будучи в силах сесть на лошадь, заснул в конюшне, другой сел на мою верховую лошадь
     <hi style="opdelimiter">
      и
     </hi>
     <pb n="148"/>
     <hi style="npdelimiter">
      ускакал.
     </hi>
     На другой день я написал становому приставу,
     <ref target="#note1">
      1
     </ref>
     <note index="false" resp="volume_editor" xml:id="note1">
      Письмо неизвестно.
     </note>
     прося его приехать и произвести следствие. Но вот уже шестой день, что не только не сделано никакого распоряжения и становой пристав не приезжал в Ясную Поляну; но я не получил даже ответа на свое письмо, хотя бы с заявлением о получении. Только на вторичную посылку мою становой пристав весьма любезно на словах приказал мне кланяться и сказать, что он как-нибудь заедет ко мне, если будет время.
    </p>
    <p id="832e3265-646e-4bb9-9a02-c8167cb9ef1d">
     Как ни неуместно прямое обращение к начальнику губернии по такому ничтожному, в сущности своей, делу, я нахожусь вынужденным это сделать, так как с решением этого дела связан для меня и для моего семейства вопрос о возможности или невозможности безопасного пребывания в деревне. —
    </p>
    <p id="1f2d5f7a-8b01-4259-8415-d852e322e11d">
     И потому решаюсь покорнейше просить Ваше превосходительство сделать распоряжение, для того чтобы в случае повторения подобных беспорядков мы бы могли требовать и находить защиту у местной полиции.
    </p>
    <p id="773a8875-c436-4b3f-9d91-4f644ebc2f9a">
     С совершенным почтением имею честь быть Вашего
    </p>
    <p id="70e3a965-6151-4f8e-92fa-f61c0328d348">
     превосходительства покорный слуга граф
     <name placement="text" ref="13883" type="person">
      Лев Толстой
     </name>
     .
    </p>
    <p id="50a22675-ae97-48d0-b9ba-c7d3e8bf967d">
     14 сентября.
    </p>
    <noteGrp type="comments">
     <note index="false" type="comments">
      <p id="a3ed55a7-6cbc-4deb-98da-d47ca46cc33a" rend="Textpetit_otstup left">
       <name placement="comments" ref="15621" type="person">
        Михаил Романович Шидловский
       </name>
       — тульский губернатор с 1865 по 1870 г., начальник цензурного комитета и впоследствии товарищ министра внутренних дел.
      </p>
     </note>
    </noteGrp>
   </div>
  </body>
 </text>
</TEI>
