<?xml version="1.0" encoding="utf-8"?>
<TEI xmlns="http://www.tei-c.org/ns/1.0" xmlns:xi="http://www.w3.org/2001/XInclude">
 <teiHeader>
  <fileDesc>
   <titleStmt>
    <title xml:id="v61_303_P_I_Bartenevu">
     Письма и документы. Tolstoy Digital
    </title>
    <title type="main">
     Письмо П. И. Бартеневу от 6 марта 1870 г.
    </title>
    <title type="bibl">
     Толстой Л. Н. Письмо П. И. Бартеневу, 6 марта 1870 г. // Толстой Л. Н. Полное собрание сочинений: в 90 тт. Т. 61. М.: Гос. изд. «Художественная литература», 1953. С.
    </title>
    <respStmt>
     <resp>
      Идея, постановка задач, руководство:
     </resp>
     <name>
      Анастасия Бонч-Осмоловская, Фёкла Толстая, Борис Орехов, Тимофей Лукашевский
     </name>
    </respStmt>
    <respStmt>
     <resp>
      Подготовка TEI/XML:
     </resp>
     <name>
      Евгений Можаев, Даниил Скоринкин, Ирина Павлова, Матвей Колбасов, Елена Сидорова, Кирилл Милинцевич, Лев Буланов, Макар Федоров, Константин Петров
     </name>
    </respStmt>
    <respStmt>
     <resp>
      Подготовка метаданных:
     </resp>
     <name>
      Мария Картышева, Вероника Файнберг
     </name>
    </respStmt>
    <respStmt>
     <resp>
      Разметка имен собственных:
     </resp>
     <name>
      Никита Северин, Елена Северина
     </name>
    </respStmt>
    <respStmt>
     <resp>
      Исправление древнегреческого текста:
     </resp>
     <name>
      Ольга Алиева
     </name>
    </respStmt>
    <funder>
     Проект «Слово Толстого»
    </funder>
   </titleStmt>
   <publicationStmt>
    <publisher>
     <orgName>
      Tolstoy Digital, DH CLOUD, Научно-образовательный союз «Родное Слово» проект «Слово Толстого»
     </orgName>
    </publisher>
    <availability>
     <p id="53607654-81d3-44ae-8fde-254c96d151ce">
      Тексты и метатекстовая разметка доступны для свободного использования и распространения по лицензии Creative Commons Attribution Share-Alike (cc by-sa)
     </p>
    </availability>
    <date from="2015" to="2022"/>
   </publicationStmt>
   <notesStmt>
    <note>
     Публикуемые документы был получены с сайта tolstoy.ru в формате html, переведены в формат TEI. Исправлены некоторые ошибки распознавания. Тексты, написанные в дореформенной орфографии, сопоставлены с их версиями в современной орфографии.
    </note>
   </notesStmt>
   <sourceDesc>
    <biblStruct>
     <analytic>
      <author>
       Толстой Лев Николаевич
      </author>
     </analytic>
     <monogr>
      <title level="m">
       Полное собрание сочинений. Том 61
      </title>
      <imprint>
       <pubPlace>
        Москва
       </pubPlace>
       <publisher>
        Государственное издательство «Художественная литература»
       </publisher>
       <date when="1953"/>
      </imprint>
      <biblScope unit="vol">
       61
      </biblScope>
      <biblScope unit="page">
       229-230
      </biblScope>
     </monogr>
     <series>
      <title level="s">
       Л. Н. Толстой. Полное собрание сочинений: в 90 тт.
      </title>
     </series>
    </biblStruct>
    <bibl/>
   </sourceDesc>
  </fileDesc>
  <encodingDesc>
   <classDecl>
    <xi:include href="../../reference/taxonomy.xml"/>
   </classDecl>
  </encodingDesc>
  <profileDesc>
   <correspDesc>
    <correspAction type="sending">
     <persName ref="13883">
      Л. Н. Толстой
     </persName>
     <placeName>
      Ясная Поляна
     </placeName>
     <date when="1870-03-06"/>
    </correspAction>
    <correspAction type="receiving">
     <persName ref="999">
      Бартенев Петр Иванович
     </persName>
    </correspAction>
   </correspDesc>
   <langUsage>
    <language ident="ru"/>
   </langUsage>
   <textClass>
    <catRef ana="#tolstoy_heritage" target="library"/>
    <catRef ana="#letters" target="type"/>
    <catRef ana="#sent" target="sent"/>
   </textClass>
  </profileDesc>
 </teiHeader>
 <xenoData>
  <number type="in a volume">
   303
  </number>
 </xenoData>
 <text xml:id="P__I__Bartenevu_303" xmlns="http://www.tei-c.org/ns/1.0" xmlns:xi="http://www.w3.org/2001/XInclude">
  <body>
   <div>
    <pb n="229"/>
    <opener index="false">
     303.
     <name placement="text" ref="999" type="person">
      П. И. Бартеневу
     </name>
     .1870 г. Марта 6. Я. П.
    </opener>
    <p id="495afe5e-e144-44bc-a918-3bee5b4f6c92" rend="Obrashenie">
     Любезный Петр Иваныч.
    </p>
    <p id="d48e9176-c4e5-47fb-9169-00273a5777b0">
     Я всё время моего пребывания в Москве — как и всегда со мной бывает — был нездоров, а в тот день, когда хотел зайти к вам — совсем расклеился.
    </p>
    <p id="269c0f7f-fe0b-4e3f-9d45-a56c3a7ac84d">
     Мне это очень жалко и совестно; поэтому и пишу вам, прося меня извинить; и, если будет милость ваша, — если не прислать, то выписать мне заглавия статей о Сковороде.
     <ref target="#note1">
      1
     </ref>
     <note index="false" resp="volume_editor" xml:id="note1">
      <name placement="note" ref="12732" type="person">
       Григорий Саввич Сковорода
      </name>
      (1722―1794) ― украинский философ, просветитель-демократ. В 1907 г. Толстой написал «Биографию украинского мыслителя Г. С. Сковороды». Некоторые мысли Сковороды включены Толстым в «Круг чтения», «На каждый день» и «Путь жизни».
     </note>
    </p>
    <p id="8500768c-96a0-4d11-a358-32c144fdbe9a" rend="right">
     Ваш гр.
     <name placement="text" ref="13883" type="person">
      Л. Толстой
     </name>
     .
    </p>
    <p id="4e0fe543-b814-427d-9c15-36f70afe06df">
     6 марта.
    </p>
    <noteGrp type="comments">
     <note index="false" type="comments">
      <p id="b778a2b8-d74a-48bf-b03c-cafeb7a0ae43" rend="Textpetit_otstup left">
       Впервые опубликовано в ТТ, 4, стр. 9—10. Год определяется сопоставлением с письмом № 304 и тем, что письмо находилось в архиве П. И. Бартенева в томе переплетенных писем за 1870 г.
      </p>
     </note>
    </noteGrp>
   </div>
  </body>
 </text>
</TEI>
