<?xml version="1.0" encoding="utf-8"?>
<TEI xmlns="http://www.tei-c.org/ns/1.0" xmlns:xi="http://www.w3.org/2001/XInclude">
 <teiHeader>
  <fileDesc>
   <titleStmt>
    <title xml:id="v61_023_I_I_Orlovu">
     Письма и документы. Tolstoy Digital
    </title>
    <title type="main">
     Письмо И. И. Орлову от 12 октября 1863 г.
    </title>
    <title type="bibl">
     Толстой Л. Н. Письмо И. И. Орлову, 12 октября 1863 г. // Толстой Л. Н. Полное собрание сочинений: в 90 тт. Т. 61. М.: Гос. изд. «Художественная литература», 1953. С.
    </title>
    <respStmt>
     <resp>
      Идея, постановка задач, руководство:
     </resp>
     <name>
      Анастасия Бонч-Осмоловская, Фёкла Толстая, Борис Орехов, Тимофей Лукашевский
     </name>
    </respStmt>
    <respStmt>
     <resp>
      Подготовка TEI/XML:
     </resp>
     <name>
      Евгений Можаев, Даниил Скоринкин, Ирина Павлова, Матвей Колбасов, Елена Сидорова, Кирилл Милинцевич, Лев Буланов, Макар Федоров, Константин Петров
     </name>
    </respStmt>
    <respStmt>
     <resp>
      Подготовка метаданных:
     </resp>
     <name>
      Мария Картышева, Вероника Файнберг
     </name>
    </respStmt>
    <respStmt>
     <resp>
      Разметка имен собственных:
     </resp>
     <name>
      Никита Северин, Елена Северина
     </name>
    </respStmt>
    <respStmt>
     <resp>
      Исправление древнегреческого текста:
     </resp>
     <name>
      Ольга Алиева
     </name>
    </respStmt>
    <funder>
     Проект «Слово Толстого»
    </funder>
   </titleStmt>
   <publicationStmt>
    <publisher>
     <orgName>
      Tolstoy Digital, DH CLOUD, Научно-образовательный союз «Родное Слово» проект «Слово Толстого»
     </orgName>
    </publisher>
    <availability>
     <p id="c7556077-f34b-46d0-be6e-8d3f9db5bba4">
      Тексты и метатекстовая разметка доступны для свободного использования и распространения по лицензии Creative Commons Attribution Share-Alike (cc by-sa)
     </p>
    </availability>
    <date from="2015" to="2022"/>
   </publicationStmt>
   <notesStmt>
    <note>
     Публикуемые документы был получены с сайта tolstoy.ru в формате html, переведены в формат TEI. Исправлены некоторые ошибки распознавания. Тексты, написанные в дореформенной орфографии, сопоставлены с их версиями в современной орфографии.
    </note>
   </notesStmt>
   <sourceDesc>
    <biblStruct>
     <analytic>
      <author>
       Толстой Лев Николаевич
      </author>
     </analytic>
     <monogr>
      <title level="m">
       Полное собрание сочинений. Том 61
      </title>
      <imprint>
       <pubPlace>
        Москва
       </pubPlace>
       <publisher>
        Государственное издательство «Художественная литература»
       </publisher>
       <date when="1953"/>
      </imprint>
      <biblScope unit="vol">
       61
      </biblScope>
      <biblScope unit="page">
       21-22
      </biblScope>
     </monogr>
     <series>
      <title level="s">
       Л. Н. Толстой. Полное собрание сочинений: в 90 тт.
      </title>
     </series>
    </biblStruct>
    <bibl>
     Публикуется впервые
    </bibl>
   </sourceDesc>
  </fileDesc>
  <encodingDesc>
   <classDecl>
    <xi:include href="../../reference/taxonomy.xml"/>
   </classDecl>
  </encodingDesc>
  <profileDesc>
   <correspDesc>
    <correspAction type="sending">
     <persName ref="13883">
      Л. Н. Толстой
     </persName>
     <placeName>
      Ясная Поляна
     </placeName>
     <date when="1863-10-12"/>
    </correspAction>
    <correspAction type="receiving">
     <persName ref="10264">
      Орлов Иван Иванович
     </persName>
    </correspAction>
   </correspDesc>
   <langUsage>
    <language ident="ru"/>
   </langUsage>
   <textClass>
    <catRef ana="#tolstoy_heritage" target="library"/>
    <catRef ana="#letters" target="type"/>
    <catRef ana="#sent" target="sent"/>
   </textClass>
  </profileDesc>
 </teiHeader>
 <xenoData>
  <number type="in a volume">
   23
  </number>
 </xenoData>
 <text xml:id="I__I__Orlovu_23" xmlns="http://www.tei-c.org/ns/1.0" xmlns:xi="http://www.w3.org/2001/XInclude">
  <body>
   <div>
    <pb n="21"/>
    <opener index="false">
     * 23.
     <name placement="text" ref="10264" type="person">
      И. И. Орлову
     </name>
     .1863 г. Октября 12. Я. П.
    </opener>
    <p id="ca722943-8aec-4580-ac6d-7138305b96c0">
     Яблонь 850 корней посылаю. Толщиною все такие:
    </p>
    <p id="7816e674-85d9-4aee-bf5c-0fb43ef7475c" rend="left floatl">
     <figure>
      <graphic url="./img/b00000719.png"/>
     </figure>
    </p>
    <p id="850de444-27ed-4be3-a5cd-8888a0992db2">
     Дмитрию дал 1
     <choice original_editorial_correction="р[убль]">
      <sic>
       р
      </sic>
      <corr>
       рубль
      </corr>
     </choice>
     . Он весьма ленивый и дрянной человек, которого я не советовал бы держать, тем более, что он не нужен. — Денег то, что стоили яблони, рублей 150, пришлите. Сам я не успел быть 9, но надеюсь быть в этом месяце.
    </p>
    <p id="87edc329-82ae-43e2-8dee-846ad35a6a5a" rend="right">
     <name placement="text" ref="13883" type="person">
      Гр. Л. Толстой
     </name>
     .
    </p>
    <lb/>
    <p id="bf83e778-e440-48c5-957c-81c226416e0a" rend="left floatn">
     12 октября.
    </p>
    <noteGrp type="comments">
     <note index="false" type="comments">
      <p id="bab7f3c6-7be2-43d0-8d89-fe8d79be69b0" rend="Textpetit_otstup left">
       Год определяется сопоставлением с письмом № 22.
      </p>
     </note>
     <note index="false" type="comments">
      <p id="64ade824-94d0-41a0-a5c7-13fe341af25f">
       <pb n="22"/>
      </p>
     </note>
    </noteGrp>
   </div>
  </body>
 </text>
</TEI>
