<?xml version="1.0" encoding="utf-8"?>
<TEI xmlns="http://www.tei-c.org/ns/1.0" xmlns:xi="http://www.w3.org/2001/XInclude">
 <teiHeader>
  <fileDesc>
   <titleStmt>
    <title xml:id="v61_445_M_N_Tolstoj">
     Письма и документы. Tolstoy Digital
    </title>
    <title type="main">
     М. Н. Толстой от 21 декабря 1856 г.
    </title>
    <title type="bibl">
     Толстой Л. Н. М. Н. Толстой, 21 декабря 1856 г. // Толстой Л. Н. Полное собрание сочинений: в 90 тт. Т. 61. М.: Гос. изд. «Художественная литература», 1953. С.
    </title>
    <respStmt>
     <resp>
      Идея, постановка задач, руководство:
     </resp>
     <name>
      Анастасия Бонч-Осмоловская, Фёкла Толстая, Борис Орехов, Тимофей Лукашевский
     </name>
    </respStmt>
    <respStmt>
     <resp>
      Подготовка TEI/XML:
     </resp>
     <name>
      Евгений Можаев, Даниил Скоринкин, Ирина Павлова, Матвей Колбасов, Елена Сидорова, Кирилл Милинцевич, Лев Буланов, Макар Федоров, Константин Петров
     </name>
    </respStmt>
    <respStmt>
     <resp>
      Подготовка метаданных:
     </resp>
     <name>
      Мария Картышева, Вероника Файнберг
     </name>
    </respStmt>
    <respStmt>
     <resp>
      Разметка имен собственных:
     </resp>
     <name>
      Никита Северин, Елена Северина
     </name>
    </respStmt>
    <respStmt>
     <resp>
      Исправление древнегреческого текста:
     </resp>
     <name>
      Ольга Алиева
     </name>
    </respStmt>
    <funder>
     Проект «Слово Толстого»
    </funder>
   </titleStmt>
   <publicationStmt>
    <publisher>
     <orgName>
      Tolstoy Digital, DH CLOUD, Научно-образовательный союз «Родное Слово» проект «Слово Толстого»
     </orgName>
    </publisher>
    <availability>
     <p id="a425ea8e-2be0-4083-b8ef-492c8cbe10bb">
      Тексты и метатекстовая разметка доступны для свободного использования и распространения по лицензии Creative Commons Attribution Share-Alike (cc by-sa)
     </p>
    </availability>
    <date from="2015" to="2022"/>
   </publicationStmt>
   <notesStmt>
    <note>
     Публикуемые документы был получены с сайта tolstoy.ru в формате html, переведены в формат TEI. Исправлены некоторые ошибки распознавания. Тексты, написанные в дореформенной орфографии, сопоставлены с их версиями в современной орфографии.
    </note>
   </notesStmt>
   <sourceDesc>
    <biblStruct>
     <analytic>
      <author>
       Толстой Лев Николаевич
      </author>
     </analytic>
     <monogr>
      <title level="m">
       Полное собрание сочинений. Том 61
      </title>
      <imprint>
       <pubPlace>
        Москва
       </pubPlace>
       <publisher>
        Государственное издательство «Художественная литература»
       </publisher>
       <date when="1953"/>
      </imprint>
      <biblScope unit="vol">
       61
      </biblScope>
      <biblScope unit="page">
       374-374
      </biblScope>
     </monogr>
     <series>
      <title level="s">
       Л. Н. Толстой. Полное собрание сочинений: в 90 тт.
      </title>
     </series>
    </biblStruct>
    <bibl/>
   </sourceDesc>
  </fileDesc>
  <encodingDesc>
   <classDecl>
    <xi:include href="../../reference/taxonomy.xml"/>
   </classDecl>
  </encodingDesc>
  <profileDesc>
   <correspDesc>
    <correspAction type="sending">
     <persName ref="13883">
      Л. Н. Толстой
     </persName>
     <placeName>
      Петербург
     </placeName>
     <date when="1856-12-21"/>
    </correspAction>
    <correspAction type="receiving">
     <persName ref="13835">
      Толстая Мария Николаевна (сестра Толстого)
     </persName>
    </correspAction>
   </correspDesc>
   <langUsage>
    <language ident="ru"/>
   </langUsage>
   <textClass>
    <catRef ana="#tolstoy_heritage" target="library"/>
    <catRef ana="#letters" target="type"/>
    <catRef ana="#sent" target="sent"/>
   </textClass>
  </profileDesc>
 </teiHeader>
 <xenoData>
  <number type="in a volume">
   445
  </number>
 </xenoData>
 <text xml:id="M__N__Tolstoj_445" xmlns="http://www.tei-c.org/ns/1.0" xmlns:xi="http://www.w3.org/2001/XInclude">
  <body>
   <div>
    <pb n="374"/>
    <opener index="false">
     445.
     <name placement="text" ref="13834" type="person">
      М. Н. Толстой
     </name>
     .1856 г. Декабря 21. Петербург.
    </opener>
    <p id="a990b6be-c4a9-4fe6-a323-13128fe74b50" rend="right">
     21
     <choice original_editorial_correction="дек[абря]">
      <sic>
       дек
      </sic>
      <corr>
       декабря
      </corr>
     </choice>
     .
    </p>
    <p id="a00aa1b0-857c-475a-82ee-975ea4905951">
     Хотел написать тебе поподробнее, но нынче некогда. Пожалуйста, ответь мне словечко. Как твое здоровье, как поживаешь, кого видишь, как Валерьян и дети?
     <choice original_editorial_correction="К[нягиня]">
      <sic>
       К
      </sic>
      <corr>
       Княгиня
      </corr>
     </choice>
     Шаховская тебе кланяется. Я на днях кончаю
     <choice original_editorial_correction="Юн[ость]">
      <sic>
       Юн
      </sic>
      <corr>
       Юность
      </corr>
     </choice>
     <ref target="#note1">
      1
     </ref>
     <note index="false" resp="volume_editor" xml:id="note1">
      Работу над повестью «Юность» Толстой закончил 24 сентября 1856 г. Правкой корректур он занимался во второй половине декабря. Повесть впервые была напечатана в январском номере «Современника» за 1857 г.
     </note>
     и к новому году думаю приехать к вам.
    </p>
    <p id="5db78b7a-66a3-4501-b752-a09f952ed3f4" rend="right">
     Твой Л. Толстой.
    </p>
    <p id="46505a9d-a36c-4c18-b509-d4749d44f289">
     Переписка наша с
     <choice original_editorial_correction="В[алерией]">
      <sic>
       В
      </sic>
      <corr>
       Валерией
      </corr>
     </choice>
     прекратилась,
     <ref target="#note2">
      2
     </ref>
     <note index="false" resp="volume_editor" xml:id="note2">
      Переписка с
      <name placement="note" ref="679" type="person">
       Валерией Владимировной Арсеньевой
      </name>
      . См. т. 60. В декабре 1856 г. Толстой намеревался прекратить переписку с В. В. Арсеньевой, о чем писал ей 12 декабря (
      <ref target="file:///Volume_60_V.V.Arsenevoj_46.xml">
       см. т. 60, письмо № 46
      </ref>
      ). В действительности переписка продолжалась еще год. Последнее письмо Толстого было написано 6 декабря 1857 г. (
      <ref target="file:///Volume_60_V.V.Arsenevoj_100.xml">
       см. т. 60, письмо № 100
      </ref>
      ).
     </note>
     я тебе всё расскажу. Я здоров и живу слава богу во всех отношениях. От
     <choice original_editorial_correction="И[вана]">
      <sic>
       И
      </sic>
      <corr>
       <name placement="text" ref="14129" type="person">
        Ивана
       </name>
      </corr>
     </choice>
     <choice original_editorial_correction="С[ергеевича]">
      <sic>
       <name placement="text" ref="14129" type="person">
        С
       </name>
      </sic>
      <corr>
       <name placement="text" ref="14129" type="person">
        Сергеевича
       </name>
      </corr>
     </choice>
     получил два письма,
     <ref target="#note3">
      3
     </ref>
     <note index="false" resp="volume_editor" xml:id="note3">
      Письма Тургенева Толстому от 16 ноября и 16 декабря 1856 г., о которых Толстой пишет сестре, напечатаны в книге «Толстой и Тургенев. Переписка», изд. Сабашниковых, М. 1928, стр. 23—29.
     </note>
     во всяком тебе кланяется и просит твой адрес.
    </p>
    <lb/>
    <p id="d885721a-02e9-496b-b200-e4adf7ccbb5a">
     <hi>
      На четвертой странице
     </hi>
     :
    </p>
    <p id="98bd1663-e858-4d28-8879-f8f374c4527d">
     Ее сиятельству графине Марье Николаевне Толстой.
    </p>
    <p id="632cb628-e954-4e8c-9c99-ddb0733cf1aa">
     В Москву.
    </p>
    <p id="e8a49d22-b816-4bf3-a820-39c7fab9f075">
     В Скатертном переулке в доме Озанчевского.
    </p>
    <noteGrp type="comments">
     <note index="false" type="comments">
      <p id="44b7471b-455e-470b-ad86-2dc5622bd5bf" rend="Textpetit_otstup left">
       В т. 60 письмо ошибочно значится в списке писем, не имеющихся в распоряжении редакции.
      </p>
     </note>
    </noteGrp>
   </div>
  </body>
 </text>
</TEI>
