<?xml version="1.0" encoding="utf-8"?>
<TEI xmlns="http://www.tei-c.org/ns/1.0" xmlns:xi="http://www.w3.org/2001/XInclude">
 <teiHeader>
  <fileDesc>
   <titleStmt>
    <title xml:id="v61_308_A_A_Fetu">
     Письма и документы. Tolstoy Digital
    </title>
    <title type="main">
     Письмо А. А. Фету от 13 июня 1870 г.
    </title>
    <title type="bibl">
     Толстой Л. Н. Письмо А. А. Фету, 13 июня 1870 г. // Толстой Л. Н. Полное собрание сочинений: в 90 тт. Т. 61. М.: Гос. изд. «Художественная литература», 1953. С.
    </title>
    <respStmt>
     <resp>
      Идея, постановка задач, руководство:
     </resp>
     <name>
      Анастасия Бонч-Осмоловская, Фёкла Толстая, Борис Орехов, Тимофей Лукашевский
     </name>
    </respStmt>
    <respStmt>
     <resp>
      Подготовка TEI/XML:
     </resp>
     <name>
      Евгений Можаев, Даниил Скоринкин, Ирина Павлова, Матвей Колбасов, Елена Сидорова, Кирилл Милинцевич, Лев Буланов, Макар Федоров, Константин Петров
     </name>
    </respStmt>
    <respStmt>
     <resp>
      Подготовка метаданных:
     </resp>
     <name>
      Мария Картышева, Вероника Файнберг
     </name>
    </respStmt>
    <respStmt>
     <resp>
      Разметка имен собственных:
     </resp>
     <name>
      Никита Северин, Елена Северина
     </name>
    </respStmt>
    <respStmt>
     <resp>
      Исправление древнегреческого текста:
     </resp>
     <name>
      Ольга Алиева
     </name>
    </respStmt>
    <funder>
     Проект «Слово Толстого»
    </funder>
   </titleStmt>
   <publicationStmt>
    <publisher>
     <orgName>
      Tolstoy Digital, DH CLOUD, Научно-образовательный союз «Родное Слово» проект «Слово Толстого»
     </orgName>
    </publisher>
    <availability>
     <p id="440e9351-75d6-4ca0-a8d8-f64d0a86060a">
      Тексты и метатекстовая разметка доступны для свободного использования и распространения по лицензии Creative Commons Attribution Share-Alike (cc by-sa)
     </p>
    </availability>
    <date from="2015" to="2022"/>
   </publicationStmt>
   <notesStmt>
    <note>
     Публикуемые документы был получены с сайта tolstoy.ru в формате html, переведены в формат TEI. Исправлены некоторые ошибки распознавания. Тексты, написанные в дореформенной орфографии, сопоставлены с их версиями в современной орфографии.
    </note>
   </notesStmt>
   <sourceDesc>
    <biblStruct>
     <analytic>
      <author>
       Толстой Лев Николаевич
      </author>
     </analytic>
     <monogr>
      <title level="m">
       Полное собрание сочинений. Том 61
      </title>
      <imprint>
       <pubPlace>
        Москва
       </pubPlace>
       <publisher>
        Государственное издательство «Художественная литература»
       </publisher>
       <date when="1953"/>
      </imprint>
      <biblScope unit="vol">
       61
      </biblScope>
      <biblScope unit="page">
       236-237
      </biblScope>
     </monogr>
     <series>
      <title level="s">
       Л. Н. Толстой. Полное собрание сочинений: в 90 тт.
      </title>
     </series>
    </biblStruct>
    <bibl>
     Публикуется впервые
    </bibl>
   </sourceDesc>
  </fileDesc>
  <encodingDesc>
   <classDecl>
    <xi:include href="../../reference/taxonomy.xml"/>
   </classDecl>
  </encodingDesc>
  <profileDesc>
   <correspDesc>
    <correspAction type="sending">
     <persName ref="13883">
      Л. Н. Толстой
     </persName>
     <placeName>
      Ясная Поляна
     </placeName>
     <date when="1870-06-13"/>
    </correspAction>
    <correspAction type="receiving">
     <persName ref="14499">
      Фет Афанасий Афанасьевич (Шеншин)
     </persName>
    </correspAction>
   </correspDesc>
   <langUsage>
    <language ident="ru"/>
   </langUsage>
   <textClass>
    <catRef ana="#tolstoy_heritage" target="library"/>
    <catRef ana="#letters" target="type"/>
    <catRef ana="#sent" target="sent"/>
   </textClass>
  </profileDesc>
 </teiHeader>
 <xenoData>
  <number type="in a volume">
   308
  </number>
 </xenoData>
 <text xml:id="A__A__Fetu_308" xmlns="http://www.tei-c.org/ns/1.0" xmlns:xi="http://www.w3.org/2001/XInclude">
  <body>
   <div>
    <pb n="236"/>
    <opener index="false">
     * 308.
     <name placement="text" ref="14499" type="person">
      А. А. Фету
     </name>
     .1870 г. Июня 13…14. Я. П.
    </opener>
    <p id="d8fe0f06-6514-4489-9cff-d781730ee886" rend="Obrashenie">
     Любезный друг!
    </p>
    <p id="07149f32-49c1-4039-b2fd-b7932fd52e71">
     Я вчера получил лошадь и пришел от нее в восхищение. Совершенная красавица. Если бы была еще такая или такая же трехлетка, я бы счастлив был приобрести другую. Деньги 100 р. я пришлю или привезу вам и буду очень удивлен, если мне дадут сдачи. Я в долгу и перед вами за провод и прокорм, за который, разумеется, нельзя заплатить кроме спасиба. Но мне совестно, что она так долго пробыла у вас: письмо мое к Орлову, должно быть, пропало, и он послал уже по другому письму.
    </p>
    <p id="6ac0ee9e-1240-472b-8743-d5628a255f04">
     Жена поговаривает о том, чтобы приехать к вам; но теперь еще рано назначать срок. Англичанка,
     <choice original_editorial_correction="кот[орая]">
      <sic>
       кот
      </sic>
      <corr>
       которая
      </corr>
     </choice>
     была у нас на время, нынче уехала, а наша настоящая еще не приезжала; а ждем к концу июня. Тогда я вдруг предложу, и тотчас исполним.
    </p>
    <p id="058f1450-3ff5-4c2e-b1cf-b96da6f200a8">
     Я, благодаря бога, нынешнее лето глуп, как лошадь. Работаю, рублю, копаю, кошу и о противной лит-т-тературе и
     <hi style="opdelimiter">
      лит-т-тераторах,
     </hi>
     <pb n="237"/>
     <hi style="npdelimiter">
      слава
     </hi>
     богу, не думаю. До свиданья, передайте наш поклон Марье Петровне.
    </p>
    <p id="259726cf-5805-467f-bf1d-955b869c0cb7" rend="right">
     Ваш Л. Толстой.
    </p>
    <p id="03df4656-7361-4c6d-9e15-a32aa2a9f959">
     Впечатление мое о вашем стихотвореньи не случайное,
     <ref target="#note1">
      1
     </ref>
     <note index="false" resp="volume_editor" xml:id="note1">
      <ref target="file:///Volume_61_A__A__Fetu_307.xml">
       См. письмо № 307
      </ref>
      .
     </note>
     я его теперь помню наизусть и часто говорю сам себе. —
    </p>
    <lb/>
    <p id="cdad636a-7458-48b9-b76a-9d90b3a923ed">
     <hi>
      На конверте:
     </hi>
    </p>
    <p id="c08d562f-2dd2-4246-a8bb-882daf279a96">
     Его высокоблагородию Афанасию Афанасьевичу Фету. На станцию Змиевку Курско-Орловской железной дороги.
    </p>
    <noteGrp type="comments">
     <note index="false" type="comments">
      <p id="55a0a03c-f828-4a58-ae72-72e7070f78e9" rend="Textpetit_otstup left">
       Две фразы опубликованы в Г, II, стр. 116. Датируется по почтовым штемпелям.
      </p>
     </note>
    </noteGrp>
   </div>
  </body>
 </text>
</TEI>
