<?xml version="1.0" encoding="utf-8"?>
<TEI xmlns="http://www.tei-c.org/ns/1.0" xmlns:xi="http://www.w3.org/2001/XInclude">
 <teiHeader>
  <fileDesc>
   <titleStmt>
    <title xml:id="v61_108_A_A_Tolstoj">
     Письма и документы. Tolstoy Digital
    </title>
    <title type="main">
     Письмо А. А. Толстой от 12 апреля 1865 г.
    </title>
    <title type="bibl">
     Толстой Л. Н. Письмо А. А. Толстой, 12 апреля 1865 г. // Толстой Л. Н. Полное собрание сочинений: в 90 тт. Т. 61. М.: Гос. изд. «Художественная литература», 1953. С.
    </title>
    <respStmt>
     <resp>
      Идея, постановка задач, руководство:
     </resp>
     <name>
      Анастасия Бонч-Осмоловская, Фёкла Толстая, Борис Орехов, Тимофей Лукашевский
     </name>
    </respStmt>
    <respStmt>
     <resp>
      Подготовка TEI/XML:
     </resp>
     <name>
      Евгений Можаев, Даниил Скоринкин, Ирина Павлова, Матвей Колбасов, Елена Сидорова, Кирилл Милинцевич, Лев Буланов, Макар Федоров, Константин Петров
     </name>
    </respStmt>
    <respStmt>
     <resp>
      Подготовка метаданных:
     </resp>
     <name>
      Мария Картышева, Вероника Файнберг
     </name>
    </respStmt>
    <respStmt>
     <resp>
      Разметка имен собственных:
     </resp>
     <name>
      Никита Северин, Елена Северина
     </name>
    </respStmt>
    <respStmt>
     <resp>
      Исправление древнегреческого текста:
     </resp>
     <name>
      Ольга Алиева
     </name>
    </respStmt>
    <funder>
     Проект «Слово Толстого»
    </funder>
   </titleStmt>
   <publicationStmt>
    <publisher>
     <orgName>
      Tolstoy Digital, DH CLOUD, Научно-образовательный союз «Родное Слово» проект «Слово Толстого»
     </orgName>
    </publisher>
    <availability>
     <p id="95c0a81b-88e3-4ca5-89f6-1677c18c5867">
      Тексты и метатекстовая разметка доступны для свободного использования и распространения по лицензии Creative Commons Attribution Share-Alike (cc by-sa)
     </p>
    </availability>
    <date from="2015" to="2022"/>
   </publicationStmt>
   <notesStmt>
    <note>
     Публикуемые документы был получены с сайта tolstoy.ru в формате html, переведены в формат TEI. Исправлены некоторые ошибки распознавания. Тексты, написанные в дореформенной орфографии, сопоставлены с их версиями в современной орфографии.
    </note>
   </notesStmt>
   <sourceDesc>
    <biblStruct>
     <analytic>
      <author>
       Толстой Лев Николаевич
      </author>
     </analytic>
     <monogr>
      <title level="m">
       Полное собрание сочинений. Том 61
      </title>
      <imprint>
       <pubPlace>
        Москва
       </pubPlace>
       <publisher>
        Государственное издательство «Художественная литература»
       </publisher>
       <date when="1953"/>
      </imprint>
      <biblScope unit="vol">
       61
      </biblScope>
      <biblScope unit="page">
       79-80
      </biblScope>
     </monogr>
     <series>
      <title level="s">
       Л. Н. Толстой. Полное собрание сочинений: в 90 тт.
      </title>
     </series>
    </biblStruct>
    <bibl>
     Публикуется впервые
    </bibl>
   </sourceDesc>
  </fileDesc>
  <encodingDesc>
   <classDecl>
    <xi:include href="../../reference/taxonomy.xml"/>
   </classDecl>
  </encodingDesc>
  <profileDesc>
   <correspDesc>
    <correspAction type="sending">
     <persName ref="13883">
      Л. Н. Толстой
     </persName>
     <placeName>
      Ясная Поляна
     </placeName>
     <date when="1865-04-12"/>
    </correspAction>
    <correspAction type="receiving">
     <persName ref="13812">
      Толстая Александра Андреевна
     </persName>
    </correspAction>
   </correspDesc>
   <langUsage>
    <language ident="ru"/>
   </langUsage>
   <textClass>
    <catRef ana="#tolstoy_heritage" target="library"/>
    <catRef ana="#letters" target="type"/>
    <catRef ana="#not_sent" target="sent"/>
   </textClass>
  </profileDesc>
 </teiHeader>
 <xenoData>
  <number type="in a volume">
   108
  </number>
 </xenoData>
 <text xml:id="A__A__Tolstoj_108" xmlns="http://www.tei-c.org/ns/1.0" xmlns:xi="http://www.w3.org/2001/XInclude">
  <body>
   <div>
    <pb n="79"/>
    <opener index="false">
     * 108. А. А. Толстой. Неотправленное.1865 г. Апреля 12. Я. П.
    </opener>
    <p id="5fcf75bd-593d-436e-bf3f-692dcba16b7c">
     Как ни долго оставил я ваше славное, сильно обрадовавшее меня письмо
     <ref target="#note1">
      1
     </ref>
     <note index="false" resp="volume_editor" xml:id="note1">
      Письмо А. А. Толстой от 29 января 1865 г. (ПТ, № 55).
     </note>
     без ответа, я все-таки отвечаю. И знаете ли, почему я так долго не писал вам? Из ложного стыда. Мне очень интересно было знать ваше мнение о начале моего романа,
     <ref target="#note2">
      2
     </ref>
     <note index="false" resp="volume_editor" xml:id="note2">
      «1805 год».
     </note>
     и мне казалось, что ежели вы молчите, то, значит, вам не понравилось; а ежели я напишу вам, — то как будто
     <choice original_editorial_correction="на[вя]зываюсь">
      <sic>
       называюсь
      </sic>
      <corr>
       навязываюсь
      </corr>
     </choice>
     на из милости сказанное одобрение. И полагал, что (как кто-то сказал), что напечатанное сочинение есть письмо ко всем друзьям, и потому письмо за вами. Но это всё вздор, а жалко то, что я опять два месяца ничего о вас не знаю. — Когда вы писали ваше приглашение мне приехать, вы в душе знали, что это невозможно. Оно так и вышло, но все-таки я был рад: кроме того, что я был очень занят, что дети малы, и всякий переезд страшен, мы перед весной все переболели, начиная с меня и кончая грудной Таней. Теперь мы не только ожили, но задумали большую поездку заграницу в конце мая.
     <ref target="#note3">
      3
     </ref>
     <note index="false" resp="volume_editor" xml:id="note3">
      Поездка эта не состоялась.
     </note>
     — Увидимся ли мы с вами? будете ли вы в Петербурге или на даче около этого времени? — Как бы было досадно, ежели бы как-нибудь разъехались. Где будет
     <name placement="text" ref="13840" type="person">
      Прасковья Васильевна
     </name>
     и ваши сестры и
     <hi style="opdelimiter">
      брат?
      <ref target="#note4">
       4
      </ref>
      <note index="false" resp="volume_editor" xml:id="note4">
       П. В. Толстая — мать А. А. Толстой, сестры — Елизавета, Софья, брат — Илья.
      </note>
     </hi>
    </p>
    <p id="a87facf6-9b81-4c1f-ad1f-0418b87f4f52">
     <pb n="80"/>
     <hi style="npdelimiter">
      Хотя
     </hi>
     я не читал еще сам в газетах, но все говорят, что наследник умер. Ежели это правда, то я воображаю, как это несчастье больно отразилось на вас, тогда как на меня, столь далекого от придворного политического мира, это известие очень тяжело подействовало. —
    </p>
    <noteGrp type="comments">
     <note index="false" type="comments">
      <p id="d5e8cefa-b981-439a-b1f9-71725fd78ecb" rend="Textpetit_otstup left">
       Печатается по копии. Местонахождение подлинника неизвестно. Датируется содержанием: наследник
       <name placement="comments" ref="9801" type="person">
        Николай Александрович
       </name>
       , старший сын
       <name placement="comments" ref="203" type="person">
        Александра II
       </name>
       , о смерти которого пишет Толстой, умер 12 апреля 1865 г.
      </p>
     </note>
    </noteGrp>
   </div>
  </body>
 </text>
</TEI>
