<?xml version="1.0" encoding="utf-8"?>
<TEI xmlns="http://www.tei-c.org/ns/1.0" xmlns:xi="http://www.w3.org/2001/XInclude">
 <teiHeader>
  <fileDesc>
   <titleStmt>
    <title xml:id="v61_368_M_N_Longinovu">
     Письма и документы. Tolstoy Digital
    </title>
    <title type="main">
     Письмо М. Н. Лонгинову от 1 апреля 1872 г.
    </title>
    <title type="bibl">
     Толстой Л. Н. Письмо М. Н. Лонгинову, 1 апреля 1872 г. // Толстой Л. Н. Полное собрание сочинений: в 90 тт. Т. 61. М.: Гос. изд. «Художественная литература», 1953. С.
    </title>
    <respStmt>
     <resp>
      Идея, постановка задач, руководство:
     </resp>
     <name>
      Анастасия Бонч-Осмоловская, Фёкла Толстая, Борис Орехов, Тимофей Лукашевский
     </name>
    </respStmt>
    <respStmt>
     <resp>
      Подготовка TEI/XML:
     </resp>
     <name>
      Евгений Можаев, Даниил Скоринкин, Ирина Павлова, Матвей Колбасов, Елена Сидорова, Кирилл Милинцевич, Лев Буланов, Макар Федоров, Константин Петров
     </name>
    </respStmt>
    <respStmt>
     <resp>
      Подготовка метаданных:
     </resp>
     <name>
      Мария Картышева, Вероника Файнберг
     </name>
    </respStmt>
    <respStmt>
     <resp>
      Разметка имен собственных:
     </resp>
     <name>
      Никита Северин, Елена Северина
     </name>
    </respStmt>
    <respStmt>
     <resp>
      Исправление древнегреческого текста:
     </resp>
     <name>
      Ольга Алиева
     </name>
    </respStmt>
    <funder>
     Проект «Слово Толстого»
    </funder>
   </titleStmt>
   <publicationStmt>
    <publisher>
     <orgName>
      Tolstoy Digital, DH CLOUD, Научно-образовательный союз «Родное Слово» проект «Слово Толстого»
     </orgName>
    </publisher>
    <availability>
     <p id="8eeea147-dc92-4b57-9423-c71cec656aba">
      Тексты и метатекстовая разметка доступны для свободного использования и распространения по лицензии Creative Commons Attribution Share-Alike (cc by-sa)
     </p>
    </availability>
    <date from="2015" to="2022"/>
   </publicationStmt>
   <notesStmt>
    <note>
     Публикуемые документы был получены с сайта tolstoy.ru в формате html, переведены в формат TEI. Исправлены некоторые ошибки распознавания. Тексты, написанные в дореформенной орфографии, сопоставлены с их версиями в современной орфографии.
    </note>
   </notesStmt>
   <sourceDesc>
    <biblStruct>
     <analytic>
      <author>
       Толстой Лев Николаевич
      </author>
     </analytic>
     <monogr>
      <title level="m">
       Полное собрание сочинений. Том 61
      </title>
      <imprint>
       <pubPlace>
        Москва
       </pubPlace>
       <publisher>
        Государственное издательство «Художественная литература»
       </publisher>
       <date when="1953"/>
      </imprint>
      <biblScope unit="vol">
       61
      </biblScope>
      <biblScope unit="page">
       282-283
      </biblScope>
     </monogr>
     <series>
      <title level="s">
       Л. Н. Толстой. Полное собрание сочинений: в 90 тт.
      </title>
     </series>
    </biblStruct>
    <bibl>
     Публикуется впервые
    </bibl>
   </sourceDesc>
  </fileDesc>
  <encodingDesc>
   <classDecl>
    <xi:include href="../../reference/taxonomy.xml"/>
   </classDecl>
  </encodingDesc>
  <profileDesc>
   <correspDesc>
    <correspAction type="sending">
     <persName ref="13883">
      Л. Н. Толстой
     </persName>
     <placeName>
      Ясная Поляна
     </placeName>
     <date when="1872-04-01"/>
    </correspAction>
    <correspAction type="receiving">
     <persName ref="8011">
      Лонгинов Михаил Николаевич
     </persName>
    </correspAction>
   </correspDesc>
   <langUsage>
    <language ident="ru"/>
   </langUsage>
   <textClass>
    <catRef ana="#tolstoy_heritage" target="library"/>
    <catRef ana="#letters" target="type"/>
    <catRef ana="#sent" target="sent"/>
   </textClass>
  </profileDesc>
 </teiHeader>
 <xenoData>
  <number type="in a volume">
   368
  </number>
 </xenoData>
 <text xml:id="M__N__Longinovu_368" xmlns="http://www.tei-c.org/ns/1.0" xmlns:xi="http://www.w3.org/2001/XInclude">
  <body>
   <div>
    <pb n="282"/>
    <opener index="false">
     * 368.
     <name placement="text" ref="8011" type="person">
      М. Н. Лонгинову
     </name>
     .1872 г. Апреля 1...10? Я. П.
    </opener>
    <p id="4dfd52bc-9f1a-4ba6-86dd-d403078cd251" rend="Obrashenie">
     Многоуважаемый
    </p>
    <p id="da9464d7-6773-4dc5-9519-dc7bb354ce81" rend="Obrashenie1_">
     <name placement="text" ref="8011" type="person">
      Михаил Николаевич
     </name>
     !
    </p>
    <p id="4b9431ea-51f5-4570-9839-92fac4e4c666">
     Я оканчиваю и печатаю свой давнишний труд Азбуку и книгу для чтения и без Вашей помощи едва ли я буду в состоянии скоро кончить. В Москве почти невозможно печатать, живя в деревне, а в Туле нельзя — потому что нужно разрешение цензуры. — Послать в цензуру рукопись мне бы ничего не стоило; но я не могу не изменять и не прибавлять, а в Туле этого нельзя делать. Нельзя ли мне разрешить, на мою ответственность, печатать в Туле без цензуры? Книга моя самая невиннейшая, и я готов дать всякого рода подписки и гарантии, что не выпущу ни одного экземпляра, не представив в цензурный комитет. Ваше доброе расположение ко мне и любовь к литературе (а я имею гордость думать, что книга моя будет не бесполезна) обнадеживают меня в том, что Вы захотите помочь мне, если это возможно.
    </p>
    <p id="a95662e2-8575-45d5-8bff-1bc44753367b">
     Если я не ошибаюсь, то будьте так добры поскорее уведомьте меня, так как Тульскому типографщику Соколову нужно выписать шрифт на Святой, если можно у него печатать.
    </p>
    <p id="35e47cf9-2891-4cb6-90ab-c6d0f14b603d">
     Примите уверения искреннего уважения и преданности
    </p>
    <p id="17350ee7-c29a-41c7-8878-bd8cad06277c" rend="right">
     Вашего покорного слуги. Гр.
     <name placement="text" ref="13883" type="person">
      Лев Толстой
     </name>
     .
    </p>
    <noteGrp type="comments">
     <note index="false" type="comments">
      <p id="d0733f47-30aa-4f03-8556-cd0640b8af7c" rend="Textpetit_otstup left">
       Год определяется упоминанием об «Азбуке», месяц и число устанавливаются предположительно на основании слов о «святой», т. е. пасхальной неделе, которая в 1872 г. начиналась с 16 апреля.
      </p>
     </note>
     <note index="false" type="comments">
      <p id="2ff3136c-c6ee-48d1-9442-1060d5490d21" rend="petit">
       Печатание «Азбуки», сданной в типографию Ф. Ф. Риса в Москве в конце декабря 1871 г., шло настолько медленно и неаккуратно, что Толстой принужден был прекратить печатание. М. Н. Лонгинов, старый знакомый Толстого, занимал с 1871 г. пост начальника Главного управления по делам печати. Ответил ли Лонгинов Толстому — неизвестно. Во всяком случае уже в мае Толстой взял рукопись из типографии Риса и решил печатать «Азбуку» в Петербурге. Переговоры с петербургскими типографиями вел H. Н. Страхов. Сначала предполагалось заключить условие с типографией О. И. Лемана, но окончательный выбор остановился на типографии Замысловского, где и была напечатана «Азбука».
      </p>
     </note>
     <note index="false" type="comments">
      <p id="184d4a0e-a33c-4edf-961c-24e42c891311">
       <pb n="283"/>
      </p>
     </note>
    </noteGrp>
   </div>
  </body>
 </text>
</TEI>
