<?xml version="1.0" encoding="utf-8"?>
<TEI xmlns="http://www.tei-c.org/ns/1.0" xmlns:xi="http://www.w3.org/2001/XInclude">
 <teiHeader>
  <fileDesc>
   <titleStmt>
    <title xml:id="v61_305_D_A_Dyakovu">
     Письма и документы. Tolstoy Digital
    </title>
    <title type="main">
     Письмо Д. А. Дьякову с 1 марта 1870 г. по 31 марта 1870 г.
    </title>
    <title type="bibl">
     Толстой Л. Н. Письмо Д. А. Дьякову, 1 марта 1870 г. — 31 марта 1870 г. // Толстой Л. Н. Полное собрание сочинений: в 90 тт. Т. 61. М.: Гос. изд. «Художественная литература», 1953. С.
    </title>
    <respStmt>
     <resp>
      Идея, постановка задач, руководство:
     </resp>
     <name>
      Анастасия Бонч-Осмоловская, Фёкла Толстая, Борис Орехов, Тимофей Лукашевский
     </name>
    </respStmt>
    <respStmt>
     <resp>
      Подготовка TEI/XML:
     </resp>
     <name>
      Евгений Можаев, Даниил Скоринкин, Ирина Павлова, Матвей Колбасов, Елена Сидорова, Кирилл Милинцевич, Лев Буланов, Макар Федоров, Константин Петров
     </name>
    </respStmt>
    <respStmt>
     <resp>
      Подготовка метаданных:
     </resp>
     <name>
      Мария Картышева, Вероника Файнберг
     </name>
    </respStmt>
    <respStmt>
     <resp>
      Разметка имен собственных:
     </resp>
     <name>
      Никита Северин, Елена Северина
     </name>
    </respStmt>
    <respStmt>
     <resp>
      Исправление древнегреческого текста:
     </resp>
     <name>
      Ольга Алиева
     </name>
    </respStmt>
    <funder>
     Проект «Слово Толстого»
    </funder>
   </titleStmt>
   <publicationStmt>
    <publisher>
     <orgName>
      Tolstoy Digital, DH CLOUD, Научно-образовательный союз «Родное Слово» проект «Слово Толстого»
     </orgName>
    </publisher>
    <availability>
     <p id="362efe34-6fd2-474f-aa58-eae8bbf65046">
      Тексты и метатекстовая разметка доступны для свободного использования и распространения по лицензии Creative Commons Attribution Share-Alike (cc by-sa)
     </p>
    </availability>
    <date from="2015" to="2022"/>
   </publicationStmt>
   <notesStmt>
    <note>
     Публикуемые документы был получены с сайта tolstoy.ru в формате html, переведены в формат TEI. Исправлены некоторые ошибки распознавания. Тексты, написанные в дореформенной орфографии, сопоставлены с их версиями в современной орфографии.
    </note>
   </notesStmt>
   <sourceDesc>
    <biblStruct>
     <analytic>
      <author>
       Толстой Лев Николаевич
      </author>
     </analytic>
     <monogr>
      <title level="m">
       Полное собрание сочинений. Том 61
      </title>
      <imprint>
       <pubPlace>
        Москва
       </pubPlace>
       <publisher>
        Государственное издательство «Художественная литература»
       </publisher>
       <date when="1953"/>
      </imprint>
      <biblScope unit="vol">
       61
      </biblScope>
      <biblScope unit="page">
       230-231
      </biblScope>
     </monogr>
     <series>
      <title level="s">
       Л. Н. Толстой. Полное собрание сочинений: в 90 тт.
      </title>
     </series>
    </biblStruct>
    <bibl>
     Публикуется впервые
    </bibl>
   </sourceDesc>
  </fileDesc>
  <encodingDesc>
   <classDecl>
    <xi:include href="../../reference/taxonomy.xml"/>
   </classDecl>
  </encodingDesc>
  <profileDesc>
   <correspDesc>
    <correspAction type="sending">
     <persName ref="13883">
      Л. Н. Толстой
     </persName>
     <placeName>
      Ясная Поляна
     </placeName>
     <date notAfter="1870-03-31" notBefore="1870-03-01"/>
    </correspAction>
    <correspAction type="receiving">
     <persName ref="4739">
      Дьяков Дмитрий Алексеевич
     </persName>
    </correspAction>
   </correspDesc>
   <langUsage>
    <language ident="ru"/>
   </langUsage>
   <textClass>
    <catRef ana="#tolstoy_heritage" target="library"/>
    <catRef ana="#letters" target="type"/>
    <catRef ana="#sent" target="sent"/>
   </textClass>
  </profileDesc>
 </teiHeader>
 <xenoData>
  <number type="in a volume">
   305
  </number>
 </xenoData>
 <text xml:id="D__A__Dyakovu_305" xmlns="http://www.tei-c.org/ns/1.0" xmlns:xi="http://www.w3.org/2001/XInclude">
  <body>
   <div>
    <pb n="230"/>
    <opener index="false">
     * 305.
     <name placement="text" ref="4737" type="person">
      Д. А. Дьякову
     </name>
     .1870 г. Марта первая половина. Я. П.
    </opener>
    <p id="8a29d1c1-a114-4996-860f-fdfe0317a245" rend="Obrashenie">
     Любезный друг!
    </p>
    <p id="9a5ad456-c453-4ca7-a9d3-d470161012eb">
     Я получил перед отъездом от прикащика Соловьева
     <ref target="#note1">
      1
     </ref>
     <note index="false" resp="volume_editor" xml:id="note1">
      Книготорговец И. Г. Соловьев.
     </note>
     билет на 2000 р., поэтому 13-го ты получи только билет в 10
     <choice original_editorial_correction="т[ысяч]">
      <sic>
       т
      </sic>
      <corr>
       тысяч
      </corr>
     </choice>
     на имя Лизы.
     <ref target="#note2">
      2
     </ref>
     <note index="false" resp="volume_editor" xml:id="note2">
      С. А. Толстая в автобиографии «Моя жизнь» пишет, что из гонорара, полученного за «Войну и мир», Толстой подарил Елизавете и Варваре Валериановнам по 10 тысяч рублей.
     </note>
    </p>
    <p id="84cca38f-e496-4c75-9411-f7d85b5f490e">
     Еще сделай милость, пошли в гостиницу Россия спросить, не оставил ли я там (я наверное оставил) детский ботинок и пришли мне его.
     <ref target="#note3">
      3
     </ref>
     <note index="false" resp="volume_editor" xml:id="note3">
      В ГМТ сохранился обрывок доверенности Толстого на этот предмет следующего содержания:
     </note>
    </p>
    <p id="6ea594ee-3392-4d69-b253-4ef4a6544b89">
     Как ты поживаешь и Маша?
     <ref target="#note4">
      4
     </ref>
     <note index="false" resp="volume_editor" xml:id="note4">
      Дочь Д. А. Дьякова.
     </note>
     Что наши?
     <ref target="#note5">
      5
     </ref>
     <note index="false" resp="volume_editor" xml:id="note5">
      Семья М. Н. Толстой. См. прим. 2 к письму № 296.
     </note>
     Не приедешь ли к нам еще раз до общего отъезда в деревню?
    </p>
    <p id="159fcdec-07c0-4629-8f33-6f3c3d9cea0b">
     Когда же совсем поедешь в деревню, это уж дело решенное, что ты с Машей и Софеш погостишь у нас. Соня иначе
     <hi style="opdelimiter">
      очень
     </hi>
     <pb n="231"/>
     <hi style="npdelimiter">
      огорчится.
     </hi>
     У нас теперь всё слава богу, только вчера Илюша заболел, кажется, несерьезно. —
    </p>
    <p id="c603d5a4-33ab-4282-a591-7f60964a5670">
     Ханна
     <ref target="#note6">
      6
     </ref>
     <note index="false" resp="volume_editor" xml:id="note6">
      Англичанка, жившая у Толстых в качестве гувернантки.
     </note>
     уехала, но, по всем вероятиям, вернется. Мы ей предложили следующее: Вот мол вам 50 руб. на дорогу англичанке, которую вы пришлете, и вот вам еще за два месяца вперед жалованья. Если вы вздумаете сами вернуться через два месяца, то оставьте себе эти 110 рублей, если нет, то отдайте их другой. Она очень желает вернуться, и мы надеемся. Дети скучают по ней, особенно Таня. —
    </p>
    <p id="43293666-8954-407d-9579-067449a4a094">
     Мои занятия за это время составляют коньки. Сережа со мной уже катается порядочно. Прощай, до свидания.
    </p>
    <p id="e5dbec92-5988-416b-93b6-86f6266ed471" rend="right">
     Твой Л. Толстой.
    </p>
    <p id="c07ed8fd-164b-4e11-9869-0f62925977cb">
     Прилагаю контрамарку на недостающие до 10
     <choice original_editorial_correction="т[ысяч]">
      <sic>
       т
      </sic>
      <corr>
       тысяч
      </corr>
     </choice>
     449 р. Может быть, ее нужно возвратить. —
    </p>
    <noteGrp type="comments">
     <note index="false" type="comments">
      <p id="bce16838-431e-41d6-994d-c7baf86608ce" rend="Textpetit_otstup left">
       Датируется временем возвращения Толстого из Москвы.
      </p>
     </note>
    </noteGrp>
   </div>
  </body>
 </text>
</TEI>
