<?xml version="1.0" encoding="utf-8"?>
<TEI xmlns="http://www.tei-c.org/ns/1.0" xmlns:xi="http://www.w3.org/2001/XInclude">
 <teiHeader>
  <fileDesc>
   <titleStmt>
    <title xml:id="v61_251_P_I_Bartenevu">
     Письма и документы. Tolstoy Digital
    </title>
    <title type="main">
     Письмо П. И. Бартеневу от 20 января 1868 г.
    </title>
    <title type="bibl">
     Толстой Л. Н. Письмо П. И. Бартеневу, 20 января 1868 г. // Толстой Л. Н. Полное собрание сочинений: в 90 тт. Т. 61. М.: Гос. изд. «Художественная литература», 1953. С.
    </title>
    <respStmt>
     <resp>
      Идея, постановка задач, руководство:
     </resp>
     <name>
      Анастасия Бонч-Осмоловская, Фёкла Толстая, Борис Орехов, Тимофей Лукашевский
     </name>
    </respStmt>
    <respStmt>
     <resp>
      Подготовка TEI/XML:
     </resp>
     <name>
      Евгений Можаев, Даниил Скоринкин, Ирина Павлова, Матвей Колбасов, Елена Сидорова, Кирилл Милинцевич, Лев Буланов, Макар Федоров, Константин Петров
     </name>
    </respStmt>
    <respStmt>
     <resp>
      Подготовка метаданных:
     </resp>
     <name>
      Мария Картышева, Вероника Файнберг
     </name>
    </respStmt>
    <respStmt>
     <resp>
      Разметка имен собственных:
     </resp>
     <name>
      Никита Северин, Елена Северина
     </name>
    </respStmt>
    <respStmt>
     <resp>
      Исправление древнегреческого текста:
     </resp>
     <name>
      Ольга Алиева
     </name>
    </respStmt>
    <funder>
     Проект «Слово Толстого»
    </funder>
   </titleStmt>
   <publicationStmt>
    <publisher>
     <orgName>
      Tolstoy Digital, DH CLOUD, Научно-образовательный союз «Родное Слово» проект «Слово Толстого»
     </orgName>
    </publisher>
    <availability>
     <p id="4f2c43ae-8e0a-4e11-b82b-bab139eb8b4f">
      Тексты и метатекстовая разметка доступны для свободного использования и распространения по лицензии Creative Commons Attribution Share-Alike (cc by-sa)
     </p>
    </availability>
    <date from="2015" to="2022"/>
   </publicationStmt>
   <notesStmt>
    <note>
     Публикуемые документы был получены с сайта tolstoy.ru в формате html, переведены в формат TEI. Исправлены некоторые ошибки распознавания. Тексты, написанные в дореформенной орфографии, сопоставлены с их версиями в современной орфографии.
    </note>
   </notesStmt>
   <sourceDesc>
    <biblStruct>
     <analytic>
      <author>
       Толстой Лев Николаевич
      </author>
     </analytic>
     <monogr>
      <title level="m">
       Полное собрание сочинений. Том 61
      </title>
      <imprint>
       <pubPlace>
        Москва
       </pubPlace>
       <publisher>
        Государственное издательство «Художественная литература»
       </publisher>
       <date when="1953"/>
      </imprint>
      <biblScope unit="vol">
       61
      </biblScope>
      <biblScope unit="page">
       192-192
      </biblScope>
     </monogr>
     <series>
      <title level="s">
       Л. Н. Толстой. Полное собрание сочинений: в 90 тт.
      </title>
     </series>
    </biblStruct>
    <bibl>
     Публикуется впервые
    </bibl>
   </sourceDesc>
  </fileDesc>
  <encodingDesc>
   <classDecl>
    <xi:include href="../../reference/taxonomy.xml"/>
   </classDecl>
  </encodingDesc>
  <profileDesc>
   <correspDesc>
    <correspAction type="sending">
     <persName ref="13883">
      Л. Н. Толстой
     </persName>
     <placeName>
      Ясная Поляна
     </placeName>
     <date when="1868-01-20"/>
    </correspAction>
    <correspAction type="receiving">
     <persName ref="999">
      Бартенев Петр Иванович
     </persName>
    </correspAction>
   </correspDesc>
   <langUsage>
    <language ident="ru"/>
   </langUsage>
   <textClass>
    <catRef ana="#tolstoy_heritage" target="library"/>
    <catRef ana="#letters" target="type"/>
    <catRef ana="#sent" target="sent"/>
   </textClass>
  </profileDesc>
 </teiHeader>
 <xenoData>
  <number type="in a volume">
   251
  </number>
 </xenoData>
 <text xml:id="P__I__Bartenevu_251" xmlns="http://www.tei-c.org/ns/1.0" xmlns:xi="http://www.w3.org/2001/XInclude">
  <body>
   <div>
    <pb n="192"/>
    <opener index="false">
     * 251.
     <name placement="text" ref="999" type="person">
      П. И. Бартеневу
     </name>
     .1868 г. Января 20...21. Я. П.
    </opener>
    <p id="1c42724c-2cae-4923-94ef-581e8c9a74b0">
     Не понимаю, отчего за мной задержка, тогда как я с тех пор, как уехал,
     <ref target="#note1">
      1
     </ref>
     <note index="false" resp="volume_editor" xml:id="note1">
      Толстой был в Москве в последних числах декабря 1867 г. (в связи с нервным ударом у А. Е. Берса, случившимся 28 декабря) и с 16 по 19 января 1868 г.
     </note>
     не получал ни одного листа коректур, а рукопись часть отослал, и окончание 4-го тома лежит у меня готовое и пошлется послезавтра с Дьяковым.
    </p>
    <p id="7a281f9f-e3fa-4325-aa47-e3ccbd0e56ac">
     Пожалуйста припугните Риса. Насчет уступки 30 с 400
     <choice original_editorial_correction="экз[емпляров]">
      <sic>
       экз
      </sic>
      <corr>
       экземпляров
      </corr>
     </choice>
     я никак не согласен, 20 — да. Те же 400
     <choice original_editorial_correction="экз[емпляров]">
      <sic>
       экз
      </sic>
      <corr>
       экземпляров
      </corr>
     </choice>
     ,
     <choice original_editorial_correction="кот[орые]">
      <sic>
       кот
      </sic>
      <corr>
       которые
      </corr>
     </choice>
     возьмет Рис с уступкой 30, разойдутся по книгопродавцам с уступкой 20 и потому нет расчета.
    </p>
    <p id="a8cc1728-e939-4aab-ba99-8b3a68f85e86">
     Ежели можно опять вставить муху на дорогом
     <choice original_editorial_correction="мертв[ом]">
      <sic>
       мертв
      </sic>
      <corr>
       мертвом
      </corr>
     </choice>
     лице,
     <ref target="#note2">
      2
     </ref>
     <note index="false" resp="volume_editor" xml:id="note2">
      T. IV, ч. II, гл. V, стр. 157 первого и т. III, ч. II, гл. V современных изданий.
     </note>
     то вставьте ее.
    </p>
    <p id="c7145ec7-30e1-40f1-9854-41db6b40c08c">
     Французское всё исправно, но надо перевести, особенно выписки из Тьера.
     <ref target="#note3">
      3
     </ref>
     <note index="false" resp="volume_editor" xml:id="note3">
      Выписки, взятые из книги французского историка Луи-Адольфа Тьера «Histoire de Consulat et de l’Empire»
      <hi rend="italic">
       «История Консульства и Империи»
      </hi>
      , X, 1856, р. 249—250. См. т. IV, ч. II, гл. VII первого и т. III (11), ч. II, гл. VII настоящего издания.
     </note>
    </p>
    <p id="920b4ad0-053f-4c74-bc08-e6a73a270f35">
     Сам я не приеду и не могу, и не следует, пока не будет кончено печатание 4-го тома,
     <ref target="#note4">
      4
     </ref>
     <note index="false" resp="volume_editor" xml:id="note4">
      Печатание IV тома было закончено лишь в марте 1868 г.
     </note>
     и рукопись 5-го тома будет в порядке, что будет очень скоро. —
    </p>
    <p id="84c1302a-4132-42e1-a74a-1bbbf8da66e5">
     Предисловие мое почти готово,
     <ref target="#note5">
      5
     </ref>
     <note index="false" resp="volume_editor" xml:id="note5">
      См. прим. 1 к письму № 246.
     </note>
     и только вы напечатайте, а я непременно и очень скоро пришлю или привезу вам. — До свиданья; дружески жму вам руку. —
    </p>
    <p id="9b4ff4e9-fc77-4cc6-a914-ecaea56aa71d" rend="right">
     <name placement="text" ref="13883" type="person">
      Гр. Л. Толстой
     </name>
     .
    </p>
    <noteGrp type="comments">
     <note index="false" type="comments">
      <p id="8d9ef667-6262-4295-a7eb-769c8823a171" rend="Textpetit_otstup left">
       Дата определяется по неопубликованной записке П. И. Бартенева к М. С. Башилову от 20 января 1868 г.: «Многоуважаемый Михаил Сергеевич, промелькнувший здесь граф Толстой поручил мне попросить вас, нельзя ли вам перерисовать прилагаемый план Бородинского сражения в такую величину, чтобы план поместился в тексте его романа (в 4-й части) и заказать деревяшку Рихау, а деньги получить от меня». Ср. прим.
       <hi style="opdelimiter">
        1.
       </hi>
      </p>
     </note>
    </noteGrp>
   </div>
  </body>
 </text>
</TEI>
