<?xml version="1.0" encoding="utf-8"?>
<TEI xmlns="http://www.tei-c.org/ns/1.0" xmlns:xi="http://www.w3.org/2001/XInclude">
 <teiHeader>
  <fileDesc>
   <titleStmt>
    <title xml:id="v61_265_P_I_Bartenevu">
     Письма и документы. Tolstoy Digital
    </title>
    <title type="main">
     Письмо П. И. Бартеневу с 1 августа 1868 г. по 31 августа 1868 г.
    </title>
    <title type="bibl">
     Толстой Л. Н. Письмо П. И. Бартеневу, 1 августа 1868 г. — 31 августа 1868 г. // Толстой Л. Н. Полное собрание сочинений: в 90 тт. Т. 61. М.: Гос. изд. «Художественная литература», 1953. С.
    </title>
    <respStmt>
     <resp>
      Идея, постановка задач, руководство:
     </resp>
     <name>
      Анастасия Бонч-Осмоловская, Фёкла Толстая, Борис Орехов, Тимофей Лукашевский
     </name>
    </respStmt>
    <respStmt>
     <resp>
      Подготовка TEI/XML:
     </resp>
     <name>
      Евгений Можаев, Даниил Скоринкин, Ирина Павлова, Матвей Колбасов, Елена Сидорова, Кирилл Милинцевич, Лев Буланов, Макар Федоров, Константин Петров
     </name>
    </respStmt>
    <respStmt>
     <resp>
      Подготовка метаданных:
     </resp>
     <name>
      Мария Картышева, Вероника Файнберг
     </name>
    </respStmt>
    <respStmt>
     <resp>
      Разметка имен собственных:
     </resp>
     <name>
      Никита Северин, Елена Северина
     </name>
    </respStmt>
    <respStmt>
     <resp>
      Исправление древнегреческого текста:
     </resp>
     <name>
      Ольга Алиева
     </name>
    </respStmt>
    <funder>
     Проект «Слово Толстого»
    </funder>
   </titleStmt>
   <publicationStmt>
    <publisher>
     <orgName>
      Tolstoy Digital, DH CLOUD, Научно-образовательный союз «Родное Слово» проект «Слово Толстого»
     </orgName>
    </publisher>
    <availability>
     <p id="4c657e16-e9b0-4884-b046-f48299ffdf8c">
      Тексты и метатекстовая разметка доступны для свободного использования и распространения по лицензии Creative Commons Attribution Share-Alike (cc by-sa)
     </p>
    </availability>
    <date from="2015" to="2022"/>
   </publicationStmt>
   <notesStmt>
    <note>
     Публикуемые документы был получены с сайта tolstoy.ru в формате html, переведены в формат TEI. Исправлены некоторые ошибки распознавания. Тексты, написанные в дореформенной орфографии, сопоставлены с их версиями в современной орфографии.
    </note>
   </notesStmt>
   <sourceDesc>
    <biblStruct>
     <analytic>
      <author>
       Толстой Лев Николаевич
      </author>
     </analytic>
     <monogr>
      <title level="m">
       Полное собрание сочинений. Том 61
      </title>
      <imprint>
       <pubPlace>
        Москва
       </pubPlace>
       <publisher>
        Государственное издательство «Художественная литература»
       </publisher>
       <date when="1953"/>
      </imprint>
      <biblScope unit="vol">
       61
      </biblScope>
      <biblScope unit="page">
       204-204
      </biblScope>
     </monogr>
     <series>
      <title level="s">
       Л. Н. Толстой. Полное собрание сочинений: в 90 тт.
      </title>
     </series>
    </biblStruct>
    <bibl>
     Публикуется впервые
    </bibl>
   </sourceDesc>
  </fileDesc>
  <encodingDesc>
   <classDecl>
    <xi:include href="../../reference/taxonomy.xml"/>
   </classDecl>
  </encodingDesc>
  <profileDesc>
   <correspDesc>
    <correspAction type="sending">
     <persName ref="13883">
      Л. Н. Толстой
     </persName>
     <placeName>
      Ясная Поляна
     </placeName>
     <date notAfter="1868-08-31" notBefore="1868-08-01"/>
    </correspAction>
    <correspAction type="receiving">
     <persName ref="999">
      Бартенев Петр Иванович
     </persName>
    </correspAction>
   </correspDesc>
   <langUsage>
    <language ident="ru"/>
   </langUsage>
   <textClass>
    <catRef ana="#tolstoy_heritage" target="library"/>
    <catRef ana="#letters" target="type"/>
    <catRef ana="#sent" target="sent"/>
   </textClass>
  </profileDesc>
 </teiHeader>
 <xenoData>
  <number type="in a volume">
   265
  </number>
 </xenoData>
 <text xml:id="P__I__Bartenevu_265" xmlns="http://www.tei-c.org/ns/1.0" xmlns:xi="http://www.w3.org/2001/XInclude">
  <body>
   <div>
    <pb n="204"/>
    <opener index="false">
     * 265.
     <name placement="text" ref="999" type="person">
      П. И. Бартеневу
     </name>
     .1868 г. Августа первая половина. Я. П.
    </opener>
    <p id="66e6eabc-73ba-4740-bf1c-8d90f8f7f17a">
     Будьте так добры, любезный Петр Иваныч, передайте моему старшему шурину, А. Берсу, те листы 5-го тома, которые напечатаны.
     <ref target="#note1">
      1
     </ref>
     <note index="false" resp="volume_editor" xml:id="note1">
      <name placement="note" ref="1321" type="person">
       Александр Андреевич Берс
      </name>
      6 ноября 1868 г. писал Толстому: «Предполагая, что ты еще не читал статью Драгомирова по поводу твоего романа, и помня, что ты мне как-то говорил, что это единственная одна статья, которая могла бы тебя интересовать, я спешу тебе выслать... Оттиски, которые ты мне давал, произвели на меня большой эффект, они ходили по всем великокняжеским кругам».
     </note>
     Г-же Кулебякиной тоже дайте. —
    </p>
    <p id="98f3551a-9702-48f1-be94-0c836e028af3">
     Я вам не отвечал, потому что получил ваше письмо 29 и ждал вас на другой, на третий день и до сих пор жду.
    </p>
    <p id="f2300548-00e5-45e8-b109-2a6b397a2ce5">
     Я сам всё сбираюсь в Москву, но не поеду без окончания коректур; а всё не могу. Приезжайте, пожалуйста. Я бы очень, очень рад был. —
    </p>
    <p id="a02ef68d-72a1-4c83-9ac0-7b53bba3b3c6" rend="right">
     Ваш Л. Толстой.
    </p>
    <lb/>
    <p id="2aa76573-bc32-4f8b-ada0-e79c0f0ad05c">
     <hi>
      На четвертой странице:
     </hi>
    </p>
    <p id="f3d0eb07-54f2-43d8-bf44-f04544ee86b3">
     Его высокоблагородию
     <name placement="text" ref="999" type="person">
      Петру Ивановичу Бартеневу
     </name>
     .
    </p>
    <noteGrp type="comments">
     <note index="false" type="comments">
      <p id="5dc7ac70-9baf-4fdb-9875-dade961b0066" rend="Textpetit_otstup left">
       Датируется предположительно упоминанием о пятом томе «Войны и мира» и связью с письмом № 264.
      </p>
     </note>
    </noteGrp>
   </div>
  </body>
 </text>
</TEI>
