<?xml version="1.0" encoding="utf-8"?>
<TEI xmlns="http://www.tei-c.org/ns/1.0" xmlns:xi="http://www.w3.org/2001/XInclude">
 <teiHeader>
  <fileDesc>
   <titleStmt>
    <title xml:id="v61_156_l">
     Письма и документы. Tolstoy Digital
    </title>
    <title type="main">
     Письмо Д. А., Д. А. и М. Д. Дьяковым, С. Р. Войткевич и Т. А. Берс от 21 декабря 1865 г.
    </title>
    <title type="bibl">
     Толстой Л. Н. Письмо Д. А., Д. А. и М. Д. Дьяковым, С. Р. Войткевич и Т. А. Берс, 21 декабря 1865 г. // Толстой Л. Н. Полное собрание сочинений: в 90 тт. Т. 61. М.: Гос. изд. «Художественная литература», 1953. С.
    </title>
    <respStmt>
     <resp>
      Идея, постановка задач, руководство:
     </resp>
     <name>
      Анастасия Бонч-Осмоловская, Фёкла Толстая, Борис Орехов, Тимофей Лукашевский
     </name>
    </respStmt>
    <respStmt>
     <resp>
      Подготовка TEI/XML:
     </resp>
     <name>
      Евгений Можаев, Даниил Скоринкин, Ирина Павлова, Матвей Колбасов, Елена Сидорова, Кирилл Милинцевич, Лев Буланов, Макар Федоров, Константин Петров
     </name>
    </respStmt>
    <respStmt>
     <resp>
      Подготовка метаданных:
     </resp>
     <name>
      Мария Картышева, Вероника Файнберг
     </name>
    </respStmt>
    <respStmt>
     <resp>
      Разметка имен собственных:
     </resp>
     <name>
      Никита Северин, Елена Северина
     </name>
    </respStmt>
    <respStmt>
     <resp>
      Исправление древнегреческого текста:
     </resp>
     <name>
      Ольга Алиева
     </name>
    </respStmt>
    <funder>
     Проект «Слово Толстого»
    </funder>
   </titleStmt>
   <publicationStmt>
    <publisher>
     <orgName>
      Tolstoy Digital, DH CLOUD, Научно-образовательный союз «Родное Слово» проект «Слово Толстого»
     </orgName>
    </publisher>
    <availability>
     <p id="1c97f4b3-8c1b-4a23-987b-d506ad517473">
      Тексты и метатекстовая разметка доступны для свободного использования и распространения по лицензии Creative Commons Attribution Share-Alike (cc by-sa)
     </p>
    </availability>
    <date from="2015" to="2022"/>
   </publicationStmt>
   <notesStmt>
    <note>
     Публикуемые документы был получены с сайта tolstoy.ru в формате html, переведены в формат TEI. Исправлены некоторые ошибки распознавания. Тексты, написанные в дореформенной орфографии, сопоставлены с их версиями в современной орфографии.
    </note>
   </notesStmt>
   <sourceDesc>
    <biblStruct>
     <analytic>
      <author>
       Толстой Лев Николаевич
      </author>
     </analytic>
     <monogr>
      <title level="m">
       Полное собрание сочинений. Том 61
      </title>
      <imprint>
       <pubPlace>
        Москва
       </pubPlace>
       <publisher>
        Государственное издательство «Художественная литература»
       </publisher>
       <date when="1953"/>
      </imprint>
      <biblScope unit="vol">
       61
      </biblScope>
      <biblScope unit="page">
       126-126
      </biblScope>
     </monogr>
     <series>
      <title level="s">
       Л. Н. Толстой. Полное собрание сочинений: в 90 тт.
      </title>
     </series>
    </biblStruct>
    <bibl>
     Публикуется впервые
    </bibl>
   </sourceDesc>
  </fileDesc>
  <encodingDesc>
   <classDecl>
    <xi:include href="../../reference/taxonomy.xml"/>
   </classDecl>
  </encodingDesc>
  <profileDesc>
   <correspDesc>
    <correspAction type="sending">
     <persName ref="13883">
      Л. Н. Толстой
     </persName>
     <placeName>
      Ясная Поляна
     </placeName>
     <date when="1865-12-21"/>
    </correspAction>
    <correspAction type="receiving">
     <persName ref="7286">
      Кузминская Татьяна Андреевна, рожд. Берс
     </persName>
     <persName ref="4744">
      Дьякова Софья Робертовна
     </persName>
     <persName ref="6705">
      Колокольцева Мария Дмитриевна, рожд. Дьякова
     </persName>
     <persName ref="4739">
      Дьяков Дмитрий Алексеевич
     </persName>
     <persName ref="4741">
      Дьякова Дарья Александровна
     </persName>
    </correspAction>
   </correspDesc>
   <langUsage>
    <language ident="ru"/>
   </langUsage>
   <textClass>
    <catRef ana="#tolstoy_heritage" target="library"/>
    <catRef ana="#letters" target="type"/>
    <catRef ana="#sent" target="sent"/>
   </textClass>
  </profileDesc>
 </teiHeader>
 <xenoData>
  <number type="in a volume">
   156
  </number>
 </xenoData>
 <text xml:id="l_156" xmlns="http://www.tei-c.org/ns/1.0" xmlns:xi="http://www.w3.org/2001/XInclude">
  <body>
   <div>
    <pb n="126"/>
    <opener index="false">
     * 156. Д. А., Д. А. и М. Д. Дьяковым, С. Р. Войткевич и Т. А. Берс.1865 г. Декабря 21. Я. П.
    </opener>
    <p id="e14c0ca7-ba12-44b9-8097-00ac51ebc49a">
     Одно только могу прибавить ко всем словам Сони,
     <ref target="#note1">
      1
     </ref>
     <note index="false" resp="volume_editor" xml:id="note1">
      С. А. Толстая звала Дьяковых приехать на рождество в Ясную Поляну.
     </note>
     которые подтверждаю и повторяю — именно, что помещение ваше не сделает никаких затруднений. Мы с тобой с Дмитрием поместимся (для ночлега только, разумеется) во флигеле, где уже теперь топится, так что дамам не будет тесно. — И всегда, а теперь особенно желаю вам здоровья,
     <choice original_editorial_correction="Дар[ья]">
      <sic>
       Дар
      </sic>
      <corr>
       <name placement="text" ref="4741" type="person">
        Дарья
       </name>
      </corr>
     </choice>
     <choice original_editorial_correction="Алек[сандровна]">
      <sic>
       <name placement="text" ref="4741" type="person">
        Алек
       </name>
      </sic>
      <corr>
       <name placement="text" ref="4741" type="person">
        Александровна
       </name>
      </corr>
     </choice>
     .
    </p>
    <p id="6ac81071-31b6-4954-aeeb-4fd9c32ba73e">
     Милая Таня! Очень благодарю тебя за твой ответ
     <ref target="#note2">
      2
     </ref>
     <note index="false" resp="volume_editor" xml:id="note2">
      Письмо от 25 ноября, см. в воспоминаниях Т. А. Кузминской «Моя жизнь дома и в Ясной Поляне», III, стр. 87—88.
     </note>
     на мое письмо
     <ref target="#note3">
      3
     </ref>
     <note index="false" resp="volume_editor" xml:id="note3">
      <ref target="file:///Volume_61_T__A__Bers_150.xml">
       См. письмо № 150
      </ref>
      .
     </note>
     . Я именно такого и ждал и очень был ему рад. Крепись и подкрепляй Дьяковых в их намереньи.
    </p>
    <noteGrp type="comments">
     <note index="false" type="comments">
      <p id="6d599523-4b1f-4c69-ba39-5900ab887bbb" rend="Textpetit_otstup left">
       Приписка к письму С. А. Толстой от 21 декабря 1865 г.
      </p>
     </note>
    </noteGrp>
   </div>
  </body>
 </text>
</TEI>
