<?xml version="1.0" encoding="utf-8"?>
<TEI xmlns="http://www.tei-c.org/ns/1.0" xmlns:xi="http://www.w3.org/2001/XInclude">
 <teiHeader>
  <fileDesc>
   <titleStmt>
    <title xml:id="v62_015_A_A_Fetu">
     Письма и документы. Tolstoy Digital
    </title>
    <title type="main">
     Письмо А. А. Фету с 1 марта 1873 г. по 31 марта 1873 г.
    </title>
    <title type="bibl">
     Толстой Л. Н. Письмо А. А. Фету, 1 марта 1873 г. — 31 марта 1873 г. // Толстой Л. Н. Полное собрание сочинений: в 90 тт. Т. 62. М.: Гос. изд. «Художественная литература», 1953. С.
    </title>
    <respStmt>
     <resp>
      Идея, постановка задач, руководство:
     </resp>
     <name>
      Анастасия Бонч-Осмоловская, Фёкла Толстая, Борис Орехов, Тимофей Лукашевский
     </name>
    </respStmt>
    <respStmt>
     <resp>
      Подготовка TEI/XML:
     </resp>
     <name>
      Евгений Можаев, Даниил Скоринкин, Ирина Павлова, Матвей Колбасов, Елена Сидорова, Кирилл Милинцевич, Лев Буланов, Макар Федоров, Константин Петров
     </name>
    </respStmt>
    <respStmt>
     <resp>
      Подготовка метаданных:
     </resp>
     <name>
      Мария Картышева, Вероника Файнберг
     </name>
    </respStmt>
    <respStmt>
     <resp>
      Разметка имен собственных:
     </resp>
     <name>
      Никита Северин, Елена Северина
     </name>
    </respStmt>
    <respStmt>
     <resp>
      Исправление древнегреческого текста:
     </resp>
     <name>
      Ольга Алиева
     </name>
    </respStmt>
    <funder>
     Проект «Слово Толстого»
    </funder>
   </titleStmt>
   <publicationStmt>
    <publisher>
     <orgName>
      Tolstoy Digital, DH CLOUD, Научно-образовательный союз «Родное Слово» проект «Слово Толстого»
     </orgName>
    </publisher>
    <availability>
     <p id="0b62268b-ccc9-43f7-bc5f-e746f6587ab5">
      Тексты и метатекстовая разметка доступны для свободного использования и распространения по лицензии Creative Commons Attribution Share-Alike (cc by-sa)
     </p>
    </availability>
    <date from="2015" to="2022"/>
   </publicationStmt>
   <notesStmt>
    <note>
     Публикуемые документы был получены с сайта tolstoy.ru в формате html, переведены в формат TEI. Исправлены некоторые ошибки распознавания. Тексты, написанные в дореформенной орфографии, сопоставлены с их версиями в современной орфографии.
    </note>
   </notesStmt>
   <sourceDesc>
    <biblStruct>
     <analytic>
      <author>
       Толстой Лев Николаевич
      </author>
     </analytic>
     <monogr>
      <title level="m">
       Полное собрание сочинений. Том 62
      </title>
      <imprint>
       <pubPlace>
        Москва
       </pubPlace>
       <publisher>
        Государственное издательство «Художественная литература»
       </publisher>
       <date when="1953"/>
      </imprint>
      <biblScope unit="vol">
       62
      </biblScope>
      <biblScope unit="page">
       19-20
      </biblScope>
     </monogr>
     <series>
      <title level="s">
       Л. Н. Толстой. Полное собрание сочинений: в 90 тт.
      </title>
     </series>
    </biblStruct>
    <bibl>
     Публикуется впервые
    </bibl>
   </sourceDesc>
  </fileDesc>
  <encodingDesc>
   <classDecl>
    <xi:include href="../../reference/taxonomy.xml"/>
   </classDecl>
  </encodingDesc>
  <profileDesc>
   <correspDesc>
    <correspAction type="sending">
     <persName ref="13883">
      Л. Н. Толстой
     </persName>
     <placeName>
      Ясная Поляна
     </placeName>
     <date notAfter="1873-03-31" notBefore="1873-03-01"/>
    </correspAction>
    <correspAction type="receiving">
     <persName ref="14499">
      Фет Афанасий Афанасьевич (Шеншин)
     </persName>
    </correspAction>
   </correspDesc>
   <langUsage>
    <language ident="ru"/>
   </langUsage>
   <textClass>
    <catRef ana="#tolstoy_heritage" target="library"/>
    <catRef ana="#letters" target="type"/>
    <catRef ana="#sent" target="sent"/>
   </textClass>
  </profileDesc>
 </teiHeader>
 <xenoData>
  <number type="in a volume">
   15
  </number>
 </xenoData>
 <text xml:id="A.A.Fetu_15" xmlns="http://www.tei-c.org/ns/1.0" xmlns:xi="http://www.w3.org/2001/XInclude">
  <body>
   <div>
    <pb n="19"/>
    <opener index="false">
     * 15.
     <name placement="text" ref="14499" type="person">
      А. А. Фету
     </name>
     .1873 г. Март... апрель. Я. П.
    </opener>
    <p id="88c183f5-433e-4d14-ad79-d496f2d88c22">
     Хотел ехать встречать дорогую гостью; но боюсь стеснить.
     <name placement="text" ref="6261" type="person">
      Федор
     </name>
     <name placement="text" ref="6261" type="person">
      Федорович
     </name>
     <ref target="#note1">
      1
     </ref>
     <note index="false" resp="volume_editor" xml:id="note1">
      <name placement="text" ref="6261" type="person">
       Ф. Ф. Кауфман
      </name>
      — с 1872 по 1874 г. гувернер сыновей Толстого, живший раньше у родственника Фета, И. П. Борисова.
     </note>
     сказал мне, что Марья Петровна предпочитает открытые сани, поэтому посылаю открытые; но советую воспользоваться полостью и поставить ее в защиту от ветра с правой стороны.
    </p>
    <lb/>
    <p id="3f146dcd-70c3-496d-8029-081e8962327d">
     <hi>
      На четвертой странице:
     </hi>
     Е. в. Афанасью Афанасьевичу
     <hi style="opdelimiter">
      Фет.
     </hi>
    </p>
    <noteGrp type="comments">
     <note index="false" type="comments">
      <p id="69084463-58b6-413a-af45-99d2f44a60a4" rend="Textpetit_otstup left">
       <pb n="20"/>
       <hi style="npdelimiter">
        Год
       </hi>
       проставлен на автографе рукой А. А. Фета; месяц определяется сопоставлением с письмом С. А. Толстой к Т. А. Кузминской от 26 апреля 1873 г., в котором она сообщала о приезде в Ясную Поляну М. П. Фет.
      </p>
     </note>
    </noteGrp>
   </div>
  </body>
 </text>
</TEI>
