<?xml version="1.0" encoding="utf-8"?>
<TEI xmlns="http://www.tei-c.org/ns/1.0" xmlns:xi="http://www.w3.org/2001/XInclude">
 <teiHeader>
  <fileDesc>
   <titleStmt>
    <title xml:id="v62_074_N_N_Straxovu">
     Письма и документы. Tolstoy Digital
    </title>
    <title type="main">
     Письмо Н. Н. Страхову от 10 мая 1874 г.
    </title>
    <title type="bibl">
     Толстой Л. Н. Письмо Н. Н. Страхову, 10 мая 1874 г. // Толстой Л. Н. Полное собрание сочинений: в 90 тт. Т. 62. М.: Гос. изд. «Художественная литература», 1953. С.
    </title>
    <respStmt>
     <resp>
      Идея, постановка задач, руководство:
     </resp>
     <name>
      Анастасия Бонч-Осмоловская, Фёкла Толстая, Борис Орехов, Тимофей Лукашевский
     </name>
    </respStmt>
    <respStmt>
     <resp>
      Подготовка TEI/XML:
     </resp>
     <name>
      Евгений Можаев, Даниил Скоринкин, Ирина Павлова, Матвей Колбасов, Елена Сидорова, Кирилл Милинцевич, Лев Буланов, Макар Федоров, Константин Петров
     </name>
    </respStmt>
    <respStmt>
     <resp>
      Подготовка метаданных:
     </resp>
     <name>
      Мария Картышева, Вероника Файнберг
     </name>
    </respStmt>
    <respStmt>
     <resp>
      Разметка имен собственных:
     </resp>
     <name>
      Никита Северин, Елена Северина
     </name>
    </respStmt>
    <respStmt>
     <resp>
      Исправление древнегреческого текста:
     </resp>
     <name>
      Ольга Алиева
     </name>
    </respStmt>
    <funder>
     Проект «Слово Толстого»
    </funder>
   </titleStmt>
   <publicationStmt>
    <publisher>
     <orgName>
      Tolstoy Digital, DH CLOUD, Научно-образовательный союз «Родное Слово» проект «Слово Толстого»
     </orgName>
    </publisher>
    <availability>
     <p id="59c3e133-23ed-418a-9941-d7c90ee0f97c">
      Тексты и метатекстовая разметка доступны для свободного использования и распространения по лицензии Creative Commons Attribution Share-Alike (cc by-sa)
     </p>
    </availability>
    <date from="2015" to="2022"/>
   </publicationStmt>
   <notesStmt>
    <note>
     Публикуемые документы был получены с сайта tolstoy.ru в формате html, переведены в формат TEI. Исправлены некоторые ошибки распознавания. Тексты, написанные в дореформенной орфографии, сопоставлены с их версиями в современной орфографии.
    </note>
   </notesStmt>
   <sourceDesc>
    <biblStruct>
     <analytic>
      <author>
       Толстой Лев Николаевич
      </author>
     </analytic>
     <monogr>
      <title level="m">
       Полное собрание сочинений. Том 62
      </title>
      <imprint>
       <pubPlace>
        Москва
       </pubPlace>
       <publisher>
        Государственное издательство «Художественная литература»
       </publisher>
       <date when="1953"/>
      </imprint>
      <biblScope unit="vol">
       62
      </biblScope>
      <biblScope unit="page">
       88-89
      </biblScope>
     </monogr>
     <series>
      <title level="s">
       Л. Н. Толстой. Полное собрание сочинений: в 90 тт.
      </title>
     </series>
    </biblStruct>
    <bibl/>
   </sourceDesc>
  </fileDesc>
  <encodingDesc>
   <classDecl>
    <xi:include href="../../reference/taxonomy.xml"/>
   </classDecl>
  </encodingDesc>
  <profileDesc>
   <correspDesc>
    <correspAction type="sending">
     <persName ref="13883">
      Л. Н. Толстой
     </persName>
     <placeName>
      Ясная Поляна
     </placeName>
     <date when="1874-05-10"/>
    </correspAction>
    <correspAction type="receiving">
     <persName ref="13258">
      Страхов Николай Николаевич
     </persName>
    </correspAction>
   </correspDesc>
   <langUsage>
    <language ident="ru"/>
   </langUsage>
   <textClass>
    <catRef ana="#tolstoy_heritage" target="library"/>
    <catRef ana="#letters" target="type"/>
    <catRef ana="#sent" target="sent"/>
   </textClass>
  </profileDesc>
 </teiHeader>
 <xenoData>
  <number type="in a volume">
   74
  </number>
 </xenoData>
 <text xml:id="N.N.Straxovu_74" xmlns="http://www.tei-c.org/ns/1.0" xmlns:xi="http://www.w3.org/2001/XInclude">
  <body>
   <div>
    <pb n="88"/>
    <opener index="false">
     74. H. Н. Страхову.
     <lb/>
     1874 г. Мая 10. Я. П.
    </opener>
    <p id="2b327cb4-b19f-4ff9-9c69-94e29a0c9d17" rend="right">
     <hi>
      10 мая.
     </hi>
    </p>
    <p id="599ed7cb-8155-451d-87e6-4fe654e7c174">
     Истинная правда, что вы всё умеете понимать, дорогой
     <name placement="text" ref="13258" type="person">
      Николай Николаевич
     </name>
     . Это я подумал, и это сказала жена, прочтя ваше последнее письмо, «Они тупы и рьяны».
     <ref target="#note1">
      1
     </ref>
     <note index="false" resp="volume_editor" xml:id="note1">
      Слова Страхова о педагогах, с которыми Толстой готовился вступить в борьбу. См. ПС, стр. 46.
     </note>
     Правда, что это страшно, но le vin est tire, il faut le boire.
     <ref target="#note2">
      2
     </ref>
     <note index="false" resp="volume_editor" xml:id="note2">
      <hi rend="italic">
       вино откупорено, надо его пить.
      </hi>
      (Французская поговорка.)
     </note>
     Теперь даже пишу статью,
     <ref target="#note3">
      3
     </ref>
     <note index="false" resp="volume_editor" xml:id="note3">
      «О народном образовании».
     </note>
     в виде своей педагогической profession de foi.
     <ref target="#note4">
      4
     </ref>
     <note index="false" resp="volume_editor" xml:id="note4">
      [исповедание
      <hi style="opdelimiter">
       веры.]
      </hi>
     </note>
     В заседании Комитета
     <choice original_editorial_correction="грам[отности]">
      <sic>
       грам
      </sic>
      <corr>
       грамотности
      </corr>
     </choice>
     стенографистка
     <hi style="opdelimiter">
      обиделась
     </hi>
     <pb n="89"/>
     <hi style="npdelimiter">
      на
     </hi>
     что-то и не даст отчета, и Шатилов просил меня написать ему то, что я говорил, и я стал писать и, разумеется, написал другое. Пожалуйста, не ждите чего-нибудь хорошего и умного. Тут настоящего ума и поместить некуда. Всё это так низменно и мелко, но меня это забрало заживо. Ошибаюсь я или нет, но я твердо убежден, что я могу дело народного образования поставить на такую ногу, на
     <choice original_editorial_correction="кот[орой]">
      <sic>
       кот
      </sic>
      <corr>
       которой
      </corr>
     </choice>
     оно не стоит и не стояло нигде в Европе, и что для этого ничего не нужно, кроме того, чтобы кто не любит и не знает этого дела, не брался за него. — Я пошел здесь в двух уездах — Чернском и Крапивенском — в члены
     <choice original_editorial_correction="училищн[ого]">
      <sic>
       училищн
      </sic>
      <corr>
       училищного
      </corr>
     </choice>
     совета и надеюсь повести это дело в больших размерах.
     <ref target="#note5">
      5
     </ref>
     <note index="false" resp="volume_editor" xml:id="note5">
      Судя по сохранившемуся в ГМТ началу отчета за 1875 г. (см. т. 17, стр. 337), а также другим документам, Толстой был членом училищного совета от земства и помощником предводителя дворянства Крапивенского уезда, то есть фактически нес обязанности председателя Крапивенского училищного совета.
     </note>
     Последнее время занимался — чем бы вы думали? — Грамматикой,
     <ref target="#note6">
      6
     </ref>
     <note index="false" resp="volume_editor" xml:id="note6">
      На первом наброске «Грамматики для сельских школ» авторская дата — 20 апреля 1874 г. К этой работе Толстой возвращался в течение года неоднократно, но закончена она не была.
     </note>
     и составил, как мне кажется, для народных школ такое, какое нужно, руководство этимологии и синтаксиса. Т. е. составил в голове и кратких записках для себя; но уже испытываю это в своей школе, и, кажется, что хорошо. —
    </p>
    <p id="3f81df2d-a062-4dba-b259-19730bd69f0d">
     Роман мой лежит.
     <choice original_editorial_correction="Типограф[ия]">
      <sic>
       Типограф
      </sic>
      <corr>
       Типография
      </corr>
     </choice>
     Каткова медлит — по месяцу один лист; а я и рад. Очень интересно мне будет прочесть из него вам что-нибудь и узнать ваше мнение. Откровенно скажу, мне он теперь совсем не нравится.
    </p>
    <p id="e71658de-7a23-47c5-8d9c-e3bd0ef6f8dc">
     Не читал вашей статьи о Пушкине в Складчине,
     <ref target="#note7">
      7
     </ref>
     <note index="false" resp="volume_editor" xml:id="note7">
      В сборнике «Складчина» была помещена статья Страхова «Заметки о Пушкине» (стр. 561—587).
     </note>
     но прочту. Я слышал о ней с разных сторон. Самое приятное было от
     <choice original_editorial_correction="петерб[ургского]">
      <sic>
       петерб
      </sic>
      <corr>
       петербургского
      </corr>
     </choice>
     господина в вагоне. Не зная ни меня, ни моих отношений с вами, он, хваля «Складчину», сказал: интересно то, что все тут есть: например, Страхова все бранят (я понял, что он читает), а, право, — как бы извиняясь — его статья о Пушкине — прекрасная. Не разобрал в вашем письме, в ию
     <hi>
      н
     </hi>
     е или ию
     <hi>
      л
     </hi>
     е вы обещаете приехать. Как бы хорошо было, если бы в июне. Мне так хочется вас видеть, говорить с вами.
    </p>
    <p id="096aaf11-28c8-4e39-8e1b-be58ac91ca37" rend="right">
     Ваш Л. Толстой.
    </p>
    <noteGrp type="comments">
     <note index="false" type="comments">
      <p id="ed3aeb49-39c4-4f75-b4d0-858d7eb79a94" rend="Textpetit_otstup left">
       Впервые опубликовано в книге «
       <name placement="comments" ref="13883" type="person">
        Лев Николаевич Толстой
       </name>
       . Сборник статей и материалов», М. 1951, стр. 669—670. Год определяется на основании пометки Страхова на автографе: «10 мая 1874 г.». Ответ на письмо Страхова от 19 апреля...начала мая (ПС, стр. 44—46).
      </p>
     </note>
    </noteGrp>
   </div>
  </body>
 </text>
</TEI>
