<?xml version="1.0" encoding="utf-8"?>
<TEI xmlns="http://www.tei-c.org/ns/1.0" xmlns:xi="http://www.w3.org/2001/XInclude">
 <teiHeader>
  <fileDesc>
   <titleStmt>
    <title xml:id="v62_325_G_A_Zaxarinu">
     Письма и документы. Tolstoy Digital
    </title>
    <title type="main">
     Письмо Г. А. Захарьину от 1 апреля 1877 г.
    </title>
    <title type="bibl">
     Толстой Л. Н. Письмо Г. А. Захарьину, 1 апреля 1877 г. // Толстой Л. Н. Полное собрание сочинений: в 90 тт. Т. 62. М.: Гос. изд. «Художественная литература», 1953. С.
    </title>
    <respStmt>
     <resp>
      Идея, постановка задач, руководство:
     </resp>
     <name>
      Анастасия Бонч-Осмоловская, Фёкла Толстая, Борис Орехов, Тимофей Лукашевский
     </name>
    </respStmt>
    <respStmt>
     <resp>
      Подготовка TEI/XML:
     </resp>
     <name>
      Евгений Можаев, Даниил Скоринкин, Ирина Павлова, Матвей Колбасов, Елена Сидорова, Кирилл Милинцевич, Лев Буланов, Макар Федоров, Константин Петров
     </name>
    </respStmt>
    <respStmt>
     <resp>
      Подготовка метаданных:
     </resp>
     <name>
      Мария Картышева, Вероника Файнберг
     </name>
    </respStmt>
    <respStmt>
     <resp>
      Разметка имен собственных:
     </resp>
     <name>
      Никита Северин, Елена Северина
     </name>
    </respStmt>
    <respStmt>
     <resp>
      Исправление древнегреческого текста:
     </resp>
     <name>
      Ольга Алиева
     </name>
    </respStmt>
    <funder>
     Проект «Слово Толстого»
    </funder>
   </titleStmt>
   <publicationStmt>
    <publisher>
     <orgName>
      Tolstoy Digital, DH CLOUD, Научно-образовательный союз «Родное Слово» проект «Слово Толстого»
     </orgName>
    </publisher>
    <availability>
     <p id="0a1caf69-0082-46c6-b78f-3016ae18850d">
      Тексты и метатекстовая разметка доступны для свободного использования и распространения по лицензии Creative Commons Attribution Share-Alike (cc by-sa)
     </p>
    </availability>
    <date from="2015" to="2022"/>
   </publicationStmt>
   <notesStmt>
    <note>
     Публикуемые документы был получены с сайта tolstoy.ru в формате html, переведены в формат TEI. Исправлены некоторые ошибки распознавания. Тексты, написанные в дореформенной орфографии, сопоставлены с их версиями в современной орфографии.
    </note>
   </notesStmt>
   <sourceDesc>
    <biblStruct>
     <analytic>
      <author>
       Толстой Лев Николаевич
      </author>
     </analytic>
     <monogr>
      <title level="m">
       Полное собрание сочинений. Том 62
      </title>
      <imprint>
       <pubPlace>
        Москва
       </pubPlace>
       <publisher>
        Государственное издательство «Художественная литература»
       </publisher>
       <date when="1953"/>
      </imprint>
      <biblScope unit="vol">
       62
      </biblScope>
      <biblScope unit="page">
       321-322
      </biblScope>
     </monogr>
     <series>
      <title level="s">
       Л. Н. Толстой. Полное собрание сочинений: в 90 тт.
      </title>
     </series>
    </biblStruct>
    <bibl/>
   </sourceDesc>
  </fileDesc>
  <encodingDesc>
   <classDecl>
    <xi:include href="../../reference/taxonomy.xml"/>
   </classDecl>
  </encodingDesc>
  <profileDesc>
   <correspDesc>
    <correspAction type="sending">
     <persName ref="13883">
      Л. Н. Толстой
     </persName>
     <placeName>
      Ясная Поляна
     </placeName>
     <date when="1877-04-01"/>
    </correspAction>
    <correspAction type="receiving">
     <persName ref="5325">
      Захарьин Григорий Антонович
     </persName>
    </correspAction>
   </correspDesc>
   <langUsage>
    <language ident="ru"/>
   </langUsage>
   <textClass>
    <catRef ana="#tolstoy_heritage" target="library"/>
    <catRef ana="#letters" target="type"/>
    <catRef ana="#sent" target="sent"/>
   </textClass>
  </profileDesc>
 </teiHeader>
 <xenoData>
  <number type="in a volume">
   325
  </number>
 </xenoData>
 <text xml:id="G.A.Zaxarinu_325" xmlns="http://www.tei-c.org/ns/1.0" xmlns:xi="http://www.w3.org/2001/XInclude">
  <body>
   <div>
    <pb n="321"/>
    <opener index="false">
     325. Г. А. Захарьину.1877 г. Апреля 1...20. Я. П.
    </opener>
    <p id="57a88ba8-1961-453c-838e-5fc2be9155c4" rend="Obrashenie">
     Дорогой
     <name placement="text" ref="5325" type="person">
      Григорий Антонович
     </name>
     ,
    </p>
    <p id="158b60d9-50d2-49ff-8c4d-490fb30dc853">
     Пишу вам в первую свободную минуту, только с тем, чтобы сказать вам, что я очень часто думаю о вас и что последнее мое свидание с вами
     <ref target="#note1">
      1
     </ref>
     <note index="false" resp="volume_editor" xml:id="note1">
      Толстой был у Захарьина 27 февраля (см. письмо к С. А. Толстой от этого числа, т. 83, стр. 236).
     </note>
     оставило во мне очень сильное и хорошее впечатление и усилило мою дружбу к вам. Прошу вас верить этому и любить меня так же, как я вас.
    </p>
    <p id="1f0a8478-e1dd-49bb-8f09-77ee48b20279" rend="right">
     Ваш Л. Толстой.
    </p>
    <lb/>
    <p id="5cd3fb14-3ff4-4688-b37e-4ad75ab1738b">
     Вашу книгу Хомякова
     <ref target="#note2">
      2
     </ref>
     <note index="false" resp="volume_editor" xml:id="note2">
      Вероятно, сборник стихотворений А. С. Хомякова.
     </note>
     читали оба с женой. Я ждал больше. Я привезу вам ее сам на днях.
    </p>
    <noteGrp type="comments">
     <note index="false" type="comments">
      <p id="b73cbedd-3bca-4a68-9f8e-a0639f5a5ad1" rend="Textpetit_otstup left">
       Впервые опубликовано в «Литературном наследстве», т. 37-38, стр. 230. Датируется на основании ответного письма Захарьина от 25 апреля 1877 г.
      </p>
     </note>
     <note index="false" type="comments">
      <p id="c3f206ab-09bf-4784-babf-72a1f2f58b84" rend="petit">
       <name placement="comments" ref="5325" type="person">
        Григорий Антонович Захарьин
       </name>
       (1829—1897) — известный врач-клиницист, профессор Московского университета. Толстой неоднократно лечился у него начиная с 1867 г.
      </p>
     </note>
    </noteGrp>
   </div>
  </body>
 </text>
</TEI>
