<?xml version="1.0" encoding="utf-8"?>
<TEI xmlns="http://www.tei-c.org/ns/1.0" xmlns:xi="http://www.w3.org/2001/XInclude">
 <teiHeader>
  <fileDesc>
   <titleStmt>
    <title xml:id="v62_040_A_A_Fetu">
     Письма и документы. Tolstoy Digital
    </title>
    <title type="main">
     Письмо А. А. Фету от 18 ноября 1873 г.
    </title>
    <title type="bibl">
     Толстой Л. Н. Письмо А. А. Фету, 18 ноября 1873 г. // Толстой Л. Н. Полное собрание сочинений: в 90 тт. Т. 62. М.: Гос. изд. «Художественная литература», 1953. С.
    </title>
    <respStmt>
     <resp>
      Идея, постановка задач, руководство:
     </resp>
     <name>
      Анастасия Бонч-Осмоловская, Фёкла Толстая, Борис Орехов, Тимофей Лукашевский
     </name>
    </respStmt>
    <respStmt>
     <resp>
      Подготовка TEI/XML:
     </resp>
     <name>
      Евгений Можаев, Даниил Скоринкин, Ирина Павлова, Матвей Колбасов, Елена Сидорова, Кирилл Милинцевич, Лев Буланов, Макар Федоров, Константин Петров
     </name>
    </respStmt>
    <respStmt>
     <resp>
      Подготовка метаданных:
     </resp>
     <name>
      Мария Картышева, Вероника Файнберг
     </name>
    </respStmt>
    <respStmt>
     <resp>
      Разметка имен собственных:
     </resp>
     <name>
      Никита Северин, Елена Северина
     </name>
    </respStmt>
    <respStmt>
     <resp>
      Исправление древнегреческого текста:
     </resp>
     <name>
      Ольга Алиева
     </name>
    </respStmt>
    <funder>
     Проект «Слово Толстого»
    </funder>
   </titleStmt>
   <publicationStmt>
    <publisher>
     <orgName>
      Tolstoy Digital, DH CLOUD, Научно-образовательный союз «Родное Слово» проект «Слово Толстого»
     </orgName>
    </publisher>
    <availability>
     <p id="2af2c10a-5e51-4f21-befc-84c9aa8a1ee8">
      Тексты и метатекстовая разметка доступны для свободного использования и распространения по лицензии Creative Commons Attribution Share-Alike (cc by-sa)
     </p>
    </availability>
    <date from="2015" to="2022"/>
   </publicationStmt>
   <notesStmt>
    <note>
     Публикуемые документы был получены с сайта tolstoy.ru в формате html, переведены в формат TEI. Исправлены некоторые ошибки распознавания. Тексты, написанные в дореформенной орфографии, сопоставлены с их версиями в современной орфографии.
    </note>
   </notesStmt>
   <sourceDesc>
    <biblStruct>
     <analytic>
      <author>
       Толстой Лев Николаевич
      </author>
     </analytic>
     <monogr>
      <title level="m">
       Полное собрание сочинений. Том 62
      </title>
      <imprint>
       <pubPlace>
        Москва
       </pubPlace>
       <publisher>
        Государственное издательство «Художественная литература»
       </publisher>
       <date when="1953"/>
      </imprint>
      <biblScope unit="vol">
       62
      </biblScope>
      <biblScope unit="page">
       55-56
      </biblScope>
     </monogr>
     <series>
      <title level="s">
       Л. Н. Толстой. Полное собрание сочинений: в 90 тт.
      </title>
     </series>
    </biblStruct>
    <bibl>
     Публикуется впервые
    </bibl>
   </sourceDesc>
  </fileDesc>
  <encodingDesc>
   <classDecl>
    <xi:include href="../../reference/taxonomy.xml"/>
   </classDecl>
  </encodingDesc>
  <profileDesc>
   <correspDesc>
    <correspAction type="sending">
     <persName ref="13883">
      Л. Н. Толстой
     </persName>
     <placeName>
      Ясная Поляна
     </placeName>
     <date when="1873-11-18"/>
    </correspAction>
    <correspAction type="receiving">
     <persName ref="14499">
      Фет Афанасий Афанасьевич (Шеншин)
     </persName>
    </correspAction>
   </correspDesc>
   <langUsage>
    <language ident="ru"/>
   </langUsage>
   <textClass>
    <catRef ana="#tolstoy_heritage" target="library"/>
    <catRef ana="#letters" target="type"/>
    <catRef ana="#sent" target="sent"/>
   </textClass>
  </profileDesc>
 </teiHeader>
 <xenoData>
  <number type="in a volume">
   40
  </number>
 </xenoData>
 <text xml:id="A.A.Fetu_40" xmlns="http://www.tei-c.org/ns/1.0" xmlns:xi="http://www.w3.org/2001/XInclude">
  <body>
   <div>
    <pb n="55"/>
    <opener index="false">
     * 40.
     <name placement="text" ref="14499" type="person">
      А. А. Фету
     </name>
     .1873 г. Ноября 18. Я. П.
    </opener>
    <p id="c9b4ef51-7e2d-4305-b31f-7009c4a76e33">
     У нас горе: Петя меньшой заболел крупом и в два дня умер 9-го. Это первая смерть за 11 лет в нашей семье, и для жены очень тяжелая. Утешаться можно, что если бы выбирать одного из нас 8-рых, эта смерть легче всех и для всех; но сердце, и особенно материнское — это удивительное высшее проявление божества на земле — не рассуждает, и жена очень горюет. —
    </p>
    <p id="a99d01b3-d621-4cee-a054-76debeb8b0c8">
     Я на днях был в Москве по делам, воспользовавшись присутствием у нас Дьяковых, чтобы не оставить Соню одну, и теперь мы понемножку привыкаем к пустоте,
     <choice original_editorial_correction="кот[орую]">
      <sic>
       кот
      </sic>
      <corr>
       которую
      </corr>
     </choice>
     оставил Петя.
    </p>
    <p id="cc524de9-602c-482a-9f3c-9379eeee2117">
     Благодарю вас, что не забываете меня письмами. Как бы хорошо было, если бы не забыли и проезжая в Москву.
    </p>
    <p id="89389757-95fa-4045-a2b3-b8489d955d41">
     Порадовался я успеху ваших занятий с Оленькой. Я так и ждал. У меня одно из лучших, радостнейших занятий — это уроки с детьми математики и греческого,
     <choice original_editorial_correction="к[оторые]">
      <sic>
       к
      </sic>
      <corr>
       которые
      </corr>
     </choice>
     мы начали,
     <ref target="#note1">
      1
     </ref>
     <note index="false" resp="volume_editor" xml:id="note1">
      О занятиях Толстого с сыновьями математикой и греческим языком см. И. Л. Толстой, «Мои воспоминания», изд. 2-е, М. 1933, стр. 50, 51 и 76, и С. Л. Толстой, «Очерки былого», М. 1949, стр. 23 и 24.
     </note>
     Передайте наш душевный привет Марье Петровне.
    </p>
    <p id="11966f65-7817-4110-896c-3785866785a1" rend="right">
     Ваш Л. Толстой.
    </p>
    <p id="8c816d50-b634-408a-8cc6-b4864161d36d">
     18 Nоября.
    </p>
    <p id="6c4d4177-19c6-4347-aa4d-0e3df36cbc29">
     Отчего Nоября пишут всегда N латинское?
    </p>
    <noteGrp type="comments">
     <note index="false" type="comments">
      <p id="54d96b26-225b-420c-a990-d4a797e21cd0" rend="Textpetit_otstup left">
       Впервые опубликовано, с пропусками, в «Русском обозрении», 1890, № 8, стр. 451. Год определяется упоминанием о смерти сына Петра. Письмо Фета, на которое отвечает Толстой,
       <hi style="opdelimiter">
        неизвестно.
       </hi>
      </p>
     </note>
     <note index="false" type="comments">
      <p id="4a99831e-8ce0-4238-8ddc-a047ce8ed0e5" rend="Textpetit_otstup left">
       <pb n="56"/>
       <hi style="npdelimiter">
        <hi>
         1
        </hi>
        О занятиях
       </hi>
       Толстого с сыновьями математикой и греческим языком см. И. Л. Толстой, «Мои воспоминания», изд. 2-е, М. 1933, стр. 50, 51 и 76, и С. Л. Толстой, «Очерки былого», М. 1949, стр. 23 и 24.
      </p>
     </note>
    </noteGrp>
   </div>
  </body>
 </text>
</TEI>
