<?xml version="1.0" encoding="utf-8"?>
<TEI xmlns="http://www.tei-c.org/ns/1.0" xmlns:xi="http://www.w3.org/2001/XInclude">
 <teiHeader>
  <fileDesc>
   <titleStmt>
    <title xml:id="v62_556_l">
     Письма и документы. Tolstoy Digital
    </title>
    <title type="main">
     С. А. Рачинскому от 23 апреля 1878 г.
    </title>
    <title type="bibl">
     Толстой Л. Н. С. А. Рачинскому, 23 апреля 1878 г. // Толстой Л. Н. Полное собрание сочинений: в 90 тт. Т. 62. М.: Гос. изд. «Художественная литература», 1953. С.
    </title>
    <respStmt>
     <resp>
      Идея, постановка задач, руководство:
     </resp>
     <name>
      Анастасия Бонч-Осмоловская, Фёкла Толстая, Борис Орехов, Тимофей Лукашевский
     </name>
    </respStmt>
    <respStmt>
     <resp>
      Подготовка TEI/XML:
     </resp>
     <name>
      Евгений Можаев, Даниил Скоринкин, Ирина Павлова, Матвей Колбасов, Елена Сидорова, Кирилл Милинцевич, Лев Буланов, Макар Федоров, Константин Петров
     </name>
    </respStmt>
    <respStmt>
     <resp>
      Подготовка метаданных:
     </resp>
     <name>
      Мария Картышева, Вероника Файнберг
     </name>
    </respStmt>
    <respStmt>
     <resp>
      Разметка имен собственных:
     </resp>
     <name>
      Никита Северин, Елена Северина
     </name>
    </respStmt>
    <respStmt>
     <resp>
      Исправление древнегреческого текста:
     </resp>
     <name>
      Ольга Алиева
     </name>
    </respStmt>
    <funder>
     Проект «Слово Толстого»
    </funder>
   </titleStmt>
   <publicationStmt>
    <publisher>
     <orgName>
      Tolstoy Digital, DH CLOUD, Научно-образовательный союз «Родное Слово» проект «Слово Толстого»
     </orgName>
    </publisher>
    <availability>
     <p id="8f09ae85-5af2-4c17-bce6-4db6a4a8e9ec">
      Тексты и метатекстовая разметка доступны для свободного использования и распространения по лицензии Creative Commons Attribution Share-Alike (cc by-sa)
     </p>
    </availability>
    <date from="2015" to="2022"/>
   </publicationStmt>
   <notesStmt>
    <note>
     Публикуемые документы был получены с сайта tolstoy.ru в формате html, переведены в формат TEI. Исправлены некоторые ошибки распознавания. Тексты, написанные в дореформенной орфографии, сопоставлены с их версиями в современной орфографии.
    </note>
   </notesStmt>
   <sourceDesc>
    <biblStruct>
     <analytic>
      <author>
       Толстой Лев Николаевич
      </author>
     </analytic>
     <monogr>
      <title level="m">
       Полное собрание сочинений. Том 62
      </title>
      <imprint>
       <pubPlace>
        Москва
       </pubPlace>
       <publisher>
        Государственное издательство «Художественная литература»
       </publisher>
       <date when="1953"/>
      </imprint>
      <biblScope unit="vol">
       62
      </biblScope>
      <biblScope unit="page">
       518-519
      </biblScope>
     </monogr>
     <series>
      <title level="s">
       Л. Н. Толстой. Полное собрание сочинений: в 90 тт.
      </title>
     </series>
    </biblStruct>
    <bibl>
     Публикуется впервые
    </bibl>
   </sourceDesc>
  </fileDesc>
  <encodingDesc>
   <classDecl>
    <xi:include href="../../reference/taxonomy.xml"/>
   </classDecl>
  </encodingDesc>
  <profileDesc>
   <correspDesc>
    <correspAction type="sending">
     <persName ref="13883">
      Л. Н. Толстой
     </persName>
     <placeName>
      Ясная Поляна
     </placeName>
     <date when="1878-04-23"/>
    </correspAction>
    <correspAction type="receiving">
     <persName ref="11573">
      Рачинский Сергей Александрович
     </persName>
    </correspAction>
   </correspDesc>
   <langUsage>
    <language ident="ru"/>
   </langUsage>
   <textClass>
    <catRef ana="#tolstoy_heritage" target="library"/>
    <catRef ana="#letters" target="type"/>
    <catRef ana="#sent" target="sent"/>
   </textClass>
  </profileDesc>
 </teiHeader>
 <xenoData>
  <number type="in a volume">
   556
  </number>
 </xenoData>
 <text xml:id="l_556" xmlns="http://www.tei-c.org/ns/1.0" xmlns:xi="http://www.w3.org/2001/XInclude">
  <body>
   <div>
    <pb n="518"/>
    <opener index="false">
     * 556.
     <name placement="text" ref="11573" type="person">
      С. А. Рачинскому
     </name>
     .1878 г. Апреля 23. Я. П.
    </opener>
    <p id="e6894e34-35cc-49bb-985c-7d31c847576c">
     Воистину воскрес, дорогой
     <name placement="text" ref="11573" type="person">
      Сергей Александрович
     </name>
     .
    </p>
    <p id="4ca517d9-6671-4053-979a-a8c821bb6ba7">
     Ваше чудесное письмо, которое я несколько раз перечитывал, требует длинного ответа. И я напишу вам его в другой раз, а теперь некогда. Только хочу сказать, что то, что вы пишете о своем отношении к вере, было то самое, что мне хотелось узнать, и так именно, как мне, любя вас, хотелось, чтобы это было. Жалко, что коротко. От души обнимаю вас и жду не дождусь радости увидать вас.
    </p>
    <p id="34cd05da-e088-4e0a-93c0-8ad5620ff139" rend="right">
     Ваш Л. Толстой.
    </p>
    <lb/>
    <p id="e5ffffd0-01a2-4a07-a8c7-bf5039effa10">
     У заутрени у нас тоже были бабочки и не удивитесь, что в том, что я сбираюсь писать,
     <ref target="#note1">
      1
     </ref>
     <note index="false" resp="volume_editor" xml:id="note1">
      Вероятно, роман из эпохи XVII—XIX вв.
     </note>
     будет глава, которую мне дали эти бабочки. Они летали всю заутреню. Прелестно.
    </p>
    <noteGrp type="comments">
     <note index="false" type="comments">
      <p id="7a21f30e-cdc6-442c-aea7-38e2b7175c2e" rend="Textpetit_otstup left">
       Датируется на основании письма С. А. Рачинского, на которое отвечает Толстой, и пометки на письме неизвестной рукой: «23 апр.».
      </p>
     </note>
     <note index="false" type="comments">
      <p id="6cd0ab2b-c202-4274-a1d1-4365bb7e2db2" rend="petit">
       Ответ на письмо Рачинского от 14—16 апреля 1878 г. См. «Письма Толстого и к Толстому. Труды Публичной библиотеки СССР имени В. И. Ленина», М. 1928, стр. 229—232.
      </p>
     </note>
    </noteGrp>
   </div>
  </body>
 </text>
</TEI>
