<?xml version="1.0" encoding="utf-8"?>
<TEI xmlns="http://www.tei-c.org/ns/1.0" xmlns:xi="http://www.w3.org/2001/XInclude">
 <teiHeader>
  <fileDesc>
   <titleStmt>
    <title xml:id="v62_165_A_A_Fetu">
     Письма и документы. Tolstoy Digital
    </title>
    <title type="main">
     Письмо А. А. Фету от 5 апреля 1875 г.
    </title>
    <title type="bibl">
     Толстой Л. Н. Письмо А. А. Фету, 5 апреля 1875 г. // Толстой Л. Н. Полное собрание сочинений: в 90 тт. Т. 62. М.: Гос. изд. «Художественная литература», 1953. С.
    </title>
    <respStmt>
     <resp>
      Идея, постановка задач, руководство:
     </resp>
     <name>
      Анастасия Бонч-Осмоловская, Фёкла Толстая, Борис Орехов, Тимофей Лукашевский
     </name>
    </respStmt>
    <respStmt>
     <resp>
      Подготовка TEI/XML:
     </resp>
     <name>
      Евгений Можаев, Даниил Скоринкин, Ирина Павлова, Матвей Колбасов, Елена Сидорова, Кирилл Милинцевич, Лев Буланов, Макар Федоров, Константин Петров
     </name>
    </respStmt>
    <respStmt>
     <resp>
      Подготовка метаданных:
     </resp>
     <name>
      Мария Картышева, Вероника Файнберг
     </name>
    </respStmt>
    <respStmt>
     <resp>
      Разметка имен собственных:
     </resp>
     <name>
      Никита Северин, Елена Северина
     </name>
    </respStmt>
    <respStmt>
     <resp>
      Исправление древнегреческого текста:
     </resp>
     <name>
      Ольга Алиева
     </name>
    </respStmt>
    <funder>
     Проект «Слово Толстого»
    </funder>
   </titleStmt>
   <publicationStmt>
    <publisher>
     <orgName>
      Tolstoy Digital, DH CLOUD, Научно-образовательный союз «Родное Слово» проект «Слово Толстого»
     </orgName>
    </publisher>
    <availability>
     <p id="719f32f1-8702-4842-b26e-5e8242c7b6a3">
      Тексты и метатекстовая разметка доступны для свободного использования и распространения по лицензии Creative Commons Attribution Share-Alike (cc by-sa)
     </p>
    </availability>
    <date from="2015" to="2022"/>
   </publicationStmt>
   <notesStmt>
    <note>
     Публикуемые документы был получены с сайта tolstoy.ru в формате html, переведены в формат TEI. Исправлены некоторые ошибки распознавания. Тексты, написанные в дореформенной орфографии, сопоставлены с их версиями в современной орфографии.
    </note>
   </notesStmt>
   <sourceDesc>
    <biblStruct>
     <analytic>
      <author>
       Толстой Лев Николаевич
      </author>
     </analytic>
     <monogr>
      <title level="m">
       Полное собрание сочинений. Том 62
      </title>
      <imprint>
       <pubPlace>
        Москва
       </pubPlace>
       <publisher>
        Государственное издательство «Художественная литература»
       </publisher>
       <date when="1953"/>
      </imprint>
      <biblScope unit="vol">
       62
      </biblScope>
      <biblScope unit="page">
       172-173
      </biblScope>
     </monogr>
     <series>
      <title level="s">
       Л. Н. Толстой. Полное собрание сочинений: в 90 тт.
      </title>
     </series>
    </biblStruct>
    <bibl>
     Публикуется впервые
    </bibl>
   </sourceDesc>
  </fileDesc>
  <encodingDesc>
   <classDecl>
    <xi:include href="../../reference/taxonomy.xml"/>
   </classDecl>
  </encodingDesc>
  <profileDesc>
   <correspDesc>
    <correspAction type="sending">
     <persName ref="13883">
      Л. Н. Толстой
     </persName>
     <placeName>
      Ясная Поляна
     </placeName>
     <date when="1875-04-05"/>
    </correspAction>
    <correspAction type="receiving">
     <persName ref="14499">
      Фет Афанасий Афанасьевич (Шеншин)
     </persName>
    </correspAction>
   </correspDesc>
   <langUsage>
    <language ident="ru"/>
   </langUsage>
   <textClass>
    <catRef ana="#tolstoy_heritage" target="library"/>
    <catRef ana="#letters" target="type"/>
    <catRef ana="#sent" target="sent"/>
   </textClass>
  </profileDesc>
 </teiHeader>
 <xenoData>
  <number type="in a volume">
   165
  </number>
 </xenoData>
 <text xml:id="A.A.Fetu_165" xmlns="http://www.tei-c.org/ns/1.0" xmlns:xi="http://www.w3.org/2001/XInclude">
  <body>
   <div>
    <pb n="172"/>
    <opener index="false">
     * 165.
     <name placement="text" ref="14499" type="person">
      А. А. Фету
     </name>
     .1875 г. Апреля 5...6. Я. П.
    </opener>
    <p id="408f6922-7b67-4fea-80d4-30eaf97bc557">
     Очень рад был получить ваше успокоительное письмо, дорогой Афанасий Афанасьич. Тем лучше. Надеюсь, что вы справились теперь и радуетесь на Петю Борисова. Его
     <hi style="opdelimiter">
      встретили
     </hi>
     <pb n="173"/>
     <hi style="npdelimiter">
      мои
     </hi>
     племянники.
     <ref target="#note1">
      1
     </ref>
     <note index="false" resp="volume_editor" xml:id="note1">
      <name placement="note" ref="13864" type="person">
       Григорий Сергеевич
      </name>
      , сын С. Н. Толстого, и Николай Валерианович, сын М. Н. Толстой.
     </note>
     Когда он к нам заедет? Очень бы хотелось его видеть.
    </p>
    <p id="78538574-daf0-4662-9963-3487083f829b">
     В мае жду вас.
    </p>
    <p id="7e3ffc95-749c-4482-8a2c-cc2325971b9c">
     Теория ваша насчет лошадей мне не нравится. По-моему, одной телеги довольно, и я все-таки просил бы о следующем: Позволить мне прислать к вам пешего человека, с тем чтобы вы отправили — направили его в Грайворонку, где ему будет поручено купить лошадь и телегу и нанять работника и привести лошадей в Ясную. Всякое содействие вашего управления в Грайворонке ему в покупке и найме рабочего я приму за большое одолжение. Человек будет и умеющий обращаться с лошадьми и вполне верный. Этот план мне в особенности потому удобнее, что у меня в Ясной две молодые кобылы, которые должны быть отправлены в Самару. Лишнего же пути вашим кобылам через Тулу будет не более 200 верст. А моим кобылам через Грайворонку верст 500.
    </p>
    <p id="f05ce876-6adc-4f33-a7a5-2754e2cab292">
     О том же, что на одной телеге можно хорошо довести, я знаю, потому что прошлого года довели на одной 5 кобыл в Самару.
    </p>
    <noteGrp type="comments">
     <note index="false" type="comments">
      <p id="57ceef4e-218a-4122-9eda-b4aba332b7a9" rend="Textpetit_otstup left">
       Датируется на основании письма Фета от 4 апреля, на которое Толстой отвечает, и сопоставления с письмом № 169.
      </p>
     </note>
    </noteGrp>
   </div>
  </body>
 </text>
</TEI>
