<?xml version="1.0" encoding="utf-8"?>
<TEI xmlns="http://www.tei-c.org/ns/1.0" xmlns:xi="http://www.w3.org/2001/XInclude">
 <teiHeader>
  <fileDesc>
   <titleStmt>
    <title xml:id="v62_162_A_S_Gacisskomu">
     Письма и документы. Tolstoy Digital
    </title>
    <title type="main">
     Письмо А. С. Гацисскому? с 1 марта 1875 г. по 31 марта 1875 г.
    </title>
    <title type="bibl">
     Толстой Л. Н. Письмо А. С. Гацисскому?, 1 марта 1875 г. — 31 марта 1875 г. // Толстой Л. Н. Полное собрание сочинений: в 90 тт. Т. 62. М.: Гос. изд. «Художественная литература», 1953. С.
    </title>
    <respStmt>
     <resp>
      Идея, постановка задач, руководство:
     </resp>
     <name>
      Анастасия Бонч-Осмоловская, Фёкла Толстая, Борис Орехов, Тимофей Лукашевский
     </name>
    </respStmt>
    <respStmt>
     <resp>
      Подготовка TEI/XML:
     </resp>
     <name>
      Евгений Можаев, Даниил Скоринкин, Ирина Павлова, Матвей Колбасов, Елена Сидорова, Кирилл Милинцевич, Лев Буланов, Макар Федоров, Константин Петров
     </name>
    </respStmt>
    <respStmt>
     <resp>
      Подготовка метаданных:
     </resp>
     <name>
      Мария Картышева, Вероника Файнберг
     </name>
    </respStmt>
    <respStmt>
     <resp>
      Разметка имен собственных:
     </resp>
     <name>
      Никита Северин, Елена Северина
     </name>
    </respStmt>
    <respStmt>
     <resp>
      Исправление древнегреческого текста:
     </resp>
     <name>
      Ольга Алиева
     </name>
    </respStmt>
    <funder>
     Проект «Слово Толстого»
    </funder>
   </titleStmt>
   <publicationStmt>
    <publisher>
     <orgName>
      Tolstoy Digital, DH CLOUD, Научно-образовательный союз «Родное Слово» проект «Слово Толстого»
     </orgName>
    </publisher>
    <availability>
     <p id="f5a9cd84-8f7c-4db6-83f3-255d8e904c31">
      Тексты и метатекстовая разметка доступны для свободного использования и распространения по лицензии Creative Commons Attribution Share-Alike (cc by-sa)
     </p>
    </availability>
    <date from="2015" to="2022"/>
   </publicationStmt>
   <notesStmt>
    <note>
     Публикуемые документы был получены с сайта tolstoy.ru в формате html, переведены в формат TEI. Исправлены некоторые ошибки распознавания. Тексты, написанные в дореформенной орфографии, сопоставлены с их версиями в современной орфографии.
    </note>
   </notesStmt>
   <sourceDesc>
    <biblStruct>
     <analytic>
      <author>
       Толстой Лев Николаевич
      </author>
     </analytic>
     <monogr>
      <title level="m">
       Полное собрание сочинений. Том 62
      </title>
      <imprint>
       <pubPlace>
        Москва
       </pubPlace>
       <publisher>
        Государственное издательство «Художественная литература»
       </publisher>
       <date when="1953"/>
      </imprint>
      <biblScope unit="vol">
       62
      </biblScope>
      <biblScope unit="page">
       166-170
      </biblScope>
     </monogr>
     <series>
      <title level="s">
       Л. Н. Толстой. Полное собрание сочинений: в 90 тт.
      </title>
     </series>
    </biblStruct>
    <bibl>
     Публикуется впервые
    </bibl>
   </sourceDesc>
  </fileDesc>
  <encodingDesc>
   <classDecl>
    <xi:include href="../../reference/taxonomy.xml"/>
   </classDecl>
  </encodingDesc>
  <profileDesc>
   <correspDesc>
    <correspAction type="sending">
     <persName ref="13883">
      Л. Н. Толстой
     </persName>
     <placeName>
      Ясная Поляна
     </placeName>
     <date notAfter="1875-03-31" notBefore="1875-03-01"/>
    </correspAction>
    <correspAction type="receiving">
     <persName ref="3170">
      Гацисский Александр Серафимович
     </persName>
    </correspAction>
   </correspDesc>
   <langUsage>
    <language ident="ru"/>
   </langUsage>
   <textClass>
    <catRef ana="#tolstoy_heritage" target="library"/>
    <catRef ana="#letters" target="type"/>
    <catRef ana="#sent" target="sent"/>
   </textClass>
  </profileDesc>
 </teiHeader>
 <xenoData>
  <number type="in a volume">
   162
  </number>
 </xenoData>
 <text xml:id="A.S.Gacisskomu_162" xmlns="http://www.tei-c.org/ns/1.0" xmlns:xi="http://www.w3.org/2001/XInclude">
  <body>
   <div>
    <pb n="166"/>
    <opener index="false">
     * 162. А. С. Гацисскому?1875 г. Март? Я. П.
    </opener>
    <p id="d9456cf2-0209-483f-a1d0-3a265cc9cc9d" rend="Obrashenie">
     Милостивый государь!
    </p>
    <p id="cd74940d-1222-45c9-b2a0-df9b89509d6a">
     Чтение отчетов Общества распространения грамотности в Нижегородской губернии, полученных мною при лестном письме вашем,
     <ref target="#note1">
      1
     </ref>
     <note index="false" resp="volume_editor" xml:id="note1">
      Письмо неизвестно.
     </note>
     доставило мне очень радостное чувство: я увидал, что существует кружок людей, пришедший, вероятно, иными путями к тому же самому воззрению на дело народного образования в России, к которому пришел и я.
    </p>
    <p id="6cc09827-d5ca-4860-8bc7-a41e79d7cd05">
     Взгляд этот в сущности так прост и естественен, что, казалось бы, нечего бы было и радоваться, если бы к несчастью большинство официальное и не официальное не смотрело на это дело так искусственно, что простой и здравый взгляд Общества распространения грамотности в Нижегородской губернии поразил меня, как что-то необыкновенное и возбуждающее восхищение.
    </p>
    <p id="97d5046b-1188-42b0-9782-21017a6eccad">
     Если я не ошибаюсь, то взгляд Общества отличается от царствующего воззрения тем, что Общество не считает Россию и образование в ней начавшеюся со вчерашнего дня, а признает историю и совершающийся факт образования народа и потому считает необходимым (для того, чтобы содействовать этому образованию) изучить народ в этом отношении, т. е. количество школьного населения, средства, необходимые для учреждения школ, и требования народа относительно как содержания, так и формы образования. Я считал всегда такой
     <hi style="opdelimiter">
      взгляд
     </hi>
     <pb n="167"/>
     <hi style="npdelimiter">
      и
     </hi>
     самым либеральным (в широком смысле этого слова) и самым разумным и — главное, самым плодотворным. В последнее время я имел случай убедиться в особенности в плодотворности такого отношения к делу, и потому, несмотря на те малые размеры, в которых действует Крапивенский училищный совет на этих основаниях, я считаю не лишним сообщить Вам полученные результаты.
    </p>
    <p id="66c0a8a4-3a04-49f3-82f9-ee03619fbf26">
     Крапивенский училищный совет с половины ноября 1874 г. разослал через волостные правления и приходы предложение о том, чтобы: 1) все лица, занимающиеся обучением, сообщили о количестве обучаемых детей, на каких бы то ни было условиях, и о получаемом вознаграждении с тем, что училищный совет прибавит, по мере своих средств, вознаграждение за учение и снабдит учащего училищными пособиями, — если лица эти захотят подчиниться наблюдению училищного совета;
    </p>
    <p id="ca952327-c6c5-4b55-bb42-6f13957d5ea4">
     2) чтобы лица, желающие обучать, устраивали школы и заявляли о том совету для получения прибавки; 3) что училищный совет доставит учителей в те школы, которые будут открыты обществами, как бы ни мала была мера вознаграждения, полагаемая обществом. Следствием этой меры было то, что число школ в 3 месяца от 18-ти возросло до 64-х, и число учащихся — от 956 до 2017-ти. Мера эта очевидно только вызвала выражение потребности народа; но предстояло другое, главное затруднение — контроля над этими школами и приискания вообще учителей и лучших учителей взамен тех плохих, которые заявили себя.
    </p>
    <p id="50753f9d-0cdf-4108-b939-7f4769cfee4b">
     С целью контроля все новые — возникшие школы подчинены прежним более или менее надежным учителям, получающим по 25 р. в год за каждую подведомственную школу и обязанным раз в неделю посещать школу после 2-х часов.
    </p>
    <p id="eab3e1d6-896f-4dfa-88fe-a39380695b62">
     С целью же приобретения учителей, так как на семинаристов духовных семинарий нельзя рассчитывать (их кончает курс в губернии 20 ч.), было разослано через волостные правления предложение всем хорошо грамотным молодым крестьянам, желающим занять место учителя, заявлять себя училищному совету. — Мера эта превзошла все ожидания совета. В настоящее время большое число вновь открытых школ замещено учителями из молодых крестьян, оказавшимися в высшей степени ревностными, понятливыми, нравственными и постоянно совершенствующимися учителями. Если еще остаются в
     <hi style="opdelimiter">
      школах
     </hi>
     <pb n="168"/>
     <hi style="npdelimiter">
      (около
     </hi>
     10) мелкие учителя из дворовых, дьячков и солдат плохих, то только потому, что общества крестьян не хотят переменить их. Но если бы открылось еще вновь вдвое школ, то все они могут быть замещены постоянно заявляющимися учителями из молодых крестьян, получающих и довольствующихся жалованьем от 4 до 8 р. в месяц на своих харчах. Учителя эти из крестьян являются ко мне. Знания их почти всегда одинаковы — беглое чтение русское и славянское более или менее, но всегда безграмотное письмо под диктовку и механическое знание 4-х правил арифметики. Если он молод — до 25 лет, хорошей семьи и поведения, то мы удовлетворяемся этими знаниями и даже меньшими, и, внушив ему, что он пишет безграмотно, что ему надо поучиться — писать с книги и под диктовку и арифметике, оставляем его при Ясно-Полянской школе, где по утрам он практикуется в приемах обучения грамоте, а по вечерам занимается с учителем арифметикой и письмом, — отчасти, смотря по его способностям и желанию, и грамматикой. Иногда такого рода учителя готовящиеся пробывают в школе неделю, две, три, — иногда и несколько дней. Школ с такими учителями теперь, в нашем уезде, около 20-ти и результаты их — некоторые существуют 2
     <hi>
      1
     </hi>
     /
     <sub>
      2
     </sub>
     месяца — необычайны. Приписать это близости учителя к ученику, добросовестности и серьезности отношения к делу учителя, — но результаты учения в этих школах не хуже и иногда лучше, чем в школах учителей в 300 рублей жалованья, учащих по усовершенствованным способам.
    </p>
    <p id="92125084-9b05-42f1-a04e-96e7b101f904">
     В 4-х таких школах, открытых 2
     <hi>
      1
     </hi>
     /
     <sub>
      2
     </sub>
     месяца, все ученики (до 30) пишут, читают и знают сложение и вычитание. Несмотря на незначительность размеров, в которых действует Крапивенский училищный совет, я считаю это явление столь важным, что не побоялся утрудить ваше внимание этим длинным письмом, тем более что Общество распространения грамотности в Нижегородской губернии в отчете своем прямо указало на ту громадную разницу, которая существует между тем, что необходимо (1
     <hi>
      1
     </hi>
     /
     <sub>
      2
     </sub>
     миллиона), и тем, что есть (50 000).
    </p>
    <p id="39554cf0-8571-4e32-95ee-5a01ea7b2f54">
     Мне кажется, что образование учителей из крестьян
     <hi>
      домохозяев
     </hi>
     и не в учительских семинариях, где крестьяне утрачивают и простоту привычек и простоту приемов и язык,
     <ref target="#note5">
      5
     </ref>
     <note index="false" resp="volume_editor" xml:id="note5">
      Нижегородское Общество в отчете за первый год своего существования выражало большие надежды на учительские семинарии, в отчете же за второй год, который и был послан Толстому, высказывалось неодобрение этим семинариям, так как окончившие их «заражены гонором» и плохо мирятся с условиями, в которых приходится работать и жить народному учителю.
     </note>
     а в хороших школах, где бы они могли заниматься практически и получать указания для своего дальнейшего
     <hi style="opdelimiter">
      самообразования,
     </hi>
     <pb n="169"/>
     <hi style="npdelimiter">
      есть
     </hi>
     единственный и самый светлый и радостный выход из того тупого переулка, в который несоответственные требования от школы и незнание и нежелание знать народ завели дело народного образования.
    </p>
    <p id="dbba760d-1662-4553-bd65-fc27e6ded151">
     Если Общество распространения грамотности в Нижегородской губернии пожелает избрать этот путь, то я был бы счастлив содействовать ему, по мере сил своих, разъяснениями, подробностями, которые могут быть желательны, в особенности же указаниями того, что существует в Крапивенском уезде.
    </p>
    <p id="28c0e101-fdef-4f7c-adbf-596196dcf38d">
     С совершенным уважением и преданностью имею честь быть,
    </p>
    <p id="4efa872b-96ac-4230-a6e8-cfa56c47234b" rend="right">
     милостивый государь,
    </p>
    <p id="4704e35f-8a1e-4cf8-9efa-170f04baa95c" rend="right">
     Ваш покорный слуга.
    </p>
    <noteGrp type="comments">
     <note index="false" type="comments">
      <p id="4654e8dd-1c64-4be0-8bef-d1d2b70aa2d6" rend="Textpetit_otstup left">
       Печатается по копии, хранящейся в ГМТ. Местонахождение автографа неизвестно. Два отрывка впервые опубликованы, как письмо к «деятелю Общества распространения грамотности в Нижегородской губ.», в Г, II, стр. 196, с датой: «первые месяцы 1875 г.». Датируется предположительно: 1) временем выхода в свет «Отчетов Общества распространения грамотности в Нижегородской губ.», за присылку которых Толстой благодарит (были разосланы при «Нижегородских губернских ведомостях», 1874, №47 от 20 ноября и в отдельную продажу не поступали); 2) упоминанием Толстого о мерах Крапивенского училищного совета, принятых в половине ноября 1874 г., и о результатах, полученных вследствие этих мероприятий через 3 месяца, т. е. в феврале 1875 г.
      </p>
     </note>
     <note index="false" type="comments">
      <p id="880c51c8-7c8e-45b3-b1e5-c15c6d767635" rend="petit">
       Адресат устанавливается предположительно на основании той роли, которую играл А. С. Гацисский в деле распространения грамотности в Нижегородской губ. «Отчеты» Толстому вероятнее всего могли прислать или автор их, председатель Общества П. И. Носович, или член Совета и главный организатор общества А. С. Гацисский. В пользу последнего говорит то обстоятельство, что в печати представителем Общества, его пропагандистом и защитником от нападок выступал всегда А. С. Гацисский. Будучи членом Нижегородского уездного училищного совета, он мог знать о совсем еще недавних выступлениях Толстого в Московском комитете грамотности и, сочувствуя им, послать ему отчеты Нижегородского общества.
      </p>
     </note>
     <note index="false" type="comments">
      <p id="e2054b69-3a71-4e21-a034-0ed350865c34" rend="petit">
       <name placement="comments" ref="3170" type="person">
        Александр Серафимович Гацисский
       </name>
       (1838—1893) — писатель и исследователь нижегородского Поволжья. Окончив Нижегородскую гимназию и Казанский университет, жил некоторое время в Петербурге, где выступил в 1859 г. в качестве беллетриста, напечатав в «Искре» свое первое произведение «Записки офицера». В 1861 г. возвратился в Нижний-Новгород и взял на себя редактирование «Нижегородских губернских ведомостей», поставив себе задачей создать живую областную прессу. Одновременно Гацисский организовал Нижегородскую ученую архивную комиссию. С 1872 г. Гацисский был членом Нижегородского уездного училищного совета и в этом же году основал Общество распространения грамотности в Нижегородской губернии. Придавая вопросу
       <hi style="opdelimiter">
        народного
       </hi>
       <pb n="170"/>
       <hi style="npdelimiter">
        просвещения
       </hi>
       огромную важность, Гацисский изучил положение его в Нижегородской губернии и наметил план работ в этой области. Полученные им данные и свои мысли по этому поводу он изложил в 1872 г. в письмах в редакцию «Волжско-Камской газеты», вышедших затем отдельной брошюрой под заглавием: «Школьное дело в Нижегородском Поволжье (Девять писем к редактору “Волжско-Камской газеты”)», Казань, 1873. См. о нем «Сборник памяти А. С. Гацисского», изд. Нижегородской ученой архивной комиссии, Н.-Новгород, 1897.
      </p>
     </note>
    </noteGrp>
   </div>
  </body>
 </text>
</TEI>
