<?xml version="1.0" encoding="utf-8"?>
<TEI xmlns="http://www.tei-c.org/ns/1.0" xmlns:xi="http://www.w3.org/2001/XInclude">
 <teiHeader>
  <fileDesc>
   <titleStmt>
    <title xml:id="v62_524_A_A_Tolstoj">
     Письма и документы. Tolstoy Digital
    </title>
    <title type="main">
     Письмо А. А. Толстой от 13 августа 1879 г.
    </title>
    <title type="bibl">
     Толстой Л. Н. Письмо А. А. Толстой, 13 августа 1879 г. // Толстой Л. Н. Полное собрание сочинений: в 90 тт. Т. 62. М.: Гос. изд. «Художественная литература», 1953. С.
    </title>
    <respStmt>
     <resp>
      Идея, постановка задач, руководство:
     </resp>
     <name>
      Анастасия Бонч-Осмоловская, Фёкла Толстая, Борис Орехов, Тимофей Лукашевский
     </name>
    </respStmt>
    <respStmt>
     <resp>
      Подготовка TEI/XML:
     </resp>
     <name>
      Евгений Можаев, Даниил Скоринкин, Ирина Павлова, Матвей Колбасов, Елена Сидорова, Кирилл Милинцевич, Лев Буланов, Макар Федоров, Константин Петров
     </name>
    </respStmt>
    <respStmt>
     <resp>
      Подготовка метаданных:
     </resp>
     <name>
      Мария Картышева, Вероника Файнберг
     </name>
    </respStmt>
    <respStmt>
     <resp>
      Разметка имен собственных:
     </resp>
     <name>
      Никита Северин, Елена Северина
     </name>
    </respStmt>
    <respStmt>
     <resp>
      Исправление древнегреческого текста:
     </resp>
     <name>
      Ольга Алиева
     </name>
    </respStmt>
    <funder>
     Проект «Слово Толстого»
    </funder>
   </titleStmt>
   <publicationStmt>
    <publisher>
     <orgName>
      Tolstoy Digital, DH CLOUD, Научно-образовательный союз «Родное Слово» проект «Слово Толстого»
     </orgName>
    </publisher>
    <availability>
     <p id="0ab10ccd-ca77-4345-a389-a849b93e93db">
      Тексты и метатекстовая разметка доступны для свободного использования и распространения по лицензии Creative Commons Attribution Share-Alike (cc by-sa)
     </p>
    </availability>
    <date from="2015" to="2022"/>
   </publicationStmt>
   <notesStmt>
    <note>
     Публикуемые документы был получены с сайта tolstoy.ru в формате html, переведены в формат TEI. Исправлены некоторые ошибки распознавания. Тексты, написанные в дореформенной орфографии, сопоставлены с их версиями в современной орфографии.
    </note>
   </notesStmt>
   <sourceDesc>
    <biblStruct>
     <analytic>
      <author>
       Толстой Лев Николаевич
      </author>
     </analytic>
     <monogr>
      <title level="m">
       Полное собрание сочинений. Том 62
      </title>
      <imprint>
       <pubPlace>
        Москва
       </pubPlace>
       <publisher>
        Государственное издательство «Художественная литература»
       </publisher>
       <date when="1953"/>
      </imprint>
      <biblScope unit="vol">
       62
      </biblScope>
      <biblScope unit="page">
       495-496
      </biblScope>
     </monogr>
     <series>
      <title level="s">
       Л. Н. Толстой. Полное собрание сочинений: в 90 тт.
      </title>
     </series>
    </biblStruct>
    <bibl/>
   </sourceDesc>
  </fileDesc>
  <encodingDesc>
   <classDecl>
    <xi:include href="../../reference/taxonomy.xml"/>
   </classDecl>
  </encodingDesc>
  <profileDesc>
   <correspDesc>
    <correspAction type="sending">
     <persName ref="13883">
      Л. Н. Толстой
     </persName>
     <placeName>
      Ясная Поляна
     </placeName>
     <date when="1879-08-13"/>
    </correspAction>
    <correspAction type="receiving">
     <persName ref="13812">
      Толстая Александра Андреевна
     </persName>
    </correspAction>
   </correspDesc>
   <langUsage>
    <language ident="ru"/>
   </langUsage>
   <textClass>
    <catRef ana="#tolstoy_heritage" target="library"/>
    <catRef ana="#letters" target="type"/>
    <catRef ana="#sent" target="sent"/>
   </textClass>
  </profileDesc>
 </teiHeader>
 <xenoData>
  <number type="in a volume">
   524
  </number>
 </xenoData>
 <text xml:id="A.A.Tolstoj_524" xmlns="http://www.tei-c.org/ns/1.0" xmlns:xi="http://www.w3.org/2001/XInclude">
  <body>
   <div>
    <pb n="495"/>
    <opener index="false">
     524. А. А. Толстой.1879 г. Августа 13...15? Я. П.
    </opener>
    <p id="b93fb7bc-8f38-47f2-942d-38474a8d0d5b">
     Простите, милый друг, что не пишу вам теперь длинно. У меня полон дом народа, репетиции для театра. И более чуждым всему этому человека трудно себе представить. Не могу оставить без выражения сердечного отклика ваше грустное письмо. Всей душой скорблю за вас и за Софью милую. Поминаю на молитве и вашу мать, и Илью. Много есть более близких,
     <choice original_editorial_correction="кот[орых]">
      <sic>
       кот
      </sic>
      <corr>
       которых
      </corr>
     </choice>
     не поминаю, а их поминаю. Только и хотел сказать, что и люблю и жалею вас и желаю вам добра душевного, только душевного. У нас всё по-старому. Я счастлив женой и не несчастлив детьми. Целую ваши руки и Софье.
    </p>
    <p id="3a842523-9ad3-4a0c-854c-370acaa85b5d" rend="right">
     Ваш Л. Толстой.
    </p>
    <noteGrp type="comments">
     <note index="false" type="comments">
      <p id="bb03d4af-466f-4ef0-930b-5581669513d4" rend="Textpetit_otstup left">
       Впервые опубликовано в ПТ, стр. 323, с датой: «Август 1879». Датируется по письму А. А. Толстой от 11 августа 1879 г. из Петербурга, с сообщением о смерти 21 июля в Кларане, в Швейцарии, ее брата
       <name placement="comments" ref="13876" type="person">
        Ильи Андреевича Толстого
       </name>
       .
      </p>
     </note>
     <note index="false" type="comments">
      <p id="ef867bd9-3955-44eb-bf40-a1ece7c97506" rend="emptyline">
       <pb n="496"/>
      </p>
     </note>
    </noteGrp>
   </div>
  </body>
 </text>
</TEI>
