<?xml version="1.0" encoding="utf-8"?>
<TEI xmlns="http://www.tei-c.org/ns/1.0" xmlns:xi="http://www.w3.org/2001/XInclude">
 <teiHeader>
  <fileDesc>
   <titleStmt>
    <title xml:id="v62_233_N_N_Straxovu">
     Письма и документы. Tolstoy Digital
    </title>
    <title type="main">
     Письмо Н. Н. Страхову от 24 января 1876 г.
    </title>
    <title type="bibl">
     Толстой Л. Н. Письмо Н. Н. Страхову, 24 января 1876 г. // Толстой Л. Н. Полное собрание сочинений: в 90 тт. Т. 62. М.: Гос. изд. «Художественная литература», 1953. С.
    </title>
    <respStmt>
     <resp>
      Идея, постановка задач, руководство:
     </resp>
     <name>
      Анастасия Бонч-Осмоловская, Фёкла Толстая, Борис Орехов, Тимофей Лукашевский
     </name>
    </respStmt>
    <respStmt>
     <resp>
      Подготовка TEI/XML:
     </resp>
     <name>
      Евгений Можаев, Даниил Скоринкин, Ирина Павлова, Матвей Колбасов, Елена Сидорова, Кирилл Милинцевич, Лев Буланов, Макар Федоров, Константин Петров
     </name>
    </respStmt>
    <respStmt>
     <resp>
      Подготовка метаданных:
     </resp>
     <name>
      Мария Картышева, Вероника Файнберг
     </name>
    </respStmt>
    <respStmt>
     <resp>
      Разметка имен собственных:
     </resp>
     <name>
      Никита Северин, Елена Северина
     </name>
    </respStmt>
    <respStmt>
     <resp>
      Исправление древнегреческого текста:
     </resp>
     <name>
      Ольга Алиева
     </name>
    </respStmt>
    <funder>
     Проект «Слово Толстого»
    </funder>
   </titleStmt>
   <publicationStmt>
    <publisher>
     <orgName>
      Tolstoy Digital, DH CLOUD, Научно-образовательный союз «Родное Слово» проект «Слово Толстого»
     </orgName>
    </publisher>
    <availability>
     <p id="9982078a-5ea8-4774-b224-de7308a1ebb6">
      Тексты и метатекстовая разметка доступны для свободного использования и распространения по лицензии Creative Commons Attribution Share-Alike (cc by-sa)
     </p>
    </availability>
    <date from="2015" to="2022"/>
   </publicationStmt>
   <notesStmt>
    <note>
     Публикуемые документы был получены с сайта tolstoy.ru в формате html, переведены в формат TEI. Исправлены некоторые ошибки распознавания. Тексты, написанные в дореформенной орфографии, сопоставлены с их версиями в современной орфографии.
    </note>
   </notesStmt>
   <sourceDesc>
    <biblStruct>
     <analytic>
      <author>
       Толстой Лев Николаевич
      </author>
     </analytic>
     <monogr>
      <title level="m">
       Полное собрание сочинений. Том 62
      </title>
      <imprint>
       <pubPlace>
        Москва
       </pubPlace>
       <publisher>
        Государственное издательство «Художественная литература»
       </publisher>
       <date when="1953"/>
      </imprint>
      <biblScope unit="vol">
       62
      </biblScope>
      <biblScope unit="page">
       241-241
      </biblScope>
     </monogr>
     <series>
      <title level="s">
       Л. Н. Толстой. Полное собрание сочинений: в 90 тт.
      </title>
     </series>
    </biblStruct>
    <bibl/>
   </sourceDesc>
  </fileDesc>
  <encodingDesc>
   <classDecl>
    <xi:include href="../../reference/taxonomy.xml"/>
   </classDecl>
  </encodingDesc>
  <profileDesc>
   <correspDesc>
    <correspAction type="sending">
     <persName ref="13883">
      Л. Н. Толстой
     </persName>
     <placeName>
      Ясная Поляна
     </placeName>
     <date when="1876-01-24"/>
    </correspAction>
    <correspAction type="receiving">
     <persName ref="13258">
      Страхов Николай Николаевич
     </persName>
    </correspAction>
   </correspDesc>
   <langUsage>
    <language ident="ru"/>
   </langUsage>
   <textClass>
    <catRef ana="#tolstoy_heritage" target="library"/>
    <catRef ana="#letters" target="type"/>
    <catRef ana="#sent" target="sent"/>
   </textClass>
  </profileDesc>
 </teiHeader>
 <xenoData>
  <number type="in a volume">
   233
  </number>
 </xenoData>
 <text xml:id="N.N.Straxovu_233" xmlns="http://www.tei-c.org/ns/1.0" xmlns:xi="http://www.w3.org/2001/XInclude">
  <body>
   <div>
    <pb n="241"/>
    <opener index="false">
     *233. H. H. Страхову.1876 г. Января 24...25. Я. П.
    </opener>
    <p id="e44d845d-7e2d-46dc-84de-5e1f424e9bcd">
     Пишу два словечка о делах, дорогой
     <name placement="text" ref="13258" type="person">
      Николай Николаевич
     </name>
     . Очень благодарю за книгу. Юма, пожалуйста, пришлите. Да, пожалуйста, мне напоминайте о книгах. Я свои бросаю и имею привычку зачитывать чужие. На днях видел у себя, перебирая библиотеку, ваши книги: Григорьев и Education
     <choice original_editorial_correction="sentim[entale]">
      <sic>
       sentim
      </sic>
      <corr>
       sentimentale
      </corr>
     </choice>
     .
     <ref target="#note1">
      1
     </ref>
     <note index="false" resp="volume_editor" xml:id="note1">
      Роман Гюстава Флобера «Воспитание чувств» (Париж, 1870).
     </note>
     Прислать их вам?
    </p>
    <p id="cac6f788-588e-4e1f-a575-38d412976085">
     О присылаемых книгах напишите, чьи они. Если мои, сколько я должен. Если вам не в труд, спросите у
     <choice original_editorial_correction="книгопрод[авцев]">
      <sic>
       книгопрод
      </sic>
      <corr>
       книгопродавцев
      </corr>
     </choice>
     , у
     <choice original_editorial_correction="к[оторых]">
      <sic>
       к
      </sic>
      <corr>
       которых
      </corr>
     </choice>
     Азбуки, и у Надеина, нет ли денег?
    </p>
    <p id="c3e01eba-08b8-499a-a027-387b34479b02">
     У меня
     <choice original_editorial_correction="А[нна]">
      <sic>
       А
      </sic>
      <corr>
       Анна
      </corr>
     </choice>
     Каренина подвигается. Не печатаю только потому, что не имею известий из
     <choice original_editorial_correction="Рус[ского]">
      <sic>
       Рус
      </sic>
      <corr>
       Русского
      </corr>
     </choice>
     <choice original_editorial_correction="вестн[ика]">
      <sic>
       вестн
      </sic>
      <corr>
       вестника
      </corr>
     </choice>
     .—
    </p>
    <p id="a401b3bf-0d92-432c-95c2-629105dabc5e" rend="right">
     Ваш Л. Толстой.
    </p>
    <p id="06bf8aec-0285-4a14-a199-cffc09535e71">
     Вы стали скупы на письма. Желаю вам успеха в работе. Я рад, что вы печатаете не в газете. Отчего не в журнале, хоть
     <choice original_editorial_correction="Р[усском]">
      <sic>
       Р
      </sic>
      <corr>
       Русском
      </corr>
     </choice>
     <choice original_editorial_correction="в[естнике]">
      <sic>
       в
      </sic>
      <corr>
       вестнике
      </corr>
     </choice>
     ?
    </p>
    <p id="ecd912da-a89c-4ddb-8ab9-b7eae3b25ec8">
     Да, если спросите у
     <choice original_editorial_correction="книгопр[одавцев]">
      <sic>
       книгопр
      </sic>
      <corr>
       книгопродавцев
      </corr>
     </choice>
     про Азбуки, спросите про брошюрку о
     <choice original_editorial_correction="нар[одном]">
      <sic>
       нар
      </sic>
      <corr>
       народном
      </corr>
     </choice>
     <choice original_editorial_correction="об[разовании]">
      <sic>
       об
      </sic>
      <corr>
       образовании
      </corr>
     </choice>
     . Продают ли ее.
    </p>
    <noteGrp type="comments">
     <note index="false" type="comments">
      <p id="2e8beac8-6d7d-44b1-ad22-27d39e48aaff" rend="Textpetit_otstup left">
       Впервые опубликовано, по рукописной копии, в «Литературном наследстве», т. 37—38, М. 1939, стр. 165—166. Датируется на основании пометки Страхова на автографе: «1876 г. Ясн. 25 января».
      </p>
     </note>
    </noteGrp>
   </div>
  </body>
 </text>
</TEI>
