<?xml version="1.0" encoding="utf-8"?>
<TEI xmlns="http://www.tei-c.org/ns/1.0" xmlns:xi="http://www.w3.org/2001/XInclude">
 <teiHeader>
  <fileDesc>
   <titleStmt>
    <title xml:id="v62_268_N_N_Straxovu">
     Письма и документы. Tolstoy Digital
    </title>
    <title type="main">
     Письмо Н. Н. Страхову от 17 мая 1876 г.
    </title>
    <title type="bibl">
     Толстой Л. Н. Письмо Н. Н. Страхову, 17 мая 1876 г. // Толстой Л. Н. Полное собрание сочинений: в 90 тт. Т. 62. М.: Гос. изд. «Художественная литература», 1953. С.
    </title>
    <respStmt>
     <resp>
      Идея, постановка задач, руководство:
     </resp>
     <name>
      Анастасия Бонч-Осмоловская, Фёкла Толстая, Борис Орехов, Тимофей Лукашевский
     </name>
    </respStmt>
    <respStmt>
     <resp>
      Подготовка TEI/XML:
     </resp>
     <name>
      Евгений Можаев, Даниил Скоринкин, Ирина Павлова, Матвей Колбасов, Елена Сидорова, Кирилл Милинцевич, Лев Буланов, Макар Федоров, Константин Петров
     </name>
    </respStmt>
    <respStmt>
     <resp>
      Подготовка метаданных:
     </resp>
     <name>
      Мария Картышева, Вероника Файнберг
     </name>
    </respStmt>
    <respStmt>
     <resp>
      Разметка имен собственных:
     </resp>
     <name>
      Никита Северин, Елена Северина
     </name>
    </respStmt>
    <respStmt>
     <resp>
      Исправление древнегреческого текста:
     </resp>
     <name>
      Ольга Алиева
     </name>
    </respStmt>
    <funder>
     Проект «Слово Толстого»
    </funder>
   </titleStmt>
   <publicationStmt>
    <publisher>
     <orgName>
      Tolstoy Digital, DH CLOUD, Научно-образовательный союз «Родное Слово» проект «Слово Толстого»
     </orgName>
    </publisher>
    <availability>
     <p id="9bfff731-95a9-4801-8014-4920f5e9d0cb">
      Тексты и метатекстовая разметка доступны для свободного использования и распространения по лицензии Creative Commons Attribution Share-Alike (cc by-sa)
     </p>
    </availability>
    <date from="2015" to="2022"/>
   </publicationStmt>
   <notesStmt>
    <note>
     Публикуемые документы был получены с сайта tolstoy.ru в формате html, переведены в формат TEI. Исправлены некоторые ошибки распознавания. Тексты, написанные в дореформенной орфографии, сопоставлены с их версиями в современной орфографии.
    </note>
   </notesStmt>
   <sourceDesc>
    <biblStruct>
     <analytic>
      <author>
       Толстой Лев Николаевич
      </author>
     </analytic>
     <monogr>
      <title level="m">
       Полное собрание сочинений. Том 62
      </title>
      <imprint>
       <pubPlace>
        Москва
       </pubPlace>
       <publisher>
        Государственное издательство «Художественная литература»
       </publisher>
       <date when="1953"/>
      </imprint>
      <biblScope unit="vol">
       62
      </biblScope>
      <biblScope unit="page">
       275-277
      </biblScope>
     </monogr>
     <series>
      <title level="s">
       Л. Н. Толстой. Полное собрание сочинений: в 90 тт.
      </title>
     </series>
    </biblStruct>
    <bibl>
     Публикуется впервые
    </bibl>
   </sourceDesc>
  </fileDesc>
  <encodingDesc>
   <classDecl>
    <xi:include href="../../reference/taxonomy.xml"/>
   </classDecl>
  </encodingDesc>
  <profileDesc>
   <correspDesc>
    <correspAction type="sending">
     <persName ref="13883">
      Л. Н. Толстой
     </persName>
     <placeName>
      Ясная Поляна
     </placeName>
     <date when="1876-05-17"/>
    </correspAction>
    <correspAction type="receiving">
     <persName ref="13258">
      Страхов Николай Николаевич
     </persName>
    </correspAction>
   </correspDesc>
   <langUsage>
    <language ident="ru"/>
   </langUsage>
   <textClass>
    <catRef ana="#tolstoy_heritage" target="library"/>
    <catRef ana="#letters" target="type"/>
    <catRef ana="#sent" target="sent"/>
   </textClass>
  </profileDesc>
 </teiHeader>
 <xenoData>
  <number type="in a volume">
   268
  </number>
 </xenoData>
 <text xml:id="N.N.Straxovu_268" xmlns="http://www.tei-c.org/ns/1.0" xmlns:xi="http://www.w3.org/2001/XInclude">
  <body>
   <div>
    <pb n="275"/>
    <opener index="false">
     * 268. Н. Н. Страхову.1876 г. Мая 17...18. Я. П.
    </opener>
    <p id="35687254-0053-48ea-93fb-7f3a6db1cf39">
     Получил ваши два письма,
     <ref target="#note1">
      1
     </ref>
     <note index="false" resp="volume_editor" xml:id="note1">
      Письмо от 8 мая; второе неизвестно.
     </note>
     дорогой
     <name placement="text" ref="13258" type="person">
      Николай Николаевич
     </name>
     , и задыхался от радостного волнения, читая их.
    </p>
    <p id="ea7eee37-fa20-4f2a-8103-a7fa123abe9b">
     Хотя голубятник и знает, что голубь абсолютно стоит 10 к., он все-таки рад, что другой такой же охотник, как и он, ценит
     <ref id="turman" target="slovar">
      турмана
     </ref>
     в 100 р. Так и я. —
    </p>
    <p id="d04ebe91-3d73-409a-9158-54a73a4962d9">
     Я недели три нездоров и слаб и не могу писать вам,
     <hi style="opdelimiter">
      как
     </hi>
     <pb n="276"/>
     <hi style="npdelimiter">
      хотелось
     </hi>
     бы, особенно о том, чтó
     <hi>
      есть зло?
     </hi>
     Надеюсь, что напишу. Теперь пишу на лоскутке, только чтобы accuser réception
     <ref target="#note2">
      2
     </ref>
     <note index="false" resp="volume_editor" xml:id="note2">
      <hi rend="italic">
       расписаться в получении
      </hi>
     </note>
     ваших писем. —
    </p>
    <p id="11374094-379d-4a42-a235-548abab59a92">
     На днях П. Самарин был у меня и читал мне немецкую статью брата своего Юрия о религии. Вы прочтете ее в Православном обозрении,
     <ref target="#note3">
      3
     </ref>
     <note index="false" resp="volume_editor" xml:id="note3">
      В январской книжке «Православного обозрения» за 1878 г. была напечатана статья Ю. Ф. Самарина под заглавием: «Из посмертных сочинений Ю. Ф. Самарина. Два письма об основных истинах религии, по поводу сочинений Макса Мюллера: «Введение в сравнительное изучение религий» и «Опыты по истории религий».
     </note>
     пожалуйста напишите мне свое мнение. В ней хорошо доказательство, основанное на воздействии бога на человека (хотя гегелиянское) и на важности, которую человек приписывает своей личности.
    </p>
    <p id="05051f01-30b5-44dc-b230-b8f16c9a5551">
     Поразительно тоже в том же роде важность и несомненность, которую приписывает человек веществу материи. Он про это не говорит, но не правда ли, что нет более важных, простых и несомненных знаний, как знание своей личности и вещества. И оба знания одинаково отрицаются. И что значительность, которую имеют эти два камня знания, надо принимать в соображение и объяснить. —
    </p>
    <p id="5f4322fa-33ac-4fa9-b5c5-595f0e35ed86">
     В майской книжке я не печатаю, но мечтаю продолжать в июньской.
     <ref target="#note4">
      4
     </ref>
     <note index="false" resp="volume_editor" xml:id="note4">
      Продолжение «Анны Карениной» появилось только в декабрьском номере, где были напечатаны главы XX — XXIV 5-й части.
     </note>
     Пожалуйста пишите мне.
    </p>
    <p id="7f35a108-5847-42b8-ab26-8d5c2d55b6eb" rend="right">
     Ваш Л. Толстой.
    </p>
    <p id="eebe1edc-19d5-46ee-8669-4ad1386866e7">
     Вы бы меня очень одолжили, если бы прислали мне книжку или две педагогические. О воспитании вообще, в роде Антропологии Ушинского,
     <ref target="#note5">
      5
     </ref>
     <note index="false" resp="volume_editor" xml:id="note5">
      К. Д. Ушинский, «Человек, как предмет воспитания. Опыт педагогической антропологии», чч. I—II, Спб. 1867—1869.
     </note>
     самое новое, и искусственное, и не глупое, сколько возможно. Такие книги, которые должен
     <choice original_editorial_correction="б[ыл]">
      <sic>
       б
      </sic>
      <corr>
       был
      </corr>
     </choice>
     изучать А. А. Каренин, приступая к воспитанию оставшегося у него на руках сына. — Да напишите, сколько я вам должен за книги,
     <choice original_editorial_correction="кот[орые]">
      <sic>
       кот
      </sic>
      <corr>
       которые
      </corr>
     </choice>
     вы мне уже прислали?
    </p>
    <noteGrp type="comments">
     <note index="false" type="comments">
      <p id="f4dd22a7-ed30-483f-b908-ef080b12581e" rend="Textpetit_otstup left">
       Отрывки впервые опубликованы в Б, II, изд. «Посредник», М. 1908, стр. 301, и в ПТС, II, № 320. Датируется на основании пометки Страхова на автографе: «1876. Ясн. 18 мая».
      </p>
     </note>
    </noteGrp>
   </div>
  </body>
 </text>
</TEI>
