<?xml version="1.0" encoding="utf-8"?>
<TEI xmlns="http://www.tei-c.org/ns/1.0" xmlns:xi="http://www.w3.org/2001/XInclude">
 <teiHeader>
  <fileDesc>
   <titleStmt>
    <title xml:id="v62_133_M_N_Katkovu">
     Письма и документы. Tolstoy Digital
    </title>
    <title type="main">
     Письмо М. Н. Каткову с 1 февраля 1875 г. по 28 февраля 1875 г.
    </title>
    <title type="bibl">
     Толстой Л. Н. Письмо М. Н. Каткову, 1 февраля 1875 г. — 28 февраля 1875 г. // Толстой Л. Н. Полное собрание сочинений: в 90 тт. Т. 62. М.: Гос. изд. «Художественная литература», 1953. С.
    </title>
    <respStmt>
     <resp>
      Идея, постановка задач, руководство:
     </resp>
     <name>
      Анастасия Бонч-Осмоловская, Фёкла Толстая, Борис Орехов, Тимофей Лукашевский
     </name>
    </respStmt>
    <respStmt>
     <resp>
      Подготовка TEI/XML:
     </resp>
     <name>
      Евгений Можаев, Даниил Скоринкин, Ирина Павлова, Матвей Колбасов, Елена Сидорова, Кирилл Милинцевич, Лев Буланов, Макар Федоров, Константин Петров
     </name>
    </respStmt>
    <respStmt>
     <resp>
      Подготовка метаданных:
     </resp>
     <name>
      Мария Картышева, Вероника Файнберг
     </name>
    </respStmt>
    <respStmt>
     <resp>
      Разметка имен собственных:
     </resp>
     <name>
      Никита Северин, Елена Северина
     </name>
    </respStmt>
    <respStmt>
     <resp>
      Исправление древнегреческого текста:
     </resp>
     <name>
      Ольга Алиева
     </name>
    </respStmt>
    <funder>
     Проект «Слово Толстого»
    </funder>
   </titleStmt>
   <publicationStmt>
    <publisher>
     <orgName>
      Tolstoy Digital, DH CLOUD, Научно-образовательный союз «Родное Слово» проект «Слово Толстого»
     </orgName>
    </publisher>
    <availability>
     <p id="86d53298-a0e7-4c7c-b2f9-b96481bd2f6a">
      Тексты и метатекстовая разметка доступны для свободного использования и распространения по лицензии Creative Commons Attribution Share-Alike (cc by-sa)
     </p>
    </availability>
    <date from="2015" to="2022"/>
   </publicationStmt>
   <notesStmt>
    <note>
     Публикуемые документы был получены с сайта tolstoy.ru в формате html, переведены в формат TEI. Исправлены некоторые ошибки распознавания. Тексты, написанные в дореформенной орфографии, сопоставлены с их версиями в современной орфографии.
    </note>
   </notesStmt>
   <sourceDesc>
    <biblStruct>
     <analytic>
      <author>
       Толстой Лев Николаевич
      </author>
     </analytic>
     <monogr>
      <title level="m">
       Полное собрание сочинений. Том 62
      </title>
      <imprint>
       <pubPlace>
        Москва
       </pubPlace>
       <publisher>
        Государственное издательство «Художественная литература»
       </publisher>
       <date when="1953"/>
      </imprint>
      <biblScope unit="vol">
       62
      </biblScope>
      <biblScope unit="page">
       137-138
      </biblScope>
     </monogr>
     <series>
      <title level="s">
       Л. Н. Толстой. Полное собрание сочинений: в 90 тт.
      </title>
     </series>
    </biblStruct>
    <bibl/>
   </sourceDesc>
  </fileDesc>
  <encodingDesc>
   <classDecl>
    <xi:include href="../../reference/taxonomy.xml"/>
   </classDecl>
  </encodingDesc>
  <profileDesc>
   <correspDesc>
    <correspAction type="sending">
     <persName ref="13883">
      Л. Н. Толстой
     </persName>
     <placeName>
      Ясная Поляна
     </placeName>
     <date notAfter="1875-02-28" notBefore="1875-02-01"/>
    </correspAction>
    <correspAction type="receiving">
     <persName ref="6246">
      Катков Михаил Никифорович
     </persName>
    </correspAction>
   </correspDesc>
   <langUsage>
    <language ident="ru"/>
   </langUsage>
   <textClass>
    <catRef ana="#tolstoy_heritage" target="library"/>
    <catRef ana="#letters" target="type"/>
    <catRef ana="#sent" target="sent"/>
   </textClass>
  </profileDesc>
 </teiHeader>
 <xenoData>
  <number type="in a volume">
   133
  </number>
 </xenoData>
 <text xml:id="M.N.Katkovu_133" xmlns="http://www.tei-c.org/ns/1.0" xmlns:xi="http://www.w3.org/2001/XInclude">
  <body>
   <div>
    <pb n="137"/>
    <opener index="false">
     133. М. Н. Каткову.1875 г. Февраля начало. Я. П.
    </opener>
    <p id="db48b7e6-c24e-401e-bae0-03bf71560ac2">
     Многоуважаемый
     <choice original_editorial_correction="М[ихаил]">
      <sic>
       М
      </sic>
      <corr>
       <name placement="text" ref="6246" type="person">
        Михаил
       </name>
      </corr>
     </choice>
     <choice original_editorial_correction="Н[икифорович]">
      <sic>
       <name placement="text" ref="6246" type="person">
        Н
       </name>
      </sic>
      <corr>
       <name placement="text" ref="6246" type="person">
        Никифорович
       </name>
      </corr>
     </choice>
     ! Боясь задержки печатания 2-го №, при сем посылаю две главы из
     <hi style="opdelimiter">
      середины.
     </hi>
    </p>
    <p id="65de96c9-0af8-4c80-84f4-98c99ca983ee">
     <pb n="138"/>
     <hi style="npdelimiter">
      Предшествующие
     </hi>
     две главы и последующие будут высланы дня через два. Я бы и теперь мог выслать остальные, но очень измараны. Будьте уверены, что я не задержу этот номер.
    </p>
    <p id="e4fd0bb1-9794-41ba-8807-1a479f007f36">
     Совершенно преданный и уважающий вас гр.
     <name placement="text" ref="13883" type="person">
      Л. Толстой
     </name>
     .
    </p>
    <noteGrp type="comments">
     <note index="false" type="comments">
      <p id="78aac6ce-7fcf-4da8-94af-26f6351c74ba" rend="Textpetit_otstup left">
       Впервые опубликовано по рукописной копии, хранящейся в ЛБ (архив Каткова, тетрадь № 21), в «Литературном наследстве», т. 37-38, М. 1939, стр. 204, с редакторской датой: «февраль 1875 г.?». Датируется содержанием (ср. письмо № 134).
      </p>
     </note>
    </noteGrp>
   </div>
  </body>
 </text>
</TEI>
