<?xml version="1.0" encoding="utf-8"?>
<TEI xmlns="http://www.tei-c.org/ns/1.0" xmlns:xi="http://www.w3.org/2001/XInclude">
 <teiHeader>
  <fileDesc>
   <titleStmt>
    <title xml:id="v62_531_N_N_Straxovu">
     Письма и документы. Tolstoy Digital
    </title>
    <title type="main">
     Письмо Н. Н. Страхову от 4 октября 1879 г.
    </title>
    <title type="bibl">
     Толстой Л. Н. Письмо Н. Н. Страхову, 4 октября 1879 г. // Толстой Л. Н. Полное собрание сочинений: в 90 тт. Т. 62. М.: Гос. изд. «Художественная литература», 1953. С.
    </title>
    <respStmt>
     <resp>
      Идея, постановка задач, руководство:
     </resp>
     <name>
      Анастасия Бонч-Осмоловская, Фёкла Толстая, Борис Орехов, Тимофей Лукашевский
     </name>
    </respStmt>
    <respStmt>
     <resp>
      Подготовка TEI/XML:
     </resp>
     <name>
      Евгений Можаев, Даниил Скоринкин, Ирина Павлова, Матвей Колбасов, Елена Сидорова, Кирилл Милинцевич, Лев Буланов, Макар Федоров, Константин Петров
     </name>
    </respStmt>
    <respStmt>
     <resp>
      Подготовка метаданных:
     </resp>
     <name>
      Мария Картышева, Вероника Файнберг
     </name>
    </respStmt>
    <respStmt>
     <resp>
      Разметка имен собственных:
     </resp>
     <name>
      Никита Северин, Елена Северина
     </name>
    </respStmt>
    <respStmt>
     <resp>
      Исправление древнегреческого текста:
     </resp>
     <name>
      Ольга Алиева
     </name>
    </respStmt>
    <funder>
     Проект «Слово Толстого»
    </funder>
   </titleStmt>
   <publicationStmt>
    <publisher>
     <orgName>
      Tolstoy Digital, DH CLOUD, Научно-образовательный союз «Родное Слово» проект «Слово Толстого»
     </orgName>
    </publisher>
    <availability>
     <p id="aeb1e20c-792f-45ba-aa33-8ed8c9d6f24c">
      Тексты и метатекстовая разметка доступны для свободного использования и распространения по лицензии Creative Commons Attribution Share-Alike (cc by-sa)
     </p>
    </availability>
    <date from="2015" to="2022"/>
   </publicationStmt>
   <notesStmt>
    <note>
     Публикуемые документы был получены с сайта tolstoy.ru в формате html, переведены в формат TEI. Исправлены некоторые ошибки распознавания. Тексты, написанные в дореформенной орфографии, сопоставлены с их версиями в современной орфографии.
    </note>
   </notesStmt>
   <sourceDesc>
    <biblStruct>
     <analytic>
      <author>
       Толстой Лев Николаевич
      </author>
     </analytic>
     <monogr>
      <title level="m">
       Полное собрание сочинений. Том 62
      </title>
      <imprint>
       <pubPlace>
        Москва
       </pubPlace>
       <publisher>
        Государственное издательство «Художественная литература»
       </publisher>
       <date when="1953"/>
      </imprint>
      <biblScope unit="vol">
       62
      </biblScope>
      <biblScope unit="page">
       499-500
      </biblScope>
     </monogr>
     <series>
      <title level="s">
       Л. Н. Толстой. Полное собрание сочинений: в 90 тт.
      </title>
     </series>
    </biblStruct>
    <bibl/>
   </sourceDesc>
  </fileDesc>
  <encodingDesc>
   <classDecl>
    <xi:include href="../../reference/taxonomy.xml"/>
   </classDecl>
  </encodingDesc>
  <profileDesc>
   <correspDesc>
    <correspAction type="sending">
     <persName ref="13883">
      Л. Н. Толстой
     </persName>
     <placeName>
      Ясная Поляна
     </placeName>
     <date when="1879-10-04"/>
    </correspAction>
    <correspAction type="receiving">
     <persName ref="13258">
      Страхов Николай Николаевич
     </persName>
    </correspAction>
   </correspDesc>
   <langUsage>
    <language ident="ru"/>
   </langUsage>
   <textClass>
    <catRef ana="#tolstoy_heritage" target="library"/>
    <catRef ana="#letters" target="type"/>
    <catRef ana="#sent" target="sent"/>
   </textClass>
  </profileDesc>
 </teiHeader>
 <xenoData>
  <number type="in a volume">
   531
  </number>
 </xenoData>
 <text xml:id="N.N.Straxovu_531" xmlns="http://www.tei-c.org/ns/1.0" xmlns:xi="http://www.w3.org/2001/XInclude">
  <body>
   <div>
    <pb n="499"/>
    <opener index="false">
     531. H. Н. Страхову.1879 г. Октября 4. Я. П.
    </opener>
    <p id="569331bd-a919-417d-9182-54bbd3ed089a">
     Простите, милый Николай Николаич, что не писал вам, а с такой радостью прочел ваше письмо — бодрое и доброе. Ваши доводы, что надо писать, недостаточны. Надо прежде решить, что сообщение моих чувств и мыслей есть благо. А кто это решит?
    </p>
    <p id="e8a1f2a9-6f5e-4df8-bffa-d865ba1c3cc7">
     Вчера приехал из Москвы.
     <ref target="#note1">
      1
     </ref>
     <note index="false" resp="volume_editor" xml:id="note1">
      Толстой уехал в Москву 27 сентября и вернулся в Ясную Поляну 3 октября.
     </note>
     По вашему совету и по разговору с Хомяковым (сыном)
     <ref target="#note2">
      2
     </ref>
     <note index="false" resp="volume_editor" xml:id="note2">
      <name placement="note" ref="14983" type="person">
       Дмитрий Алексеевич Хомяков
      </name>
      .
     </note>
     о церкви был в Москве и у Троицы
     <ref target="#note3">
      3
     </ref>
     <note index="false" resp="volume_editor" xml:id="note3">
      Толстой ездил в Троице-Сергиеву лавру 1 октября, вернулся в Москву 2 октября.
      <ref target="file:///Volume_62_S.S.Urusovu_543.xml">
       См. письмо № 543
      </ref>
      .
     </note>
     и беседовал с викарием Алексеем,
     <ref target="#note4">
      4
     </ref>
     <note index="false" resp="volume_editor" xml:id="note4">
      Алексей (Александр Федорович Лавров-Платонов, 1829—1890) — в 1878—1883 гг. епископ Можайский, до того — профессор Московской духовной академии.
     </note>
     митрополитом Макарием
     <ref target="#note5">
      5
     </ref>
     <note index="false" resp="volume_editor" xml:id="note5">
      Макарий (
      <name placement="note" ref="8304" type="person">
       Михаил Петрович Булгаков
      </name>
      , 1816—1882) — церковный историк и богослов, с 1879 г. митрополит Московский, автор
      <hi style="opdelimiter">
       «Истории
      </hi>
      <hi style="npdelimiter">
       русской
      </hi>
      церкви» (13 томов, 1846—1883). Разбору его «Руководства по изучению христианского православно-догматического богословия» и пятитомного «Догматического богословия» посвящена «Критика догматического богословия» Толстого, к работе над которой он приступил в декабре 1879 г.
     </note>
     и Леонидом Кавелиным. Все трое прекрасные люди и умные, но я больше еще укрепился в своем убеждении. Волнуюсь, метусь и борюсь духом и страдаю; но благодарю бога за это состояние. Советовался о теле своем с Захарьиным, он велел есть скоромное, дал лекарства. Я буду исполнять. Не пеняйте на меня, не переставайте любить и пишите.
    </p>
    <p id="43c0a65d-e219-480f-8ead-1dae8b6cc630" rend="right">
     Ваш Л. Толстой.
    </p>
    <noteGrp type="comments">
     <note index="false" type="comments">
      <p id="bdd54789-a3b5-484e-a15d-9995b3115197" rend="Textpetit_otstup left">
       Впервые опубликовано в ПС, стр. 233—234. Датируется на основании пометки H. Н. Страхова на автографе: «4 окт. 1879. Ясн.», а также слов письма: «вчера приехал из Москвы». Ответ на письмо Страхова от 14 сентября 1874 г. См. ПС, стр. 230—233.
      </p>
     </note>
    </noteGrp>
   </div>
  </body>
 </text>
</TEI>
