<?xml version="1.0" encoding="utf-8"?>
<TEI xmlns="http://www.tei-c.org/ns/1.0" xmlns:xi="http://www.w3.org/2001/XInclude">
 <teiHeader>
  <fileDesc>
   <titleStmt>
    <title xml:id="v62_219_S_N_Tolstomu">
     Письма и документы. Tolstoy Digital
    </title>
    <title type="main">
     Письмо С. Н. Толстому от 9 ноября 1875 г.
    </title>
    <title type="bibl">
     Толстой Л. Н. Письмо С. Н. Толстому, 9 ноября 1875 г. // Толстой Л. Н. Полное собрание сочинений: в 90 тт. Т. 62. М.: Гос. изд. «Художественная литература», 1953. С.
    </title>
    <respStmt>
     <resp>
      Идея, постановка задач, руководство:
     </resp>
     <name>
      Анастасия Бонч-Осмоловская, Фёкла Толстая, Борис Орехов, Тимофей Лукашевский
     </name>
    </respStmt>
    <respStmt>
     <resp>
      Подготовка TEI/XML:
     </resp>
     <name>
      Евгений Можаев, Даниил Скоринкин, Ирина Павлова, Матвей Колбасов, Елена Сидорова, Кирилл Милинцевич, Лев Буланов, Макар Федоров, Константин Петров
     </name>
    </respStmt>
    <respStmt>
     <resp>
      Подготовка метаданных:
     </resp>
     <name>
      Мария Картышева, Вероника Файнберг
     </name>
    </respStmt>
    <respStmt>
     <resp>
      Разметка имен собственных:
     </resp>
     <name>
      Никита Северин, Елена Северина
     </name>
    </respStmt>
    <respStmt>
     <resp>
      Исправление древнегреческого текста:
     </resp>
     <name>
      Ольга Алиева
     </name>
    </respStmt>
    <funder>
     Проект «Слово Толстого»
    </funder>
   </titleStmt>
   <publicationStmt>
    <publisher>
     <orgName>
      Tolstoy Digital, DH CLOUD, Научно-образовательный союз «Родное Слово» проект «Слово Толстого»
     </orgName>
    </publisher>
    <availability>
     <p id="bdf31c8e-e24b-4681-913a-a9ddb7af4868">
      Тексты и метатекстовая разметка доступны для свободного использования и распространения по лицензии Creative Commons Attribution Share-Alike (cc by-sa)
     </p>
    </availability>
    <date from="2015" to="2022"/>
   </publicationStmt>
   <notesStmt>
    <note>
     Публикуемые документы был получены с сайта tolstoy.ru в формате html, переведены в формат TEI. Исправлены некоторые ошибки распознавания. Тексты, написанные в дореформенной орфографии, сопоставлены с их версиями в современной орфографии.
    </note>
   </notesStmt>
   <sourceDesc>
    <biblStruct>
     <analytic>
      <author>
       Толстой Лев Николаевич
      </author>
     </analytic>
     <monogr>
      <title level="m">
       Полное собрание сочинений. Том 62
      </title>
      <imprint>
       <pubPlace>
        Москва
       </pubPlace>
       <publisher>
        Государственное издательство «Художественная литература»
       </publisher>
       <date when="1953"/>
      </imprint>
      <biblScope unit="vol">
       62
      </biblScope>
      <biblScope unit="page">
       218-218
      </biblScope>
     </monogr>
     <series>
      <title level="s">
       Л. Н. Толстой. Полное собрание сочинений: в 90 тт.
      </title>
     </series>
    </biblStruct>
    <bibl>
     Публикуется впервые
    </bibl>
   </sourceDesc>
  </fileDesc>
  <encodingDesc>
   <classDecl>
    <xi:include href="../../reference/taxonomy.xml"/>
   </classDecl>
  </encodingDesc>
  <profileDesc>
   <correspDesc>
    <correspAction type="sending">
     <persName ref="13883">
      Л. Н. Толстой
     </persName>
     <placeName>
      Ясная Поляна
     </placeName>
     <date when="1875-11-09"/>
    </correspAction>
    <correspAction type="receiving">
     <persName ref="13906">
      Толстой Сергей Николаевич
     </persName>
    </correspAction>
   </correspDesc>
   <langUsage>
    <language ident="ru"/>
   </langUsage>
   <textClass>
    <catRef ana="#tolstoy_heritage" target="library"/>
    <catRef ana="#letters" target="type"/>
    <catRef ana="#sent" target="sent"/>
   </textClass>
  </profileDesc>
 </teiHeader>
 <xenoData>
  <number type="in a volume">
   219
  </number>
 </xenoData>
 <text xml:id="S.N.Tolstomu_219" xmlns="http://www.tei-c.org/ns/1.0" xmlns:xi="http://www.w3.org/2001/XInclude">
  <body>
   <div>
    <pb n="218"/>
    <opener index="false">
     * 219. C. H. Толстому.1875 г. Ноября 9...10. Я. П.
    </opener>
    <p id="690b7413-d88f-4811-b049-cb902a763bda">
     Ты уже получил теперь, вероятно, письмо, в котором я, отвечая на 2-ое твое письмо, пишу тебе о болезни Сони. Теперь ей почти хорошо. (Повторяю, потому что, может быть, ты не получил письмо с почты.) Воспаление, которое было в животе — прошло; но она еще лежит и не может ничего есть крепкого, и очень слаба. Ребенка она родила 6-тимесячного, девочку, которая сейчас же умерла. Нынче 16-й день ее болезни.
    </p>
    <p id="c561802f-d572-4af6-9541-f2b523416cb3">
     Я, как всегда бывает, чувствовал себя совсем здоровым во время ее болезни, а теперь опустился и предполагаю, что пора умирать.
    </p>
    <p id="3881cc8b-e0e3-43ac-94ce-8571ef94aca2">
     Жду от тебя ответа на то письмо, которое писал в Лазарево.
     <ref target="#note1">
      1
     </ref>
     <note index="false" resp="volume_editor" xml:id="note1">
      Ближайшая к Пирогову, имению С. Н. Толстого, станция Московско-Курской ж. д.
     </note>
     Ответь о деньгах и о Грише.
    </p>
    <p id="50c68944-159c-4c46-80f6-560815d90c3d">
     Ты говоришь — мне не до вас. Нет, мне всегда до вас. Я вчера ночью почувствовал себя ужасно дурно; в висках шумит, и стало жутко. Думаю себе, умру, и стал себя спрашивать: для кого это интересно и кому это не доставит удовольствия, что я умру. Перебирал всех и нашел, что всем будет весело или рассказать или посодействовать, кроме жены и тебя.
    </p>
    <p id="54a38cb7-101a-4cf8-a41a-0cb78d8d7960">
     Какова зима! Я 3-го дня ездил с собаками и без пороши затравил 6 русаков.
    </p>
    <p id="f919e356-2aeb-498d-b533-367fa1fa56d9" rend="right">
     Л. Т.
    </p>
    <noteGrp type="comments">
     <note index="false" type="comments">
      <p id="ba3fd778-5d6a-4bc2-b62a-7dfb1388509c" rend="Textpetit_otstup left">
       Дата определяется содержанием.
      </p>
     </note>
    </noteGrp>
   </div>
  </body>
 </text>
</TEI>
