<?xml version="1.0" encoding="utf-8"?>
<TEI xmlns="http://www.tei-c.org/ns/1.0" xmlns:xi="http://www.w3.org/2001/XInclude">
 <teiHeader>
  <fileDesc>
   <titleStmt>
    <title xml:id="v62_459_A_A_Fetu">
     Письма и документы. Tolstoy Digital
    </title>
    <title type="main">
     Письмо А. А. Фету от 5 сентября 1878 г.
    </title>
    <title type="bibl">
     Толстой Л. Н. Письмо А. А. Фету, 5 сентября 1878 г. // Толстой Л. Н. Полное собрание сочинений: в 90 тт. Т. 62. М.: Гос. изд. «Художественная литература», 1953. С.
    </title>
    <respStmt>
     <resp>
      Идея, постановка задач, руководство:
     </resp>
     <name>
      Анастасия Бонч-Осмоловская, Фёкла Толстая, Борис Орехов, Тимофей Лукашевский
     </name>
    </respStmt>
    <respStmt>
     <resp>
      Подготовка TEI/XML:
     </resp>
     <name>
      Евгений Можаев, Даниил Скоринкин, Ирина Павлова, Матвей Колбасов, Елена Сидорова, Кирилл Милинцевич, Лев Буланов, Макар Федоров, Константин Петров
     </name>
    </respStmt>
    <respStmt>
     <resp>
      Подготовка метаданных:
     </resp>
     <name>
      Мария Картышева, Вероника Файнберг
     </name>
    </respStmt>
    <respStmt>
     <resp>
      Разметка имен собственных:
     </resp>
     <name>
      Никита Северин, Елена Северина
     </name>
    </respStmt>
    <respStmt>
     <resp>
      Исправление древнегреческого текста:
     </resp>
     <name>
      Ольга Алиева
     </name>
    </respStmt>
    <funder>
     Проект «Слово Толстого»
    </funder>
   </titleStmt>
   <publicationStmt>
    <publisher>
     <orgName>
      Tolstoy Digital, DH CLOUD, Научно-образовательный союз «Родное Слово» проект «Слово Толстого»
     </orgName>
    </publisher>
    <availability>
     <p id="343fbdcd-6de9-4229-a0d0-bd6a49288a9d">
      Тексты и метатекстовая разметка доступны для свободного использования и распространения по лицензии Creative Commons Attribution Share-Alike (cc by-sa)
     </p>
    </availability>
    <date from="2015" to="2022"/>
   </publicationStmt>
   <notesStmt>
    <note>
     Публикуемые документы был получены с сайта tolstoy.ru в формате html, переведены в формат TEI. Исправлены некоторые ошибки распознавания. Тексты, написанные в дореформенной орфографии, сопоставлены с их версиями в современной орфографии.
    </note>
   </notesStmt>
   <sourceDesc>
    <biblStruct>
     <analytic>
      <author>
       Толстой Лев Николаевич
      </author>
     </analytic>
     <monogr>
      <title level="m">
       Полное собрание сочинений. Том 62
      </title>
      <imprint>
       <pubPlace>
        Москва
       </pubPlace>
       <publisher>
        Государственное издательство «Художественная литература»
       </publisher>
       <date when="1953"/>
      </imprint>
      <biblScope unit="vol">
       62
      </biblScope>
      <biblScope unit="page">
       440-442
      </biblScope>
     </monogr>
     <series>
      <title level="s">
       Л. Н. Толстой. Полное собрание сочинений: в 90 тт.
      </title>
     </series>
    </biblStruct>
    <bibl>
     Публикуется впервые
    </bibl>
   </sourceDesc>
  </fileDesc>
  <encodingDesc>
   <classDecl>
    <xi:include href="../../reference/taxonomy.xml"/>
   </classDecl>
  </encodingDesc>
  <profileDesc>
   <correspDesc>
    <correspAction type="sending">
     <persName ref="13883">
      Л. Н. Толстой
     </persName>
     <placeName>
      Тула
     </placeName>
     <date when="1878-09-05"/>
    </correspAction>
    <correspAction type="receiving">
     <persName ref="14499">
      Фет Афанасий Афанасьевич (Шеншин)
     </persName>
    </correspAction>
   </correspDesc>
   <langUsage>
    <language ident="ru"/>
   </langUsage>
   <textClass>
    <catRef ana="#tolstoy_heritage" target="library"/>
    <catRef ana="#letters" target="type"/>
    <catRef ana="#sent" target="sent"/>
   </textClass>
  </profileDesc>
 </teiHeader>
 <xenoData>
  <number type="in a volume">
   459
  </number>
 </xenoData>
 <text xml:id="A.A.Fetu_459" xmlns="http://www.tei-c.org/ns/1.0" xmlns:xi="http://www.w3.org/2001/XInclude">
  <body>
   <div>
    <pb n="440"/>
    <opener index="false">
     * 459.
     <name placement="text" ref="14499" type="person">
      А. А. Фету
     </name>
     .1878 г. Сентября 5. Тула?
    </opener>
    <p id="a9853b0b-3ae9-40e5-a95d-0d2b504e1fd6" rend="Obrashenie">
     Дорогой
     <name placement="text" ref="14499" type="person">
      Афанасий Афанасьевич
     </name>
     !
    </p>
    <p id="019ef7d3-f315-49aa-acbd-1bd5f08bcb3a">
     Получил на днях ваше последнее краткое, но многосодержательное письмо
     <ref target="#note1">
      1
     </ref>
     <note index="false" resp="volume_editor" xml:id="note1">
      От 29 августа.
     </note>
     и вижу по его тону, что вы в очень хорошем душевном настроении, хотя и были
     <hi style="opdelimiter">
      больны.
     </hi>
    </p>
    <p id="3a11acea-4a28-4b72-ab1f-a68bcfab6325">
     <pb n="441"/>
     <hi style="npdelimiter">
      Вы
     </hi>
     поминаете о вашей статье.
     <ref target="#note2">
      2
     </ref>
     <note index="false" resp="volume_editor" xml:id="note2">
      Речь идет о статье Фета «О современном умственном состоянии и его отношении к нашему умственному благосостоянию». Статья эта, прочитанная Фетом при посещении им Ясной Поляны около 20 августа, являлась резким полемическим выпадом против «нигилизма» и левых течений в русской общественной мысли. Сохранилась в архиве Фета в Государственной библиотеке СССР им. В. И. Ленина в переработанном виде, под заглавием «Наша интеллигенция».
     </note>
     Пожалуйста, не приписывайте значения моему суждению, — во-первых, потому что я плохой судья при слушании, а не чтении про себя, а во-вторых потому, что я в этот день был в самом дурном физически расположении духа. — Когда вы будете переделывать, не забудьте еще выправить приемы связей отдельных частей статьи. У вас часто встречаются излишние вступления, как
     <choice original_editorial_correction="н[а]п[ример">
      <sic>
       нп[ример
      </sic>
      <corr>
       например
      </corr>
     </choice>
     ]: «Теперь мы обратимся...» или «взглянем...» и т. п. Главное, разумеется, в расположении частей относительно фокуса, и когда правильно расположено, всё ненужное, лишнее само собой отпадает и всё выигрывает в огромных степенях. —
    </p>
    <p id="744b6121-c166-4f86-bcf1-545a00409162">
     У нас последнее время трое детей старших были больны и Сережа даже опасно. У него было воспаление плевры. И во время болезни их гости нас не покидали, что было очень тяжело, особенно жене. Теперь они все поправляются и уже на воздухе. Тургенев на обратном пути был у нас и радовался получению от вас письма.
     <ref target="#note3">
      3
     </ref>
     <note index="false" resp="volume_editor" xml:id="note3">
      Постепенно накоплявшееся, вследствие разности политических взглядов, охлаждение между Тургеневым и Фетом закончилось разрывом личных отношений в 1874 г. История последовавшей ссоры и обмена
      <hi style="opdelimiter">
       оскорбительными
      </hi>
      <hi style="npdelimiter">
       письмами
      </hi>
      рассказана у Фета в «Моих воспоминаниях», ч. II, М. 1890, стр. 302—306. Написанное теперь, после четырехлетнего молчания, примирительное письмо Фета в печати неизвестно. Тургенев сообщал Толстому об этом письме 25 августа 1878 г. (См. «Толстой и Тургенев. Переписка», М. 1928, стр. 79.) Ответ Тургенева от 21 августа напечатан Фетом в «Моих воспоминаниях», ч. II, М. 1890, стр. 353.
     </note>
     — Он всё такой же, и мы знаем ту степень сближения, которая между нами возможна. Мне ужасно хочется писать, но нахожусь в тяжелом недоумении — фальшивый ли это, или настоящий аппетит. —
    </p>
    <p id="96b3ab20-0bbe-4381-9171-b466c1ed8c7f">
     Жена и Кузминские, из которых муж 3-го дня уехал, кланяются и благодарят за память, и мы посылаем поклоны Марье Петровне.
    </p>
    <p id="95321f57-ed9a-4a2e-a87d-c40b03dd5716">
     Очень хочется побывать у вас, и наверно побываю, но теперь еще много поездок необходимейших. Нынче еду на земское собрание.
    </p>
    <p id="480afe10-b17d-4e8e-97d7-caddc4727f10" rend="right">
     Ваш Л. Толстой.
    </p>
    <noteGrp type="comments">
     <note index="false" type="comments">
      <p id="5e188151-0e14-4ec9-ac4a-5fb850d06e1a" rend="Textpetit_otstup left">
       Впервые опубликовано, с пропусками, Фетом в «Моих воспоминаниях», ч. II, М. 1890, стр. 354, с датой: «1878 г. Сент. 5», подтверждаемой содержанием.
      </p>
     </note>
    </noteGrp>
   </div>
  </body>
 </text>
</TEI>
