<?xml version="1.0" encoding="utf-8"?>
<TEI xmlns="http://www.tei-c.org/ns/1.0" xmlns:xi="http://www.w3.org/2001/XInclude">
 <teiHeader>
  <fileDesc>
   <titleStmt>
    <title xml:id="v62_170_A_A_Fetu">
     Письма и документы. Tolstoy Digital
    </title>
    <title type="main">
     Письмо А. А. Фету от 21 апреля 1875 г.
    </title>
    <title type="bibl">
     Толстой Л. Н. Письмо А. А. Фету, 21 апреля 1875 г. // Толстой Л. Н. Полное собрание сочинений: в 90 тт. Т. 62. М.: Гос. изд. «Художественная литература», 1953. С.
    </title>
    <respStmt>
     <resp>
      Идея, постановка задач, руководство:
     </resp>
     <name>
      Анастасия Бонч-Осмоловская, Фёкла Толстая, Борис Орехов, Тимофей Лукашевский
     </name>
    </respStmt>
    <respStmt>
     <resp>
      Подготовка TEI/XML:
     </resp>
     <name>
      Евгений Можаев, Даниил Скоринкин, Ирина Павлова, Матвей Колбасов, Елена Сидорова, Кирилл Милинцевич, Лев Буланов, Макар Федоров, Константин Петров
     </name>
    </respStmt>
    <respStmt>
     <resp>
      Подготовка метаданных:
     </resp>
     <name>
      Мария Картышева, Вероника Файнберг
     </name>
    </respStmt>
    <respStmt>
     <resp>
      Разметка имен собственных:
     </resp>
     <name>
      Никита Северин, Елена Северина
     </name>
    </respStmt>
    <respStmt>
     <resp>
      Исправление древнегреческого текста:
     </resp>
     <name>
      Ольга Алиева
     </name>
    </respStmt>
    <funder>
     Проект «Слово Толстого»
    </funder>
   </titleStmt>
   <publicationStmt>
    <publisher>
     <orgName>
      Tolstoy Digital, DH CLOUD, Научно-образовательный союз «Родное Слово» проект «Слово Толстого»
     </orgName>
    </publisher>
    <availability>
     <p id="1c6585dc-0662-4538-af94-0de0e81deacb">
      Тексты и метатекстовая разметка доступны для свободного использования и распространения по лицензии Creative Commons Attribution Share-Alike (cc by-sa)
     </p>
    </availability>
    <date from="2015" to="2022"/>
   </publicationStmt>
   <notesStmt>
    <note>
     Публикуемые документы был получены с сайта tolstoy.ru в формате html, переведены в формат TEI. Исправлены некоторые ошибки распознавания. Тексты, написанные в дореформенной орфографии, сопоставлены с их версиями в современной орфографии.
    </note>
   </notesStmt>
   <sourceDesc>
    <biblStruct>
     <analytic>
      <author>
       Толстой Лев Николаевич
      </author>
     </analytic>
     <monogr>
      <title level="m">
       Полное собрание сочинений. Том 62
      </title>
      <imprint>
       <pubPlace>
        Москва
       </pubPlace>
       <publisher>
        Государственное издательство «Художественная литература»
       </publisher>
       <date when="1953"/>
      </imprint>
      <biblScope unit="vol">
       62
      </biblScope>
      <biblScope unit="page">
       176-177
      </biblScope>
     </monogr>
     <series>
      <title level="s">
       Л. Н. Толстой. Полное собрание сочинений: в 90 тт.
      </title>
     </series>
    </biblStruct>
    <bibl>
     Публикуется впервые
    </bibl>
   </sourceDesc>
  </fileDesc>
  <encodingDesc>
   <classDecl>
    <xi:include href="../../reference/taxonomy.xml"/>
   </classDecl>
  </encodingDesc>
  <profileDesc>
   <correspDesc>
    <correspAction type="sending">
     <persName ref="13883">
      Л. Н. Толстой
     </persName>
     <placeName>
      Ясная Поляна
     </placeName>
     <date when="1875-04-21"/>
    </correspAction>
    <correspAction type="receiving">
     <persName ref="14499">
      Фет Афанасий Афанасьевич (Шеншин)
     </persName>
    </correspAction>
   </correspDesc>
   <langUsage>
    <language ident="ru"/>
   </langUsage>
   <textClass>
    <catRef ana="#tolstoy_heritage" target="library"/>
    <catRef ana="#letters" target="type"/>
    <catRef ana="#sent" target="sent"/>
   </textClass>
  </profileDesc>
 </teiHeader>
 <xenoData>
  <number type="in a volume">
   170
  </number>
 </xenoData>
 <text xml:id="A.A.Fetu_170" xmlns="http://www.tei-c.org/ns/1.0" xmlns:xi="http://www.w3.org/2001/XInclude">
  <body>
   <div>
    <pb n="176"/>
    <opener index="false">
     * 170.
     <name placement="text" ref="14499" type="person">
      А. А. Фету
     </name>
     .1875 г. Апреля 21...25? Я. П.
    </opener>
    <p id="5b629fd5-535c-45b9-90a5-d2166583b249" rend="Obrashenie">
     Дорогой Афанасий Афанасьич!
    </p>
    <p id="1210b914-d11b-4284-953c-56cd7b2c852f">
     Я ужасно глупо поступил, не послушавшись вашего совета и поторопившись с кобылами и, главное, своим колебанием о Карцовском жеребце. Теперь я решил его взять и, если возможно, отправить с этими кобылами. Ради бога, помогите мне — как бы его поскорее получить. Если можно узнать, отделался ли он у Карцова и можно взять его и привести ко мне не позже, как через 2 недели, то не только напишите, но телеграфируйте в Ясенки, чтобы я, не теряя времени, мог распорядиться для доставления его сюда. Я возжелал его иметь, во-первых, потому что кобылка у меня от него необыкновенно хороша, как я ее рассмотрел, во-вторых, потому что заодно мне сходнее его отправить (а тем временем жеребята подрастут и кобылы оправятся), а в 3-х, потому что две из кобыл в охоте, да и там он мне будет нужен хоть в июне.
     <hi style="opdelimiter">
      —
     </hi>
    </p>
    <p id="d56c813c-a518-411a-9ae0-6f9147f5a9e9">
     <pb n="177"/>
     <hi style="npdelimiter">
      Пожалуйста,
     </hi>
     не сердитесь на меня за нерешительность и помогите и присоветуйте, как бы получше.
    </p>
    <p id="288bedde-250e-42e7-8312-e0a585116c5e" rend="right">
     Ваш Л. Толстой.
    </p>
    <noteGrp type="comments">
     <note index="false" type="comments">
      <p id="77c9b51b-e7ee-47bf-a631-acdd3ffe3473" rend="Textpetit_otstup left">
       Датируется предположительно содержанием.
      </p>
     </note>
    </noteGrp>
   </div>
  </body>
 </text>
</TEI>
