<?xml version="1.0" encoding="utf-8"?>
<TEI xmlns="http://www.tei-c.org/ns/1.0" xmlns:xi="http://www.w3.org/2001/XInclude">
 <teiHeader>
  <fileDesc>
   <titleStmt>
    <title xml:id="v62_123_A_A_Tolstoj">
     Письма и документы. Tolstoy Digital
    </title>
    <title type="main">
     Письмо А. А. Толстой от 15 декабря 1874 г.
    </title>
    <title type="bibl">
     Толстой Л. Н. Письмо А. А. Толстой, 15 декабря 1874 г. // Толстой Л. Н. Полное собрание сочинений: в 90 тт. Т. 62. М.: Гос. изд. «Художественная литература», 1953. С.
    </title>
    <respStmt>
     <resp>
      Идея, постановка задач, руководство:
     </resp>
     <name>
      Анастасия Бонч-Осмоловская, Фёкла Толстая, Борис Орехов, Тимофей Лукашевский
     </name>
    </respStmt>
    <respStmt>
     <resp>
      Подготовка TEI/XML:
     </resp>
     <name>
      Евгений Можаев, Даниил Скоринкин, Ирина Павлова, Матвей Колбасов, Елена Сидорова, Кирилл Милинцевич, Лев Буланов, Макар Федоров, Константин Петров
     </name>
    </respStmt>
    <respStmt>
     <resp>
      Подготовка метаданных:
     </resp>
     <name>
      Мария Картышева, Вероника Файнберг
     </name>
    </respStmt>
    <respStmt>
     <resp>
      Разметка имен собственных:
     </resp>
     <name>
      Никита Северин, Елена Северина
     </name>
    </respStmt>
    <respStmt>
     <resp>
      Исправление древнегреческого текста:
     </resp>
     <name>
      Ольга Алиева
     </name>
    </respStmt>
    <funder>
     Проект «Слово Толстого»
    </funder>
   </titleStmt>
   <publicationStmt>
    <publisher>
     <orgName>
      Tolstoy Digital, DH CLOUD, Научно-образовательный союз «Родное Слово» проект «Слово Толстого»
     </orgName>
    </publisher>
    <availability>
     <p id="e938af0c-a1fd-47a1-b581-ed066fe7c259">
      Тексты и метатекстовая разметка доступны для свободного использования и распространения по лицензии Creative Commons Attribution Share-Alike (cc by-sa)
     </p>
    </availability>
    <date from="2015" to="2022"/>
   </publicationStmt>
   <notesStmt>
    <note>
     Публикуемые документы был получены с сайта tolstoy.ru в формате html, переведены в формат TEI. Исправлены некоторые ошибки распознавания. Тексты, написанные в дореформенной орфографии, сопоставлены с их версиями в современной орфографии.
    </note>
   </notesStmt>
   <sourceDesc>
    <biblStruct>
     <analytic>
      <author>
       Толстой Лев Николаевич
      </author>
     </analytic>
     <monogr>
      <title level="m">
       Полное собрание сочинений. Том 62
      </title>
      <imprint>
       <pubPlace>
        Москва
       </pubPlace>
       <publisher>
        Государственное издательство «Художественная литература»
       </publisher>
       <date when="1953"/>
      </imprint>
      <biblScope unit="vol">
       62
      </biblScope>
      <biblScope unit="page">
       130-131
      </biblScope>
     </monogr>
     <series>
      <title level="s">
       Л. Н. Толстой. Полное собрание сочинений: в 90 тт.
      </title>
     </series>
    </biblStruct>
    <bibl/>
   </sourceDesc>
  </fileDesc>
  <encodingDesc>
   <classDecl>
    <xi:include href="../../reference/taxonomy.xml"/>
   </classDecl>
  </encodingDesc>
  <profileDesc>
   <correspDesc>
    <correspAction type="sending">
     <persName ref="13883">
      Л. Н. Толстой
     </persName>
     <placeName>
      Ясная Поляна
     </placeName>
     <date when="1874-12-15"/>
    </correspAction>
    <correspAction type="receiving">
     <persName ref="13812">
      Толстая Александра Андреевна
     </persName>
    </correspAction>
   </correspDesc>
   <langUsage>
    <language ident="ru"/>
   </langUsage>
   <textClass>
    <catRef ana="#tolstoy_heritage" target="library"/>
    <catRef ana="#letters" target="type"/>
    <catRef ana="#sent" target="sent"/>
   </textClass>
  </profileDesc>
 </teiHeader>
 <xenoData>
  <number type="in a volume">
   123
  </number>
 </xenoData>
 <text xml:id="A.A.Tolstoj_123" xmlns="http://www.tei-c.org/ns/1.0" xmlns:xi="http://www.w3.org/2001/XInclude">
  <body>
   <div>
    <pb n="130"/>
    <opener index="false">
     123. A. A. Толстой.1874 г. Декабря 15...30? Я. П.
    </opener>
    <p id="024e06a0-5f99-4bc3-987d-3d3fe747fc96">
     Получив ваше последнее милое письмо, которое я ждал, я тотчас же ответил вам, но написал в письме глупость, что так часто со мной бывает, и должен был разорвать письмо. Радуюсь всей душой, что вы беретесь за оставленное дело, и как оно ни чуждо мне, все-таки сочувствую, как и всегда сочувствовал вашему отношению к нему.
     <ref target="#note1">
      1
     </ref>
     <note index="false" resp="volume_editor" xml:id="note1">
      А. А. Толстая писала, что решила снова стать попечительницей «Дома милосердия». Об от
      <hi>
       н
      </hi>
      ошении Толстого к ее попечительству см. письма к ней 1865 г. в т. 61 и письмо № 30 настоящего тома.
     </note>
     Вы говорите, что мы, как белка в колесе. Разумеется. Но этого не надо говорить и думать. Я по крайней мере, что бы я ни делал, всегда убеждаюсь, что du haut de ces pyramides 40 siècles me contemplent,
     <ref target="#note2">
      2
     </ref>
     <note index="false" resp="volume_editor" xml:id="note2">
      <hi rend="italic">
       Сорок веков смотрят на меня с вершин этих пирамид,
      </hi>
      — фраза, сказанная Наполеоном в речи к солдатам во время Египетского похода.
     </note>
     и что весь мир погибнет, если я остановлюсь. Правда, там сидит бесенок, который подмигивает и говорит, что всё это толчение воды, но я ему не даю, и вы не давайте ходу. Впрочем, как только дело коснется живой души человеческой, и можно полюбить тех, для кого трудишься, то уже бесенку не убедить нас, что любовь пустяки. Я теперь весь из отвлеченной педагогики перескочил в практическое, с одной стороны, и в самое отвлеченное, с другой стороны, дело школ в нашем уезде. И полюбил опять, как 14 лет тому назад, эти тысячи ребятишек, с которыми я имею дело. Я у в
     <hi>
      с
     </hi>
     ех спрашиваю, зачем мы хотим дать образование народу; и есть 5 ответов. Скажите при случае ваш ответ. А мой вот какой. Я не рассуждаю, но когда я вхожу в школу и вижу эту толпу оборванных, грязных, худых детей, с их светлыми глазами и так часто ангельскими выражениями, на меня находит тревога, ужас, вроде того, который испытывал бы при виде тонущих людей. Ах, батюшки, как бы вытащить, и кого прежде, кого после вытащить. И тонет тут самое дорогое, именно то духовное, которое так очевидно бросается в глаза в детях. Я хочу образования для народа только для того, чтобы спасти тех тонущих там Пушкиных, Остроградских,
     <ref target="#note3">
      3
     </ref>
     <note index="false" resp="volume_editor" xml:id="note3">
      <name placement="note" ref="10338" type="person">
       Михаил Васильевич Остроградский
      </name>
      (1801—1861) — математик. Заподозренный в политической неблагонадежности, не получил аттестата об окончании университета и уехал во Францию. В 1828 г. вернулся в Россию и вскоре был избран в члены Академии наук.
     </note>
     Филаретов,
     <ref target="#note4">
      4
     </ref>
     <note index="false" resp="volume_editor" xml:id="note4">
      <name placement="note" ref="14519" type="person">
       Филарет (Василий Михайлович Дроздов
      </name>
      , 1783—1867) — митрополит московский, сын сельского дьячка.
     </note>
     Ломоносовых. А они кишат в каждой школе. И дело у меня идет хорошо, очень хорошо. Я вижу, что делаю дело, и двигаюсь вперед гораздо быстрее, чем я ожидал. Желаю от всей души, чтобы и ваше дело так же спорилось, как мое это последнее время. В Петербург мне очень хочется, и вы знаете, что видеть вас для меня большая заманка, но теперь я больше занят еще, чем прежде, особенно потому, что в хорошем духе работать.
     <hi style="opdelimiter">
      Роман
     </hi>
     <pb n="131"/>
     <hi style="npdelimiter">
      свой
     </hi>
     я обещал напечатать в «Русском вестнике», но никак не могу оторваться до сих пор от живых людей, чтобы заняться воображаемыми.
    </p>
    <p id="cca5f00d-9422-4155-8f8c-bb5d1dbad180" rend="right">
     Ваш Л. Толстой.
    </p>
    <lb/>
    <p id="f729bec8-4deb-4b84-9ea2-322b5a6f9947">
     Перро
     <ref target="#note5">
      5
     </ref>
     <note index="false" resp="volume_editor" xml:id="note5">
      См. прим. к письму № 173.
     </note>
     очень мил, и я надеюсь, что он мне устроит. Я чрезвычайно благодарен вам и ему. Что он за человек? И чем можно отблагодарить его?
    </p>
    <noteGrp type="comments">
     <note index="false" type="comments">
      <p id="831c2740-5522-49ab-8dcb-21af37586af6" rend="Textpetit_otstup left">
       Впервые опубликовано, с датой: «декабрь 1874», в ПТ, стр. 257—259. Датируется по письму А. А. Толстой от 4 декабря, (П. Т. стр. 255—257), на которое да
       <hi>
        н
       </hi>
       ное письмо служит ответом.
      </p>
     </note>
    </noteGrp>
   </div>
  </body>
 </text>
</TEI>
