<?xml version="1.0" encoding="utf-8"?>
<TEI xmlns="http://www.tei-c.org/ns/1.0" xmlns:xi="http://www.w3.org/2001/XInclude">
 <teiHeader>
  <fileDesc>
   <titleStmt>
    <title xml:id="v62_063_P_D_Goloxvastovu">
     Письма и документы. Tolstoy Digital
    </title>
    <title type="main">
     Письмо П. Д. Голохвастову от 11 апреля 1874 г.
    </title>
    <title type="bibl">
     Толстой Л. Н. Письмо П. Д. Голохвастову, 11 апреля 1874 г. // Толстой Л. Н. Полное собрание сочинений: в 90 тт. Т. 62. М.: Гос. изд. «Художественная литература», 1953. С.
    </title>
    <respStmt>
     <resp>
      Идея, постановка задач, руководство:
     </resp>
     <name>
      Анастасия Бонч-Осмоловская, Фёкла Толстая, Борис Орехов, Тимофей Лукашевский
     </name>
    </respStmt>
    <respStmt>
     <resp>
      Подготовка TEI/XML:
     </resp>
     <name>
      Евгений Можаев, Даниил Скоринкин, Ирина Павлова, Матвей Колбасов, Елена Сидорова, Кирилл Милинцевич, Лев Буланов, Макар Федоров, Константин Петров
     </name>
    </respStmt>
    <respStmt>
     <resp>
      Подготовка метаданных:
     </resp>
     <name>
      Мария Картышева, Вероника Файнберг
     </name>
    </respStmt>
    <respStmt>
     <resp>
      Разметка имен собственных:
     </resp>
     <name>
      Никита Северин, Елена Северина
     </name>
    </respStmt>
    <respStmt>
     <resp>
      Исправление древнегреческого текста:
     </resp>
     <name>
      Ольга Алиева
     </name>
    </respStmt>
    <funder>
     Проект «Слово Толстого»
    </funder>
   </titleStmt>
   <publicationStmt>
    <publisher>
     <orgName>
      Tolstoy Digital, DH CLOUD, Научно-образовательный союз «Родное Слово» проект «Слово Толстого»
     </orgName>
    </publisher>
    <availability>
     <p id="fef301c5-9d4c-4d01-84fd-8e2b829614b7">
      Тексты и метатекстовая разметка доступны для свободного использования и распространения по лицензии Creative Commons Attribution Share-Alike (cc by-sa)
     </p>
    </availability>
    <date from="2015" to="2022"/>
   </publicationStmt>
   <notesStmt>
    <note>
     Публикуемые документы был получены с сайта tolstoy.ru в формате html, переведены в формат TEI. Исправлены некоторые ошибки распознавания. Тексты, написанные в дореформенной орфографии, сопоставлены с их версиями в современной орфографии.
    </note>
   </notesStmt>
   <sourceDesc>
    <biblStruct>
     <analytic>
      <author>
       Толстой Лев Николаевич
      </author>
     </analytic>
     <monogr>
      <title level="m">
       Полное собрание сочинений. Том 62
      </title>
      <imprint>
       <pubPlace>
        Москва
       </pubPlace>
       <publisher>
        Государственное издательство «Художественная литература»
       </publisher>
       <date when="1953"/>
      </imprint>
      <biblScope unit="vol">
       62
      </biblScope>
      <biblScope unit="page">
       79-80
      </biblScope>
     </monogr>
     <series>
      <title level="s">
       Л. Н. Толстой. Полное собрание сочинений: в 90 тт.
      </title>
     </series>
    </biblStruct>
    <bibl/>
   </sourceDesc>
  </fileDesc>
  <encodingDesc>
   <classDecl>
    <xi:include href="../../reference/taxonomy.xml"/>
   </classDecl>
  </encodingDesc>
  <profileDesc>
   <correspDesc>
    <correspAction type="sending">
     <persName ref="13883">
      Л. Н. Толстой
     </persName>
     <placeName>
      Ясная Поляна
     </placeName>
     <date when="1874-04-11"/>
    </correspAction>
    <correspAction type="receiving">
     <persName ref="3568">
      Голохвастов Павел Дмитриевич
     </persName>
    </correspAction>
   </correspDesc>
   <langUsage>
    <language ident="ru"/>
   </langUsage>
   <textClass>
    <catRef ana="#tolstoy_heritage" target="library"/>
    <catRef ana="#letters" target="type"/>
    <catRef ana="#sent" target="sent"/>
   </textClass>
  </profileDesc>
 </teiHeader>
 <xenoData>
  <number type="in a volume">
   63
  </number>
 </xenoData>
 <text xml:id="P.D.Goloxvastovu_63" xmlns="http://www.tei-c.org/ns/1.0" xmlns:xi="http://www.w3.org/2001/XInclude">
  <body>
   <div>
    <pb n="79"/>
    <opener index="false">
     63.
     <name placement="text" ref="3568" type="person">
      П. Д. Голохвастову
     </name>
     .1874 г. Апреля 11. Я. П.
    </opener>
    <p id="9998083e-9b0f-4486-a6fb-5260a40a5d48">
     Очень, очень рад был вашему письму,
     <ref target="#note1">
      1
     </ref>
     <note index="false" resp="volume_editor" xml:id="note1">
      Письмо П. Д. Голохвастова неизвестно.
     </note>
     дорогой Павел Дмитрич, и всему тому, что вы мне пишете. Буду ждать вас непременно, но напишите мне за недельку, чтобы я мог вам ответить и известить, что у нас всё благополучно. До сих пор всё хорошо, но я жду родов жены и почему-то боюсь очень этот раз. Пожалуйста, и молодого
     <name placement="note" ref="15468" type="person">
      Шатилова
     </name>
     <ref target="#note2">
      2
     </ref>
     <note index="false" resp="volume_editor" xml:id="note2">
      <name placement="note" ref="15468" type="person">
       Николай Иосифович Шатилов
      </name>
      — старший сын знакомого Толстого, тульского помещика И. Н. Шатилова. Н. И. Шатилов написал воспоминания, в которых рассказывает, что он трижды был в Ясной Поляне и все три визита совпали с периодом работы Толстого над «Анной Карениной». См. Н. Шатилов, «Из недавнего прошлого» — «Голос минувшего», 1916, № 9, стр. 21—39.
     </note>
     привезите с собой; он мне очень нравится. То, что вы пишете о своей работе, волнует меня. Вы не поверите, как я желаю вам успеха (не внешнего, — но вы понимаете меня) и почему-то боюсь эпопеи русским стихом. Но посмотрим и подумаем и будем говорить друг другу правду — то, что думаем. Только отчаиваться вам никак и никогда не следует. В вас всё есть, чтобы сделать что-нибудь замечательное. Но что — не знаю. Мы никуда нынешний год не намерены уезжать. И поэтому летом, верно, еще увидимся.
    </p>
    <p id="9feb98b5-bc3e-45a2-91e6-a75a854847a1">
     Пожалуйста, когда поедете ко мне, захватите с собой ваши бумаги, — всё то, что вы сделали или пытались сделать по переделке былин. — Уже по тому, чтó вы мне пишете, я вижу, что вы многое сделали и расчистили много в этом лесу. Я и прежде признавал, что никто больше вас не имеет чутья
     <hi style="opdelimiter">
      к
     </hi>
     <pb n="80"/>
     <hi style="npdelimiter">
      этому
     </hi>
     делу. И как я ни далек по теперешним своим занятиям от этого мира, я ни на минуту не забываю его значительности.
    </p>
    <p id="f854bfc6-91e4-43ef-9551-d95a4fbe66c8">
     Прошу передать мой душевный поклон вашей жене. Урусов
     <ref target="#note3">
      3
     </ref>
     <note index="false" resp="volume_editor" xml:id="note3">
      <name placement="note" ref="14259" type="person">
       Сергей Семенович Урусов
      </name>
      .
     </note>
     мне говорит, что у нее был почти написан роман. Напечатан ли? и где?
    </p>
    <p id="300e8c74-9605-4f55-9525-7a0ec7baa02a" rend="right">
     Ваш всей душой
     <name placement="text" ref="13883" type="person">
      Л. Толстой
     </name>
     .
    </p>
    <p id="29610574-b26a-46d3-847a-c911479f7287">
     11 апреля.
    </p>
    <noteGrp type="comments">
     <note index="false" type="comments">
      <p id="7ccfd106-cdf4-4a8c-8624-44c1ea1fb741" rend="Textpetit_otstup left">
       О первой публикации см. стр. 3. Год определяется содержанием.
      </p>
     </note>
    </noteGrp>
   </div>
  </body>
 </text>
</TEI>
