<?xml version="1.0" encoding="utf-8"?>
<TEI xmlns="http://www.tei-c.org/ns/1.0" xmlns:xi="http://www.w3.org/2001/XInclude">
 <teiHeader>
  <fileDesc>
   <titleStmt>
    <title xml:id="v63_561_E_V_Viner">
     Письма и документы. Tolstoy Digital
    </title>
    <title type="main">
     Письмо Е. В. Винер с 10 октября 1886 г. по 20 октября 1886 г.
    </title>
    <title type="bibl">
     Толстой Л. Н. Письмо Е. В. Винер, 10 октября 1886 г. — 20 октября 1886 г. // Толстой Л. Н. Полное собрание сочинений: в 90 тт. Т. 63. М.: Гос. изд. «Художественная литература», 1934. С.
    </title>
    <respStmt>
     <resp>
      Идея, постановка задач, руководство:
     </resp>
     <name>
      Анастасия Бонч-Осмоловская, Фёкла Толстая, Борис Орехов, Тимофей Лукашевский
     </name>
    </respStmt>
    <respStmt>
     <resp>
      Подготовка TEI/XML:
     </resp>
     <name>
      Евгений Можаев, Даниил Скоринкин, Ирина Павлова, Матвей Колбасов, Елена Сидорова, Кирилл Милинцевич, Лев Буланов, Макар Федоров, Константин Петров
     </name>
    </respStmt>
    <respStmt>
     <resp>
      Подготовка метаданных:
     </resp>
     <name>
      Мария Картышева, Вероника Файнберг
     </name>
    </respStmt>
    <respStmt>
     <resp>
      Разметка имен собственных:
     </resp>
     <name>
      Никита Северин, Елена Северина
     </name>
    </respStmt>
    <respStmt>
     <resp>
      Исправление древнегреческого текста:
     </resp>
     <name>
      Ольга Алиева
     </name>
    </respStmt>
    <funder>
     Проект «Слово Толстого»
    </funder>
   </titleStmt>
   <publicationStmt>
    <publisher>
     <orgName>
      Tolstoy Digital, DH CLOUD, Научно-образовательный союз «Родное Слово» проект «Слово Толстого»
     </orgName>
    </publisher>
    <availability>
     <p id="f1a24286-6e8d-4901-8391-894a5ca0680e">
      Тексты и метатекстовая разметка доступны для свободного использования и распространения по лицензии Creative Commons Attribution Share-Alike (cc by-sa)
     </p>
    </availability>
    <date from="2015" to="2022"/>
   </publicationStmt>
   <notesStmt>
    <note>
     Публикуемые документы был получены с сайта tolstoy.ru в формате html, переведены в формат TEI. Исправлены некоторые ошибки распознавания. Тексты, написанные в дореформенной орфографии, сопоставлены с их версиями в современной орфографии.
    </note>
   </notesStmt>
   <sourceDesc>
    <biblStruct>
     <analytic>
      <author>
       Толстой Лев Николаевич
      </author>
     </analytic>
     <monogr>
      <title level="m">
       Полное собрание сочинений. Том 63
      </title>
      <imprint>
       <pubPlace>
        Москва
       </pubPlace>
       <publisher>
        Государственное издательство «Художественная литература»
       </publisher>
       <date when="1934"/>
      </imprint>
      <biblScope unit="vol">
       63
      </biblScope>
      <biblScope unit="page">
       400-401
      </biblScope>
     </monogr>
     <series>
      <title level="s">
       Л. Н. Толстой. Полное собрание сочинений: в 90 тт.
      </title>
     </series>
    </biblStruct>
    <bibl>
     Публикуется впервые
    </bibl>
   </sourceDesc>
  </fileDesc>
  <encodingDesc>
   <classDecl>
    <xi:include href="../../reference/taxonomy.xml"/>
   </classDecl>
  </encodingDesc>
  <profileDesc>
   <correspDesc>
    <correspAction type="sending">
     <persName ref="13883">
      Л. Н. Толстой
     </persName>
     <placeName>
      Ясная Поляна
     </placeName>
     <date notAfter="1886-10-20" notBefore="1886-10-10"/>
    </correspAction>
    <correspAction type="receiving">
     <persName ref="4376">
      Джунковская Елизавета Владимировна, рожд. Винер
     </persName>
    </correspAction>
   </correspDesc>
   <langUsage>
    <language ident="ru"/>
    <language ident="ru-petr1708"/>
   </langUsage>
   <textClass>
    <catRef ana="#tolstoy_heritage" target="library"/>
    <catRef ana="#letters" target="type"/>
    <catRef ana="#sent" target="sent"/>
   </textClass>
  </profileDesc>
 </teiHeader>
 <xenoData>
  <number type="in a volume">
   561
  </number>
 </xenoData>
 <text xml:id="E__V__Viner_561" xmlns="http://www.tei-c.org/ns/1.0" xmlns:xi="http://www.w3.org/2001/XInclude">
  <body>
   <div>
    <pb n="400"/>
    <opener index="false">
     * 561. Е. В. Винер.1886 г. Октября 10—20? Я. П.
    </opener>
    <p id="4dc23963-8f04-4516-8d56-534c69a1e965">
     <choice>
      <reg>
       Сейчас
      </reg>
      <orig>
       Сейчасъ
      </orig>
     </choice>
     <choice>
      <reg>
       принес
      </reg>
      <orig>
       принесъ
      </orig>
     </choice>
     <choice>
      <reg>
       мне
      </reg>
      <orig>
       мнѣ
      </orig>
     </choice>
     <choice>
      <reg>
       Исаак
      </reg>
      <orig>
       Исаакъ
      </orig>
     </choice>
     <choice>
      <reg>
       Борисыч
      </reg>
      <orig>
       Борисычъ
      </orig>
     </choice>
     <ref target="#note1">
      1
     </ref>
     <note index="false" resp="volume_editor" xml:id="note1">
      Исаак Борисович Файнерман.
     </note>
     ваше письмо, дорогая Лизавета
     <choice>
      <reg>
       Владимировна
      </reg>
      <orig>
       Владиміровна
      </orig>
     </choice>
     . Очень понимаю то, что вы
     <hi style="opdelimiter">
      не
     </hi>
     <pb n="401"/>
     <hi style="npdelimiter">
      можете
     </hi>
     дойти до той отвлеченности при
     <choice original_editorial_correction="к[оторой]">
      <sic>
       к
      </sic>
      <corr>
       которой
      </corr>
     </choice>
     не больна смерть
     <choice>
      <reg>
       близких
      </reg>
      <orig>
       близкихъ
      </orig>
     </choice>
     .
     <ref target="#note2">
      2
     </ref>
     <note index="false" resp="volume_editor" xml:id="note2">
      О ком здесь идет речь, выяснить не удалось.
     </note>
     Но
     <choice>
      <reg>
       каких
      </reg>
      <orig>
       какихъ
      </orig>
     </choice>
     <choice>
      <reg>
       близких
      </reg>
      <orig>
       близкихъ
      </orig>
     </choice>
     и почему больно?
     <choice>
      <reg>
       Дело
      </reg>
      <orig>
       Дѣло
      </orig>
     </choice>
     все
     <choice>
      <reg>
       в
      </reg>
      <orig>
       въ
      </orig>
     </choice>
     <choice>
      <reg>
       том
      </reg>
      <orig>
       томъ
      </orig>
     </choice>
     чтобы любить прежде Бога, т. е. добро истину, а
     <choice>
      <reg>
       потом
      </reg>
      <orig>
       потомъ
      </orig>
     </choice>
     людей. Любить Бога значить
     <choice>
      <reg>
       делать
      </reg>
      <orig>
       дѣлать
      </orig>
     </choice>
     <choice>
      <reg>
       дело
      </reg>
      <orig>
       дѣло
      </orig>
     </choice>
     Бога, т. е. добра и истины, и
     <choice>
      <reg>
       в
      </reg>
      <orig>
       въ
      </orig>
     </choice>
     <choice>
      <reg>
       успех
      </reg>
      <orig>
       успѣхъ
      </orig>
     </choice>
     <choice>
      <reg>
       этого
      </reg>
      <orig>
       этаго
      </orig>
     </choice>
     <choice>
      <reg>
       дела
      </reg>
      <orig>
       дѣла
      </orig>
     </choice>
     класть свою жизнь. Если
     <choice>
      <reg>
       так
      </reg>
      <orig>
       такъ
      </orig>
     </choice>
     любить Бога, то непременно будешь любить людей
     <choice>
      <reg>
       всех
      </reg>
      <orig>
       всѣхъ
      </orig>
     </choice>
     , но особенно горячо
     <choice>
      <reg>
       тех
      </reg>
      <orig>
       тѣхъ
      </orig>
     </choice>
     ,
     <choice original_editorial_correction="к[оторые]">
      <sic>
       к
      </sic>
      <corr>
       которые
      </corr>
     </choice>
     <choice>
      <reg>
       делают
      </reg>
      <orig>
       дѣлаютъ
      </orig>
     </choice>
     <choice>
      <reg>
       дело
      </reg>
      <orig>
       дѣло
      </orig>
     </choice>
     божье, и будешь
     <choice>
      <reg>
       болеть
      </reg>
      <orig>
       болѣть
      </orig>
     </choice>
     <choice>
      <reg>
       об
      </reg>
      <orig>
       объ
      </orig>
     </choice>
     <choice>
      <reg>
       их
      </reg>
      <orig>
       ихъ
      </orig>
     </choice>
     <choice>
      <reg>
       потере
      </reg>
      <orig>
       потерѣ
      </orig>
     </choice>
     , но не
     <choice>
      <reg>
       так
      </reg>
      <orig>
       такъ
      </orig>
     </choice>
     ,
     <choice>
      <reg>
       как
      </reg>
      <orig>
       какъ
      </orig>
     </choice>
     <choice>
      <reg>
       болеют
      </reg>
      <orig>
       болѣютъ
      </orig>
     </choice>
     о
     <choice>
      <reg>
       людях
      </reg>
      <orig>
       людяхъ
      </orig>
     </choice>
     не любя Бога,
     <choice original_editorial_correction="п[отому]">
      <sic>
       п
      </sic>
      <corr>
       потому
      </corr>
     </choice>
     <choice original_editorial_correction="ч[то]">
      <sic>
       ч
      </sic>
      <corr>
       что
      </corr>
     </choice>
     любишь людей за то, что они работники божьи, а
     <choice>
      <reg>
       работников
      </reg>
      <orig>
       работниковъ
      </orig>
     </choice>
     у него много и есть кого любить, и
     <choice>
      <reg>
       сам
      </reg>
      <orig>
       самъ
      </orig>
     </choice>
     <choice>
      <reg>
       после
      </reg>
      <orig>
       послѣ
      </orig>
     </choice>
     потери
     <choice>
      <reg>
       одного
      </reg>
      <orig>
       однаго
      </orig>
     </choice>
     работника невольно постарается
     <choice>
      <reg>
       заместить
      </reg>
      <orig>
       замѣстить
      </orig>
     </choice>
     его. Для меня эта не мысль, а чувство, служить не то что
     <choice>
      <reg>
       утешением
      </reg>
      <orig>
       утѣшеніемъ
      </orig>
     </choice>
     , а совершенно уничтожило
     <choice>
      <reg>
       болезненность
      </reg>
      <orig>
       болѣзненность
      </orig>
     </choice>
     потери
     <choice>
      <reg>
       близких
      </reg>
      <orig>
       близкихъ
      </orig>
     </choice>
     и
     <choice>
      <reg>
       страх
      </reg>
      <orig>
       страхъ
      </orig>
     </choice>
     ,
     <choice>
      <reg>
       несогласие
      </reg>
      <orig>
       несогласіе
      </orig>
     </choice>
     <choice>
      <reg>
       с
      </reg>
      <orig>
       съ
      </orig>
     </choice>
     своей смертью. Да вы и сами говорите:
     <choice>
      <reg>
       Будем
      </reg>
      <orig>
       Будемъ
      </orig>
     </choice>
     <choice>
      <reg>
       крепко
      </reg>
      <orig>
       крѣпко
      </orig>
     </choice>
     держаться
     <choice>
      <reg>
       друг
      </reg>
      <orig>
       другъ
      </orig>
     </choice>
     за друга.
     <choice>
      <reg>
       В
      </reg>
      <orig>
       Въ
      </orig>
     </choice>
     <choice>
      <reg>
       этом
      </reg>
      <orig>
       этомъ
      </orig>
     </choice>
     то и
     <choice>
      <reg>
       Бог
      </reg>
      <orig>
       Богъ
      </orig>
     </choice>
     , и добро, и истина, и сила.
    </p>
    <p id="63adbd91-8936-44e5-90fb-577470301e46">
     Дай
     <choice>
      <reg>
       вам
      </reg>
      <orig>
       вамъ
      </orig>
     </choice>
     <choice>
      <reg>
       Бог
      </reg>
      <orig>
       Богъ
      </orig>
     </choice>
     всего
     <choice>
      <reg>
       хорошего
      </reg>
      <orig>
       хорошаго
      </orig>
     </choice>
     . Здоровье мое
     <choice>
      <reg>
       совсем
      </reg>
      <orig>
       совсѣмъ
      </orig>
     </choice>
     хорошо. Только ходить еще не могу
     <choice>
      <reg>
       без
      </reg>
      <orig>
       безъ
      </orig>
     </choice>
     костылей.
    </p>
    <noteGrp type="comments">
     <note index="false" type="comments">
      <p id="29c6cf61-3c4e-4f2c-9e02-887ee8249dd9" rend="Textpetit_otstup left">
       Печатается по копии Е. В. Викер, хранящейся в АЧ. Публикуется впервые. Датируется на основании упоминания о болезни Толстого. См. вводное примечание к письму № 560.
      </p>
     </note>
     <note index="false" type="comments">
      <p id="048ff3bf-7f3e-4f3b-bf13-b827d685b09d" rend="petit">
       Письмо Е. В. Винер, на которое отвечает Толстой, неизвестно.
      </p>
     </note>
    </noteGrp>
   </div>
  </body>
 </text>
</TEI>
