<?xml version="1.0" encoding="utf-8"?>
<TEI xmlns="http://www.tei-c.org/ns/1.0" xmlns:xi="http://www.w3.org/2001/XInclude">
 <teiHeader>
  <fileDesc>
   <titleStmt>
    <title xml:id="v63_055_I_S_Turgenevu">
     Письма и документы. Tolstoy Digital
    </title>
    <title type="main">
     Письмо И. С. Тургеневу с 26 июня 1881 г. по 27 июня 1881 г.
    </title>
    <title type="bibl">
     Толстой Л. Н. Письмо И. С. Тургеневу, 26 июня 1881 г. — 27 июня 1881 г. // Толстой Л. Н. Полное собрание сочинений: в 90 тт. Т. 63. М.: Гос. изд. «Художественная литература», 1934. С.
    </title>
    <respStmt>
     <resp>
      Идея, постановка задач, руководство:
     </resp>
     <name>
      Анастасия Бонч-Осмоловская, Фёкла Толстая, Борис Орехов, Тимофей Лукашевский
     </name>
    </respStmt>
    <respStmt>
     <resp>
      Подготовка TEI/XML:
     </resp>
     <name>
      Евгений Можаев, Даниил Скоринкин, Ирина Павлова, Матвей Колбасов, Елена Сидорова, Кирилл Милинцевич, Лев Буланов, Макар Федоров, Константин Петров
     </name>
    </respStmt>
    <respStmt>
     <resp>
      Подготовка метаданных:
     </resp>
     <name>
      Мария Картышева, Вероника Файнберг
     </name>
    </respStmt>
    <respStmt>
     <resp>
      Разметка имен собственных:
     </resp>
     <name>
      Никита Северин, Елена Северина
     </name>
    </respStmt>
    <respStmt>
     <resp>
      Исправление древнегреческого текста:
     </resp>
     <name>
      Ольга Алиева
     </name>
    </respStmt>
    <funder>
     Проект «Слово Толстого»
    </funder>
   </titleStmt>
   <publicationStmt>
    <publisher>
     <orgName>
      Tolstoy Digital, DH CLOUD, Научно-образовательный союз «Родное Слово» проект «Слово Толстого»
     </orgName>
    </publisher>
    <availability>
     <p id="7910eae4-311c-4eaf-bee5-197bf622bfd3">
      Тексты и метатекстовая разметка доступны для свободного использования и распространения по лицензии Creative Commons Attribution Share-Alike (cc by-sa)
     </p>
    </availability>
    <date from="2015" to="2022"/>
   </publicationStmt>
   <notesStmt>
    <note>
     Публикуемые документы был получены с сайта tolstoy.ru в формате html, переведены в формат TEI. Исправлены некоторые ошибки распознавания. Тексты, написанные в дореформенной орфографии, сопоставлены с их версиями в современной орфографии.
    </note>
   </notesStmt>
   <sourceDesc>
    <biblStruct>
     <analytic>
      <author>
       Толстой Лев Николаевич
      </author>
     </analytic>
     <monogr>
      <title level="m">
       Полное собрание сочинений. Том 63
      </title>
      <imprint>
       <pubPlace>
        Москва
       </pubPlace>
       <publisher>
        Государственное издательство «Художественная литература»
       </publisher>
       <date when="1934"/>
      </imprint>
      <biblScope unit="vol">
       63
      </biblScope>
      <biblScope unit="page">
       69-70
      </biblScope>
     </monogr>
     <series>
      <title level="s">
       Л. Н. Толстой. Полное собрание сочинений: в 90 тт.
      </title>
     </series>
    </biblStruct>
    <bibl/>
   </sourceDesc>
  </fileDesc>
  <encodingDesc>
   <classDecl>
    <xi:include href="../../reference/taxonomy.xml"/>
   </classDecl>
  </encodingDesc>
  <profileDesc>
   <correspDesc>
    <correspAction type="sending">
     <persName ref="13883">
      Л. Н. Толстой
     </persName>
     <placeName>
      Ясная Поляна
     </placeName>
     <date notAfter="1881-06-27" notBefore="1881-06-26"/>
    </correspAction>
    <correspAction type="receiving">
     <persName ref="14129">
      Тургенев Иван Сергеевич
     </persName>
    </correspAction>
   </correspDesc>
   <langUsage>
    <language ident="ru"/>
    <language ident="ru-petr1708"/>
   </langUsage>
   <textClass>
    <catRef ana="#tolstoy_heritage" target="library"/>
    <catRef ana="#letters" target="type"/>
    <catRef ana="#sent" target="sent"/>
   </textClass>
  </profileDesc>
 </teiHeader>
 <xenoData>
  <number type="in a volume">
   55
  </number>
 </xenoData>
 <text xml:id="I__S__Turgenevu_55" xmlns="http://www.tei-c.org/ns/1.0" xmlns:xi="http://www.w3.org/2001/XInclude">
  <body>
   <div>
    <pb n="69"/>
    <opener index="false">
     55.
     <name placement="text" ref="14129" type="person">
      И. С. Тургеневу
     </name>
     .1881 г. Июня 26—27? Я. П.
    </opener>
    <p id="ff46385b-6481-471b-802e-7328527f6c16">
     Очень хочется побывать у
     <choice>
      <reg>
       вас
      </reg>
      <orig>
       васъ
      </orig>
     </choice>
     , дорогой
     <choice>
      <reg>
       <name placement="text" ref="14129" type="person">
        Иван
       </name>
      </reg>
      <orig>
       <name placement="text" ref="14129" type="person">
        Иванъ
       </name>
      </orig>
     </choice>
     <choice>
      <reg>
       <name placement="text" ref="14129" type="person">
        Сергеевич
       </name>
      </reg>
      <orig>
       Сергѣевичъ
      </orig>
     </choice>
     .
     <choice>
      <reg>
       Мне
      </reg>
      <orig>
       Мнѣ
      </orig>
     </choice>
     <choice>
      <reg>
       так
      </reg>
      <orig>
       такъ
      </orig>
     </choice>
     было
     <choice>
      <reg>
       в
      </reg>
      <orig>
       въ
      </orig>
     </choice>
     <choice>
      <reg>
       последнее
      </reg>
      <orig>
       послѣднее
      </orig>
     </choice>
     <choice>
      <reg>
       свидание
      </reg>
      <orig>
       свиданіе
      </orig>
     </choice>
     <ref target="#note1">
      1
     </ref>
     <note index="false" resp="volume_editor" xml:id="note1">
      Свидание состоялось в Ясной поляне, куда И. С. Тургенев заезжал 5—10? июня 1881 г. по дороге из Спасского в Москву. См. «Толстой и Тургенев. Переписка». Изд. М. и С. Сабашниковых, М. 1928, стр. 98.
     </note>
     хорошо
     <choice>
      <reg>
       с
      </reg>
      <orig>
       съ
      </orig>
     </choice>
     вами,
     <hi style="opdelimiter">
      <choice>
       <reg>
        как
       </reg>
       <orig>
        какъ
       </orig>
      </choice>
     </hi>
     <pb n="70"/>
     <hi style="npdelimiter">
      никогда
     </hi>
     прежде не было. И
     <choice>
      <reg>
       как
      </reg>
      <orig>
       какъ
      </orig>
     </choice>
     ни странно это сказать, но я чувствую, что теперь только
     <choice>
      <reg>
       после
      </reg>
      <orig>
       послѣ
      </orig>
     </choice>
     <choice>
      <reg>
       всех
      </reg>
      <orig>
       всѣхъ
      </orig>
     </choice>
     <choice>
      <reg>
       перипетий
      </reg>
      <orig>
       перипетій
      </orig>
     </choice>
     <ref target="#note2">
      2
     </ref>
     <note index="false" resp="volume_editor" xml:id="note2">
      Отношения И. С. Тургенева с Толстым далеко не были ровными на протяжении их знакомства (с 1855 г.). 27 мая 1861 г. они были прерваны происшедшей между ними ссорой у А. А. Фета в Степановке, разорвавшей их сношения почти на семнадцать лет. Об этом см.: А. А. Фет, «Мои воспоминания», I, М. 1890, стр. 370—371; «Дневники Софьи Андреевны Толстой» I, изд. Сабашниковых, М. 1928, стр. 47; «Толстой и Тургенев. Переписка» изд. Сабашниковых, М. 1928, стр. 63—72.
     </note>
     нашего знакомства
     <choice>
      <reg>
       вполне
      </reg>
      <orig>
       вполнѣ
      </orig>
     </choice>
     сошелся
     <choice>
      <reg>
       с
      </reg>
      <orig>
       съ
      </orig>
     </choice>
     вами и что теперь я все ближе и ближе буду сходиться
     <choice>
      <reg>
       с
      </reg>
      <orig>
       съ
      </orig>
     </choice>
     вами.
    </p>
    <p id="855ab3c3-b054-41c9-819c-ec78f930dd94">
     Паломничество мое удалось прекрасно.
     <ref target="#note3">
      3
     </ref>
     <note index="false" resp="volume_editor" xml:id="note3">
      10 июня 1881 г. Толстой со своим слугой С. П. Арбузовым отправился пешком в Оптину пустынь (Калужской губ. Козельского у.). Возвратился 20 июня. Сохранился дневничек, который он вел во время своего путешествия. См. т.
      <hi style="opdelimiter">
       49.
      </hi>
     </note>
     Я наберу
     <choice>
      <reg>
       из
      </reg>
      <orig>
       изъ
      </orig>
     </choice>
     своей жизни
     <choice>
      <reg>
       годов
      </reg>
      <orig>
       годовъ
      </orig>
     </choice>
     5, которые
     <choice>
      <reg>
       отдам
      </reg>
      <orig>
       отдамъ
      </orig>
     </choice>
     за эти 10 дней. Я бы
     <choice>
      <reg>
       сейчас
      </reg>
      <orig>
       сейчасъ
      </orig>
     </choice>
     <choice>
      <reg>
       поехал
      </reg>
      <orig>
       поѣхалъ
      </orig>
     </choice>
     <choice>
      <reg>
       к
      </reg>
      <orig>
       къ
      </orig>
     </choice>
     <choice>
      <reg>
       вам
      </reg>
      <orig>
       вамъ
      </orig>
     </choice>
     , но
     <choice>
      <reg>
       после
      </reg>
      <orig>
       послѣ
      </orig>
     </choice>
     моего
     <choice>
      <reg>
       возвращения
      </reg>
      <orig>
       возвращенія
      </orig>
     </choice>
     случилось со мной то, чего не бывало —
     <choice>
      <reg>
       флюс
      </reg>
      <orig>
       флюсъ
      </orig>
     </choice>
     , который не
     <choice>
      <reg>
       давал
      </reg>
      <orig>
       давалъ
      </orig>
     </choice>
     <choice>
      <reg>
       мне
      </reg>
      <orig>
       мнѣ
      </orig>
     </choice>
     ни
     <choice>
      <reg>
       есть
      </reg>
      <orig>
       ѣсть
      </orig>
     </choice>
     , ни спать 6
     <choice>
      <reg>
       суток
      </reg>
      <orig>
       сутокъ
      </orig>
     </choice>
     . Я нынче первый день
     <choice>
      <reg>
       встал
      </reg>
      <orig>
       всталъ
      </orig>
     </choice>
     и
     <choice>
      <reg>
       слаб
      </reg>
      <orig>
       слабъ
      </orig>
     </choice>
     ,
     <choice>
      <reg>
       как
      </reg>
      <orig>
       какъ
      </orig>
     </choice>
     <choice>
      <reg>
       после
      </reg>
      <orig>
       послѣ
      </orig>
     </choice>
     тифа. Во
     <choice>
      <reg>
       вторник
      </reg>
      <orig>
       вторникъ
      </orig>
     </choice>
     жена
     <choice>
      <reg>
       едет
      </reg>
      <orig>
       ѣдетъ
      </orig>
     </choice>
     <choice>
      <reg>
       в
      </reg>
      <orig>
       въ
      </orig>
     </choice>
     Москву,
     <ref target="#note4">
      4
     </ref>
     <note index="false" resp="volume_editor" xml:id="note4">
      С. А. Толстая ездила в Москву для подыскания квартиры.
     </note>
     а я остаюсь караулить
     <choice>
      <reg>
       дом
      </reg>
      <orig>
       домъ
      </orig>
     </choice>
     . Когда она вернется, т. е. между 5 и 20
     <choice>
      <reg>
       июля
      </reg>
      <orig>
       іюля
      </orig>
     </choice>
     , очень хочу
     <choice>
      <reg>
       съездить
      </reg>
      <orig>
       съѣздить
      </orig>
     </choice>
     <choice>
      <reg>
       к
      </reg>
      <orig>
       къ
      </orig>
     </choice>
     вамь.
     <ref target="#note5">
      5
     </ref>
     <note index="false" resp="volume_editor" xml:id="note5">
      Толстой был в Спасском-Лутовинове 8—10 июля. В дневнике своем 1881 г. от 9—10 июля он записывает: «У Тургенева. Милый Полонский, спокойно занятой живописью и писаньем, неосуждающий и — бедный — спокойный. Тургенев — боится имени бога, а признает его. Но тоже наивно спокойный в роскоши и праздности жизни» (ГТМ). О пребывании Толстого у И. С. Тургенева в Спасском см. Я. П. Полонский, «И. С. Тургенев у себя в его последний приезд на родину» — «Нива», 1884, 5, стр. 114—115 (перепечатано в книге Я. П. Полонского «На высотах спиритизма», Спб. 1889).
     </note>
     Очень
     <choice>
      <reg>
       рад
      </reg>
      <orig>
       радъ
      </orig>
     </choice>
     буду возобновить знакомство
     <choice>
      <reg>
       с
      </reg>
      <orig>
       съ
      </orig>
     </choice>
     <choice>
      <reg>
       <name placement="text" ref="10996" type="person">
        Яковом
       </name>
      </reg>
      <orig>
       <name placement="text" ref="10996" type="person">
        Яковомъ
       </name>
      </orig>
     </choice>
     <choice>
      <reg>
       <name placement="text" ref="10996" type="person">
        Петровичем
       </name>
      </reg>
      <orig>
       Петровичемъ
      </orig>
     </choice>
     ,
     <ref target="#note6">
      6
     </ref>
     <note index="false" resp="volume_editor" xml:id="note6">
      <name placement="note" ref="10996" type="person">
       Яков Петрович Полонский
      </name>
      (1819—1898) — поэт. О нем подробнее см. в прим. к письмам Толстого к нему, т. 71.
     </note>
     которому передайте мой
     <choice>
      <reg>
       поклон
      </reg>
      <orig>
       поклонъ
      </orig>
     </choice>
     . Наши
     <choice>
      <reg>
       все
      </reg>
      <orig>
       всѣ
      </orig>
     </choice>
     <choice>
      <reg>
       благодарят
      </reg>
      <orig>
       благодарятъ
      </orig>
     </choice>
     за память, а я дружески жму вашу руку.
    </p>
    <p id="47436e1f-6b86-4d9a-8930-f92138c40309" rend="right">
     Толстой.
    </p>
    <noteGrp type="comments">
     <note index="false" type="comments">
      <p id="f91a861f-f03c-4dd7-9754-94f59ac4f15a" rend="Textpetit_otstup left">
       Печатается по автографу, хранящемуся в ИЛ. Впервые опубликовано А. Е. Грузинским и М. А. Цявловским в кн. «Толстой и Тургенев» изд. Сабашниковых М. 1928, № 40. Датируется на основании упоминания Толстого о своем «паломничестве» — т. е. путешествии в Оптину пустынь (см. прим. 3 к настоящему письму), откуда он возвратился 20 июня 1881 г. Письмо Толстого писано, как видно, на шестой-седьмой день по возвращении.
      </p>
     </note>
     <note index="false" type="comments">
      <p id="5c6587fc-845e-437a-a418-005ee574b76b" rend="petit">
       <name placement="comments" ref="14129" type="person">
        Иван Сергеевич Тургенев
       </name>
       (1818—1883) — писатель. О нем подробнее см. в прим. к письмам Толстого к нему, т. 59.
      </p>
     </note>
     <note index="false" type="comments">
      <p id="0de4a235-2daf-47a0-a3be-05f65dc59e05" rend="petit">
       В настоящем письме Толстой отвечает на письмо И. С. Тургенева от 21 июня 1881 г. (см. «Толстой и Тургенев», изд. Сабашниковых, М. 1928, № 39).
      </p>
     </note>
    </noteGrp>
   </div>
  </body>
 </text>
</TEI>
