<?xml version="1.0" encoding="utf-8"?>
<TEI xmlns="http://www.tei-c.org/ns/1.0" xmlns:xi="http://www.w3.org/2001/XInclude">
 <teiHeader>
  <fileDesc>
   <titleStmt>
    <title xml:id="v63_078_S_A_Rachinskomu">
     Письма и документы. Tolstoy Digital
    </title>
    <title type="main">
     Письмо С. А. Рачинскому от 30 сентября 1881 г.
    </title>
    <title type="bibl">
     Толстой Л. Н. Письмо С. А. Рачинскому, 30 сентября 1881 г. // Толстой Л. Н. Полное собрание сочинений: в 90 тт. Т. 63. М.: Гос. изд. «Художественная литература», 1934. С.
    </title>
    <respStmt>
     <resp>
      Идея, постановка задач, руководство:
     </resp>
     <name>
      Анастасия Бонч-Осмоловская, Фёкла Толстая, Борис Орехов, Тимофей Лукашевский
     </name>
    </respStmt>
    <respStmt>
     <resp>
      Подготовка TEI/XML:
     </resp>
     <name>
      Евгений Можаев, Даниил Скоринкин, Ирина Павлова, Матвей Колбасов, Елена Сидорова, Кирилл Милинцевич, Лев Буланов, Макар Федоров, Константин Петров
     </name>
    </respStmt>
    <respStmt>
     <resp>
      Подготовка метаданных:
     </resp>
     <name>
      Мария Картышева, Вероника Файнберг
     </name>
    </respStmt>
    <respStmt>
     <resp>
      Разметка имен собственных:
     </resp>
     <name>
      Никита Северин, Елена Северина
     </name>
    </respStmt>
    <respStmt>
     <resp>
      Исправление древнегреческого текста:
     </resp>
     <name>
      Ольга Алиева
     </name>
    </respStmt>
    <funder>
     Проект «Слово Толстого»
    </funder>
   </titleStmt>
   <publicationStmt>
    <publisher>
     <orgName>
      Tolstoy Digital, DH CLOUD, Научно-образовательный союз «Родное Слово» проект «Слово Толстого»
     </orgName>
    </publisher>
    <availability>
     <p id="eef2cf63-8a9b-458d-a119-44d21014fb0c">
      Тексты и метатекстовая разметка доступны для свободного использования и распространения по лицензии Creative Commons Attribution Share-Alike (cc by-sa)
     </p>
    </availability>
    <date from="2015" to="2022"/>
   </publicationStmt>
   <notesStmt>
    <note>
     Публикуемые документы был получены с сайта tolstoy.ru в формате html, переведены в формат TEI. Исправлены некоторые ошибки распознавания. Тексты, написанные в дореформенной орфографии, сопоставлены с их версиями в современной орфографии.
    </note>
   </notesStmt>
   <sourceDesc>
    <biblStruct>
     <analytic>
      <author>
       Толстой Лев Николаевич
      </author>
     </analytic>
     <monogr>
      <title level="m">
       Полное собрание сочинений. Том 63
      </title>
      <imprint>
       <pubPlace>
        Москва
       </pubPlace>
       <publisher>
        Государственное издательство «Художественная литература»
       </publisher>
       <date when="1934"/>
      </imprint>
      <biblScope unit="vol">
       63
      </biblScope>
      <biblScope unit="page">
       79-80
      </biblScope>
     </monogr>
     <series>
      <title level="s">
       Л. Н. Толстой. Полное собрание сочинений: в 90 тт.
      </title>
     </series>
    </biblStruct>
    <bibl>
     Публикуется впервые
    </bibl>
   </sourceDesc>
  </fileDesc>
  <encodingDesc>
   <classDecl>
    <xi:include href="../../reference/taxonomy.xml"/>
   </classDecl>
  </encodingDesc>
  <profileDesc>
   <correspDesc>
    <correspAction type="sending">
     <persName ref="13883">
      Л. Н. Толстой
     </persName>
     <placeName>
      Осташков
     </placeName>
     <date when="1881-09-30"/>
    </correspAction>
    <correspAction type="receiving">
     <persName ref="11573">
      Рачинский Сергей Александрович
     </persName>
    </correspAction>
   </correspDesc>
   <langUsage>
    <language ident="ru"/>
    <language ident="ru-petr1708"/>
   </langUsage>
   <textClass>
    <catRef ana="#tolstoy_heritage" target="library"/>
    <catRef ana="#letters" target="type"/>
    <catRef ana="#sent" target="sent"/>
   </textClass>
  </profileDesc>
 </teiHeader>
 <xenoData>
  <number type="in a volume">
   78
  </number>
 </xenoData>
 <text xml:id="S__A__Rachinskomu_78" xmlns="http://www.tei-c.org/ns/1.0" xmlns:xi="http://www.w3.org/2001/XInclude">
  <body>
   <div>
    <pb n="79"/>
    <opener index="false">
     * 78.
     <name placement="text" ref="11573" type="person">
      С. А. Рачинскому
     </name>
     .1881 г. Сентября 30. Осташков.
    </opener>
    <p id="46050fd8-0386-4f66-a08b-3549bcdacfe7" rend="subtitle centerline">
     <hi>
      Телеграмма.
     </hi>
    </p>
    <p id="60fddfea-d588-4716-9573-ec0b4beae52c">
     <choice>
      <reg>
       Ржев
      </reg>
      <orig>
       Ржевъ
      </orig>
     </choice>
     <choice>
      <reg>
       <name placement="text" ref="11573" type="person">
        Сергею
       </name>
      </reg>
      <orig>
       <name placement="text" ref="11573" type="person">
        Сергѣю
       </name>
      </orig>
     </choice>
     <name placement="text" ref="11573" type="person">
      Рачинскому
     </name>
     .
    </p>
    <p id="da5427d6-0142-42c8-8da2-0bde81666909">
     Когда и
     <choice>
      <reg>
       как
      </reg>
      <orig>
       какъ
      </orig>
     </choice>
     <choice>
      <reg>
       приехать
      </reg>
      <orig>
       прiѣхать
      </orig>
     </choice>
     <choice>
      <reg>
       к
      </reg>
      <orig>
       къ
      </orig>
     </choice>
     <choice>
      <reg>
       Вам
      </reg>
      <orig>
       Вамъ
      </orig>
     </choice>
     <choice>
      <reg>
       отвечайте
      </reg>
      <orig>
       отвѣчайте
      </orig>
     </choice>
     <choice>
      <reg>
       Торжок
      </reg>
      <orig>
       Торжокъ
      </orig>
     </choice>
     <ref target="#note1">
      1
     </ref>
     <note index="false" resp="volume_editor" xml:id="note1">
      Торжок — уездный город Тверской губернии. В Торжок Толстой ездил с целью посетить В. К. Сютаева, крестьянина деревни Шевелина, Новоторжского у., оригинального народного религиозного мыслителя. О нем см. прим. 8 к письму № 79. Вероятно от В. К. Сютаева он думал заехать к С. А. Рачинскому. Однако посещение Толстым Рачинского, как видно из следующего письма к нему, на этот раз не состоялось.
     </note>
     <choice>
      <reg>
       станцию
      </reg>
      <orig>
       станцію
      </orig>
     </choice>
     <choice>
      <reg>
       Лев
      </reg>
      <orig>
       Левъ
      </orig>
     </choice>
     Толстой.
    </p>
    <noteGrp type="comments">
     <note index="false" type="comments">
      <p id="e6161c7d-8a98-4b11-bd55-9b81eb057fe3" rend="Textpetit_otstup left">
       Печатается с телеграфного бланка, хранящегося в ЛПБ. Публикуется впервые. Телеграмма дана из Осташкова (уезд. город Тверской губ.) в 5 ч. пополудни 30 сентября 1881 г. Принята в Ржеве в 2 ч. ночи 30 сентября 1881 г. На верху телеграфного бланка помечено рукой неизвестного: «Получ. 10 ноября 81 г.».
      </p>
     </note>
     <note index="false" type="comments">
      <p id="3b3679ab-ad03-4716-90e0-2cd3a336aa3b" rend="petit">
       <name placement="comments" ref="11573" type="person">
        Сергей Александрович Рачинский
       </name>
       (1833—1902) — известный деятель по народному образованию; в то время жил в селе Татеве, Бельского у., Смоленской губ., где организовал школу для окрестных крестьян. Программу своей школы он проводил на своеобразных национально-религиозных началах, ведя свой собственный метод преподавания, далеко отличный от казенной постановки школьного дела того времени. Толстой очень интересовался преподавательской деятельностью Рачинского и его опытами в этом деле. В своих письмах более ранних годов Лев Николаевич не один раз выражал желание приехать к Рачинскому в деревню, дабы на опыте ознакомиться с его школой. Эту же цель вероятно преследовал Толстой и здесь, будучи невдалеке от Рачинского и решив использовать это свое положение. О С. А. Рачинском подробнее см. в прим. к письмам Толстого к нему, т. 60.
      </p>
     </note>
    </noteGrp>
   </div>
  </body>
 </text>
</TEI>
