<?xml version="1.0" encoding="utf-8"?>
<TEI xmlns="http://www.tei-c.org/ns/1.0" xmlns:xi="http://www.w3.org/2001/XInclude">
 <teiHeader>
  <fileDesc>
   <titleStmt>
    <title xml:id="v63_562_A_M_Kuzminskomu">
     Письма и документы. Tolstoy Digital
    </title>
    <title type="main">
     Письмо А. М. Кузминскому с 20 октября 1886 г. по 30 октября 1886 г.
    </title>
    <title type="bibl">
     Толстой Л. Н. Письмо А. М. Кузминскому, 20 октября 1886 г. — 30 октября 1886 г. // Толстой Л. Н. Полное собрание сочинений: в 90 тт. Т. 63. М.: Гос. изд. «Художественная литература», 1934. С.
    </title>
    <respStmt>
     <resp>
      Идея, постановка задач, руководство:
     </resp>
     <name>
      Анастасия Бонч-Осмоловская, Фёкла Толстая, Борис Орехов, Тимофей Лукашевский
     </name>
    </respStmt>
    <respStmt>
     <resp>
      Подготовка TEI/XML:
     </resp>
     <name>
      Евгений Можаев, Даниил Скоринкин, Ирина Павлова, Матвей Колбасов, Елена Сидорова, Кирилл Милинцевич, Лев Буланов, Макар Федоров, Константин Петров
     </name>
    </respStmt>
    <respStmt>
     <resp>
      Подготовка метаданных:
     </resp>
     <name>
      Мария Картышева, Вероника Файнберг
     </name>
    </respStmt>
    <respStmt>
     <resp>
      Разметка имен собственных:
     </resp>
     <name>
      Никита Северин, Елена Северина
     </name>
    </respStmt>
    <respStmt>
     <resp>
      Исправление древнегреческого текста:
     </resp>
     <name>
      Ольга Алиева
     </name>
    </respStmt>
    <funder>
     Проект «Слово Толстого»
    </funder>
   </titleStmt>
   <publicationStmt>
    <publisher>
     <orgName>
      Tolstoy Digital, DH CLOUD, Научно-образовательный союз «Родное Слово» проект «Слово Толстого»
     </orgName>
    </publisher>
    <availability>
     <p id="d06c0042-ae88-472f-95ee-e1f20ca8750c">
      Тексты и метатекстовая разметка доступны для свободного использования и распространения по лицензии Creative Commons Attribution Share-Alike (cc by-sa)
     </p>
    </availability>
    <date from="2015" to="2022"/>
   </publicationStmt>
   <notesStmt>
    <note>
     Публикуемые документы был получены с сайта tolstoy.ru в формате html, переведены в формат TEI. Исправлены некоторые ошибки распознавания. Тексты, написанные в дореформенной орфографии, сопоставлены с их версиями в современной орфографии.
    </note>
   </notesStmt>
   <sourceDesc>
    <biblStruct>
     <analytic>
      <author>
       Толстой Лев Николаевич
      </author>
     </analytic>
     <monogr>
      <title level="m">
       Полное собрание сочинений. Том 63
      </title>
      <imprint>
       <pubPlace>
        Москва
       </pubPlace>
       <publisher>
        Государственное издательство «Художественная литература»
       </publisher>
       <date when="1934"/>
      </imprint>
      <biblScope unit="vol">
       63
      </biblScope>
      <biblScope unit="page">
       401-402
      </biblScope>
     </monogr>
     <series>
      <title level="s">
       Л. Н. Толстой. Полное собрание сочинений: в 90 тт.
      </title>
     </series>
    </biblStruct>
    <bibl>
     Публикуется впервые
    </bibl>
   </sourceDesc>
  </fileDesc>
  <encodingDesc>
   <classDecl>
    <xi:include href="../../reference/taxonomy.xml"/>
   </classDecl>
  </encodingDesc>
  <profileDesc>
   <correspDesc>
    <correspAction type="sending">
     <persName ref="13883">
      Л. Н. Толстой
     </persName>
     <placeName>
      Ясная Поляна
     </placeName>
     <date notAfter="1886-10-30" notBefore="1886-10-20"/>
    </correspAction>
    <correspAction type="receiving">
     <persName ref="7289">
      Кузминский Александр Михайлович
     </persName>
    </correspAction>
   </correspDesc>
   <langUsage>
    <language ident="ru"/>
    <language ident="ru-petr1708"/>
   </langUsage>
   <textClass>
    <catRef ana="#tolstoy_heritage" target="library"/>
    <catRef ana="#letters" target="type"/>
    <catRef ana="#sent" target="sent"/>
   </textClass>
  </profileDesc>
 </teiHeader>
 <xenoData>
  <number type="in a volume">
   562
  </number>
 </xenoData>
 <text xml:id="A__M__Kuzminskomu_562" xmlns="http://www.tei-c.org/ns/1.0" xmlns:xi="http://www.w3.org/2001/XInclude">
  <body>
   <div>
    <pb n="401"/>
    <opener index="false">
     *562.
     <name placement="text" ref="7289" type="person">
      А. М. Кузминскому
     </name>
     .1886 г. Октября 20—30? Я. П.
    </opener>
    <p id="fe158e50-cc1d-4d93-9866-7308fc80fc6e" rend="right petit">
     Твой Андрюша.
    </p>
    <p id="00176286-e156-4066-9eef-3eb3033713b0" rend="Obrashenie">
     <name placement="text" ref="7289" type="person">
      Александру Михайловичу
     </name>
     .
    </p>
    <p id="81cbade0-6058-440d-a19c-45c074c638ca">
     Исполняя
     <choice>
      <reg>
       требование
      </reg>
      <orig>
       требованіе
      </orig>
     </choice>
     малышей,
     <ref target="#note4">
      4
     </ref>
     <note index="false" resp="volume_editor" xml:id="note4">
      Толстой, вероятно, разумеет своих сыновей Андрея и Михаила Львовичей.
     </note>
     пишу
     <choice>
      <reg>
       тебе
      </reg>
      <orig>
       тебѣ
      </orig>
     </choice>
     , милый
     <choice>
      <reg>
       друг
      </reg>
      <orig>
       другъ
      </orig>
     </choice>
     Саша, хотя признаюсь нахожусь
     <choice>
      <reg>
       в
      </reg>
      <orig>
       въ
      </orig>
     </choice>
     <choice>
      <reg>
       затруднении
      </reg>
      <orig>
       затрудненіи
      </orig>
     </choice>
     , что именно
     <choice>
      <reg>
       специально
      </reg>
      <orig>
       спеціально
      </orig>
     </choice>
     <choice>
      <reg>
       тебе
      </reg>
      <orig>
       тебѣ
      </orig>
     </choice>
     сказать. Мой
     <choice>
      <reg>
       интерес
      </reg>
      <orig>
       интересъ
      </orig>
     </choice>
     <choice>
      <reg>
       в
      </reg>
      <orig>
       въ
      </orig>
     </choice>
     жизни и
     <choice>
      <reg>
       в
      </reg>
      <orig>
       въ
      </orig>
     </choice>
     <choice>
      <reg>
       людях
      </reg>
      <orig>
       людяхъ
      </orig>
     </choice>
     все
     <choice>
      <reg>
       один
      </reg>
      <orig>
       одинъ
      </orig>
     </choice>
     и
     <choice>
      <reg>
       тот
      </reg>
      <orig>
       тотъ
      </orig>
     </choice>
     же и нетолько не ослабляется, но усиливается
     <choice>
      <reg>
       с
      </reg>
      <orig>
       съ
      </orig>
     </choice>
     <choice>
      <reg>
       каждым
      </reg>
      <orig>
       каждымъ
      </orig>
     </choice>
     <choice>
      <reg>
       часом
      </reg>
      <orig>
       часомъ
      </orig>
     </choice>
     моей жизни,
     <choice>
      <reg>
       интерес
      </reg>
      <orig>
       интересъ
      </orig>
     </choice>
     <choice>
      <reg>
       в
      </reg>
      <orig>
       въ
      </orig>
     </choice>
     <choice>
      <reg>
       том
      </reg>
      <orig>
       томъ
      </orig>
     </choice>
     , чтобы
     <hi style="opdelimiter">
      быть
     </hi>
     <pb n="402"/>
     <hi style="npdelimiter">
      <choice>
       <reg>
        полезным
       </reg>
       <orig>
        полезнымъ
       </orig>
      </choice>
     </hi>
     <choice>
      <reg>
       другим
      </reg>
      <orig>
       другимъ
      </orig>
     </choice>
     <choice>
      <reg>
       людям
      </reg>
      <orig>
       людямъ
      </orig>
     </choice>
     и не оскорблять, и не огорчать
     <choice>
      <reg>
       их
      </reg>
      <orig>
       ихъ
      </orig>
     </choice>
     своими
     <choice>
      <reg>
       неумелыми
      </reg>
      <orig>
       неумѣлыми
      </orig>
     </choice>
     попытками это
     <choice>
      <reg>
       делать
      </reg>
      <orig>
       дѣлать
      </orig>
     </choice>
     . Я боюсь, что тебя я
     <choice>
      <reg>
       таким
      </reg>
      <orig>
       такимъ
      </orig>
     </choice>
     <choice>
      <reg>
       образом
      </reg>
      <orig>
       образомъ
      </orig>
     </choice>
     <choice>
      <reg>
       огорчил
      </reg>
      <orig>
       огорчилъ
      </orig>
     </choice>
     . Желаю,
     <choice>
      <reg>
       чтоб
      </reg>
      <orig>
       чтобъ
      </orig>
     </choice>
     <choice>
      <reg>
       этого
      </reg>
      <orig>
       этаго
      </orig>
     </choice>
     не было, и учусь тому, чтобы
     <choice>
      <reg>
       этого
      </reg>
      <orig>
       этаго
      </orig>
     </choice>
     не было.
     <choice>
      <reg>
       Болезнь
      </reg>
      <orig>
       Болѣзнь
      </orig>
     </choice>
     меня перенесла
     <choice>
      <reg>
       совсем
      </reg>
      <orig>
       совсѣмъ
      </orig>
     </choice>
     <choice>
      <reg>
       в
      </reg>
      <orig>
       въ
      </orig>
     </choice>
     другой
     <choice>
      <reg>
       мир
      </reg>
      <orig>
       міръ
      </orig>
     </choice>
     , замкнутый матерьяльно и очень
     <choice>
      <reg>
       вследствие
      </reg>
      <orig>
       вслѣдствіе
      </orig>
     </choice>
     того расширившейся духовно, и я
     <choice>
      <reg>
       увидал
      </reg>
      <orig>
       увидалъ
      </orig>
     </choice>
     многое новое, чего я не
     <choice>
      <reg>
       видал
      </reg>
      <orig>
       видалъ
      </orig>
     </choice>
     прежде. Желаю
     <choice>
      <reg>
       тебе
      </reg>
      <orig>
       тебѣ
      </orig>
     </choice>
     не
     <choice>
      <reg>
       болезни
      </reg>
      <orig>
       болѣзни
      </orig>
     </choice>
     , но того же
     <choice>
      <reg>
       освобождения
      </reg>
      <orig>
       освобожденія
      </orig>
     </choice>
     на время
     <choice>
      <reg>
       от
      </reg>
      <orig>
       отъ
      </orig>
     </choice>
     суеты житейской, заслоняющей самое важное и дорогое, т. е.
     <choice>
      <reg>
       вечный
      </reg>
      <orig>
       вѣчный
      </orig>
     </choice>
     <choice>
      <reg>
       смысл
      </reg>
      <orig>
       смыслъ
      </orig>
     </choice>
     нашей жизни, неуничтожаемый смертью и видимый только при
     <choice>
      <reg>
       свете
      </reg>
      <orig>
       свѣтѣ
      </orig>
     </choice>
     любви
     <hi>
      ко
      <choice>
       <reg>
        всем
       </reg>
       <orig>
        всѣмъ
       </orig>
      </choice>
     </hi>
     — больше
     <choice>
      <reg>
       чем
      </reg>
      <orig>
       чѣмъ
      </orig>
     </choice>
     <choice>
      <reg>
       к
      </reg>
      <orig>
       къ
      </orig>
     </choice>
     самому
     <choice>
      <reg>
       себе
      </reg>
      <orig>
       себѣ
      </orig>
     </choice>
     ,
     <choice>
      <reg>
       к
      </reg>
      <orig>
       къ
      </orig>
     </choice>
     <choice>
      <reg>
       самым
      </reg>
      <orig>
       самымъ
      </orig>
     </choice>
     <choice>
      <reg>
       близким
      </reg>
      <orig>
       близкимъ
      </orig>
     </choice>
     (по духу), спокойной
     <choice>
      <reg>
       к
      </reg>
      <orig>
       къ
      </orig>
     </choice>
     <choice>
      <reg>
       равнодушным
      </reg>
      <orig>
       равнодушнымъ
      </orig>
     </choice>
     и сострадательной
     <choice>
      <reg>
       к
      </reg>
      <orig>
       къ
      </orig>
     </choice>
     <choice>
      <reg>
       заблудшим
      </reg>
      <orig>
       заблудшимъ
      </orig>
     </choice>
     .
    </p>
    <p id="3fedef25-57de-4494-914a-23d6e99225cb">
     То то ты подумаешь,
     <choice>
      <reg>
       от
      </reg>
      <orig>
       отъ
      </orig>
     </choice>
     нечего
     <choice>
      <reg>
       делать
      </reg>
      <orig>
       дѣлать
      </orig>
     </choice>
     разводить лясы. Не взыщи —
     <choice>
      <reg>
       написал
      </reg>
      <orig>
       написалъ
      </orig>
     </choice>
     , что пришло
     <choice>
      <reg>
       в
      </reg>
      <orig>
       въ
      </orig>
     </choice>
     голову усталую — я много
     <choice>
      <reg>
       работал
      </reg>
      <orig>
       работалъ
      </orig>
     </choice>
     нынче.
    </p>
    <noteGrp type="comments">
     <note index="false" type="comments">
      <p id="32cc72dd-55d9-48cd-83b6-90c8e4cdb04c" rend="Textpetit_otstup left">
       Печатается по автографу (представляющему собою приписку к письму А. Л. Толстого к Т. А. Кузминской), хранящемуся в ГТМ, в арх. Т. А. Кузминской. Публикуется впервые. Датируется на основании упоминания о болезни Льва Николаевича в письме А. Л. Толстого (см. прим. 3 к письму № 538 и вводное примечание к письму № 560).
      </p>
     </note>
    </noteGrp>
   </div>
  </body>
 </text>
</TEI>
