<?xml version="1.0" encoding="utf-8"?>
<TEI xmlns="http://www.tei-c.org/ns/1.0" xmlns:xi="http://www.w3.org/2001/XInclude">
 <teiHeader>
  <fileDesc>
   <titleStmt>
    <title xml:id="v63_543_Gr_A_A_Tolstoj">
     Письма и документы. Tolstoy Digital
    </title>
    <title type="main">
     Письмо Гр. А. А. Толстой от 2 сентября 1886 г.
    </title>
    <title type="bibl">
     Толстой Л. Н. Письмо гр. А. А. Толстой, 2 сентября 1886 г. // Толстой Л. Н. Полное собрание сочинений: в 90 тт. Т. 63. М.: Гос. изд. «Художественная литература», 1934. С.
    </title>
    <respStmt>
     <resp>
      Идея, постановка задач, руководство:
     </resp>
     <name>
      Анастасия Бонч-Осмоловская, Фёкла Толстая, Борис Орехов, Тимофей Лукашевский
     </name>
    </respStmt>
    <respStmt>
     <resp>
      Подготовка TEI/XML:
     </resp>
     <name>
      Евгений Можаев, Даниил Скоринкин, Ирина Павлова, Матвей Колбасов, Елена Сидорова, Кирилл Милинцевич, Лев Буланов, Макар Федоров, Константин Петров
     </name>
    </respStmt>
    <respStmt>
     <resp>
      Подготовка метаданных:
     </resp>
     <name>
      Мария Картышева, Вероника Файнберг
     </name>
    </respStmt>
    <respStmt>
     <resp>
      Разметка имен собственных:
     </resp>
     <name>
      Никита Северин, Елена Северина
     </name>
    </respStmt>
    <respStmt>
     <resp>
      Исправление древнегреческого текста:
     </resp>
     <name>
      Ольга Алиева
     </name>
    </respStmt>
    <funder>
     Проект «Слово Толстого»
    </funder>
   </titleStmt>
   <publicationStmt>
    <publisher>
     <orgName>
      Tolstoy Digital, DH CLOUD, Научно-образовательный союз «Родное Слово» проект «Слово Толстого»
     </orgName>
    </publisher>
    <availability>
     <p id="8583d0a9-119e-4be2-9ea3-d3bfd582ceca">
      Тексты и метатекстовая разметка доступны для свободного использования и распространения по лицензии Creative Commons Attribution Share-Alike (cc by-sa)
     </p>
    </availability>
    <date from="2015" to="2022"/>
   </publicationStmt>
   <notesStmt>
    <note>
     Публикуемые документы был получены с сайта tolstoy.ru в формате html, переведены в формат TEI. Исправлены некоторые ошибки распознавания. Тексты, написанные в дореформенной орфографии, сопоставлены с их версиями в современной орфографии.
    </note>
   </notesStmt>
   <sourceDesc>
    <biblStruct>
     <analytic>
      <author>
       Толстой Лев Николаевич
      </author>
     </analytic>
     <monogr>
      <title level="m">
       Полное собрание сочинений. Том 63
      </title>
      <imprint>
       <pubPlace>
        Москва
       </pubPlace>
       <publisher>
        Государственное издательство «Художественная литература»
       </publisher>
       <date when="1934"/>
      </imprint>
      <biblScope unit="vol">
       63
      </biblScope>
      <biblScope unit="page">
       376-377
      </biblScope>
     </monogr>
     <series>
      <title level="s">
       Л. Н. Толстой. Полное собрание сочинений: в 90 тт.
      </title>
     </series>
    </biblStruct>
    <bibl/>
   </sourceDesc>
  </fileDesc>
  <encodingDesc>
   <classDecl>
    <xi:include href="../../reference/taxonomy.xml"/>
   </classDecl>
  </encodingDesc>
  <profileDesc>
   <correspDesc>
    <correspAction type="sending">
     <persName ref="13883">
      Л. Н. Толстой
     </persName>
     <placeName>
      Ясная Поляна
     </placeName>
     <date when="1886-09-02"/>
    </correspAction>
    <correspAction type="receiving">
     <persName ref="13812">
      Толстая Александра Андреевна
     </persName>
    </correspAction>
   </correspDesc>
   <langUsage>
    <language ident="ru"/>
    <language ident="ru-petr1708"/>
   </langUsage>
   <textClass>
    <catRef ana="#tolstoy_heritage" target="library"/>
    <catRef ana="#letters" target="type"/>
    <catRef ana="#sent" target="sent"/>
   </textClass>
  </profileDesc>
 </teiHeader>
 <xenoData>
  <number type="in a volume">
   543
  </number>
 </xenoData>
 <text xml:id="Gr__A__A__Tolstoj_543" xmlns="http://www.tei-c.org/ns/1.0" xmlns:xi="http://www.w3.org/2001/XInclude">
  <body>
   <div>
    <pb n="376"/>
    <opener index="false">
     543.
     <name placement="text" ref="13812" type="person">
      Гр. А. А. Толстой
     </name>
     .1886 г. Сентября 2? Я. П.
    </opener>
    <p id="7fb3a01b-d9fb-4dfa-a75b-2b03487c31e6">
     Вы меня очень обрадовали, дорогая и милая Александра Андревна,
     <choice>
      <reg>
       вашим
      </reg>
      <orig>
       вашимъ
      </orig>
     </choice>
     <choice>
      <reg>
       письмом
      </reg>
      <orig>
       письмомъ
      </orig>
     </choice>
     .
     <choice>
      <reg>
       Мне
      </reg>
      <orig>
       Мнѣ
      </orig>
     </choice>
     все
     <choice>
      <reg>
       хотелось
      </reg>
      <orig>
       хотѣлось
      </orig>
     </choice>
     писать
     <choice>
      <reg>
       вам
      </reg>
      <orig>
       вамъ
      </orig>
     </choice>
     и знать о
     <choice>
      <reg>
       вас
      </reg>
      <orig>
       васъ
      </orig>
     </choice>
     , и я на
     <choice>
      <reg>
       словах
      </reg>
      <orig>
       словахъ
      </orig>
     </choice>
     все
     <choice>
      <reg>
       передавал
      </reg>
      <orig>
       передавалъ
      </orig>
     </choice>
     <choice>
      <reg>
       тем
      </reg>
      <orig>
       тѣмъ
      </orig>
     </choice>
     ,
     <choice original_editorial_correction="кот[орые]">
      <sic>
       кот
      </sic>
      <corr>
       которые
      </corr>
     </choice>
     могли
     <choice>
      <reg>
       вас
      </reg>
      <orig>
       васъ
      </orig>
     </choice>
     <choice>
      <reg>
       видеть
      </reg>
      <orig>
       видѣть
      </orig>
     </choice>
     — именно
     <choice>
      <reg>
       Кузминским
      </reg>
      <orig>
       Кузминскимъ
      </orig>
     </choice>
     . —
     <choice>
      <reg>
       Как
      </reg>
      <orig>
       Какъ
      </orig>
     </choice>
     хорошо и дòбро вы
     <choice>
      <reg>
       сделали
      </reg>
      <orig>
       сдѣлали
      </orig>
     </choice>
     , что написали
     <choice>
      <reg>
       мне
      </reg>
      <orig>
       мнѣ
      </orig>
     </choice>
     . —
    </p>
    <p id="a578df4f-d49a-4d33-934f-c2900c0d3463">
     Вы спрашиваете обо
     <choice>
      <reg>
       мне
      </reg>
      <orig>
       мнѣ
      </orig>
     </choice>
     .
     <choice>
      <reg>
       Как
      </reg>
      <orig>
       Какъ
      </orig>
     </choice>
     ни странно это сказать,
     <choice>
      <reg>
       мне
      </reg>
      <orig>
       мнѣ
      </orig>
     </choice>
     очень, очень хорошо. О
     <choice>
      <reg>
       ноге
      </reg>
      <orig>
       ногѣ
      </orig>
     </choice>
     <choice>
      <reg>
       там
      </reg>
      <orig>
       тамъ
      </orig>
     </choice>
     <choice>
      <reg>
       говорят
      </reg>
      <orig>
       говорятъ
      </orig>
     </choice>
     , что
     <choice>
      <reg>
       воспаление
      </reg>
      <orig>
       воспаленіе
      </orig>
     </choice>
     накостницы и рожа и т. п., но я знаю очень хорошо, что главное
     <choice>
      <reg>
       в
      </reg>
      <orig>
       въ
      </orig>
     </choice>
     <choice>
      <reg>
       том
      </reg>
      <orig>
       томъ
      </orig>
     </choice>
     , что я «помираю
     <choice>
      <reg>
       от
      </reg>
      <orig>
       отъ
      </orig>
     </choice>
     ноги»,
     <choice>
      <reg>
       как
      </reg>
      <orig>
       какъ
      </orig>
     </choice>
     <choice>
      <reg>
       говорят
      </reg>
      <orig>
       говорятъ
      </orig>
     </choice>
     мужики, т. е. нахожусь
     <choice>
      <reg>
       в
      </reg>
      <orig>
       въ
      </orig>
     </choice>
     <choice>
      <reg>
       положении
      </reg>
      <orig>
       положеніи
      </orig>
     </choice>
     немного
     <choice>
      <reg>
       более
      </reg>
      <orig>
       болѣе
      </orig>
     </choice>
     <choice>
      <reg>
       близком
      </reg>
      <orig>
       близкомъ
      </orig>
     </choice>
     <choice>
      <reg>
       к
      </reg>
      <orig>
       къ
      </orig>
     </choice>
     смерти,
     <choice>
      <reg>
       чем
      </reg>
      <orig>
       чѣмъ
      </orig>
     </choice>
     обыкновенно, и именно
     <choice>
      <reg>
       от
      </reg>
      <orig>
       отъ
      </orig>
     </choice>
     ноги,
     <choice original_editorial_correction="к[оторая]">
      <sic>
       к
      </sic>
      <corr>
       которая
      </corr>
     </choice>
     <choice>
      <reg>
       указывает
      </reg>
      <orig>
       указываетъ
      </orig>
     </choice>
     на себя болью. И это
     <choice>
      <reg>
       положение
      </reg>
      <orig>
       положеніе
      </orig>
     </choice>
     ,
     <choice>
      <reg>
       как
      </reg>
      <orig>
       какъ
      </orig>
     </choice>
     и вы прекрасно говорите, — чувствовать себя
     <choice>
      <reg>
       в
      </reg>
      <orig>
       въ
      </orig>
     </choice>
     <choice>
      <reg>
       руке
      </reg>
      <orig>
       рукѣ
      </orig>
     </choice>
     <choice>
      <reg>
       Божией
      </reg>
      <orig>
       Божіей
      </orig>
     </choice>
     очень хорошее, и
     <choice>
      <reg>
       мне
      </reg>
      <orig>
       мнѣ
      </orig>
     </choice>
     и всегда желается
     <choice>
      <reg>
       в
      </reg>
      <orig>
       въ
      </orig>
     </choice>
     <choice>
      <reg>
       нем
      </reg>
      <orig>
       немъ
      </orig>
     </choice>
     быть, и теперь не желается
     <choice>
      <reg>
       из
      </reg>
      <orig>
       изъ
      </orig>
     </choice>
     него выходить. —
    </p>
    <p id="5fb58b12-7451-43af-9de5-70640153fd13">
     <choice>
      <reg>
       В
      </reg>
      <orig>
       Въ
      </orig>
     </choice>
     <choice>
      <reg>
       самом
      </reg>
      <orig>
       самомъ
      </orig>
     </choice>
     <choice>
      <reg>
       деле
      </reg>
      <orig>
       дѣлѣ
      </orig>
     </choice>
     , очень
     <choice>
      <reg>
       большия
      </reg>
      <orig>
       большія
      </orig>
     </choice>
     и
     <choice>
      <reg>
       продолжительные
      </reg>
      <orig>
       продолжительныя
      </orig>
     </choice>
     <choice>
      <reg>
       телесные
      </reg>
      <orig>
       тѣлесныя
      </orig>
     </choice>
     <ref target="#note1">
      1
     </ref>
     <note index="false" resp="volume_editor" xml:id="note1">
      <hi>
       В подлиннике начато слово:
      </hi>
      <choice original_editorial_correction="физи[ческия]">
       <sic>
        физи
       </sic>
       <corr>
        <choice>
         <reg>
          физическия
         </reg>
         <orig>
          физическія
         </orig>
        </choice>
       </corr>
      </choice>
      <hi>
       и затем по нему написано
      </hi>
      <choice>
       <reg>
        телесные
       </reg>
       <orig>
        тѣлесныя
       </orig>
      </choice>
     </note>
     <choice>
      <reg>
       страдания
      </reg>
      <orig>
       страданія
      </orig>
     </choice>
     и
     <choice>
      <reg>
       после
      </reg>
      <orig>
       послѣ
      </orig>
     </choice>
     <choice>
      <reg>
       них
      </reg>
      <orig>
       нихъ
      </orig>
     </choice>
     <choice>
      <reg>
       телесная
      </reg>
      <orig>
       тѣлесная
      </orig>
     </choice>
     смерть, это такое необходимое и
     <choice>
      <reg>
       вечное
      </reg>
      <orig>
       вѣчное
      </orig>
     </choice>
     , и общее
     <choice>
      <reg>
       всем
      </reg>
      <orig>
       всѣмъ
      </orig>
     </choice>
     <choice>
      <reg>
       условие
      </reg>
      <orig>
       условіе
      </orig>
     </choice>
     жизни, что
     <choice>
      <reg>
       человеку
      </reg>
      <orig>
       человѣку
      </orig>
     </choice>
     , вышедшему
     <choice>
      <reg>
       из
      </reg>
      <orig>
       изъ
      </orig>
     </choice>
     <choice>
      <reg>
       детства
      </reg>
      <orig>
       дѣтства
      </orig>
     </choice>
     , странно забывать про это хоть на минуту.
     <choice>
      <reg>
       Тем
      </reg>
      <orig>
       Тѣмъ
      </orig>
     </choice>
     <choice>
      <reg>
       более
      </reg>
      <orig>
       болѣе
      </orig>
     </choice>
     , что память
     <choice>
      <reg>
       об
      </reg>
      <orig>
       объ
      </orig>
     </choice>
     <choice>
      <reg>
       этом
      </reg>
      <orig>
       этомъ
      </orig>
     </choice>
     , всегдашнее
     <choice>
      <reg>
       ожидание
      </reg>
      <orig>
       ожиданіе
      </orig>
     </choice>
     <choice>
      <reg>
       этого
      </reg>
      <orig>
       этаго
      </orig>
     </choice>
     нетолько не
     <choice>
      <reg>
       отравляет
      </reg>
      <orig>
       отравляетъ
      </orig>
     </choice>
     жизни (если она есть), но только
     <choice>
      <reg>
       придает
      </reg>
      <orig>
       придаетъ
      </orig>
     </choice>
     ей твердость и ясность. — Если я смотрю на свою жизнь,
     <choice>
      <reg>
       как
      </reg>
      <orig>
       какъ
      </orig>
     </choice>
     на свою собственность, данную
     <choice>
      <reg>
       мне
      </reg>
      <orig>
       мнѣ
      </orig>
     </choice>
     для моего счастья, то
     <choice>
      <reg>
       никакие
      </reg>
      <orig>
       никакія
      </orig>
     </choice>
     <choice>
      <reg>
       ухищрения
      </reg>
      <orig>
       ухищренія
      </orig>
     </choice>
     и обманы не
     <choice>
      <reg>
       сделают
      </reg>
      <orig>
       сдѣлаютъ
      </orig>
     </choice>
     того, чтобы я
     <choice>
      <reg>
       мог
      </reg>
      <orig>
       могъ
      </orig>
     </choice>
     покойно
     <ref target="#note2">
      2
     </ref>
     <note index="false" resp="volume_editor" xml:id="note2">
      <hi>
       В подлиннике слово:
      </hi>
      покойно
      <hi>
       написано по:
      </hi>
      счастливо
     </note>
     жить
     <choice>
      <reg>
       в
      </reg>
      <orig>
       въ
      </orig>
     </choice>
     виду смерти. Только тогда можно быть совершенно
     <choice>
      <reg>
       равнодушным
      </reg>
      <orig>
       равнодушнымъ
      </orig>
     </choice>
     <choice>
      <reg>
       к
      </reg>
      <orig>
       къ
      </orig>
     </choice>
     <choice>
      <reg>
       телесной
      </reg>
      <orig>
       тѣлесной
      </orig>
     </choice>
     смерти, когда жизнь представляется только обязанностью —
     <choice>
      <reg>
       исполнения
      </reg>
      <orig>
       исполненія
      </orig>
     </choice>
     воли Отца. Тогда
     <choice>
      <reg>
       интерес
      </reg>
      <orig>
       интересъ
      </orig>
     </choice>
     жизни не
     <choice>
      <reg>
       в
      </reg>
      <orig>
       въ
      </orig>
     </choice>
     <choice>
      <reg>
       том
      </reg>
      <orig>
       томъ
      </orig>
     </choice>
     , хорошо ли или дурно
     <choice>
      <reg>
       мне
      </reg>
      <orig>
       мнѣ
      </orig>
     </choice>
     , а
     <choice>
      <reg>
       в
      </reg>
      <orig>
       въ
      </orig>
     </choice>
     <choice>
      <reg>
       том
      </reg>
      <orig>
       томъ
      </orig>
     </choice>
     , хорошо ли я исполняю то, чтò
     <choice>
      <reg>
       мне
      </reg>
      <orig>
       мнѣ
      </orig>
     </choice>
     <choice>
      <reg>
       велено
      </reg>
      <orig>
       велѣно
      </orig>
     </choice>
     ; а исполнять я могу до
     <choice>
      <reg>
       последнего
      </reg>
      <orig>
       послѣдняго
      </orig>
     </choice>
     <choice>
      <reg>
       издыхания
      </reg>
      <orig>
       издыханія
      </orig>
     </choice>
     и до
     <choice original_editorial_correction="последне[го]">
      <sic>
       последне
      </sic>
      <corr>
       последнего
      </corr>
     </choice>
     <choice>
      <reg>
       издыхания
      </reg>
      <orig>
       издыханія
      </orig>
     </choice>
     быть
     <choice>
      <reg>
       спокоен
      </reg>
      <orig>
       спокоенъ
      </orig>
     </choice>
     и
     <choice>
      <reg>
       радостен
      </reg>
      <orig>
       радостенъ
      </orig>
     </choice>
     . Не говорю, что я такой, — желаю быть
     <choice>
      <reg>
       таким
      </reg>
      <orig>
       такимъ
      </orig>
     </choice>
     и
     <choice>
      <reg>
       вам
      </reg>
      <orig>
       вамъ
      </orig>
     </choice>
     желаю
     <choice>
      <reg>
       этого
      </reg>
      <orig>
       этаго
      </orig>
     </choice>
     . И
     <choice>
      <reg>
       надеюсь
      </reg>
      <orig>
       надѣюсь
      </orig>
     </choice>
     , что вы не будете несогласны
     <choice>
      <reg>
       с
      </reg>
      <orig>
       съ
      </orig>
     </choice>
     такой
     <hi style="opdelimiter">
      постановкой
     </hi>
     <pb n="377"/>
     <hi style="npdelimiter">
      вопроса.
     </hi>
     А что бы вы не думали, что
     <choice>
      <reg>
       под
      </reg>
      <orig>
       подъ
      </orig>
     </choice>
     <choice original_editorial_correction="исполнен[и]ем">
      <sic>
       <choice>
        <reg>
         исполненем
        </reg>
        <orig>
         исполненемъ
        </orig>
       </choice>
      </sic>
      <corr>
       <choice>
        <reg>
         исполнением
        </reg>
        <orig>
         исполненіемъ
        </orig>
       </choice>
      </corr>
     </choice>
     воли я
     <choice>
      <reg>
       разумею
      </reg>
      <orig>
       разумѣю
      </orig>
     </choice>
     что нибудь особенное, я скажу, что воля Отца одна и
     <choice>
      <reg>
       всем
      </reg>
      <orig>
       всѣмъ
      </orig>
     </choice>
     <choice>
      <reg>
       известна
      </reg>
      <orig>
       извѣстна
      </orig>
     </choice>
     — любовь ко
     <choice>
      <reg>
       всем
      </reg>
      <orig>
       всѣмъ
      </orig>
     </choice>
     <choice>
      <reg>
       людям
      </reg>
      <orig>
       людямъ
      </orig>
     </choice>
     и
     <choice>
      <reg>
       единение
      </reg>
      <orig>
       единеніе
      </orig>
     </choice>
     <choice>
      <reg>
       с
      </reg>
      <orig>
       съ
      </orig>
     </choice>
     ними, начиная
     <choice>
      <reg>
       от
      </reg>
      <orig>
       отъ
      </orig>
     </choice>
     <choice>
      <reg>
       самых
      </reg>
      <orig>
       самыхъ
      </orig>
     </choice>
     <choice>
      <reg>
       близких
      </reg>
      <orig>
       близкихъ
      </orig>
     </choice>
     до
     <choice>
      <reg>
       самых
      </reg>
      <orig>
       самыхъ
      </orig>
     </choice>
     <choice>
      <reg>
       далеких
      </reg>
      <orig>
       далекихъ
      </orig>
     </choice>
     . Не правда ли, вы согласны.
     <choice>
      <reg>
       От
      </reg>
      <orig>
       Отъ
      </orig>
     </choice>
     всей души
     <choice>
      <reg>
       целую
      </reg>
      <orig>
       цѣлую
      </orig>
     </choice>
     <choice>
      <reg>
       вас
      </reg>
      <orig>
       васъ
      </orig>
     </choice>
     и благодарю за доброе письмо.
    </p>
    <noteGrp type="comments">
     <note index="false" type="comments">
      <p id="ad95aa7d-15f5-48c8-8012-555111ca9dde" rend="Textpetit_otstup left">
       Печатается по автографу, хранящемуся в ИЛ. Впервые опубликовано В. И. Срезневским в ПТ, № 153. Датируется на основании упоминания Толстым о своей болезни (см. прим. 3 к письму № 538) и слов: «помираю от ноги». Очевидно это письмо было написано в один день с письмом к Н. Л. и О. Н. Озмидовым от 2 сентября 1886 г. (см.письмо № 542).
      </p>
     </note>
     <note index="false" type="comments">
      <p id="50e8857e-d349-475b-aa2a-23f276389168" rend="petit">
       Письмо гр. А. А. Толстой, на которое отвечает Толстой, неизвестно.
      </p>
     </note>
    </noteGrp>
   </div>
  </body>
 </text>
</TEI>
