<?xml version="1.0" encoding="utf-8"?>
<TEI xmlns="http://www.tei-c.org/ns/1.0" xmlns:xi="http://www.w3.org/2001/XInclude">
 <teiHeader>
  <fileDesc>
   <titleStmt>
    <title xml:id="v63_419_T_A_Kuzminskoj">
     Письма и документы. Tolstoy Digital
    </title>
    <title type="main">
     Письмо Т. А. Кузминской с 15 октября 1885 г. по 18 октября 1885 г.
    </title>
    <title type="bibl">
     Толстой Л. Н. Письмо Т. А. Кузминской, 15 октября 1885 г. — 18 октября 1885 г. // Толстой Л. Н. Полное собрание сочинений: в 90 тт. Т. 63. М.: Гос. изд. «Художественная литература», 1934. С.
    </title>
    <respStmt>
     <resp>
      Идея, постановка задач, руководство:
     </resp>
     <name>
      Анастасия Бонч-Осмоловская, Фёкла Толстая, Борис Орехов, Тимофей Лукашевский
     </name>
    </respStmt>
    <respStmt>
     <resp>
      Подготовка TEI/XML:
     </resp>
     <name>
      Евгений Можаев, Даниил Скоринкин, Ирина Павлова, Матвей Колбасов, Елена Сидорова, Кирилл Милинцевич, Лев Буланов, Макар Федоров, Константин Петров
     </name>
    </respStmt>
    <respStmt>
     <resp>
      Подготовка метаданных:
     </resp>
     <name>
      Мария Картышева, Вероника Файнберг
     </name>
    </respStmt>
    <respStmt>
     <resp>
      Разметка имен собственных:
     </resp>
     <name>
      Никита Северин, Елена Северина
     </name>
    </respStmt>
    <respStmt>
     <resp>
      Исправление древнегреческого текста:
     </resp>
     <name>
      Ольга Алиева
     </name>
    </respStmt>
    <funder>
     Проект «Слово Толстого»
    </funder>
   </titleStmt>
   <publicationStmt>
    <publisher>
     <orgName>
      Tolstoy Digital, DH CLOUD, Научно-образовательный союз «Родное Слово» проект «Слово Толстого»
     </orgName>
    </publisher>
    <availability>
     <p id="5c5742ff-a6e3-48db-95d6-63e8a4ae9042">
      Тексты и метатекстовая разметка доступны для свободного использования и распространения по лицензии Creative Commons Attribution Share-Alike (cc by-sa)
     </p>
    </availability>
    <date from="2015" to="2022"/>
   </publicationStmt>
   <notesStmt>
    <note>
     Публикуемые документы был получены с сайта tolstoy.ru в формате html, переведены в формат TEI. Исправлены некоторые ошибки распознавания. Тексты, написанные в дореформенной орфографии, сопоставлены с их версиями в современной орфографии.
    </note>
   </notesStmt>
   <sourceDesc>
    <biblStruct>
     <analytic>
      <author>
       Толстой Лев Николаевич
      </author>
     </analytic>
     <monogr>
      <title level="m">
       Полное собрание сочинений. Том 63
      </title>
      <imprint>
       <pubPlace>
        Москва
       </pubPlace>
       <publisher>
        Государственное издательство «Художественная литература»
       </publisher>
       <date when="1934"/>
      </imprint>
      <biblScope unit="vol">
       63
      </biblScope>
      <biblScope unit="page">
       288-290
      </biblScope>
     </monogr>
     <series>
      <title level="s">
       Л. Н. Толстой. Полное собрание сочинений: в 90 тт.
      </title>
     </series>
    </biblStruct>
    <bibl/>
   </sourceDesc>
  </fileDesc>
  <encodingDesc>
   <classDecl>
    <xi:include href="../../reference/taxonomy.xml"/>
   </classDecl>
  </encodingDesc>
  <profileDesc>
   <correspDesc>
    <correspAction type="sending">
     <persName ref="13883">
      Л. Н. Толстой
     </persName>
     <placeName>
      Ясная Поляна
     </placeName>
     <date notAfter="1885-10-18" notBefore="1885-10-15"/>
    </correspAction>
    <correspAction type="receiving">
     <persName ref="7286">
      Кузминская Татьяна Андреевна, рожд. Берс
     </persName>
    </correspAction>
   </correspDesc>
   <langUsage>
    <language ident="ru"/>
    <language ident="ru-petr1708"/>
   </langUsage>
   <textClass>
    <catRef ana="#tolstoy_heritage" target="library"/>
    <catRef ana="#letters" target="type"/>
    <catRef ana="#sent" target="sent"/>
   </textClass>
  </profileDesc>
 </teiHeader>
 <xenoData>
  <number type="in a volume">
   419
  </number>
 </xenoData>
 <text xml:id="T__A__Kuzminskoj_419" xmlns="http://www.tei-c.org/ns/1.0" xmlns:xi="http://www.w3.org/2001/XInclude">
  <body>
   <div>
    <pb n="288"/>
    <opener index="false">
     419. Т. А. Кузминской.1885 г. Октября 15—18? Я. П.
    </opener>
    <p id="fa382294-0fbb-4761-9bd7-6c93951e948a">
     Я
     <choice>
      <reg>
       получил
      </reg>
      <orig>
       получилъ
      </orig>
     </choice>
     , Таня, прежде твою рукопись
     <ref target="#note1">
      1
     </ref>
     <note index="false" resp="volume_editor" xml:id="note1">
      Рассказ Т. А. Кузминской, исправленный Толстым, был напечатан впоследствии под названием «Бешеный волк» — «Вестник Европы» 1886, № 6.
     </note>
     <choice>
      <reg>
       в
      </reg>
      <orig>
       въ
      </orig>
     </choice>
     <choice>
      <reg>
       целости
      </reg>
      <orig>
       цѣлости
      </orig>
     </choice>
     , а на другой день письмо. Рукопись я
     <choice>
      <reg>
       тотчас
      </reg>
      <orig>
       тотчасъ
      </orig>
     </choice>
     же
     <choice>
      <reg>
       прочел
      </reg>
      <orig>
       прочелъ
      </orig>
     </choice>
     и
     <choice>
      <reg>
       одобрил
      </reg>
      <orig>
       одобрилъ
      </orig>
     </choice>
     .
     <choice>
      <reg>
       В
      </reg>
      <orig>
       Въ
      </orig>
     </choice>
     первый свободный
     <choice>
      <reg>
       вечер
      </reg>
      <orig>
       вечеръ
      </orig>
     </choice>
     перечту еще
     <choice>
      <reg>
       с
      </reg>
      <orig>
       съ
      </orig>
     </choice>
     <choice>
      <reg>
       пером
      </reg>
      <orig>
       перомъ
      </orig>
     </choice>
     <choice>
      <reg>
       в
      </reg>
      <orig>
       въ
      </orig>
     </choice>
     <choice>
      <reg>
       руке
      </reg>
      <orig>
       рукѣ
      </orig>
     </choice>
     и
     <choice>
      <reg>
       с
      </reg>
      <orig>
       съ
      </orig>
     </choice>
     <hi style="opdelimiter">
      <choice>
       <reg>
        строгим
       </reg>
       <orig>
        строгимъ
       </orig>
      </choice>
     </hi>
     <pb n="289"/>
     <hi style="npdelimiter">
      <choice>
       <reg>
        судом
       </reg>
       <orig>
        судомъ
       </orig>
      </choice>
      .
     </hi>
     Но
     <choice>
      <reg>
       мне
      </reg>
      <orig>
       мнѣ
      </orig>
     </choice>
     кажется, поправлять придется очень мало:
     <choice>
      <reg>
       рассказ
      </reg>
      <orig>
       разсказъ
      </orig>
     </choice>
     очень интересный и просто написанный. Жалко, что ты не написала про то,
     <choice>
      <reg>
       как
      </reg>
      <orig>
       какъ
      </orig>
     </choice>
     ее
     <choice>
      <reg>
       притесняла
      </reg>
      <orig>
       притѣсняла
      </orig>
     </choice>
     <choice>
      <reg>
       полиция
      </reg>
      <orig>
       полиція
      </orig>
     </choice>
     —
     <choice>
      <reg>
       требовал
      </reg>
      <orig>
       требовалъ
      </orig>
     </choice>
     <choice>
      <reg>
       исправник
      </reg>
      <orig>
       исправникъ
      </orig>
     </choice>
     ,
     <choice>
      <reg>
       велели
      </reg>
      <orig>
       велѣли
      </orig>
     </choice>
     закопать волка и перебить
     <choice>
      <reg>
       собак
      </reg>
      <orig>
       собакъ
      </orig>
     </choice>
     . Кажется, она
     <choice>
      <reg>
       так
      </reg>
      <orig>
       такъ
      </orig>
     </choice>
     <choice>
      <reg>
       рассказывала
      </reg>
      <orig>
       разсказывала
      </orig>
     </choice>
     . Я живу
     <choice>
      <reg>
       один
      </reg>
      <orig>
       одинъ
      </orig>
     </choice>
     и
     <choice>
      <reg>
       мне
      </reg>
      <orig>
       мнѣ
      </orig>
     </choice>
     <choice>
      <reg>
       так
      </reg>
      <orig>
       такъ
      </orig>
     </choice>
     хорошо,
     <choice>
      <reg>
       как
      </reg>
      <orig>
       какъ
      </orig>
     </choice>
     ....
     <ref target="#note2">
      2
     </ref>
     <note index="false" resp="volume_editor" xml:id="note2">
      Так в
      <hi style="opdelimiter">
       подлиннике.
      </hi>
     </note>
     да прежде надо о
     <choice>
      <reg>
       твоих
      </reg>
      <orig>
       твоихъ
      </orig>
     </choice>
     <choice>
      <reg>
       делах
      </reg>
      <orig>
       дѣлахъ
      </orig>
     </choice>
     .
     <choice>
      <reg>
       Рассказ
      </reg>
      <orig>
       Разсказъ
      </orig>
     </choice>
     Аксиньи
     <ref target="#note3">
      3
     </ref>
     <note index="false" resp="volume_editor" xml:id="note3">
      «Рассказ Аксиньи», записанный Т. А. Кузминской, в дальнейшем получил заглавие «Бабья доля». Исправленный Толстым был напечатан в «Вестнике Европы» 1886, № 4; затем в том же году перепечатан «Посредником» без имени автора.
     </note>
     <choice>
      <reg>
       лежит
      </reg>
      <orig>
       лежитъ
      </orig>
     </choice>
     на
     <choice>
      <reg>
       столе
      </reg>
      <orig>
       столѣ
      </orig>
     </choice>
     и я ни разу не брался за него; но желаю это
     <choice>
      <reg>
       сделать
      </reg>
      <orig>
       сдѣлать
      </orig>
     </choice>
     . Одно
     <choice>
      <reg>
       неприятно
      </reg>
      <orig>
       непріятно
      </orig>
     </choice>
     , что ты выставляешь такую гадкую
     <choice>
      <reg>
       цель
      </reg>
      <orig>
       цѣль
      </orig>
     </choice>
     — портящую,
     <ref target="#note4">
      4
     </ref>
     <note index="false" resp="volume_editor" xml:id="note4">
      <hi>
       Зачеркнуто:
      </hi>
      и
      <choice>
       <reg>
        рассказ
       </reg>
       <orig>
        разсказъ
       </orig>
      </choice>
     </note>
     разрушающую и весь
     <choice>
      <reg>
       интерес
      </reg>
      <orig>
       интересъ
      </orig>
     </choice>
     мой
     <choice>
      <reg>
       к
      </reg>
      <orig>
       къ
      </orig>
     </choice>
     <choice>
      <reg>
       рассказу
      </reg>
      <orig>
       разсказу
      </orig>
     </choice>
     и портящую тебя самую. Постараюсь
     <choice>
      <reg>
       сделать
      </reg>
      <orig>
       сдѣлать
      </orig>
     </choice>
     <ref target="#note5">
      5
     </ref>
     <note index="false" resp="volume_editor" xml:id="note5">
      <hi>
       Зач.:
      </hi>
      <choice>
       <reg>
        чтоб
       </reg>
       <orig>
        чтобъ
       </orig>
      </choice>
     </note>
     для тебя. И думаю, что прежде
     <choice>
      <reg>
       историю
      </reg>
      <orig>
       исторію
      </orig>
     </choice>
     волка. Теперь обо
     <choice>
      <reg>
       мне
      </reg>
      <orig>
       мнѣ
      </orig>
     </choice>
     ,
     <choice>
      <reg>
       так
      </reg>
      <orig>
       такъ
      </orig>
     </choice>
     <choice>
      <reg>
       как
      </reg>
      <orig>
       какъ
      </orig>
     </choice>
     это
     <choice>
      <reg>
       в
      </reg>
      <orig>
       въ
      </orig>
     </choice>
     связи. Я
     <choice>
      <reg>
       так
      </reg>
      <orig>
       такъ
      </orig>
     </choice>
     хорошо работаю
     <choice>
      <reg>
       над
      </reg>
      <orig>
       надъ
      </orig>
     </choice>
     своей статьею,
     <ref target="#note6">
      6
     </ref>
     <note index="false" resp="volume_editor" xml:id="note6">
      «Так что же нам делать?».
     </note>
     что извожу на эту работу весь дневной
     <choice>
      <reg>
       заряд
      </reg>
      <orig>
       зарядъ
      </orig>
     </choice>
     .
     <choice>
      <reg>
       Как
      </reg>
      <orig>
       Какъ
      </orig>
     </choice>
     <choice>
      <reg>
       будет
      </reg>
      <orig>
       будетъ
      </orig>
     </choice>
     <choice>
      <reg>
       перерыв
      </reg>
      <orig>
       перерывъ
      </orig>
     </choice>
     , то кончу твое
     <choice>
      <reg>
       дело
      </reg>
      <orig>
       дѣло
      </orig>
     </choice>
     <choice>
      <reg>
       в
      </reg>
      <orig>
       въ
      </orig>
     </choice>
     день и пришлю
     <choice>
      <reg>
       тебе
      </reg>
      <orig>
       тебѣ
      </orig>
     </choice>
     . Таня,
     <choice>
      <reg>
       как
      </reg>
      <orig>
       какъ
      </orig>
     </choice>
     ты
     <choice>
      <reg>
       верно
      </reg>
      <orig>
       вѣрно
      </orig>
     </choice>
     знаешь, не осталась со мной.
     <ref target="#note7">
      7
     </ref>
     <note index="false" resp="volume_editor" xml:id="note7">
      <name placement="note" ref="13413" type="person">
       Татьяна Львовна
      </name>
      не осталась в Ясной, а уехала в Москву, где обыкновенно проводила зиму семья Толстых.
     </note>
     Это было бы
     <choice>
      <reg>
       мне
      </reg>
      <orig>
       мнѣ
      </orig>
     </choice>
     жутко. — Жить нашей обыкновенной жизнью я бы лишился
     <choice>
      <reg>
       одного
      </reg>
      <orig>
       однаго
      </orig>
     </choice>
     <choice>
      <reg>
       из
      </reg>
      <orig>
       изъ
      </orig>
     </choice>
     <choice>
      <reg>
       моих
      </reg>
      <orig>
       моихъ
      </orig>
     </choice>
     <choice>
      <reg>
       хороших
      </reg>
      <orig>
       хорошихъ
      </orig>
     </choice>
     <choice>
      <reg>
       периодов
      </reg>
      <orig>
       періодовъ
      </orig>
     </choice>
     жизни, а ее расположить жить по моему
     <choice>
      <reg>
       мне
      </reg>
      <orig>
       мнѣ
      </orig>
     </choice>
     бы было жутко. —
     <choice>
      <reg>
       Без
      </reg>
      <orig>
       Безъ
      </orig>
     </choice>
     тебя
     <choice>
      <reg>
       был
      </reg>
      <orig>
       былъ
      </orig>
     </choice>
     <name placement="note" ref="14736" type="person">
      Фрей
     </name>
     <ref target="#note8">
      8
     </ref>
     <note index="false" resp="volume_editor" xml:id="note8">
      <name placement="note" ref="14736" type="person">
       Вильям Фрей
      </name>
      . См. прим. к письму № 490.
     </note>
     — ты слышала —
     <choice>
      <reg>
       он
      </reg>
      <orig>
       онъ
      </orig>
     </choice>
     <choice>
      <reg>
       интересен
      </reg>
      <orig>
       интересенъ
      </orig>
     </choice>
     и
     <choice>
      <reg>
       хорош
      </reg>
      <orig>
       хорошъ
      </orig>
     </choice>
     не
     <choice>
      <reg>
       одним
      </reg>
      <orig>
       однимъ
      </orig>
     </choice>
     <choice>
      <reg>
       вегетарианством
      </reg>
      <orig>
       вегетаріанствомъ
      </orig>
     </choice>
     . Жаль, что ты не была при
     <choice>
      <reg>
       нем
      </reg>
      <orig>
       немъ
      </orig>
     </choice>
     . Ты бы многое узнала. У меня
     <choice>
      <reg>
       от
      </reg>
      <orig>
       отъ
      </orig>
     </choice>
     него осталась самая хорошая отрыжка. Я много
     <choice>
      <reg>
       узнал
      </reg>
      <orig>
       узналъ
      </orig>
     </choice>
     , научился
     <choice>
      <reg>
       от
      </reg>
      <orig>
       отъ
      </orig>
     </choice>
     него и многое
     <choice>
      <reg>
       —мне
      </reg>
      <orig>
       —мнѣ
      </orig>
     </choice>
     кажется — не
     <choice>
      <reg>
       успел
      </reg>
      <orig>
       успѣлъ
      </orig>
     </choice>
     узнать.
     <choice>
      <reg>
       Он
      </reg>
      <orig>
       Онъ
      </orig>
     </choice>
     <choice>
      <reg>
       интересен
      </reg>
      <orig>
       интересенъ
      </orig>
     </choice>
     <choice>
      <reg>
       тем
      </reg>
      <orig>
       тѣмъ
      </orig>
     </choice>
     , что
     <choice>
      <reg>
       от
      </reg>
      <orig>
       отъ
      </orig>
     </choice>
     него
     <choice>
      <reg>
       веет
      </reg>
      <orig>
       вѣетъ
      </orig>
     </choice>
     <choice>
      <reg>
       свежим
      </reg>
      <orig>
       свѣжимъ
      </orig>
     </choice>
     ,
     <choice>
      <reg>
       сильным
      </reg>
      <orig>
       сильнымъ
      </orig>
     </choice>
     ,
     <choice>
      <reg>
       молодым
      </reg>
      <orig>
       молодымъ
      </orig>
     </choice>
     ,
     <choice>
      <reg>
       огромным
      </reg>
      <orig>
       огромнымъ
      </orig>
     </choice>
     <choice>
      <reg>
       миром
      </reg>
      <orig>
       міромъ
      </orig>
     </choice>
     американской жизни (несчастной по твоему,
     <choice original_editorial_correction="п[отому]">
      <sic>
       п
      </sic>
      <corr>
       потому
      </corr>
     </choice>
     <choice original_editorial_correction="ч[то]">
      <sic>
       ч
      </sic>
      <corr>
       что
      </corr>
     </choice>
     она
     <choice>
      <reg>
       вне
      </reg>
      <orig>
       внѣ
      </orig>
     </choice>
     <choice>
      <reg>
       Анковского
      </reg>
      <orig>
       Анковскаго
      </orig>
     </choice>
     пирога),
     <ref target="#note9">
      9
     </ref>
     <note index="false" resp="volume_editor" xml:id="note9">
      «Анковский пирог» — или «Апковский пирог»; над н (или п) Толстой ставит знак͝ , что должно означать протяжное в нос произношение — традиционный пирог в доме Толстых, подававшийся в исключительных случаях — в большие праздники, или при «хороших» гостях. Свое название получил в честь доктора
      <name placement="note" ref="487" type="person">
       Николая Богдановича Анке
      </name>
      (1803-1872), приятеля отца Софьи Андреевны. Для
      <name placement="note" ref="13883" type="person">
       Льва Николаевича
      </name>
      этот Анковский пирог имел иносказательное значение. Как часто бывало с Толстым, он почему-либо то или иное явление, бросившееся ему в глаза, выхватывал из жизни и подводил под него целый ряд аналогичных случаев, давая им при этом соответственное название. Таким образом постепенно образовывался целый ряд характерных «толстовских» поговорок и выражений, понятных лишь знающим те анекдоты, из которых возникали эти поговорки. Так было и с Анковским пирогом. Вот, что пишет С. Л. Толстой по этому поводу: «Для отца Анковский пирог служил эмблемой особого мировоззрения, которое трудно формулировать одним словом. Анковский пирог, — это и домовитость, и семейная традиционность, и — говоря современным языком — буржуазный уклад жизни, и вера в необходимость материального благополучия, и непреклонное убеждение в незыблемости современного строя» (С. Л. Толстой, «Юмор в разговорах
      <name placement="note" ref="13883" type="person">
       Л. Н. Толстого
      </name>
      » ТП, 3, стр. 12—14).
     </note>
     не только не признающей
     <choice>
      <reg>
       анковского
      </reg>
      <orig>
       анковскаго
      </orig>
     </choice>
     пирога, но представляющей
     <choice>
      <reg>
       себе
      </reg>
      <orig>
       себѣ
      </orig>
     </choice>
     его
     <choice>
      <reg>
       чем
      </reg>
      <orig>
       чѣмъ
      </orig>
     </choice>
     то
     <choice>
      <reg>
       в
      </reg>
      <orig>
       въ
      </orig>
     </choice>
     <choice>
      <reg>
       роде
      </reg>
      <orig>
       родѣ
      </orig>
     </choice>
     <choice>
      <reg>
       колец
      </reg>
      <orig>
       колецъ
      </orig>
     </choice>
     <choice>
      <reg>
       в
      </reg>
      <orig>
       въ
      </orig>
     </choice>
     носу и
     <choice>
      <reg>
       перьев
      </reg>
      <orig>
       перьевъ
      </orig>
     </choice>
     на
     <choice>
      <reg>
       голове
      </reg>
      <orig>
       головѣ
      </orig>
     </choice>
     и пляски
     <choice>
      <reg>
       диких
      </reg>
      <orig>
       дикихъ
      </orig>
     </choice>
     .
     <choice>
      <reg>
       Он
      </reg>
      <orig>
       Онъ
      </orig>
     </choice>
     17
     <choice>
      <reg>
       лет
      </reg>
      <orig>
       лѣтъ
      </orig>
     </choice>
     <choice>
      <reg>
       прожил
      </reg>
      <orig>
       прожилъ
      </orig>
     </choice>
     большей частью
     <choice>
      <reg>
       в
      </reg>
      <orig>
       въ
      </orig>
     </choice>
     <choice original_editorial_correction="русски[х]">
      <sic>
       русски
      </sic>
      <corr>
       <choice>
        <reg>
         русских
        </reg>
        <orig>
         русскихъ
        </orig>
       </choice>
      </corr>
     </choice>
     и
     <choice>
      <reg>
       американских
      </reg>
      <orig>
       американскихъ
      </orig>
     </choice>
     <choice>
      <reg>
       комунах
      </reg>
      <orig>
       комунахъ
      </orig>
     </choice>
     ,
     <choice>
      <reg>
       где
      </reg>
      <orig>
       гдѣ
      </orig>
     </choice>
     <choice>
      <reg>
       нет
      </reg>
      <orig>
       нѣтъ
      </orig>
     </choice>
     ни у кого собственности,
     <choice>
      <reg>
       где
      </reg>
      <orig>
       гдѣ
      </orig>
     </choice>
     <choice>
      <reg>
       все
      </reg>
      <orig>
       всѣ
      </orig>
     </choice>
     <choice>
      <reg>
       работают
      </reg>
      <orig>
       работаютъ
      </orig>
     </choice>
     не «головой», а руками и
     <choice>
      <reg>
       где
      </reg>
      <orig>
       гдѣ
      </orig>
     </choice>
     <choice>
      <reg>
       многие
      </reg>
      <orig>
       многіе
      </orig>
     </choice>
     и мущины, и женщины счастливы очень. Ты бы его еще больше расковыряла, и было бы интересно и,
     <choice>
      <reg>
       хотел
      </reg>
      <orig>
       хотѣлъ
      </orig>
     </choice>
     сказать, полезно, но боюсь, что судя по твоему письму «
     <choice>
      <reg>
       денег
      </reg>
      <orig>
       денегъ
      </orig>
     </choice>
     и
     <choice>
      <reg>
       денег
      </reg>
      <orig>
       денегъ
      </orig>
     </choice>
     », ты не можешь сойти
     <choice>
      <reg>
       с
      </reg>
      <orig>
       съ
      </orig>
     </choice>
     пути
     <choice>
      <reg>
       начертанного
      </reg>
      <orig>
       начертаннаго
      </orig>
     </choice>
     на
     <choice>
      <reg>
       скрижалях
      </reg>
      <orig>
       скрижаляхъ
      </orig>
     </choice>
     Апковского пирога и что если ты бы
     <choice>
      <reg>
       как
      </reg>
      <orig>
       какъ
      </orig>
     </choice>
     Моисей и
     <choice>
      <reg>
       обиделась
      </reg>
      <orig>
       обидѣлась
      </orig>
     </choice>
     бы на что нибудь, и скрижали бы разбились, ты бы нашла средство выпросить у своего владыка
     <choice>
      <reg>
       Апковского
      </reg>
      <orig>
       Апковскаго
      </orig>
     </choice>
     пирога —
     <choice>
      <reg>
       новые
      </reg>
      <orig>
       новыя
      </orig>
     </choice>
     . Я и
     <choice>
      <reg>
       в
      </reg>
      <orig>
       въ
      </orig>
     </choice>
     <choice>
      <reg>
       письмах
      </reg>
      <orig>
       письмахъ
      </orig>
     </choice>
     дразню тебя — немножко по старой
     <choice>
      <reg>
       привычке
      </reg>
      <orig>
       привычкѣ
      </orig>
     </choice>
     , а немножко
     <hi style="opdelimiter">
      взаправду.—
     </hi>
    </p>
    <p id="1efa99fb-b6df-43dd-b5e0-889457a9fb92">
     <pb n="290"/>
     <hi style="npdelimiter">
      Это
     </hi>
     <choice>
      <reg>
       происходит
      </reg>
      <orig>
       происходитъ
      </orig>
     </choice>
     тоже
     <choice>
      <reg>
       от
      </reg>
      <orig>
       отъ
      </orig>
     </choice>
     того, что сидя
     <choice>
      <reg>
       один
      </reg>
      <orig>
       одинъ
      </orig>
     </choice>
     , я весь пропитываюсь
     <choice>
      <reg>
       тем
      </reg>
      <orig>
       тѣмъ
      </orig>
     </choice>
     <choice>
      <reg>
       духом
      </reg>
      <orig>
       духомъ
      </orig>
     </choice>
     ,
     <hi>
      к
     </hi>
     [
     <hi>
      <choice>
       <reg>
        оторым
       </reg>
       <orig>
        оторымъ
       </orig>
      </choice>
     </hi>
     ]
     <hi>
      я
      <choice>
       <reg>
        утешаюсь
       </reg>
       <orig>
        утѣшаюсь
       </orig>
      </choice>
     </hi>
     и
     <choice>
      <reg>
       мне
      </reg>
      <orig>
       мнѣ
      </orig>
     </choice>
     становится все
     <choice>
      <reg>
       более
      </reg>
      <orig>
       болѣе
      </orig>
     </choice>
     и
     <choice>
      <reg>
       более
      </reg>
      <orig>
       болѣе
      </orig>
     </choice>
     <choice>
      <reg>
       непонятным
      </reg>
      <orig>
       непонятнымъ
      </orig>
     </choice>
     ,
     <choice>
      <reg>
       как
      </reg>
      <orig>
       какъ
      </orig>
     </choice>
     <choice>
      <reg>
       могут
      </reg>
      <orig>
       могутъ
      </orig>
     </choice>
     люди жертвовать
     <choice>
      <reg>
       каким
      </reg>
      <orig>
       какимъ
      </orig>
     </choice>
     то
     <choice>
      <reg>
       кумирам
      </reg>
      <orig>
       кумирамъ
      </orig>
     </choice>
     ,
     <choice>
      <reg>
       куклам
      </reg>
      <orig>
       кукламъ
      </orig>
     </choice>
     ,
     <choice original_editorial_correction="к[оторых]">
      <sic>
       к
      </sic>
      <corr>
       <choice>
        <reg>
         которых
        </reg>
        <orig>
         которыхъ
        </orig>
       </choice>
      </corr>
     </choice>
     они сами
     <choice>
      <reg>
       себе
      </reg>
      <orig>
       себѣ
      </orig>
     </choice>
     <choice>
      <reg>
       навертят
      </reg>
      <orig>
       навертятъ
      </orig>
     </choice>
     <choice>
      <reg>
       из
      </reg>
      <orig>
       изъ
      </orig>
     </choice>
     <choice>
      <reg>
       тряпок
      </reg>
      <orig>
       тряпокъ
      </orig>
     </choice>
     ,
     <choice>
      <reg>
       всем
      </reg>
      <orig>
       всѣмъ
      </orig>
     </choice>
     , что у
     <choice>
      <reg>
       них
      </reg>
      <orig>
       нихъ
      </orig>
     </choice>
     есть
     <choice>
      <reg>
       самого
      </reg>
      <orig>
       самаго
      </orig>
     </choice>
     <choice>
      <reg>
       драгоценного
      </reg>
      <orig>
       драгоцѣннаго
      </orig>
     </choice>
     , т. е. своей жизнью,
     <choice>
      <reg>
       нынешним
      </reg>
      <orig>
       нынѣшнимъ
      </orig>
     </choice>
     <choice>
      <reg>
       днем
      </reg>
      <orig>
       днемъ
      </orig>
     </choice>
     и
     <choice>
      <reg>
       завтрашним
      </reg>
      <orig>
       завтрашнимъ
      </orig>
     </choice>
     и
     <choice>
      <reg>
       послезавтрашним
      </reg>
      <orig>
       послѣзавтрашнимъ
      </orig>
     </choice>
     .
    </p>
    <p id="3ad4a4c1-e121-4798-9a36-01f2386ac217">
     <choice>
      <reg>
       Как
      </reg>
      <orig>
       Какъ
      </orig>
     </choice>
     <choice>
      <reg>
       смотрит
      </reg>
      <orig>
       смотритъ
      </orig>
     </choice>
     <name placement="note" ref="7289" type="person">
      Саша
     </name>
     <ref target="#note10">
      10
     </ref>
     <note index="false" resp="volume_editor" xml:id="note10">
      <name placement="note" ref="7289" type="person">
       Александр Михайлович Кузминский
      </name>
      — муж
      <name placement="note" ref="7286" type="person">
       Татьяны Андреевны
      </name>
      .
     </note>
     на Бекеровское
     <choice>
      <reg>
       дело
      </reg>
      <orig>
       дѣло
      </orig>
     </choice>
     ?
     <ref target="#note11">
      11
     </ref>
     <note index="false" resp="volume_editor" xml:id="note11">
      «Беккеровское дело» или известное в то время «дело Мироновича», разбиравшееся в Петербургском окружном суде. Дело это весьма сложное и темное, рассматривалось вторично, кассированное сенатом после первого приговора. Суть дела: зверское убийство еврейской девочки
      <name placement="note" ref="1136" type="person">
       Сарры Беккер
      </name>
      , в котором обвинялся некто Миронович, владелец кассы ссуд, где С. Беккер состояла на службе. По первому разбирательству суда Миронович был признан виновным в убийстве этой девочки, с целью изнасилования. По новому приговору оправдан (см. «Новое время» 1885, № 3439 от 24 сентября и № 3457 от 12 октября).
     </note>
     <choice>
      <reg>
       Волнует
      </reg>
      <orig>
       Волнуетъ
      </orig>
     </choice>
     ли оно его? Меня оно даже
     <choice>
      <reg>
       задело
      </reg>
      <orig>
       задѣло
      </orig>
     </choice>
     <choice>
      <reg>
       своим
      </reg>
      <orig>
       своимъ
      </orig>
     </choice>
     <choice>
      <reg>
       безобразием
      </reg>
      <orig>
       безобразіемъ
      </orig>
     </choice>
     . Я думаю, что
     <choice>
      <reg>
       нет
      </reg>
      <orig>
       нѣтъ
      </orig>
     </choice>
     , судя по одному
     <choice>
      <reg>
       из
      </reg>
      <orig>
       изъ
      </orig>
     </choice>
     <choice>
      <reg>
       твоих
      </reg>
      <orig>
       твоихъ
      </orig>
     </choice>
     <choice>
      <reg>
       писем
      </reg>
      <orig>
       писемъ
      </orig>
     </choice>
     о столярной работе и
     <choice>
      <reg>
       запахе
      </reg>
      <orig>
       запахѣ
      </orig>
     </choice>
     <choice>
      <reg>
       пòтом
      </reg>
      <orig>
       пòтомъ
      </orig>
     </choice>
     . Это
     <choice>
      <reg>
       хорошие
      </reg>
      <orig>
       хорошіе
      </orig>
     </choice>
     духи и
     <choice>
      <reg>
       от
      </reg>
      <orig>
       отъ
      </orig>
     </choice>
     <choice>
      <reg>
       них
      </reg>
      <orig>
       нихъ
      </orig>
     </choice>
     <choice>
      <reg>
       в
      </reg>
      <orig>
       въ
      </orig>
     </choice>
     <choice>
      <reg>
       голове
      </reg>
      <orig>
       головѣ
      </orig>
     </choice>
     становится ясно. Желаю ему
     <choice>
      <reg>
       успеха
      </reg>
      <orig>
       успѣха
      </orig>
     </choice>
     и
     <choice>
      <reg>
       уверен
      </reg>
      <orig>
       увѣренъ
      </orig>
     </choice>
     , что
     <choice>
      <reg>
       дойдет
      </reg>
      <orig>
       дойдетъ
      </orig>
     </choice>
     <choice>
      <reg>
       в
      </reg>
      <orig>
       въ
      </orig>
     </choice>
     <choice>
      <reg>
       столярном
      </reg>
      <orig>
       столярномъ
      </orig>
     </choice>
     <choice>
      <reg>
       деле
      </reg>
      <orig>
       дѣлѣ
      </orig>
     </choice>
     до степеней
     <choice>
      <reg>
       известных
      </reg>
      <orig>
       извѣстныхъ
      </orig>
     </choice>
     и думаю, что эти
     <choice>
      <reg>
       существенные
      </reg>
      <orig>
       существенныя
      </orig>
     </choice>
     степени для него
     <choice>
      <reg>
       важнее
      </reg>
      <orig>
       важнѣе
      </orig>
     </choice>
     ,
     <choice>
      <reg>
       чем
      </reg>
      <orig>
       чѣмъ
      </orig>
     </choice>
     ленты
     <choice>
      <reg>
       через
      </reg>
      <orig>
       черезъ
      </orig>
     </choice>
     плечо,
     <choice original_editorial_correction="п[отому]">
      <sic>
       п
      </sic>
      <corr>
       потому
      </corr>
     </choice>
     <choice original_editorial_correction="ч[то]">
      <sic>
       ч
      </sic>
      <corr>
       что
      </corr>
     </choice>
     столярное искусство,
     <choice>
      <reg>
       как
      </reg>
      <orig>
       какъ
      </orig>
     </choice>
     и всякое, есть
     <choice>
      <reg>
       действительное
      </reg>
      <orig>
       дѣйствительное
      </orig>
     </choice>
     <choice>
      <reg>
       отличие
      </reg>
      <orig>
       отличіе
      </orig>
     </choice>
     , а лента есть обратное тому.
    </p>
    <p id="9230943e-6664-4145-bd42-57815f46f301">
     <choice>
      <reg>
       Целую
      </reg>
      <orig>
       Цѣлую
      </orig>
     </choice>
     <choice>
      <reg>
       девочек
      </reg>
      <orig>
       дѣвочекъ
      </orig>
     </choice>
     и
     <choice>
      <reg>
       мальчиков
      </reg>
      <orig>
       мальчиковъ
      </orig>
     </choice>
     <choice>
      <reg>
       без
      </reg>
      <orig>
       безъ
      </orig>
     </choice>
     <choice>
      <reg>
       различия
      </reg>
      <orig>
       различія
      </orig>
     </choice>
     мясной и растительной пищи.
    </p>
    <p id="82bf566b-c23f-4148-96ca-03ce60c98838" rend="right">
     Л. Т.
    </p>
    <p id="6c19ab78-20dd-4e9d-aa66-6fbfa2a1275d">
     Вели
     <choice>
      <reg>
       Маше
      </reg>
      <orig>
       Машѣ
      </orig>
     </choice>
     <ref target="#note12">
      12
     </ref>
     <note index="false" resp="volume_editor" xml:id="note12">
      Марья Александровна Кузминская (р. в 1869 г.), дочь А. М. и Т. А, Кузминских; с 1891 г. замужем за Иваном Егоровичем Эрдели.
     </note>
     за меня
     <choice>
      <reg>
       поцеловать
      </reg>
      <orig>
       поцѣловать
      </orig>
     </choice>
     <choice>
      <reg>
       милого
      </reg>
      <orig>
       милаго
      </orig>
     </choice>
     <choice original_editorial_correction="Ник[олая]">
      <sic>
       Ник
      </sic>
      <corr>
       <name placement="note" ref="13258" type="person">
        Николая
       </name>
      </corr>
     </choice>
     <choice original_editorial_correction="Ник[олаевича]">
      <sic>
       <name placement="note" ref="13258" type="person">
        Ник
       </name>
      </sic>
      <corr>
       <name placement="note" ref="13258" type="person">
        Николаевича
       </name>
      </corr>
     </choice>
     <ref target="#note13">
      13
     </ref>
     <note index="false" resp="volume_editor" xml:id="note13">
      <name placement="note" ref="13258" type="person">
       Николай Николаевич Страхов
      </name>
      .
     </note>
     и скажи ему, что
     <choice>
      <reg>
       кроме
      </reg>
      <orig>
       кромѣ
      </orig>
     </choice>
     <choice>
      <reg>
       желания
      </reg>
      <orig>
       желанія
      </orig>
     </choice>
     знать то, чтò
     <choice>
      <reg>
       он
      </reg>
      <orig>
       онъ
      </orig>
     </choice>
     <choice>
      <reg>
       хотел
      </reg>
      <orig>
       хотѣлъ
      </orig>
     </choice>
     сказать
     <choice>
      <reg>
       вам
      </reg>
      <orig>
       вамъ
      </orig>
     </choice>
     <choice>
      <reg>
       об
      </reg>
      <orig>
       объ
      </orig>
     </choice>
     <choice>
      <reg>
       Иване
      </reg>
      <orig>
       Иванѣ
      </orig>
     </choice>
     <choice>
      <reg>
       дураке
      </reg>
      <orig>
       дуракѣ
      </orig>
     </choice>
     ,
     <ref target="#note14">
      14
     </ref>
     <note index="false" resp="volume_editor" xml:id="note14">
      «Сказка об Иване Дураке и его двух братьях Семене-воине и Тарасе-брюхане и немой сестре Маланье, и о старом дьяволе, и трех чертенятах» была напечатана С. А. Толстой в XII томе «Собрания сочинений
      <name placement="note" ref="13883" type="person">
       Л. Н. Толстого
      </name>
      », изд. 5, и одновременно в «Посреднике» (№ 36, 1886 г.). Н. Н. Страхов тогда читал ее еще в
      <hi style="opdelimiter">
       рукописи.
      </hi>
     </note>
     я часто думаю о
     <choice>
      <reg>
       нем
      </reg>
      <orig>
       немъ
      </orig>
     </choice>
     , и
     <choice>
      <reg>
       желал
      </reg>
      <orig>
       желалъ
      </orig>
     </choice>
     бы очень знать его
     <choice>
      <reg>
       мнение
      </reg>
      <orig>
       мнѣніе
      </orig>
     </choice>
     о
     <choice>
      <reg>
       моем
      </reg>
      <orig>
       моемъ
      </orig>
     </choice>
     <choice>
      <reg>
       писании
      </reg>
      <orig>
       писаніи
      </orig>
     </choice>
     <choice>
      <reg>
       об
      </reg>
      <orig>
       объ
      </orig>
     </choice>
     органической и
     <choice>
      <reg>
       эволюционной
      </reg>
      <orig>
       эволюціонной
      </orig>
     </choice>
     <choice>
      <reg>
       теории
      </reg>
      <orig>
       теоріи
      </orig>
     </choice>
     <choice>
      <reg>
       в
      </reg>
      <orig>
       въ
      </orig>
     </choice>
     <choice>
      <reg>
       науке
      </reg>
      <orig>
       наукѣ
      </orig>
     </choice>
     ,
     <choice original_editorial_correction="к[оторую]">
      <sic>
       к
      </sic>
      <corr>
       которую
      </corr>
     </choice>
     я считаю
     <choice>
      <reg>
       суеверным
      </reg>
      <orig>
       суевѣрнымъ
      </orig>
     </choice>
     <choice>
      <reg>
       вероучением
      </reg>
      <orig>
       вѣроученіемъ
      </orig>
     </choice>
     царствующей науки.
     <ref target="#note15">
      15
     </ref>
     <note index="false" resp="volume_editor" xml:id="note15">
      Толстой имеет в виду свою статью «Так что же нам делать?», где главы XXVIII—XXXVI посвящены вопросу о науке.
     </note>
     —
     <choice>
      <reg>
       Он
      </reg>
      <orig>
       Онъ
      </orig>
     </choice>
     <choice>
      <reg>
       поймет
      </reg>
      <orig>
       пойметъ
      </orig>
     </choice>
     <choice>
      <reg>
       все
      </reg>
      <orig>
       всѣ
      </orig>
     </choice>
     эти
     <choice>
      <reg>
       страшные
      </reg>
      <orig>
       страшныя
      </orig>
     </choice>
     слова.
    </p>
    <noteGrp type="comments">
     <note index="false" type="comments">
      <p id="b77f6325-9645-4970-bda6-0663cf858095" rend="Textpetit_otstup left">
       Печатается по автографу, хранящемуся в ГТМ, в арх. Т. А. Кузминской. Впервые опубликовано в Б, III, изд. 2-е, стр. 41 (отр.); II, изд. 3-е, стр. 600. На письме пометка рукой не Толстого: «1887 года». Датируем его на основании упоминания в письме Толстого о «Беккеровском деле», разбиравшемся в то время (см. прим. 11) и слов «без тебя был Фрей (о нем см. в прим. к письму № 490).
      </p>
     </note>
     <note index="false" type="comments">
      <p id="0f1ec09f-cd07-4121-8e3f-97f41c33defc" rend="petit">
       <name placement="comments" ref="7286" type="person">
        Татьяна Андреевна Кузминская
       </name>
       , рожд. Берс (р. 29 октября 1846 г. — ум. 8 января 1925 г.) — свояченица Толстого. О ней подробнее см. в прим. к письмам Толстого к ней, т. 60. О своей жизни и отношениях со
       <name placement="comments" ref="13883" type="person">
        Львом Николаевичем
       </name>
       <name placement="comments" ref="7286" type="person">
        Татьяна Андреевна
       </name>
       оставила воспоминания: «Моя жизнь дома и в Ясной поляне» (изд. Сабашниковых, 1925 и 1926 гг.).
      </p>
     </note>
     <note index="false" type="comments">
      <p id="200b7d7e-d095-4aa4-a57c-722c5e09c2aa" rend="petit">
       Письмо Т. А. Кузминской, на которое отвечает Толстой, неизвестно.
      </p>
     </note>
    </noteGrp>
   </div>
  </body>
 </text>
</TEI>
