<?xml version="1.0" encoding="utf-8"?>
<TEI xmlns="http://www.tei-c.org/ns/1.0" xmlns:xi="http://www.w3.org/2001/XInclude">
 <teiHeader>
  <fileDesc>
   <titleStmt>
    <title xml:id="v63_573_P_I_Biryukovu">
     Письма и документы. Tolstoy Digital
    </title>
    <title type="main">
     Письмо П. И. Бирюкову с 14 ноября 1886 г. по 15 ноября 1886 г.
    </title>
    <title type="bibl">
     Толстой Л. Н. Письмо П. И. Бирюкову, 14 ноября 1886 г. — 15 ноября 1886 г. // Толстой Л. Н. Полное собрание сочинений: в 90 тт. Т. 63. М.: Гос. изд. «Художественная литература», 1934. С.
    </title>
    <respStmt>
     <resp>
      Идея, постановка задач, руководство:
     </resp>
     <name>
      Анастасия Бонч-Осмоловская, Фёкла Толстая, Борис Орехов, Тимофей Лукашевский
     </name>
    </respStmt>
    <respStmt>
     <resp>
      Подготовка TEI/XML:
     </resp>
     <name>
      Евгений Можаев, Даниил Скоринкин, Ирина Павлова, Матвей Колбасов, Елена Сидорова, Кирилл Милинцевич, Лев Буланов, Макар Федоров, Константин Петров
     </name>
    </respStmt>
    <respStmt>
     <resp>
      Подготовка метаданных:
     </resp>
     <name>
      Мария Картышева, Вероника Файнберг
     </name>
    </respStmt>
    <respStmt>
     <resp>
      Разметка имен собственных:
     </resp>
     <name>
      Никита Северин, Елена Северина
     </name>
    </respStmt>
    <respStmt>
     <resp>
      Исправление древнегреческого текста:
     </resp>
     <name>
      Ольга Алиева
     </name>
    </respStmt>
    <funder>
     Проект «Слово Толстого»
    </funder>
   </titleStmt>
   <publicationStmt>
    <publisher>
     <orgName>
      Tolstoy Digital, DH CLOUD, Научно-образовательный союз «Родное Слово» проект «Слово Толстого»
     </orgName>
    </publisher>
    <availability>
     <p id="1e319515-6089-4d83-bc93-4f9310ddf9b2">
      Тексты и метатекстовая разметка доступны для свободного использования и распространения по лицензии Creative Commons Attribution Share-Alike (cc by-sa)
     </p>
    </availability>
    <date from="2015" to="2022"/>
   </publicationStmt>
   <notesStmt>
    <note>
     Публикуемые документы был получены с сайта tolstoy.ru в формате html, переведены в формат TEI. Исправлены некоторые ошибки распознавания. Тексты, написанные в дореформенной орфографии, сопоставлены с их версиями в современной орфографии.
    </note>
   </notesStmt>
   <sourceDesc>
    <biblStruct>
     <analytic>
      <author>
       Толстой Лев Николаевич
      </author>
     </analytic>
     <monogr>
      <title level="m">
       Полное собрание сочинений. Том 63
      </title>
      <imprint>
       <pubPlace>
        Москва
       </pubPlace>
       <publisher>
        Государственное издательство «Художественная литература»
       </publisher>
       <date when="1934"/>
      </imprint>
      <biblScope unit="vol">
       63
      </biblScope>
      <biblScope unit="page">
       410-410
      </biblScope>
     </monogr>
     <series>
      <title level="s">
       Л. Н. Толстой. Полное собрание сочинений: в 90 тт.
      </title>
     </series>
    </biblStruct>
    <bibl/>
   </sourceDesc>
  </fileDesc>
  <encodingDesc>
   <classDecl>
    <xi:include href="../../reference/taxonomy.xml"/>
   </classDecl>
  </encodingDesc>
  <profileDesc>
   <correspDesc>
    <correspAction type="sending">
     <persName ref="13883">
      Л. Н. Толстой
     </persName>
     <placeName>
      Ясная Поляна
     </placeName>
     <date notAfter="1886-11-15" notBefore="1886-11-14"/>
    </correspAction>
    <correspAction type="receiving">
     <persName ref="1444">
      Бирюков Павел Иванович
     </persName>
    </correspAction>
   </correspDesc>
   <langUsage>
    <language ident="ru"/>
    <language ident="ru-petr1708"/>
   </langUsage>
   <textClass>
    <catRef ana="#tolstoy_heritage" target="library"/>
    <catRef ana="#letters" target="type"/>
    <catRef ana="#sent" target="sent"/>
   </textClass>
  </profileDesc>
 </teiHeader>
 <xenoData>
  <number type="in a volume">
   573
  </number>
 </xenoData>
 <text xml:id="P__I__Biryukovu_573" xmlns="http://www.tei-c.org/ns/1.0" xmlns:xi="http://www.w3.org/2001/XInclude">
  <body>
   <div>
    <pb n="410"/>
    <opener index="false">
     573.
     <name placement="text" ref="1444" type="person">
      П. И. Бирюкову
     </name>
     .1886 г. Ноября 14—15? Я. П.
    </opener>
    <p id="30500ba0-abb7-4160-8269-178212b98feb">
     Пришлите
     <choice>
      <reg>
       мне
      </reg>
      <orig>
       мнѣ
      </orig>
     </choice>
     , пожалуйста, дорогой
     <choice>
      <reg>
       <name placement="text" ref="1444" type="person">
        Павел
       </name>
      </reg>
      <orig>
       <name placement="text" ref="1444" type="person">
        Павелъ
       </name>
      </orig>
     </choice>
     <choice>
      <reg>
       <name placement="text" ref="1444" type="person">
        Иванович
       </name>
      </reg>
      <orig>
       Ивановичъ
      </orig>
     </choice>
     для
     <choice>
      <reg>
       2-х
      </reg>
      <orig>
       2-хъ
      </orig>
     </choice>
     <choice>
      <reg>
       моих
      </reg>
      <orig>
       моихъ
      </orig>
     </choice>
     <choice>
      <reg>
       коробочников
      </reg>
      <orig>
       коробочниковъ
      </orig>
     </choice>
     <ref target="#note1">
      1
     </ref>
     <note index="false" resp="volume_editor" xml:id="note1">
      Толстой здесь имеет в виду молодых крестьян дер. Ясная поляна:
      <name placement="note" ref="4846" type="person">
       Петра Филипповича Егорова
      </name>
      (р. 1866) — сына
      <name placement="note" ref="4849" type="person">
       Филиппа Родионовича
      </name>
      Егорова, и Никиту Васильевича Минаева (р. 1864 г., ум. 1908—1913? гг.). Об их хождении с книгами по Крапивенскому уезду см. «Толстой и департамент полиции» — «Былое» 1918, 3.
     </note>
     <choice>
      <reg>
       кроме
      </reg>
      <orig>
       кромѣ
      </orig>
     </choice>
     <choice>
      <reg>
       изданий
      </reg>
      <orig>
       изданій
      </orig>
     </choice>
     Посредника по 30
     <choice>
      <reg>
       каждого
      </reg>
      <orig>
       каждаго
      </orig>
     </choice>
     , еще рублей на 10
     <choice>
      <reg>
       лучших
      </reg>
      <orig>
       лучшихъ
      </orig>
     </choice>
     <choice>
      <reg>
       из
      </reg>
      <orig>
       изъ
      </orig>
     </choice>
     <choice>
      <reg>
       одобренных
      </reg>
      <orig>
       одобренныхъ
      </orig>
     </choice>
     вами. — Соскучился о
     <choice>
      <reg>
       вас
      </reg>
      <orig>
       васъ
      </orig>
     </choice>
     , дорогой
     <choice original_editorial_correction="П[авел]">
      <sic>
       П
      </sic>
      <corr>
       <choice>
        <reg>
         <name placement="text" ref="1444" type="person">
          Павел
         </name>
        </reg>
        <orig>
         <name placement="text" ref="1444" type="person">
          Павелъ
         </name>
        </orig>
       </choice>
      </corr>
     </choice>
     <choice original_editorial_correction="И[ванович]">
      <sic>
       <name placement="text" ref="1444" type="person">
        И
       </name>
      </sic>
      <corr>
       <choice>
        <reg>
         <name placement="text" ref="1444" type="person">
          Иванович
         </name>
        </reg>
        <orig>
         Ивановичъ
        </orig>
       </choice>
      </corr>
     </choice>
     . Не чувствую вашу душу.
     <choice>
      <reg>
       Как
      </reg>
      <orig>
       Какъ
      </orig>
     </choice>
     вы? что вы? Про меня узнаете все
     <choice>
      <reg>
       от
      </reg>
      <orig>
       отъ
      </orig>
     </choice>
     <choice original_editorial_correction="Джунк[овского]">
      <sic>
       Джунк
      </sic>
      <corr>
       <choice>
        <reg>
         Джунковского
        </reg>
        <orig>
         Джунковскаго
        </orig>
       </choice>
      </corr>
     </choice>
     .
    </p>
    <p id="27ab736c-9a23-422f-b65f-9f9381312bcc">
     Л. Т.
    </p>
    <noteGrp type="comments">
     <note index="false" type="comments">
      <p id="aa42be8e-adc9-4e2f-815d-4bf98de1fbd3" rend="Textpetit_otstup left">
       Печатается по автографу, хранящемуся в Б Л. Впервые опубликовано в ТБ, 1913, стр. 115. Относим его к ноябрю 1886 г. на основании упоминания в нем о Джунковском. Н. Ф. Джунковский был у Толстого в Ясной поляне в начале ноября 1886 г. О нем писал Лев Николаевич в письме к В. Г. Черткову от 14 ноября 1886 г.: «Радовал меня за это время Джунковский и его рассказы про Хилкова. Какой слуга божий!» В письме же П. И. Бирюкова к Толстому от 17 ноября 1886 г. говорится: «Джунковский был у меня и рассказывал сколько вы наработали» (АТБ). Следовательно, приводимое выше письмо Толстого к П. И. Бирюкову было написано приблизительно около этих чисел.
      </p>
     </note>
    </noteGrp>
   </div>
  </body>
 </text>
</TEI>
