<?xml version="1.0" encoding="utf-8"?>
<TEI xmlns="http://www.tei-c.org/ns/1.0" xmlns:xi="http://www.w3.org/2001/XInclude">
 <teiHeader>
  <fileDesc>
   <titleStmt>
    <title xml:id="v63_415_P_I_Biryukovu">
     Письма и документы. Tolstoy Digital
    </title>
    <title type="main">
     Письмо П. И. Бирюкову с 17 сентября 1885 г. по 18 сентября 1885 г.
    </title>
    <title type="bibl">
     Толстой Л. Н. Письмо П. И. Бирюкову, 17 сентября 1885 г. — 18 сентября 1885 г. // Толстой Л. Н. Полное собрание сочинений: в 90 тт. Т. 63. М.: Гос. изд. «Художественная литература», 1934. С.
    </title>
    <respStmt>
     <resp>
      Идея, постановка задач, руководство:
     </resp>
     <name>
      Анастасия Бонч-Осмоловская, Фёкла Толстая, Борис Орехов, Тимофей Лукашевский
     </name>
    </respStmt>
    <respStmt>
     <resp>
      Подготовка TEI/XML:
     </resp>
     <name>
      Евгений Можаев, Даниил Скоринкин, Ирина Павлова, Матвей Колбасов, Елена Сидорова, Кирилл Милинцевич, Лев Буланов, Макар Федоров, Константин Петров
     </name>
    </respStmt>
    <respStmt>
     <resp>
      Подготовка метаданных:
     </resp>
     <name>
      Мария Картышева, Вероника Файнберг
     </name>
    </respStmt>
    <respStmt>
     <resp>
      Разметка имен собственных:
     </resp>
     <name>
      Никита Северин, Елена Северина
     </name>
    </respStmt>
    <respStmt>
     <resp>
      Исправление древнегреческого текста:
     </resp>
     <name>
      Ольга Алиева
     </name>
    </respStmt>
    <funder>
     Проект «Слово Толстого»
    </funder>
   </titleStmt>
   <publicationStmt>
    <publisher>
     <orgName>
      Tolstoy Digital, DH CLOUD, Научно-образовательный союз «Родное Слово» проект «Слово Толстого»
     </orgName>
    </publisher>
    <availability>
     <p id="100c8fed-5aef-4007-a6ca-4afbab58defc">
      Тексты и метатекстовая разметка доступны для свободного использования и распространения по лицензии Creative Commons Attribution Share-Alike (cc by-sa)
     </p>
    </availability>
    <date from="2015" to="2022"/>
   </publicationStmt>
   <notesStmt>
    <note>
     Публикуемые документы был получены с сайта tolstoy.ru в формате html, переведены в формат TEI. Исправлены некоторые ошибки распознавания. Тексты, написанные в дореформенной орфографии, сопоставлены с их версиями в современной орфографии.
    </note>
   </notesStmt>
   <sourceDesc>
    <biblStruct>
     <analytic>
      <author>
       Толстой Лев Николаевич
      </author>
     </analytic>
     <monogr>
      <title level="m">
       Полное собрание сочинений. Том 63
      </title>
      <imprint>
       <pubPlace>
        Москва
       </pubPlace>
       <publisher>
        Государственное издательство «Художественная литература»
       </publisher>
       <date when="1934"/>
      </imprint>
      <biblScope unit="vol">
       63
      </biblScope>
      <biblScope unit="page">
       286-286
      </biblScope>
     </monogr>
     <series>
      <title level="s">
       Л. Н. Толстой. Полное собрание сочинений: в 90 тт.
      </title>
     </series>
    </biblStruct>
    <bibl/>
   </sourceDesc>
  </fileDesc>
  <encodingDesc>
   <classDecl>
    <xi:include href="../../reference/taxonomy.xml"/>
   </classDecl>
  </encodingDesc>
  <profileDesc>
   <correspDesc>
    <correspAction type="sending">
     <persName ref="13883">
      Л. Н. Толстой
     </persName>
     <placeName>
      Ясная Поляна
     </placeName>
     <date notAfter="1885-09-18" notBefore="1885-09-17"/>
    </correspAction>
    <correspAction type="receiving">
     <persName ref="1444">
      Бирюков Павел Иванович
     </persName>
    </correspAction>
   </correspDesc>
   <langUsage>
    <language ident="ru"/>
    <language ident="ru-petr1708"/>
   </langUsage>
   <textClass>
    <catRef ana="#tolstoy_heritage" target="library"/>
    <catRef ana="#letters" target="type"/>
    <catRef ana="#sent" target="sent"/>
   </textClass>
  </profileDesc>
 </teiHeader>
 <xenoData>
  <number type="in a volume">
   415
  </number>
 </xenoData>
 <text xml:id="P__I__Biryukovu_415" xmlns="http://www.tei-c.org/ns/1.0" xmlns:xi="http://www.w3.org/2001/XInclude">
  <body>
   <div>
    <pb n="286"/>
    <opener index="false">
     415.
     <name placement="text" ref="1444" type="person">
      П. И. Бирюкову
     </name>
     .1885 г. Сентября 17—18? Я. П.
    </opener>
    <p id="59dae2a7-cee2-4e0c-95fc-3a21a63d5aad">
     <choice>
      <reg>
       Как
      </reg>
      <orig>
       Какъ
      </orig>
     </choice>
     жаль, что вы не могли
     <choice>
      <reg>
       приехать
      </reg>
      <orig>
       прiѣхать
      </orig>
     </choice>
     , дорогой
     <choice>
      <reg>
       <name placement="text" ref="1444" type="person">
        Павел
       </name>
      </reg>
      <orig>
       <name placement="text" ref="1444" type="person">
        Павелъ
       </name>
      </orig>
     </choice>
     <choice>
      <reg>
       <name placement="text" ref="1444" type="person">
        Иванович
       </name>
      </reg>
      <orig>
       Ивановичъ
      </orig>
     </choice>
     .
     <choice>
      <reg>
       Журнал
      </reg>
      <orig>
       Журналъ
      </orig>
     </choice>
     <ref target="#note1">
      1
     </ref>
     <note index="false" resp="volume_editor" xml:id="note1">
      Предполагавшийся к изданию «Народный журнал». См. прим. к письму № 349.
     </note>
     очень
     <choice>
      <reg>
       вызывает
      </reg>
      <orig>
       вызываетъ
      </orig>
     </choice>
     меня
     <choice>
      <reg>
       к
      </reg>
      <orig>
       къ
      </orig>
     </choice>
     <choice>
      <reg>
       деятельности
      </reg>
      <orig>
       дѣятельности
      </orig>
     </choice>
     ; не знаю, что
     <choice>
      <reg>
       Бог
      </reg>
      <orig>
       Богъ
      </orig>
     </choice>
     <choice>
      <reg>
       даст
      </reg>
      <orig>
       дастъ
      </orig>
     </choice>
     . Пришлите, пожалуйста, программу,
     <ref target="#note2">
      2
     </ref>
     <note index="false" resp="volume_editor" xml:id="note2">
      На это П. И. Бирюков отвечал: «Посылаю Вам программу журнала. Я согласен с Вами, что самое важное — язык и самое трудное — научный отдел. Хотелось бы об нем поговорить с Вами, у меня есть кое-какие мысли об этом» (из письма П. И. Бирюкова к Толстому от 21 сентября 1885 г. АТБ).
     </note>
     если у
     <choice>
      <reg>
       вас
      </reg>
      <orig>
       васъ
      </orig>
     </choice>
     есть. — Меня
     <choice>
      <reg>
       смущает
      </reg>
      <orig>
       смущаетъ
      </orig>
     </choice>
     научный
     <choice>
      <reg>
       отдел
      </reg>
      <orig>
       отдѣлъ
      </orig>
     </choice>
     . Это самое трудное.
     <choice>
      <reg>
       Как
      </reg>
      <orig>
       Какъ
      </orig>
     </choice>
     <choice>
      <reg>
       раз
      </reg>
      <orig>
       разъ
      </orig>
     </choice>
     <choice>
      <reg>
       выйдет
      </reg>
      <orig>
       выйдетъ
      </orig>
     </choice>
     пошлость. А
     <choice>
      <reg>
       этого
      </reg>
      <orig>
       этаго
      </orig>
     </choice>
     надо бояться больше всего.
    </p>
    <p id="a5dc492d-6751-42ef-a4fc-97d750c376cf">
     <choice>
      <reg>
       Язык
      </reg>
      <orig>
       Языкъ
      </orig>
     </choice>
     надо бы по
     <choice>
      <reg>
       всем
      </reg>
      <orig>
       всѣмъ
      </orig>
     </choice>
     <choice>
      <reg>
       отделам
      </reg>
      <orig>
       отдѣламъ
      </orig>
     </choice>
     держать
     <choice>
      <reg>
       в
      </reg>
      <orig>
       въ
      </orig>
     </choice>
     <choice>
      <reg>
       чистоте
      </reg>
      <orig>
       чистотѣ
      </orig>
     </choice>
     — не то, чтобы
     <choice>
      <reg>
       он
      </reg>
      <orig>
       онъ
      </orig>
     </choice>
     <choice>
      <reg>
       был
      </reg>
      <orig>
       былъ
      </orig>
     </choice>
     <choice>
      <reg>
       однообразен
      </reg>
      <orig>
       однообразенъ
      </orig>
     </choice>
     , а
     <choice>
      <reg>
       напротив
      </reg>
      <orig>
       напротивъ
      </orig>
     </choice>
     — чтобы не было того
     <choice>
      <reg>
       однообразного
      </reg>
      <orig>
       однообразнаго
      </orig>
     </choice>
     <choice>
      <reg>
       литературного
      </reg>
      <orig>
       литературнаго
      </orig>
     </choice>
     языка, всегда
     <choice>
      <reg>
       прикрывающего
      </reg>
      <orig>
       прикрывающаго
      </orig>
     </choice>
     пустоту. Пусть
     <choice>
      <reg>
       будет
      </reg>
      <orig>
       будетъ
      </orig>
     </choice>
     <choice>
      <reg>
       язык
      </reg>
      <orig>
       языкъ
      </orig>
     </choice>
     Карамзина,
     <ref target="#note3">
      3
     </ref>
     <note index="false" resp="volume_editor" xml:id="note3">
      <name placement="note" ref="6127" type="person">
       Николай Михайлович Карамзин
      </name>
      (1766—1826), писатель и историк.
     </note>
     Филарета,
     <ref target="#note4">
      4
     </ref>
     <note index="false" resp="volume_editor" xml:id="note4">
      <name placement="note" ref="14519" type="person">
       Филарет (Дроздов)
      </name>
      (1783—1867) — митрополит московский, известный в свое время проповедник.
     </note>
     попа Авакума,
     <ref target="#note5">
      5
     </ref>
     <note index="false" resp="volume_editor" xml:id="note5">
      <name placement="note" ref="63" type="person">
       Аввакум Петрович
      </name>
      (р. около 1610 г. — ум. 1681 г.), протопоп г. Юрьевца Поволожского, глава старообрядческого движения, автор многих сочинений богословского полемического содержания. Сочинения Аввакума напечатаны в кн. Н. Субботина «Материалы для истории русского раскола» М. 1875—1887.
     </note>
     но только не
     <choice>
      <reg>
       наш
      </reg>
      <orig>
       нашъ
      </orig>
     </choice>
     газетный. Если газетный
     <choice>
      <reg>
       язык
      </reg>
      <orig>
       языкъ
      </orig>
     </choice>
     <choice>
      <reg>
       будет
      </reg>
      <orig>
       будетъ
      </orig>
     </choice>
     <choice>
      <reg>
       в
      </reg>
      <orig>
       въ
      </orig>
     </choice>
     <choice>
      <reg>
       нашем
      </reg>
      <orig>
       нашемъ
      </orig>
     </choice>
     <choice>
      <reg>
       журнале
      </reg>
      <orig>
       журналѣ
      </orig>
     </choice>
     , то все пропало.
    </p>
    <p id="f5a30553-c9a7-40f9-9a52-83c3af681a61">
     Пишу несвязно: слушаю
     <choice>
      <reg>
       разговор
      </reg>
      <orig>
       разговоръ
      </orig>
     </choice>
     <choice original_editorial_correction="Чертк[ова]">
      <sic>
       Чертк
      </sic>
      <corr>
       Черткова
      </corr>
     </choice>
     <choice>
      <reg>
       с
      </reg>
      <orig>
       съ
      </orig>
     </choice>
     <choice>
      <reg>
       Файнерманом
      </reg>
      <orig>
       Файнерманомъ
      </orig>
     </choice>
     .
     <ref target="#note6">
      6
     </ref>
     <note index="false" resp="volume_editor" xml:id="note6">
      <name placement="note" ref="14355" type="person">
       Файнерман Исаак Борисович
      </name>
      . См. прим. к письму № 575.
     </note>
     Поблагодарите
     <choice original_editorial_correction="Алекс[андру]">
      <sic>
       Алекс
      </sic>
      <corr>
       <name placement="text" ref="6021" type="person">
        Александру
       </name>
      </corr>
     </choice>
     <choice original_editorial_correction="Михайлов[ну]">
      <sic>
       <name placement="text" ref="6021" type="person">
        Михайлов
       </name>
      </sic>
      <corr>
       <name placement="text" ref="6021" type="person">
        Михайловну
       </name>
      </corr>
     </choice>
     <ref target="#note7">
      7
     </ref>
     <note index="false" resp="volume_editor" xml:id="note7">
      <name placement="note" ref="6021" type="person">
       Александра Михайловна Калмыкова
      </name>
      .
     </note>
     за ея письмо; я ей отвѣчу послѣ. Фрею я отвѣчалъ
     <ref target="#note8">
      8
     </ref>
     <note index="false" resp="volume_editor" xml:id="note8">
      <name placement="note" ref="14736" type="person">
       Вильям Фрей
      </name>
      . См. прим. к письму № 490. Упоминаемое здесь письмо Толстого к Фрею осталось неизвестно редакции.
     </note>
     <choice>
      <reg>
       тотчас
      </reg>
      <orig>
       тотчасъ
      </orig>
     </choice>
     по
     <choice>
      <reg>
       получении
      </reg>
      <orig>
       полученіи
      </orig>
     </choice>
     письма
     <ref target="#note9">
      9
     </ref>
     <note index="false" resp="volume_editor" xml:id="note9">
      <hi>
       В подлиннике:
      </hi>
      письмо
     </note>
     <choice>
      <reg>
       в
      </reg>
      <orig>
       въ
      </orig>
     </choice>
     <choice original_editorial_correction="П[етер]б[ур">
      <sic>
       Пб[ур
      </sic>
      <corr>
       Петербур
      </corr>
     </choice>
     ]
     <choice>
      <reg>
       г
      </reg>
      <orig>
       гъ
      </orig>
     </choice>
     . Теперь буду читать его длинное письмо.
     <ref target="#note10">
      10
     </ref>
     <note index="false" resp="volume_editor" xml:id="note10">
      Письмо Фрея от 10 сентября 1885 г.; напечатано в сборнике: «Письма В. Фрея Л. Н. Толстому» Женева. 1887.
     </note>
     Желаю
     <choice>
      <reg>
       вам
      </reg>
      <orig>
       вамъ
      </orig>
     </choice>
     всего
     <choice>
      <reg>
       лучшего
      </reg>
      <orig>
       лучшаго
      </orig>
     </choice>
     , потому что очень
     <choice>
      <reg>
       вас
      </reg>
      <orig>
       васъ
      </orig>
     </choice>
     люблю. —
    </p>
    <p id="8d55ef86-5aa5-49aa-91ef-a11ba04d5dcb" rend="right">
     <name placement="text" ref="13883" type="person">
      Л. Толстой
     </name>
     . —
    </p>
    <noteGrp type="comments">
     <note index="false" type="comments">
      <p id="af28bf1e-e60a-464e-b21a-3954aa0bc6f1" rend="Textpetit_otstup left">
       Печатается по автографу, хранящемуся в БЛ. Впервые опубликовано в «Жизни для всех» 1911, 7, стр. 885—886. Датируется на основании ответного письма П. И. Бирюкова от 21 сентября 1885 г.
       <hi style="opdelimiter">
        (АТБ).
       </hi>
      </p>
     </note>
    </noteGrp>
   </div>
  </body>
 </text>
</TEI>
