<?xml version="1.0" encoding="utf-8"?>
<TEI xmlns="http://www.tei-c.org/ns/1.0" xmlns:xi="http://www.w3.org/2001/XInclude">
 <teiHeader>
  <fileDesc>
   <titleStmt>
    <title xml:id="v63_400_A_M_Kalmykovoj">
     Письма и документы. Tolstoy Digital
    </title>
    <title type="main">
     Письмо А. М. Калмыковой от 25 июля 1885 г.
    </title>
    <title type="bibl">
     Толстой Л. Н. Письмо А. М. Калмыковой, 25 июля 1885 г. // Толстой Л. Н. Полное собрание сочинений: в 90 тт. Т. 63. М.: Гос. изд. «Художественная литература», 1934. С.
    </title>
    <respStmt>
     <resp>
      Идея, постановка задач, руководство:
     </resp>
     <name>
      Анастасия Бонч-Осмоловская, Фёкла Толстая, Борис Орехов, Тимофей Лукашевский
     </name>
    </respStmt>
    <respStmt>
     <resp>
      Подготовка TEI/XML:
     </resp>
     <name>
      Евгений Можаев, Даниил Скоринкин, Ирина Павлова, Матвей Колбасов, Елена Сидорова, Кирилл Милинцевич, Лев Буланов, Макар Федоров, Константин Петров
     </name>
    </respStmt>
    <respStmt>
     <resp>
      Подготовка метаданных:
     </resp>
     <name>
      Мария Картышева, Вероника Файнберг
     </name>
    </respStmt>
    <respStmt>
     <resp>
      Разметка имен собственных:
     </resp>
     <name>
      Никита Северин, Елена Северина
     </name>
    </respStmt>
    <respStmt>
     <resp>
      Исправление древнегреческого текста:
     </resp>
     <name>
      Ольга Алиева
     </name>
    </respStmt>
    <funder>
     Проект «Слово Толстого»
    </funder>
   </titleStmt>
   <publicationStmt>
    <publisher>
     <orgName>
      Tolstoy Digital, DH CLOUD, Научно-образовательный союз «Родное Слово» проект «Слово Толстого»
     </orgName>
    </publisher>
    <availability>
     <p id="f4333301-4390-4cfb-859e-615bd49ef0a8">
      Тексты и метатекстовая разметка доступны для свободного использования и распространения по лицензии Creative Commons Attribution Share-Alike (cc by-sa)
     </p>
    </availability>
    <date from="2015" to="2022"/>
   </publicationStmt>
   <notesStmt>
    <note>
     Публикуемые документы был получены с сайта tolstoy.ru в формате html, переведены в формат TEI. Исправлены некоторые ошибки распознавания. Тексты, написанные в дореформенной орфографии, сопоставлены с их версиями в современной орфографии.
    </note>
   </notesStmt>
   <sourceDesc>
    <biblStruct>
     <analytic>
      <author>
       Толстой Лев Николаевич
      </author>
     </analytic>
     <monogr>
      <title level="m">
       Полное собрание сочинений. Том 63
      </title>
      <imprint>
       <pubPlace>
        Москва
       </pubPlace>
       <publisher>
        Государственное издательство «Художественная литература»
       </publisher>
       <date when="1934"/>
      </imprint>
      <biblScope unit="vol">
       63
      </biblScope>
      <biblScope unit="page">
       280-281
      </biblScope>
     </monogr>
     <series>
      <title level="s">
       Л. Н. Толстой. Полное собрание сочинений: в 90 тт.
      </title>
     </series>
    </biblStruct>
    <bibl>
     Публикуется впервые
    </bibl>
   </sourceDesc>
  </fileDesc>
  <encodingDesc>
   <classDecl>
    <xi:include href="../../reference/taxonomy.xml"/>
   </classDecl>
  </encodingDesc>
  <profileDesc>
   <correspDesc>
    <correspAction type="sending">
     <persName ref="13883">
      Л. Н. Толстой
     </persName>
     <placeName>
      Ясная Поляна
     </placeName>
     <date when="1885-07-25"/>
    </correspAction>
    <correspAction type="receiving">
     <persName ref="6021">
      Калмыкова Александра Михайловна
     </persName>
    </correspAction>
   </correspDesc>
   <langUsage>
    <language ident="ru"/>
    <language ident="ru-petr1708"/>
   </langUsage>
   <textClass>
    <catRef ana="#tolstoy_heritage" target="library"/>
    <catRef ana="#letters" target="type"/>
    <catRef ana="#sent" target="sent"/>
   </textClass>
  </profileDesc>
 </teiHeader>
 <xenoData>
  <number type="in a volume">
   400
  </number>
 </xenoData>
 <text xml:id="A__M__Kalmykovoj_400" xmlns="http://www.tei-c.org/ns/1.0" xmlns:xi="http://www.w3.org/2001/XInclude">
  <body>
   <div>
    <pb n="280"/>
    <opener index="false">
     *400.
     <name placement="text" ref="6021" type="person">
      А. М. Калмыковой
     </name>
     .1885 г. Июля 25? Я. П.
    </opener>
    <p id="bc025754-4247-4685-9d5c-6b4dfb1ab5b0">
     <choice>
      <reg>
       Был
      </reg>
      <orig>
       Былъ
      </orig>
     </choice>
     <choice>
      <reg>
       нездоров
      </reg>
      <orig>
       нездоровъ
      </orig>
     </choice>
     ,
     <name placement="text" ref="6021" type="person">
      Александра Михайловна
     </name>
     ;
     <choice>
      <reg>
       недели
      </reg>
      <orig>
       недѣли
      </orig>
     </choice>
     <choice>
      <reg>
       две
      </reg>
      <orig>
       двѣ
      </orig>
     </choice>
     немало, а
     <choice>
      <reg>
       потом
      </reg>
      <orig>
       потомъ
      </orig>
     </choice>
     3 дня
     <choice>
      <reg>
       лежал
      </reg>
      <orig>
       лежалъ
      </orig>
     </choice>
     и нынче
     <choice>
      <reg>
       встал
      </reg>
      <orig>
       всталъ
      </orig>
     </choice>
     <choice>
      <reg>
       как
      </reg>
      <orig>
       какъ
      </orig>
     </choice>
     <hi style="opdelimiter">
      встрепанный.
     </hi>
    </p>
    <p id="65a5b7a3-2317-4ace-a63e-90cdc280f787">
     <pb n="281"/>
     <hi style="npdelimiter">
      Оттого
     </hi>
     не
     <choice>
      <reg>
       отвечал
      </reg>
      <orig>
       отвѣчалъ
      </orig>
     </choice>
     <choice>
      <reg>
       вам
      </reg>
      <orig>
       вамъ
      </orig>
     </choice>
     на
     <choice>
      <reg>
       хорошия
      </reg>
      <orig>
       хорошія
      </orig>
     </choice>
     письма ваши. Особенно первое. Я
     <choice>
      <reg>
       вам
      </reg>
      <orig>
       вамъ
      </orig>
     </choice>
     <choice>
      <reg>
       надоел
      </reg>
      <orig>
       надоѣлъ
      </orig>
     </choice>
     <choice>
      <reg>
       Эпиктетом
      </reg>
      <orig>
       Эпиктетомъ
      </orig>
     </choice>
     .
     <choice>
      <reg>
       Он
      </reg>
      <orig>
       Онъ
      </orig>
     </choice>
     говорить: если ты боишься прослыть
     <choice>
      <reg>
       дураком
      </reg>
      <orig>
       дуракомъ
      </orig>
     </choice>
     или
     <choice>
      <reg>
       дрянным
      </reg>
      <orig>
       дряннымъ
      </orig>
     </choice>
     <choice>
      <reg>
       человеком
      </reg>
      <orig>
       человѣкомъ
      </orig>
     </choice>
     , то ты никогда и не
     <choice>
      <reg>
       начинал
      </reg>
      <orig>
       начиналъ
      </orig>
     </choice>
     быть
     <choice>
      <reg>
       философом
      </reg>
      <orig>
       философомъ
      </orig>
     </choice>
     . Я думаю, что
     <choice original_editorial_correction="Хр[истос]">
      <sic>
       Хр
      </sic>
      <corr>
       <choice>
        <reg>
         Христос
        </reg>
        <orig>
         Христосъ
        </orig>
       </choice>
      </corr>
     </choice>
     не
     <choice>
      <reg>
       отверг
      </reg>
      <orig>
       отвергъ
      </orig>
     </choice>
     бы
     <choice>
      <reg>
       этого
      </reg>
      <orig>
       этаго
      </orig>
     </choice>
     <choice>
      <reg>
       изречения
      </reg>
      <orig>
       изрѣченія
      </orig>
     </choice>
     ,
     <choice>
      <reg>
       заменив
      </reg>
      <orig>
       замѣнивъ
      </orig>
     </choice>
     слово «
     <choice>
      <reg>
       философ
      </reg>
      <orig>
       философъ
      </orig>
     </choice>
     »
     <choice>
      <reg>
       моим
      </reg>
      <orig>
       моимъ
      </orig>
     </choice>
     <choice>
      <reg>
       учеником
      </reg>
      <orig>
       ученикомъ
      </orig>
     </choice>
     ; а вы говорите, что то, чтò вы созидали 16
     <choice>
      <reg>
       лет
      </reg>
      <orig>
       лѣтъ
      </orig>
     </choice>
     ,
     <ref target="#note1">
      1
     </ref>
     <note index="false" resp="volume_editor" xml:id="note1">
      <hi>
       Зачеркнуто:
      </hi>
      <choice>
       <reg>
        в
       </reg>
       <orig>
        въ
       </orig>
      </choice>
      <choice>
       <reg>
        общественном
       </reg>
       <orig>
        общественномъ
       </orig>
      </choice>
      <choice>
       <reg>
        мнении
       </reg>
       <orig>
        мнѣніи
       </orig>
      </choice>
     </note>
     разрушено. Если то, чтò вы созидали,
     <choice>
      <reg>
       может
      </reg>
      <orig>
       можетъ
      </orig>
     </choice>
     быть разрушено прихотью
     <choice>
      <reg>
       человека
      </reg>
      <orig>
       человѣка
      </orig>
     </choice>
     , то
     <choice>
      <reg>
       здание
      </reg>
      <orig>
       зданіе
      </orig>
     </choice>
     это
     <ref target="#note2">
      2
     </ref>
     <note index="false" resp="volume_editor" xml:id="note2">
      <hi>
       В подлиннике:
      </hi>
      этаго
     </note>
     не стоить
     <choice>
      <reg>
       ореховой
      </reg>
      <orig>
       орѣховой
      </orig>
     </choice>
     скорлупы. Если же то, чтò вы созидали, есть настоящее
     <choice>
      <reg>
       дело
      </reg>
      <orig>
       дѣло
      </orig>
     </choice>
     , то
     <choice>
      <reg>
       все
      </reg>
      <orig>
       всѣ
      </orig>
     </choice>
     попытки разрушить его только
     <choice>
      <reg>
       докажут
      </reg>
      <orig>
       докажутъ
      </orig>
     </choice>
     твердость
     <choice>
      <reg>
       здания
      </reg>
      <orig>
       зданія
      </orig>
     </choice>
     . Если то, чтò вы
     <choice>
      <reg>
       делали
      </reg>
      <orig>
       дѣлали
      </orig>
     </choice>
     ,
     <choice>
      <reg>
       имело
      </reg>
      <orig>
       имѣло
      </orig>
     </choice>
     <choice>
      <reg>
       целью
      </reg>
      <orig>
       цѣлью
      </orig>
     </choice>
     <choice original_editorial_correction="обществен[ное]">
      <sic>
       обществен
      </sic>
      <corr>
       общественное
      </corr>
     </choice>
     <choice>
      <reg>
       мнение
      </reg>
      <orig>
       мнѣніе
      </orig>
     </choice>
     , то для
     <choice>
      <reg>
       разрушения
      </reg>
      <orig>
       разрушенія
      </orig>
     </choice>
     этого не нужно даже
     <choice>
      <reg>
       поступков
      </reg>
      <orig>
       поступковъ
      </orig>
     </choice>
     , нужно только ловкое слово клеветы — дунуть и все пропало; если же вы строили
     <choice>
      <reg>
       в
      </reg>
      <orig>
       въ
      </orig>
     </choice>
     <choice>
      <reg>
       себе
      </reg>
      <orig>
       себѣ
      </orig>
     </choice>
     <choice>
      <reg>
       человека
      </reg>
      <orig>
       человѣка
      </orig>
     </choice>
     (чтò вы и
     <choice>
      <reg>
       делали
      </reg>
      <orig>
       дѣлали
      </orig>
     </choice>
     , я знаю), то
     <choice>
      <reg>
       зачем
      </reg>
      <orig>
       зачѣмъ
      </orig>
     </choice>
     вы,
     <choice>
      <reg>
       делая
      </reg>
      <orig>
       дѣлая
      </orig>
     </choice>
     его
     <choice>
      <reg>
       в
      </reg>
      <orig>
       въ
      </orig>
     </choice>
     <choice>
      <reg>
       себе
      </reg>
      <orig>
       себѣ
      </orig>
     </choice>
     16
     <choice>
      <reg>
       лет
      </reg>
      <orig>
       лѣтъ
      </orig>
     </choice>
     , возьмете да и сломаете, чтò строили.
    </p>
    <p id="9f5204df-1113-428f-8c2e-4ee3ef7a7e87">
     Дай
     <choice>
      <reg>
       Бог
      </reg>
      <orig>
       Богъ
      </orig>
     </choice>
     <choice>
      <reg>
       вам
      </reg>
      <orig>
       вамъ
      </orig>
     </choice>
     устроиться полегче для себя, но все также — смиряясь и отрекаясь —
     <choice>
      <reg>
       другого
      </reg>
      <orig>
       другаго
      </orig>
     </choice>
     <choice>
      <reg>
       нет
      </reg>
      <orig>
       нѣтъ
      </orig>
     </choice>
     средства
     <choice>
      <reg>
       победы
      </reg>
      <orig>
       побѣды
      </orig>
     </choice>
     ,
     <choice>
      <reg>
       как
      </reg>
      <orig>
       какъ
      </orig>
     </choice>
     вы сами знаете.
    </p>
    <p id="f796e1e9-cbeb-48ed-938a-014953596be3" rend="right">
     Л. Т.
    </p>
    <p id="dab49dfe-ca93-4f92-8d9f-071ff4921363">
     <hi>
      На конверте
     </hi>
     :
    </p>
    <p id="da2cb4e3-900b-4e8d-9486-ba91ecfcb9d8">
     <choice>
      <reg>
       Петербург
      </reg>
      <orig>
       Петербургъ
      </orig>
     </choice>
     .
     <choice>
      <reg>
       Угол
      </reg>
      <orig>
       Уголъ
      </orig>
     </choice>
     Манежной и Надеждинской. № 50.
     <choice>
      <reg>
       <name placement="text" ref="6021" type="person">
        Александре
       </name>
      </reg>
      <orig>
       <name placement="text" ref="6021" type="person">
        Александрѣ
       </name>
      </orig>
     </choice>
     <choice>
      <reg>
       <name placement="text" ref="6021" type="person">
        Михайловне
       </name>
      </reg>
      <orig>
       <name placement="text" ref="6021" type="person">
        Михайловнѣ
       </name>
      </orig>
     </choice>
     <name placement="text" ref="6021" type="person">
      Калмыковой
     </name>
     .
    </p>
    <noteGrp type="comments">
     <note index="false" type="comments">
      <p id="4ccfe2bc-8080-4db0-953f-845fcaff5b8c" rend="Textpetit_otstup left">
       Печатается по автографу, хранящемуся в ИЛ. Публикуется впервые. Датируется на основании почтовых штемпелей на конверте: почтовый вагон 15 июля 1885 и С. Петербург 26 июля 1885.
      </p>
     </note>
     <note index="false" type="comments">
      <p id="6ed26a22-7346-4e2d-932b-1be1ea27d5b5" rend="petit">
       Письма А. М. Калмыковой, на которые отвечает Толстой, неизвестны.
      </p>
     </note>
    </noteGrp>
   </div>
  </body>
 </text>
</TEI>
