<?xml version="1.0" encoding="utf-8"?>
<TEI xmlns="http://www.tei-c.org/ns/1.0" xmlns:xi="http://www.w3.org/2001/XInclude">
 <teiHeader>
  <fileDesc>
   <titleStmt>
    <title xml:id="v63_291_Gr_A_A_Tolstoj">
     Письма и документы. Tolstoy Digital
    </title>
    <title type="main">
     Письмо Гр. А. А. Толстой с 1 января 1884 г. по 31 декабря 1884 г.
    </title>
    <title type="bibl">
     Толстой Л. Н. Письмо гр. А. А. Толстой, 1 января 1884 г. — 31 декабря 1884 г. // Толстой Л. Н. Полное собрание сочинений: в 90 тт. Т. 63. М.: Гос. изд. «Художественная литература», 1934. С.
    </title>
    <respStmt>
     <resp>
      Идея, постановка задач, руководство:
     </resp>
     <name>
      Анастасия Бонч-Осмоловская, Фёкла Толстая, Борис Орехов, Тимофей Лукашевский
     </name>
    </respStmt>
    <respStmt>
     <resp>
      Подготовка TEI/XML:
     </resp>
     <name>
      Евгений Можаев, Даниил Скоринкин, Ирина Павлова, Матвей Колбасов, Елена Сидорова, Кирилл Милинцевич, Лев Буланов, Макар Федоров, Константин Петров
     </name>
    </respStmt>
    <respStmt>
     <resp>
      Подготовка метаданных:
     </resp>
     <name>
      Мария Картышева, Вероника Файнберг
     </name>
    </respStmt>
    <respStmt>
     <resp>
      Разметка имен собственных:
     </resp>
     <name>
      Никита Северин, Елена Северина
     </name>
    </respStmt>
    <respStmt>
     <resp>
      Исправление древнегреческого текста:
     </resp>
     <name>
      Ольга Алиева
     </name>
    </respStmt>
    <funder>
     Проект «Слово Толстого»
    </funder>
   </titleStmt>
   <publicationStmt>
    <publisher>
     <orgName>
      Tolstoy Digital, DH CLOUD, Научно-образовательный союз «Родное Слово» проект «Слово Толстого»
     </orgName>
    </publisher>
    <availability>
     <p id="3a786637-feba-42fd-a49e-5f5b4f9fb558">
      Тексты и метатекстовая разметка доступны для свободного использования и распространения по лицензии Creative Commons Attribution Share-Alike (cc by-sa)
     </p>
    </availability>
    <date from="2015" to="2022"/>
   </publicationStmt>
   <notesStmt>
    <note>
     Публикуемые документы был получены с сайта tolstoy.ru в формате html, переведены в формат TEI. Исправлены некоторые ошибки распознавания. Тексты, написанные в дореформенной орфографии, сопоставлены с их версиями в современной орфографии.
    </note>
   </notesStmt>
   <sourceDesc>
    <biblStruct>
     <analytic>
      <author>
       Толстой Лев Николаевич
      </author>
     </analytic>
     <monogr>
      <title level="m">
       Полное собрание сочинений. Том 63
      </title>
      <imprint>
       <pubPlace>
        Москва
       </pubPlace>
       <publisher>
        Государственное издательство «Художественная литература»
       </publisher>
       <date when="1934"/>
      </imprint>
      <biblScope unit="vol">
       63
      </biblScope>
      <biblScope unit="page">
       200-202
      </biblScope>
     </monogr>
     <series>
      <title level="s">
       Л. Н. Толстой. Полное собрание сочинений: в 90 тт.
      </title>
     </series>
    </biblStruct>
    <bibl>
     Публикуется впервые
    </bibl>
   </sourceDesc>
  </fileDesc>
  <encodingDesc>
   <classDecl>
    <xi:include href="../../reference/taxonomy.xml"/>
   </classDecl>
  </encodingDesc>
  <profileDesc>
   <correspDesc>
    <correspAction type="sending">
     <persName ref="13883">
      Л. Н. Толстой
     </persName>
     <date notAfter="1884-12-31" notBefore="1884-01-01"/>
    </correspAction>
    <correspAction type="receiving">
     <persName ref="13812">
      Толстая Александра Андреевна
     </persName>
    </correspAction>
   </correspDesc>
   <langUsage>
    <language ident="ru"/>
    <language ident="ru-petr1708"/>
   </langUsage>
   <textClass>
    <catRef ana="#tolstoy_heritage" target="library"/>
    <catRef ana="#letters" target="type"/>
    <catRef ana="#sent" target="sent"/>
   </textClass>
  </profileDesc>
 </teiHeader>
 <xenoData>
  <number type="in a volume">
   291
  </number>
 </xenoData>
 <text xml:id="Gr__A__A__Tolstoj_291" xmlns="http://www.tei-c.org/ns/1.0" xmlns:xi="http://www.w3.org/2001/XInclude">
  <body>
   <div>
    <pb n="200"/>
    <opener index="false">
     * 291.
     <name placement="text" ref="13812" type="person">
      Гр. А. А. Толстой
     </name>
     .1884 г.
    </opener>
    <p id="f8bd604d-f623-4a14-993e-754640b4da01" rend="Obrashenie">
     Милый
     <choice>
      <reg>
       друг
      </reg>
      <orig>
       другъ
      </orig>
     </choice>
     !
    </p>
    <p id="99b4e47c-152d-4999-a770-342d1f38398c">
     Письмо ваше совершенно
     <choice>
      <reg>
       излечило
      </reg>
      <orig>
       излѣчило
      </orig>
     </choice>
     мою царапину
     <choice>
      <reg>
       раздражения
      </reg>
      <orig>
       раздраженія
      </orig>
     </choice>
     . Но еще хочется
     <choice>
      <reg>
       сделать
      </reg>
      <orig>
       сдѣлать
      </orig>
     </choice>
     одно
     <choice>
      <reg>
       замечание
      </reg>
      <orig>
       замѣчаніе
      </orig>
     </choice>
     и не для себя, а для
     <choice>
      <reg>
       вас
      </reg>
      <orig>
       васъ
      </orig>
     </choice>
     , чтобы дать
     <choice>
      <reg>
       вам
      </reg>
      <orig>
       вамъ
      </orig>
     </choice>
     правильный
     <choice>
      <reg>
       ключ
      </reg>
      <orig>
       ключъ
      </orig>
     </choice>
     ко
     <choice>
      <reg>
       мне
      </reg>
      <orig>
       мнѣ
      </orig>
     </choice>
     ,
     <choice>
      <reg>
       чтоб
      </reg>
      <orig>
       чтобъ
      </orig>
     </choice>
     <choice>
      <reg>
       вам
      </reg>
      <orig>
       вамъ
      </orig>
     </choice>
     было легче думать обо
     <choice>
      <reg>
       мне
      </reg>
      <orig>
       мнѣ
      </orig>
     </choice>
     <choice>
      <reg>
       без
      </reg>
      <orig>
       безъ
      </orig>
     </choice>
     горечи; а я вижу, что это
     <choice>
      <reg>
       стоит
      </reg>
      <orig>
       стоитъ
      </orig>
     </choice>
     <choice>
      <reg>
       вам
      </reg>
      <orig>
       вамъ
      </orig>
     </choice>
     <choice>
      <reg>
       ужасного
      </reg>
      <orig>
       ужаснаго
      </orig>
     </choice>
     труда.
    </p>
    <p id="b6fd72c3-7c24-4b30-adb7-2198c5b417b6">
     Вы говорите, что я учительствую. Милый
     <choice>
      <reg>
       друг
      </reg>
      <orig>
       другъ
      </orig>
     </choice>
     , это ужасная неправда. Я считаю, что
     <choice>
      <reg>
       нет
      </reg>
      <orig>
       нѣтъ
      </orig>
     </choice>
     <choice>
      <reg>
       человека
      </reg>
      <orig>
       человѣка
      </orig>
     </choice>
     <choice>
      <reg>
       убежденного
      </reg>
      <orig>
       убѣжденнаго
      </orig>
     </choice>
     <choice>
      <reg>
       верующего
      </reg>
      <orig>
       вѣрующаго
      </orig>
     </choice>
     ,
     <choice>
      <reg>
       менее
      </reg>
      <orig>
       менѣе
      </orig>
     </choice>
     <choice>
      <reg>
       склонного
      </reg>
      <orig>
       склоннаго
      </orig>
     </choice>
     <choice>
      <reg>
       к
      </reg>
      <orig>
       къ
      </orig>
     </choice>
     учительству и
     <choice>
      <reg>
       менее
      </reg>
      <orig>
       менѣе
      </orig>
     </choice>
     <choice>
      <reg>
       учительствующего
      </reg>
      <orig>
       учительствующаго
      </orig>
     </choice>
     ,
     <choice>
      <reg>
       чем
      </reg>
      <orig>
       чѣмъ
      </orig>
     </choice>
     я. Пожалуйста, вникните
     <choice>
      <reg>
       в
      </reg>
      <orig>
       въ
      </orig>
     </choice>
     то, чтò я скажу, и не горячитесь, a
     <choice>
      <reg>
       проверьте
      </reg>
      <orig>
       провѣрьте
      </orig>
     </choice>
     . Я
     <choice>
      <reg>
       верю
      </reg>
      <orig>
       вѣрю
      </orig>
     </choice>
     (
     <choice>
      <reg>
       вера
      </reg>
      <orig>
       вѣра
      </orig>
     </choice>
     моя дурная — это все равно). У меня есть семья,
     <choice>
      <reg>
       дети
      </reg>
      <orig>
       дѣти
      </orig>
     </choice>
     , друзья,
     <choice>
      <reg>
       к
      </reg>
      <orig>
       къ
      </orig>
     </choice>
     несчастью есть еще публика русская, которая интересуется моими взглядами на жизнь. — Скажите, пожалуйста, что
     <choice>
      <reg>
       мне
      </reg>
      <orig>
       мнѣ
      </orig>
     </choice>
     <choice>
      <reg>
       делать
      </reg>
      <orig>
       дѣлать
      </orig>
     </choice>
     ?
     <ref target="#note1">
      1
     </ref>
     <note index="false" resp="volume_editor" xml:id="note1">
      <hi>
       Зачеркнуто:
      </hi>
      скрывать
     </note>
     Не высказывать
     <choice>
      <reg>
       своих
      </reg>
      <orig>
       своихъ
      </orig>
     </choice>
     <choice>
      <reg>
       взглядов
      </reg>
      <orig>
       взглядовъ
      </orig>
     </choice>
     , пока они не установились, пока я не знаю твердо, что я
     <choice>
      <reg>
       так
      </reg>
      <orig>
       такъ
      </orig>
     </choice>
     <choice>
      <reg>
       верю
      </reg>
      <orig>
       вѣрю
      </orig>
     </choice>
     и умру
     <choice>
      <reg>
       в
      </reg>
      <orig>
       въ
      </orig>
     </choice>
     своей
     <choice>
      <reg>
       вере
      </reg>
      <orig>
       вѣрѣ
      </orig>
     </choice>
     и за свою
     <choice>
      <reg>
       веру
      </reg>
      <orig>
       вѣру
      </orig>
     </choice>
     ? Я точно
     <choice>
      <reg>
       так
      </reg>
      <orig>
       такъ
      </orig>
     </choice>
     и
     <choice>
      <reg>
       делал
      </reg>
      <orig>
       дѣлалъ
      </orig>
     </choice>
     . Теперь же, когда я
     <choice>
      <reg>
       верю
      </reg>
      <orig>
       вѣрю
      </orig>
     </choice>
     <choice>
      <reg>
       всеми
      </reg>
      <orig>
       всѣми
      </orig>
     </choice>
     силами души
     <choice>
      <reg>
       в
      </reg>
      <orig>
       въ
      </orig>
     </choice>
     то, чтò я считаю истиной, чтò
     <choice>
      <reg>
       мне
      </reg>
      <orig>
       мнѣ
      </orig>
     </choice>
     <choice>
      <reg>
       делать
      </reg>
      <orig>
       дѣлать
      </orig>
     </choice>
     , когда у меня
     <choice>
      <reg>
       спрашивают
      </reg>
      <orig>
       спрашиваютъ
      </orig>
     </choice>
     , во чтò я
     <choice>
      <reg>
       верю
      </reg>
      <orig>
       вѣрю
      </orig>
     </choice>
     ? Скрывать свою
     <choice>
      <reg>
       веру
      </reg>
      <orig>
       вѣру
      </orig>
     </choice>
     ? Скрывать потому, что моя
     <choice>
      <reg>
       вера
      </reg>
      <orig>
       вѣра
      </orig>
     </choice>
     несогласна
     <choice>
      <reg>
       с
      </reg>
      <orig>
       съ
      </orig>
     </choice>
     царствующей
     <choice>
      <reg>
       верой
      </reg>
      <orig>
       вѣрой
      </orig>
     </choice>
     , потому что
     <choice>
      <reg>
       мне
      </reg>
      <orig>
       мнѣ
      </orig>
     </choice>
     <choice>
      <reg>
       неприятно
      </reg>
      <orig>
       непріятно
      </orig>
     </choice>
     , тяжело и опасно высказывать ее? Ясно, что я
     <choice>
      <reg>
       обязан
      </reg>
      <orig>
       обязанъ
      </orig>
     </choice>
     сказать, во чтò я
     <choice>
      <reg>
       верю
      </reg>
      <orig>
       вѣрю
      </orig>
     </choice>
     , чтобы не было
     <choice>
      <reg>
       никаких
      </reg>
      <orig>
       никакихъ
      </orig>
     </choice>
     quiproquo и чтобы не могли люди употреблять мой
     <choice>
      <reg>
       авторитет
      </reg>
      <orig>
       авторитетъ
      </orig>
     </choice>
     (
     <choice original_editorial_correction="к[оторый]">
      <sic>
       к
      </sic>
      <corr>
       который
      </corr>
     </choice>
     вы признаете) на то, что [бы] поддерживать то, во чтò я
     <choice>
      <reg>
       верю
      </reg>
      <orig>
       вѣрю
      </orig>
     </choice>
     , Я это самое и
     <choice>
      <reg>
       сделал
      </reg>
      <orig>
       сдѣлалъ
      </orig>
     </choice>
     , Теперь
     <hi style="opdelimiter">
      вы
     </hi>
     <pb n="201"/>
     <hi style="npdelimiter">
      говорите,
     </hi>
     что я учительствую. Это несправедливо. Весь
     <choice>
      <reg>
       смысл
      </reg>
      <orig>
       смыслъ
      </orig>
     </choice>
     <choice>
      <reg>
       моих
      </reg>
      <orig>
       моихъ
      </orig>
     </choice>
     <choice>
      <reg>
       писаний
      </reg>
      <orig>
       писаній
      </orig>
     </choice>
     <choice>
      <reg>
       тот
      </reg>
      <orig>
       тотъ
      </orig>
     </choice>
     , что я высказываю
     <hi>
      свою
     </hi>
     , свою личную
     <choice>
      <reg>
       веру
      </reg>
      <orig>
       вѣру
      </orig>
     </choice>
     и нетолько не говорю, что помимо моей
     <choice>
      <reg>
       веры
      </reg>
      <orig>
       вѣры
      </orig>
     </choice>
     <choice>
      <reg>
       нет
      </reg>
      <orig>
       нѣтъ
      </orig>
     </choice>
     <choice>
      <reg>
       спасения
      </reg>
      <orig>
       спасенія
      </orig>
     </choice>
     , но признаю, что всякая
     <choice>
      <reg>
       вера
      </reg>
      <orig>
       вѣра
      </orig>
     </choice>
     хороша, если она искренна, и
     <choice>
      <reg>
       непременно
      </reg>
      <orig>
       непремѣнно
      </orig>
     </choice>
     <choice>
      <reg>
       соединяет
      </reg>
      <orig>
       соединяетъ
      </orig>
     </choice>
     <choice>
      <reg>
       нас
      </reg>
      <orig>
       насъ
      </orig>
     </choice>
     <choice>
      <reg>
       в
      </reg>
      <orig>
       въ
      </orig>
     </choice>
     <choice>
      <reg>
       делах
      </reg>
      <orig>
       дѣлахъ
      </orig>
     </choice>
     любви. Я говорю только то, чему я
     <choice>
      <reg>
       верю
      </reg>
      <orig>
       вѣрю
      </orig>
     </choice>
     и чему не
     <choice>
      <reg>
       верю
      </reg>
      <orig>
       вѣрю
      </orig>
     </choice>
     , и почему не
     <choice>
      <reg>
       верю
      </reg>
      <orig>
       вѣрю
      </orig>
     </choice>
     . — Я часто удивляюсь
     <choice>
      <reg>
       раздражению
      </reg>
      <orig>
       раздраженію
      </orig>
     </choice>
     ,
     <choice original_editorial_correction="к[оторое]">
      <sic>
       к
      </sic>
      <corr>
       которое
      </corr>
     </choice>
     <choice>
      <reg>
       вызывает
      </reg>
      <orig>
       вызываетъ
      </orig>
     </choice>
     мое
     <choice>
      <reg>
       исповедание
      </reg>
      <orig>
       исповѣданіе
      </orig>
     </choice>
     <choice>
      <reg>
       веры
      </reg>
      <orig>
       вѣры
      </orig>
     </choice>
     . Почему
     <choice>
      <reg>
       протестантизм
      </reg>
      <orig>
       протестантизмъ
      </orig>
     </choice>
     ,
     <ref target="#note2">
      2
     </ref>
     <note index="false" resp="volume_editor" xml:id="note2">
      <hi>
       В подлиннике написано:
      </hi>
      <choice>
       <reg>
        простентентизм
       </reg>
       <orig>
        простентентизмъ
       </orig>
      </choice>
     </note>
     унитарьянство, магометанство не
     <choice>
      <reg>
       вызывают
      </reg>
      <orig>
       вызываютъ
      </orig>
     </choice>
     такого
     <choice>
      <reg>
       раздражения
      </reg>
      <orig>
       раздраженія
      </orig>
     </choice>
     ?
    </p>
    <p id="cd0a5b7e-ddfa-4e74-a334-d665e2ff039f">
     Я бы очень
     <choice>
      <reg>
       рад
      </reg>
      <orig>
       радъ
      </orig>
     </choice>
     <choice>
      <reg>
       был
      </reg>
      <orig>
       былъ
      </orig>
     </choice>
     , если бы вы были бы одной
     <choice>
      <reg>
       веры
      </reg>
      <orig>
       вѣры
      </orig>
     </choice>
     со мной; но если вы другой
     <choice>
      <reg>
       веры
      </reg>
      <orig>
       вѣры
      </orig>
     </choice>
     , то я очень понимаю,
     <choice>
      <reg>
       как
      </reg>
      <orig>
       какъ
      </orig>
     </choice>
     <choice>
      <reg>
       сделалось
      </reg>
      <orig>
       сдѣлалось
      </orig>
     </choice>
     то, что вы другой
     <choice>
      <reg>
       веры
      </reg>
      <orig>
       вѣры
      </orig>
     </choice>
     , и ваше
     <choice>
      <reg>
       различие
      </reg>
      <orig>
       различіе
      </orig>
     </choice>
     со мной не
     <choice>
      <reg>
       может
      </reg>
      <orig>
       можетъ
      </orig>
     </choice>
     раздражать меня.
     <choice>
      <reg>
       Раздражение
      </reg>
      <orig>
       Раздраженіе
      </orig>
     </choice>
     же
     <choice>
      <reg>
       против
      </reg>
      <orig>
       противъ
      </orig>
     </choice>
     меня особенно жестоко. Вы вникните немножко
     <choice>
      <reg>
       в
      </reg>
      <orig>
       въ
      </orig>
     </choice>
     мою жизнь.
     <choice>
      <reg>
       Все
      </reg>
      <orig>
       Всѣ
      </orig>
     </choice>
     <choice>
      <reg>
       прежния
      </reg>
      <orig>
       прежнія
      </orig>
     </choice>
     радости моей жизни, я
     <choice>
      <reg>
       всех
      </reg>
      <orig>
       всѣхъ
      </orig>
     </choice>
     <choice>
      <reg>
       их
      </reg>
      <orig>
       ихъ
      </orig>
     </choice>
     лишился.
     <choice>
      <reg>
       Всякие
      </reg>
      <orig>
       Всякія
      </orig>
     </choice>
     <choice>
      <reg>
       утехи
      </reg>
      <orig>
       утѣхи
      </orig>
     </choice>
     жизни — богатства, почестей, славы, всего
     <choice>
      <reg>
       этого
      </reg>
      <orig>
       этаго
      </orig>
     </choice>
     у меня
     <choice>
      <reg>
       нет
      </reg>
      <orig>
       нѣтъ
      </orig>
     </choice>
     . Друзья мои, семейные даже, отварачиваются
     <choice>
      <reg>
       от
      </reg>
      <orig>
       отъ
      </orig>
     </choice>
     меня. Одни — либералы и естетики
     <choice>
      <reg>
       считают
      </reg>
      <orig>
       считаютъ
      </orig>
     </choice>
     меня
     <choice>
      <reg>
       сумашедшим
      </reg>
      <orig>
       сумашедшимъ
      </orig>
     </choice>
     или
     <choice>
      <reg>
       слабоумным
      </reg>
      <orig>
       слабоумнымъ
      </orig>
     </choice>
     <choice>
      <reg>
       в
      </reg>
      <orig>
       въ
      </orig>
     </choice>
     <choice>
      <reg>
       роде
      </reg>
      <orig>
       родѣ
      </orig>
     </choice>
     Гоголя;
     <choice>
      <reg>
       другие
      </reg>
      <orig>
       другіе
      </orig>
     </choice>
     —
     <choice>
      <reg>
       революционеры
      </reg>
      <orig>
       революціонеры
      </orig>
     </choice>
     , радикалы
     <choice>
      <reg>
       считают
      </reg>
      <orig>
       считаютъ
      </orig>
     </choice>
     меня
     <choice>
      <reg>
       мистиком
      </reg>
      <orig>
       мистикомъ
      </orig>
     </choice>
     ,
     <choice>
      <reg>
       болтуном
      </reg>
      <orig>
       болтуномъ
      </orig>
     </choice>
     ; правительственные люди
     <choice>
      <reg>
       считают
      </reg>
      <orig>
       считаютъ
      </orig>
     </choice>
     меня
     <choice>
      <reg>
       зловредным
      </reg>
      <orig>
       зловреднымъ
      </orig>
     </choice>
     <choice>
      <reg>
       революционером
      </reg>
      <orig>
       революціонеромъ
      </orig>
     </choice>
     ; православные
     <choice>
      <reg>
       считают
      </reg>
      <orig>
       считаютъ
      </orig>
     </choice>
     меня
     <choice>
      <reg>
       диаволом
      </reg>
      <orig>
       діаволомъ
      </orig>
     </choice>
     . — Признаюсь, что это тяжело
     <choice>
      <reg>
       мне
      </reg>
      <orig>
       мнѣ
      </orig>
     </choice>
     , не потому, что обидно, а тяжело то, что нарушается то, чтò
     <choice>
      <reg>
       составляет
      </reg>
      <orig>
       составляетъ
      </orig>
     </choice>
     главную
     <choice>
      <reg>
       цель
      </reg>
      <orig>
       цѣль
      </orig>
     </choice>
     и счастье моей жизни — любовное
     <choice>
      <reg>
       общение
      </reg>
      <orig>
       общеніе
      </orig>
     </choice>
     <choice>
      <reg>
       с
      </reg>
      <orig>
       съ
      </orig>
     </choice>
     людьми: оно
     <choice>
      <reg>
       труднее
      </reg>
      <orig>
       труднѣе
      </orig>
     </choice>
     , когда
     <choice>
      <reg>
       всякий
      </reg>
      <orig>
       всякій
      </orig>
     </choice>
     <choice>
      <reg>
       налетает
      </reg>
      <orig>
       налетаетъ
      </orig>
     </choice>
     на тебя
     <choice>
      <reg>
       с
      </reg>
      <orig>
       съ
      </orig>
     </choice>
     злобой и
     <choice>
      <reg>
       упреком
      </reg>
      <orig>
       упрекомъ
      </orig>
     </choice>
     . И потому, пожалуйста, смотрите на меня,
     <choice>
      <reg>
       как
      </reg>
      <orig>
       какъ
      </orig>
     </choice>
     на
     <choice>
      <reg>
       доброго
      </reg>
      <orig>
       добраго
      </orig>
     </choice>
     магометанина, тогда все
     <choice>
      <reg>
       будет
      </reg>
      <orig>
       будетъ
      </orig>
     </choice>
     прекрасно. —
    </p>
    <p id="b12408ff-85f4-4af7-8d16-7a05c5b28f28">
     <choice>
      <reg>
       Мальцов
      </reg>
      <orig>
       Мальцовъ
      </orig>
     </choice>
     ,
     <ref target="#note3">
      3
     </ref>
     <note index="false" resp="volume_editor" xml:id="note3">
      <name placement="note" ref="8452" type="person">
       Иван Сергеевич Мальцов
      </name>
      — флигель-адъютант, полковник.
     </note>
     <choice>
      <reg>
       флигель-адъютант
      </reg>
      <orig>
       флигель-адъютантъ
      </orig>
     </choice>
     <choice>
      <reg>
       расположен
      </reg>
      <orig>
       расположенъ
      </orig>
     </choice>
     помочь
     <choice>
      <reg>
       делу
      </reg>
      <orig>
       дѣлу
      </orig>
     </choice>
     <choice>
      <reg>
       Армфельд
      </reg>
      <orig>
       Армфельдъ
      </orig>
     </choice>
     .
     <ref target="#note4">
      4
     </ref>
     <note index="false" resp="volume_editor" xml:id="note4">
      См. прим. 1 к письму № 212.
     </note>
     Не
     <choice>
      <reg>
       нужен
      </reg>
      <orig>
       нуженъ
      </orig>
     </choice>
     ли
     <choice>
      <reg>
       он
      </reg>
      <orig>
       онъ
      </orig>
     </choice>
     <choice>
      <reg>
       вам
      </reg>
      <orig>
       вамъ
      </orig>
     </choice>
     . Обнимаю
     <choice>
      <reg>
       вас
      </reg>
      <orig>
       васъ
      </orig>
     </choice>
     .
    </p>
    <p id="e7b2e81d-9efa-4838-8183-24d2cd4d30e3" rend="right">
     <name placement="text" ref="13883" type="person">
      Л. Толстой
     </name>
     .
    </p>
    <noteGrp type="comments">
     <note index="false" type="comments">
      <p id="50ea6ff0-041e-42ad-91ea-43dfd5fa0cab" rend="Textpetit_otstup left">
       Печатается по автографу, хранящемуся в ИЛ. Публикуется впервые. Датируется на основании упоминания о деле Н. А. Армфельдт.
      </p>
     </note>
    </noteGrp>
   </div>
  </body>
 </text>
</TEI>
