<?xml version="1.0" encoding="utf-8"?>
<TEI xmlns="http://www.tei-c.org/ns/1.0" xmlns:xi="http://www.w3.org/2001/XInclude">
 <teiHeader>
  <fileDesc>
   <titleStmt>
    <title xml:id="v63_176_H_N_Straxovu">
     Письма и документы. Tolstoy Digital
    </title>
    <title type="main">
     Письмо Н. Н. Страхову с 30 ноября 1883 г. по 1 декабря 1883 г.
    </title>
    <title type="bibl">
     Толстой Л. Н. Письмо Н. Н. Страхову, 30 ноября 1883 г. — 1 декабря 1883 г. // Толстой Л. Н. Полное собрание сочинений: в 90 тт. Т. 63. М.: Гос. изд. «Художественная литература», 1934. С.
    </title>
    <respStmt>
     <resp>
      Идея, постановка задач, руководство:
     </resp>
     <name>
      Анастасия Бонч-Осмоловская, Фёкла Толстая, Борис Орехов, Тимофей Лукашевский
     </name>
    </respStmt>
    <respStmt>
     <resp>
      Подготовка TEI/XML:
     </resp>
     <name>
      Евгений Можаев, Даниил Скоринкин, Ирина Павлова, Матвей Колбасов, Елена Сидорова, Кирилл Милинцевич, Лев Буланов, Макар Федоров, Константин Петров
     </name>
    </respStmt>
    <respStmt>
     <resp>
      Подготовка метаданных:
     </resp>
     <name>
      Мария Картышева, Вероника Файнберг
     </name>
    </respStmt>
    <respStmt>
     <resp>
      Разметка имен собственных:
     </resp>
     <name>
      Никита Северин, Елена Северина
     </name>
    </respStmt>
    <respStmt>
     <resp>
      Исправление древнегреческого текста:
     </resp>
     <name>
      Ольга Алиева
     </name>
    </respStmt>
    <funder>
     Проект «Слово Толстого»
    </funder>
   </titleStmt>
   <publicationStmt>
    <publisher>
     <orgName>
      Tolstoy Digital, DH CLOUD, Научно-образовательный союз «Родное Слово» проект «Слово Толстого»
     </orgName>
    </publisher>
    <availability>
     <p id="8e2f53d6-b316-493f-9a15-1676be90e108">
      Тексты и метатекстовая разметка доступны для свободного использования и распространения по лицензии Creative Commons Attribution Share-Alike (cc by-sa)
     </p>
    </availability>
    <date from="2015" to="2022"/>
   </publicationStmt>
   <notesStmt>
    <note>
     Публикуемые документы был получены с сайта tolstoy.ru в формате html, переведены в формат TEI. Исправлены некоторые ошибки распознавания. Тексты, написанные в дореформенной орфографии, сопоставлены с их версиями в современной орфографии.
    </note>
   </notesStmt>
   <sourceDesc>
    <biblStruct>
     <analytic>
      <author>
       Толстой Лев Николаевич
      </author>
     </analytic>
     <monogr>
      <title level="m">
       Полное собрание сочинений. Том 63
      </title>
      <imprint>
       <pubPlace>
        Москва
       </pubPlace>
       <publisher>
        Государственное издательство «Художественная литература»
       </publisher>
       <date when="1934"/>
      </imprint>
      <biblScope unit="vol">
       63
      </biblScope>
      <biblScope unit="page">
       142-143
      </biblScope>
     </monogr>
     <series>
      <title level="s">
       Л. Н. Толстой. Полное собрание сочинений: в 90 тт.
      </title>
     </series>
    </biblStruct>
    <bibl>
     Публикуется впервые
    </bibl>
   </sourceDesc>
  </fileDesc>
  <encodingDesc>
   <classDecl>
    <xi:include href="../../reference/taxonomy.xml"/>
   </classDecl>
  </encodingDesc>
  <profileDesc>
   <correspDesc>
    <correspAction type="sending">
     <persName ref="13883">
      Л. Н. Толстой
     </persName>
     <placeName>
      Москва
     </placeName>
     <date notAfter="1883-12-01" notBefore="1883-11-30"/>
    </correspAction>
    <correspAction type="receiving">
     <persName ref="13258">
      Страхов Николай Николаевич
     </persName>
    </correspAction>
   </correspDesc>
   <langUsage>
    <language ident="ru"/>
    <language ident="ru-petr1708"/>
   </langUsage>
   <textClass>
    <catRef ana="#tolstoy_heritage" target="library"/>
    <catRef ana="#letters" target="type"/>
    <catRef ana="#sent" target="sent"/>
   </textClass>
  </profileDesc>
 </teiHeader>
 <xenoData>
  <number type="in a volume">
   176
  </number>
 </xenoData>
 <text xml:id="H__N__Straxovu_176" xmlns="http://www.tei-c.org/ns/1.0" xmlns:xi="http://www.w3.org/2001/XInclude">
  <body>
   <div>
    <pb n="142"/>
    <opener index="false">
     * 176. Н. Н. Страхову.1883 г. Ноября 30?—декабря 1? Москва.
    </opener>
    <p id="6a686800-8c6c-475e-ab62-5dc549d97ad0">
     Дорогой Николай
     <choice>
      <reg>
       Николаевич
      </reg>
      <orig>
       Николаевичъ
      </orig>
     </choice>
     ! Я только
     <choice>
      <reg>
       начинал
      </reg>
      <orig>
       начиналъ
      </orig>
     </choice>
     скучать о
     <choice>
      <reg>
       том
      </reg>
      <orig>
       томъ
      </orig>
     </choice>
     , что давно не
     <choice>
      <reg>
       имею
      </reg>
      <orig>
       имѣю
      </orig>
     </choice>
     <choice>
      <reg>
       от
      </reg>
      <orig>
       отъ
      </orig>
     </choice>
     <choice>
      <reg>
       вас
      </reg>
      <orig>
       васъ
      </orig>
     </choice>
     <choice>
      <reg>
       известий
      </reg>
      <orig>
       извѣстій
      </orig>
     </choice>
     ,
     <choice>
      <reg>
       как
      </reg>
      <orig>
       какъ
      </orig>
     </choice>
     <choice>
      <reg>
       получил
      </reg>
      <orig>
       получилъ
      </orig>
     </choice>
     вашу книгу
     <ref target="#note1">
      1
     </ref>
     <note index="false" resp="volume_editor" xml:id="note1">
      «Биография, письма и заметки из записной книжки Ф. М. Достоевского», Спб. 1883. См. прим. 3 к письму № 159.
     </note>
     и письмо,
     <ref target="#note2">
      2
     </ref>
     <note index="false" resp="volume_editor" xml:id="note2">
      Письмо Н. Н. Страхова от 28 ноября 1883 г. (см. ПС, № 182).
     </note>
     и книги. Очень
     <choice>
      <reg>
       благодарен
      </reg>
      <orig>
       благодаренъ
      </orig>
     </choice>
     <choice>
      <reg>
       вам
      </reg>
      <orig>
       вамъ
      </orig>
     </choice>
     за все и за еврейскую
     <choice>
      <reg>
       Библию
      </reg>
      <orig>
       Библію
      </orig>
     </choice>
     ,
     <ref target="#note3">
      3
     </ref>
     <note index="false" resp="volume_editor" xml:id="note3">
      Толстой тогда занимался изучением еврейского языка и, вероятно, для своих занятий просил Н. Н. Страхова прислать ему еврейскую Библию.
     </note>
     которую я
     <choice>
      <reg>
       с
      </reg>
      <orig>
       съ
      </orig>
     </choice>
     радостью
     <choice>
      <reg>
       получил
      </reg>
      <orig>
       получилъ
      </orig>
     </choice>
     давно и,
     <choice>
      <reg>
       мне
      </reg>
      <orig>
       мнѣ
      </orig>
     </choice>
     кажется, уже
     <choice>
      <reg>
       благодарил
      </reg>
      <orig>
       благодарилъ
      </orig>
     </choice>
     <choice>
      <reg>
       вас
      </reg>
      <orig>
       васъ
      </orig>
     </choice>
     за нее. Сколько я
     <choice>
      <reg>
       вам
      </reg>
      <orig>
       вамъ
      </orig>
     </choice>
     <choice>
      <reg>
       должен
      </reg>
      <orig>
       долженъ
      </orig>
     </choice>
     ?
     <ref target="#note4">
      4
     </ref>
     <note index="false" resp="volume_editor" xml:id="note4">
      Толстой имеет ввиду, очевидно, плату за присланные Н. Н. Страховым книги, которые здесь упоминаются. На это Страхов отвечал в своем письме от 12 декабря 1883 г. (см. ПС, № 183).
     </note>
     Когда увидимся? Не
     <choice>
      <reg>
       приедете
      </reg>
      <orig>
       прiѣдете
      </orig>
     </choice>
     ли
     <choice>
      <reg>
       в
      </reg>
      <orig>
       въ
      </orig>
     </choice>
     Москву? Книгу
     <ref target="#note5">
      5
     </ref>
     <note index="false" resp="volume_editor" xml:id="note5">
      См. прим. 1.
     </note>
     вашу
     <choice>
      <reg>
       прочел
      </reg>
      <orig>
       прочелъ
      </orig>
     </choice>
     . Письмо ваше очень грустно
     <choice>
      <reg>
       подействовало
      </reg>
      <orig>
       подѣйствовало
      </orig>
     </choice>
     на меня, разочаровало меня. Но я
     <choice>
      <reg>
       вас
      </reg>
      <orig>
       васъ
      </orig>
     </choice>
     <choice>
      <reg>
       вполне
      </reg>
      <orig>
       вполнѣ
      </orig>
     </choice>
     понимаю и,
     <choice>
      <reg>
       к
      </reg>
      <orig>
       къ
      </orig>
     </choice>
     <choice>
      <reg>
       сожалению
      </reg>
      <orig>
       сожалѣнію
      </orig>
     </choice>
     , почти
     <choice>
      <reg>
       верю
      </reg>
      <orig>
       вѣрю
      </orig>
     </choice>
     <choice>
      <reg>
       вам
      </reg>
      <orig>
       вамъ
      </orig>
     </choice>
     .
     <choice>
      <reg>
       Мне
      </reg>
      <orig>
       Мнѣ
      </orig>
     </choice>
     кажется вы были жертвою
     <choice>
      <reg>
       ложного
      </reg>
      <orig>
       ложнаго
      </orig>
     </choice>
     ,
     <choice>
      <reg>
       фальшивого
      </reg>
      <orig>
       фальшиваго
      </orig>
     </choice>
     <choice>
      <reg>
       отношения
      </reg>
      <orig>
       отношенія
      </orig>
     </choice>
     <choice>
      <reg>
       к
      </reg>
      <orig>
       къ
      </orig>
     </choice>
     Достоевскому, не вами, но
     <choice>
      <reg>
       всеми
      </reg>
      <orig>
       всѣми
      </orig>
     </choice>
     —
     <choice>
      <reg>
       преувеличения
      </reg>
      <orig>
       преувеличенія
      </orig>
     </choice>
     его
     <choice>
      <reg>
       значения
      </reg>
      <orig>
       значенія
      </orig>
     </choice>
     и
     <choice>
      <reg>
       преувеличения
      </reg>
      <orig>
       преувеличенія
      </orig>
     </choice>
     по шаблону,
     <choice>
      <reg>
       возведения
      </reg>
      <orig>
       возведенія
      </orig>
     </choice>
     <choice>
      <reg>
       в
      </reg>
      <orig>
       въ
      </orig>
     </choice>
     пророки и святого, —
     <choice>
      <reg>
       человека
      </reg>
      <orig>
       человѣка
      </orig>
     </choice>
     ,
     <choice>
      <reg>
       умершего
      </reg>
      <orig>
       умершаго
      </orig>
     </choice>
     <choice>
      <reg>
       в
      </reg>
      <orig>
       въ
      </orig>
     </choice>
     <choice>
      <reg>
       самом
      </reg>
      <orig>
       самомъ
      </orig>
     </choice>
     <choice>
      <reg>
       горячем
      </reg>
      <orig>
       горячемъ
      </orig>
     </choice>
     <choice>
      <reg>
       процессе
      </reg>
      <orig>
       процессѣ
      </orig>
     </choice>
     внутренней борьбы, добра и зла.
     <choice>
      <reg>
       Он
      </reg>
      <orig>
       Онъ
      </orig>
     </choice>
     <choice>
      <reg>
       трогателен
      </reg>
      <orig>
       трогателенъ
      </orig>
     </choice>
     ,
     <choice>
      <reg>
       интересен
      </reg>
      <orig>
       интересенъ
      </orig>
     </choice>
     , но поставить на
     <choice>
      <reg>
       памятник
      </reg>
      <orig>
       памятникъ
      </orig>
     </choice>
     <choice>
      <reg>
       в
      </reg>
      <orig>
       въ
      </orig>
     </choice>
     <choice>
      <reg>
       поучение
      </reg>
      <orig>
       поученіе
      </orig>
     </choice>
     потомству нельзя
     <choice>
      <reg>
       человека
      </reg>
      <orig>
       человѣка
      </orig>
     </choice>
     , который весь борьба.
     <choice>
      <reg>
       Из
      </reg>
      <orig>
       Изъ
      </orig>
     </choice>
     книги вашей я первый
     <choice>
      <reg>
       раз
      </reg>
      <orig>
       разъ
      </orig>
     </choice>
     <choice>
      <reg>
       узнал
      </reg>
      <orig>
       узналъ
      </orig>
     </choice>
     всю
     <choice>
      <reg>
       меру
      </reg>
      <orig>
       мѣру
      </orig>
     </choice>
     его ума. Книгу Пресансе
     <ref target="#note6">
      6
     </ref>
     <note index="false" resp="volume_editor" xml:id="note6">
      Пресансе (Pressensé) (1824—1891) — протестантский богослов, автор многих богословских сочинений. В письме Н. Н. Страхова от 28 ноября 1883 г. читаем: «Я послал вам еще два сочинения (дублеты), которые очень сам люблю и которыми, как я заметил бывши у Вас, Вы интересуетесь. Pressensé — прелестная книга, перворазрядной учености» (см. ПС, № 182). О какой книге Пресансе говорится в данном случае, в точности сказать нельзя. Известно, что Толстой пользовался его книгами: «Histoire des trois premiers siècles de l’Eglise Chrétienne» (1856—1859) и «Jésus Christ, son temps, sa vie» (1865). Сравни отзыв Толстого о книге Пресансе в письме № 199.
     </note>
     я тоже
     <choice>
      <reg>
       прочитал
      </reg>
      <orig>
       прочиталъ
      </orig>
     </choice>
     , но вся ученость
     <choice>
      <reg>
       пропадает
      </reg>
      <orig>
       пропадаетъ
      </orig>
     </choice>
     <choice>
      <reg>
       от
      </reg>
      <orig>
       отъ
      </orig>
     </choice>
     загвоздки.
    </p>
    <p id="b19fa257-97a3-4d6b-8eb6-4d246da77f47">
     <choice>
      <reg>
       Бывают
      </reg>
      <orig>
       Бываютъ
      </orig>
     </choice>
     лошади — красавицы:
     <choice>
      <reg>
       рысак
      </reg>
      <orig>
       рысакъ
      </orig>
     </choice>
     <choice>
      <reg>
       цена
      </reg>
      <orig>
       цѣна
      </orig>
     </choice>
     1000 рублей, и
     <choice>
      <reg>
       вдруг
      </reg>
      <orig>
       вдругъ
      </orig>
     </choice>
     заминка, и
     <choice>
      <reg>
       лошади-красавице
      </reg>
      <orig>
       лошади-красавицѣ
      </orig>
     </choice>
     , и силачу
     <choice>
      <reg>
       цена
      </reg>
      <orig>
       цѣна
      </orig>
     </choice>
     —
     <choice>
      <reg>
       грош
      </reg>
      <orig>
       грошъ
      </orig>
     </choice>
     .
     <choice>
      <reg>
       Чем
      </reg>
      <orig>
       Чѣмъ
      </orig>
     </choice>
     я больше живу,
     <choice>
      <reg>
       тем
      </reg>
      <orig>
       тѣмъ
      </orig>
     </choice>
     больше
     <choice>
      <reg>
       ценю
      </reg>
      <orig>
       цѣню
      </orig>
     </choice>
     людей
     <choice>
      <reg>
       без
      </reg>
      <orig>
       безъ
      </orig>
     </choice>
     заминки. Вы говорите, что помирились
     <choice>
      <reg>
       с
      </reg>
      <orig>
       съ
      </orig>
     </choice>
     <choice>
      <reg>
       Тургеневым
      </reg>
      <orig>
       Тургеневымъ
      </orig>
     </choice>
     . А я очень
     <choice>
      <reg>
       полюбил
      </reg>
      <orig>
       полюбилъ
      </orig>
     </choice>
     . И забавно, за то, что
     <choice>
      <reg>
       он
      </reg>
      <orig>
       онъ
      </orig>
     </choice>
     быль
     <choice>
      <reg>
       без
      </reg>
      <orig>
       безъ
      </orig>
     </choice>
     заминки и
     <choice>
      <reg>
       свезет
      </reg>
      <orig>
       свезетъ
      </orig>
     </choice>
     , а то
     <choice>
      <reg>
       рысак
      </reg>
      <orig>
       рысакъ
      </orig>
     </choice>
     , да никуда на
     <choice>
      <reg>
       нем
      </reg>
      <orig>
       немъ
      </orig>
     </choice>
     не
     <choice>
      <reg>
       уедешь
      </reg>
      <orig>
       уѣдешь
      </orig>
     </choice>
     , если еще не
     <choice>
      <reg>
       завезет
      </reg>
      <orig>
       завезетъ
      </orig>
     </choice>
     <choice>
      <reg>
       в
      </reg>
      <orig>
       въ
      </orig>
     </choice>
     канаву. И Пресансе, и
     <choice>
      <reg>
       Достоевский
      </reg>
      <orig>
       Достоевскій
      </orig>
     </choice>
     — оба
     <choice>
      <reg>
       с
      </reg>
      <orig>
       съ
      </orig>
     </choice>
     заминкой. И у одного вся ученость, у другого
     <choice>
      <reg>
       ум
      </reg>
      <orig>
       умъ
      </orig>
     </choice>
     и сердце пропали ни за что.
     <choice>
      <reg>
       Ведь
      </reg>
      <orig>
       Вѣдь
      </orig>
     </choice>
     <choice>
      <reg>
       Тургенев
      </reg>
      <orig>
       Тургеневъ
      </orig>
     </choice>
     и
     <choice>
      <reg>
       переживет
      </reg>
      <orig>
       переживетъ
      </orig>
     </choice>
     <choice>
      <reg>
       Достоевского
      </reg>
      <orig>
       Достоевскаго
      </orig>
     </choice>
     и не за художественность, а за то, что
     <choice>
      <reg>
       без
      </reg>
      <orig>
       безъ
      </orig>
     </choice>
     заминки. Обнимаю
     <choice>
      <reg>
       вас
      </reg>
      <orig>
       васъ
      </orig>
     </choice>
     <choice>
      <reg>
       от
      </reg>
      <orig>
       отъ
      </orig>
     </choice>
     всей души.
     <choice>
      <reg>
       Ах
      </reg>
      <orig>
       Ахъ
      </orig>
     </choice>
     , да, со мной случилась
     <choice>
      <reg>
       беда
      </reg>
      <orig>
       бѣда
      </orig>
     </choice>
     ,
     <choice>
      <reg>
       задевшая
      </reg>
      <orig>
       задѣвшая
      </orig>
     </choice>
     и
     <choice>
      <reg>
       вас
      </reg>
      <orig>
       васъ
      </orig>
     </choice>
     . Я
     <choice>
      <reg>
       ездил
      </reg>
      <orig>
       ѣздилъ
      </orig>
     </choice>
     на
     <choice>
      <reg>
       недельку
      </reg>
      <orig>
       недѣльку
      </orig>
     </choice>
     <choice>
      <reg>
       в
      </reg>
      <orig>
       въ
      </orig>
     </choice>
     деревню
     <choice>
      <reg>
       в
      </reg>
      <orig>
       въ
      </orig>
     </choice>
     <choice>
      <reg>
       половине
      </reg>
      <orig>
       половинѣ
      </orig>
     </choice>
     октября,
     <hi style="opdelimiter">
      и,
     </hi>
     <pb n="143"/>
     <hi style="npdelimiter">
      возвращаясь
     </hi>
     <choice>
      <reg>
       от
      </reg>
      <orig>
       отъ
      </orig>
     </choice>
     вокзала до дому,
     <choice>
      <reg>
       выронил
      </reg>
      <orig>
       выронилъ
      </orig>
     </choice>
     <choice>
      <reg>
       из
      </reg>
      <orig>
       изъ
      </orig>
     </choice>
     саней
     <choice>
      <reg>
       чемодан
      </reg>
      <orig>
       чемоданъ
      </orig>
     </choice>
     .
     <choice>
      <reg>
       В
      </reg>
      <orig>
       Въ
      </orig>
     </choice>
     <choice>
      <reg>
       чемодане
      </reg>
      <orig>
       чемоданѣ
      </orig>
     </choice>
     были книги и рукописи, и корректуры. И книга одна пропала ваша: первый
     <choice>
      <reg>
       том
      </reg>
      <orig>
       томъ
      </orig>
     </choice>
     Гризбаха.
     <ref target="#note7">
      7
     </ref>
     <note index="false" resp="volume_editor" xml:id="note7">
      Иоганн-Якоб Гризбах (1745—1812) — иенский профессор-теолог. В 1880 году для работы над «Исследованием Евангелия» Н. Н. Страхов послал Толстому известное издание Гризбаха текста Нового завета, появившееся в Галле в 1803 г. Об этом есть в письме Страхова к Толстому от 8 мая 1880 г. (см. ПС, № 141).
     </note>
     <choice>
      <reg>
       Все
      </reg>
      <orig>
       Всѣ
      </orig>
     </choice>
     <choice>
      <reg>
       объявления
      </reg>
      <orig>
       объявленія
      </orig>
     </choice>
     ни
     <choice>
      <reg>
       к
      </reg>
      <orig>
       къ
      </orig>
     </choice>
     чему не привели.
     <choice>
      <reg>
       Надеюсь
      </reg>
      <orig>
       Надѣюсь
      </orig>
     </choice>
     , еще найти у
     <choice>
      <reg>
       букинистов
      </reg>
      <orig>
       букинистовъ
      </orig>
     </choice>
     . Я знаю, что вы простите
     <choice>
      <reg>
       мне
      </reg>
      <orig>
       мнѣ
      </orig>
     </choice>
     , но
     <choice>
      <reg>
       мне
      </reg>
      <orig>
       мнѣ
      </orig>
     </choice>
     и
     <choice>
      <reg>
       совестно
      </reg>
      <orig>
       совѣстно
      </orig>
     </choice>
     , и досадно лишиться книги, которая
     <choice>
      <reg>
       мне
      </reg>
      <orig>
       мнѣ
      </orig>
     </choice>
     всегда нужна.
    </p>
    <p id="0fb8be23-692c-4743-8d3b-b25d2f280764" rend="right">
     <choice>
      <reg>
       <name placement="text" ref="13883" type="person">
        Лев
       </name>
      </reg>
      <orig>
       <name placement="text" ref="13883" type="person">
        Левъ
       </name>
      </orig>
     </choice>
     <name placement="text" ref="13883" type="person">
      Толстой
     </name>
     .
    </p>
    <p id="19e00948-7686-463e-a1ed-b80a9b9e4660" rend="petit">
     Печатается по копии, хранящейся в АЧ. Впервые опубликовано несколько строк в Б, II, изд. 1, стр. 457—458. Датируется на основании письма Н. Н. Страхова от 28 ноября 1883 г., на которое отвечает Толстой.
    </p>
    <noteGrp type="comments"/>
   </div>
  </body>
 </text>
</TEI>
