<?xml version="1.0" encoding="utf-8"?>
<TEI xmlns="http://www.tei-c.org/ns/1.0" xmlns:xi="http://www.w3.org/2001/XInclude">
 <teiHeader>
  <fileDesc>
   <titleStmt>
    <title xml:id="v63_035_H_N_Straxovu">
     Письма и документы. Tolstoy Digital
    </title>
    <title type="main">
     Письмо Н. Н. Страхову от 28 ноября 1880 г.
    </title>
    <title type="bibl">
     Толстой Л. Н. Письмо Н. Н. Страхову, 28 ноября 1880 г. // Толстой Л. Н. Полное собрание сочинений: в 90 тт. Т. 63. М.: Гос. изд. «Художественная литература», 1934. С.
    </title>
    <respStmt>
     <resp>
      Идея, постановка задач, руководство:
     </resp>
     <name>
      Анастасия Бонч-Осмоловская, Фёкла Толстая, Борис Орехов, Тимофей Лукашевский
     </name>
    </respStmt>
    <respStmt>
     <resp>
      Подготовка TEI/XML:
     </resp>
     <name>
      Евгений Можаев, Даниил Скоринкин, Ирина Павлова, Матвей Колбасов, Елена Сидорова, Кирилл Милинцевич, Лев Буланов, Макар Федоров, Константин Петров
     </name>
    </respStmt>
    <respStmt>
     <resp>
      Подготовка метаданных:
     </resp>
     <name>
      Мария Картышева, Вероника Файнберг
     </name>
    </respStmt>
    <respStmt>
     <resp>
      Разметка имен собственных:
     </resp>
     <name>
      Никита Северин, Елена Северина
     </name>
    </respStmt>
    <respStmt>
     <resp>
      Исправление древнегреческого текста:
     </resp>
     <name>
      Ольга Алиева
     </name>
    </respStmt>
    <funder>
     Проект «Слово Толстого»
    </funder>
   </titleStmt>
   <publicationStmt>
    <publisher>
     <orgName>
      Tolstoy Digital, DH CLOUD, Научно-образовательный союз «Родное Слово» проект «Слово Толстого»
     </orgName>
    </publisher>
    <availability>
     <p id="2b38dfbe-009c-4549-8d6a-18355569444f">
      Тексты и метатекстовая разметка доступны для свободного использования и распространения по лицензии Creative Commons Attribution Share-Alike (cc by-sa)
     </p>
    </availability>
    <date from="2015" to="2022"/>
   </publicationStmt>
   <notesStmt>
    <note>
     Публикуемые документы был получены с сайта tolstoy.ru в формате html, переведены в формат TEI. Исправлены некоторые ошибки распознавания. Тексты, написанные в дореформенной орфографии, сопоставлены с их версиями в современной орфографии.
    </note>
   </notesStmt>
   <sourceDesc>
    <biblStruct>
     <analytic>
      <author>
       Толстой Лев Николаевич
      </author>
     </analytic>
     <monogr>
      <title level="m">
       Полное собрание сочинений. Том 63
      </title>
      <imprint>
       <pubPlace>
        Москва
       </pubPlace>
       <publisher>
        Государственное издательство «Художественная литература»
       </publisher>
       <date when="1934"/>
      </imprint>
      <biblScope unit="vol">
       63
      </biblScope>
      <biblScope unit="page">
       37-38
      </biblScope>
     </monogr>
     <series>
      <title level="s">
       Л. Н. Толстой. Полное собрание сочинений: в 90 тт.
      </title>
     </series>
    </biblStruct>
    <bibl/>
   </sourceDesc>
  </fileDesc>
  <encodingDesc>
   <classDecl>
    <xi:include href="../../reference/taxonomy.xml"/>
   </classDecl>
  </encodingDesc>
  <profileDesc>
   <correspDesc>
    <correspAction type="sending">
     <persName ref="13883">
      Л. Н. Толстой
     </persName>
     <placeName>
      Ясная Поляна
     </placeName>
     <date when="1880-11-28"/>
    </correspAction>
    <correspAction type="receiving">
     <persName ref="13258">
      Страхов Николай Николаевич
     </persName>
    </correspAction>
   </correspDesc>
   <langUsage>
    <language ident="ru"/>
    <language ident="ru-petr1708"/>
   </langUsage>
   <textClass>
    <catRef ana="#tolstoy_heritage" target="library"/>
    <catRef ana="#letters" target="type"/>
    <catRef ana="#sent" target="sent"/>
   </textClass>
  </profileDesc>
 </teiHeader>
 <xenoData>
  <number type="in a volume">
   35
  </number>
 </xenoData>
 <text xml:id="H__N__Straxovu_35" xmlns="http://www.tei-c.org/ns/1.0" xmlns:xi="http://www.w3.org/2001/XInclude">
  <body>
   <div>
    <pb n="37"/>
    <opener index="false">
     35. Н. Н. Страхову.1880 г. Ноября 28? Я. П.
    </opener>
    <p id="9f87f2eb-ebe5-47b4-803e-ebfa765d6c48" rend="Obrashenie">
     Николай
     <choice>
      <reg>
       Николаич
      </reg>
      <orig>
       Николаичъ
      </orig>
     </choice>
     .
    </p>
    <p id="dde2a473-ad8b-4e3a-ad25-762b74b82dc5">
     Пожалуйста, не пересылайте
     <choice>
      <reg>
       мне
      </reg>
      <orig>
       мнѣ
      </orig>
     </choice>
     <choice>
      <reg>
       денег
      </reg>
      <orig>
       денегъ
      </orig>
     </choice>
     ,
     <ref target="#note1">
      1
     </ref>
     <note index="false" resp="volume_editor" xml:id="note1">
      Гонорар за напечатанные в серии «Русской библиотеки» отрывки из сочинений Толстого. Выпуск IX (Спб. 1879) посвящен исключительно Толстому и содержит в себе отрывки из произведений: «Детство», «Севастополь», «Три смерти», «Война и мир», «Рассказы для детей», «Кавказский пленник» и «Анна Каренина». К книге приложены портрет Толстого и его краткая биография, написанная С. А. Толстой и исправленная и дополненная Львом Николаевичем.
     </note>
     а положите
     <choice>
      <reg>
       их
      </reg>
      <orig>
       ихъ
      </orig>
     </choice>
     куда нибудь
     <choice>
      <reg>
       в
      </reg>
      <orig>
       въ
      </orig>
     </choice>
     <choice>
      <reg>
       банк
      </reg>
      <orig>
       банкъ
      </orig>
     </choice>
     , а 100 р. передайте
     <name placement="text" ref="1330" type="person">
      Любовь
     </name>
     <choice>
      <reg>
       <name placement="text" ref="1330" type="person">
        Александровне
       </name>
      </reg>
      <orig>
       <name placement="text" ref="1330" type="person">
        Александровнѣ
       </name>
      </orig>
     </choice>
     <choice>
      <reg>
       <name placement="text" ref="1330" type="person">
        Берс
       </name>
      </reg>
      <orig>
       Берсъ
      </orig>
     </choice>
     <ref target="#note2">
      2
     </ref>
     <note index="false" resp="volume_editor" xml:id="note2">
      <name placement="note" ref="1330" type="person">
       Любовь Александровна Берс
      </name>
      , рожд. Иславина (1826—1886), теща Толстого, мать Софьи Андреевны. См. прим. к письмам Толстого т. 60.
     </note>
     <choice original_editorial_correction="Васильевск[ий]">
      <sic>
       Васильевск
      </sic>
      <corr>
       <choice>
        <reg>
         Васильевский
        </reg>
        <orig>
         Васильевскій
        </orig>
       </choice>
      </corr>
     </choice>
     <choice>
      <reg>
       Остров
      </reg>
      <orig>
       Островъ
      </orig>
     </choice>
     ,
     <choice>
      <reg>
       Средний
      </reg>
      <orig>
       Средній
      </orig>
     </choice>
     <choice>
      <reg>
       проспект
      </reg>
      <orig>
       проспектъ
      </orig>
     </choice>
     <choice>
      <reg>
       дом
      </reg>
      <orig>
       домъ
      </orig>
     </choice>
     № 1, кв. 9. Я
     <choice>
      <reg>
       был
      </reg>
      <orig>
       былъ
      </orig>
     </choice>
     очень
     <choice>
      <reg>
       рад
      </reg>
      <orig>
       радъ
      </orig>
     </choice>
     получить ваше
     <choice>
      <reg>
       последнее
      </reg>
      <orig>
       послѣднее
      </orig>
     </choice>
     письмо; очень люблю получать ваши письма.
    </p>
    <p id="441d137d-14fa-4d35-9185-1ae343e354b4">
     Будьте
     <choice>
      <reg>
       в
      </reg>
      <orig>
       въ
      </orig>
     </choice>
     <choice>
      <reg>
       таком
      </reg>
      <orig>
       такомъ
      </orig>
     </choice>
     же
     <choice>
      <reg>
       духе
      </reg>
      <orig>
       духѣ
      </orig>
     </choice>
     .
    </p>
    <p id="0355c4e0-d80e-403d-810d-53eaaa58e82b" rend="right">
     <choice>
      <reg>
       Ваш
      </reg>
      <orig>
       Вашъ
      </orig>
     </choice>
     Л.
     <hi style="opdelimiter">
      Т.
     </hi>
    </p>
    <noteGrp type="comments">
     <note index="false" type="comments">
      <p id="3d8cf03b-c289-4c6f-8d37-cc19b19c2b88" rend="Textpetit_otstup left">
       <pb n="38"/>
       <hi style="npdelimiter">
        Печатается
       </hi>
       по автографу, хранящемуся в ИЛ. Впервые опубликовано Б Л. Модзалевским в СМ 1913, 8, стр. 263. Датируется на основании пометки Н. Н. Страхова: «30 ноября 1880. Ясная» (дата получения письма).
      </p>
     </note>
    </noteGrp>
   </div>
  </body>
 </text>
</TEI>
