<?xml version="1.0" encoding="utf-8"?>
<TEI xmlns="http://www.tei-c.org/ns/1.0" xmlns:xi="http://www.w3.org/2001/XInclude">
 <teiHeader>
  <fileDesc>
   <titleStmt>
    <title xml:id="v63_224_Gr_A_A_Tolstoj">
     Письма и документы. Tolstoy Digital
    </title>
    <title type="main">
     Письмо Гр. А. А. Толстой от 28 мая 1884 г.
    </title>
    <title type="bibl">
     Толстой Л. Н. Письмо гр. А. А. Толстой, 28 мая 1884 г. // Толстой Л. Н. Полное собрание сочинений: в 90 тт. Т. 63. М.: Гос. изд. «Художественная литература», 1934. С.
    </title>
    <respStmt>
     <resp>
      Идея, постановка задач, руководство:
     </resp>
     <name>
      Анастасия Бонч-Осмоловская, Фёкла Толстая, Борис Орехов, Тимофей Лукашевский
     </name>
    </respStmt>
    <respStmt>
     <resp>
      Подготовка TEI/XML:
     </resp>
     <name>
      Евгений Можаев, Даниил Скоринкин, Ирина Павлова, Матвей Колбасов, Елена Сидорова, Кирилл Милинцевич, Лев Буланов, Макар Федоров, Константин Петров
     </name>
    </respStmt>
    <respStmt>
     <resp>
      Подготовка метаданных:
     </resp>
     <name>
      Мария Картышева, Вероника Файнберг
     </name>
    </respStmt>
    <respStmt>
     <resp>
      Разметка имен собственных:
     </resp>
     <name>
      Никита Северин, Елена Северина
     </name>
    </respStmt>
    <respStmt>
     <resp>
      Исправление древнегреческого текста:
     </resp>
     <name>
      Ольга Алиева
     </name>
    </respStmt>
    <funder>
     Проект «Слово Толстого»
    </funder>
   </titleStmt>
   <publicationStmt>
    <publisher>
     <orgName>
      Tolstoy Digital, DH CLOUD, Научно-образовательный союз «Родное Слово» проект «Слово Толстого»
     </orgName>
    </publisher>
    <availability>
     <p id="a1ee3096-ea6c-4ad1-a616-3c4660630f83">
      Тексты и метатекстовая разметка доступны для свободного использования и распространения по лицензии Creative Commons Attribution Share-Alike (cc by-sa)
     </p>
    </availability>
    <date from="2015" to="2022"/>
   </publicationStmt>
   <notesStmt>
    <note>
     Публикуемые документы был получены с сайта tolstoy.ru в формате html, переведены в формат TEI. Исправлены некоторые ошибки распознавания. Тексты, написанные в дореформенной орфографии, сопоставлены с их версиями в современной орфографии.
    </note>
   </notesStmt>
   <sourceDesc>
    <biblStruct>
     <analytic>
      <author>
       Толстой Лев Николаевич
      </author>
     </analytic>
     <monogr>
      <title level="m">
       Полное собрание сочинений. Том 63
      </title>
      <imprint>
       <pubPlace>
        Москва
       </pubPlace>
       <publisher>
        Государственное издательство «Художественная литература»
       </publisher>
       <date when="1934"/>
      </imprint>
      <biblScope unit="vol">
       63
      </biblScope>
      <biblScope unit="page">
       171-172
      </biblScope>
     </monogr>
     <series>
      <title level="s">
       Л. Н. Толстой. Полное собрание сочинений: в 90 тт.
      </title>
     </series>
    </biblStruct>
    <bibl/>
   </sourceDesc>
  </fileDesc>
  <encodingDesc>
   <classDecl>
    <xi:include href="../../reference/taxonomy.xml"/>
   </classDecl>
  </encodingDesc>
  <profileDesc>
   <correspDesc>
    <correspAction type="sending">
     <persName ref="13883">
      Л. Н. Толстой
     </persName>
     <placeName>
      Ясная Поляна
     </placeName>
     <date when="1884-05-28"/>
    </correspAction>
    <correspAction type="receiving">
     <persName ref="13812">
      Толстая Александра Андреевна
     </persName>
    </correspAction>
   </correspDesc>
   <langUsage>
    <language ident="ru"/>
    <language ident="ru-petr1708"/>
   </langUsage>
   <textClass>
    <catRef ana="#tolstoy_heritage" target="library"/>
    <catRef ana="#letters" target="type"/>
    <catRef ana="#sent" target="sent"/>
   </textClass>
  </profileDesc>
 </teiHeader>
 <xenoData>
  <number type="in a volume">
   224
  </number>
 </xenoData>
 <text xml:id="Gr__A__A__Tolstoj_224" xmlns="http://www.tei-c.org/ns/1.0" xmlns:xi="http://www.w3.org/2001/XInclude">
  <body>
   <div>
    <pb n="171"/>
    <opener index="false">
     224.
     <name placement="text" ref="13812" type="person">
      Гр. А. А. Толстой
     </name>
     .1884 г. Мая 28? Я. П.
    </opener>
    <p id="336d4f15-d958-493a-97b3-1801a4cae4c8" rend="Obrashenie">
     Милый
     <choice>
      <reg>
       друг
      </reg>
      <orig>
       другъ
      </orig>
     </choice>
     !
    </p>
    <p id="fe9ea0a5-17a1-43cc-9071-a9f4d19e898d">
     <choice>
      <reg>
       Надеюсь
      </reg>
      <orig>
       Надѣюсь
      </orig>
     </choice>
     , что вы получили мое повинное письмо
     <ref target="#note1">
      1
     </ref>
     <note index="false" resp="volume_editor" xml:id="note1">
      Толстой, вероятно, имеет в виду свое предыдущее письмо.
      <ref target="file:///Volume_63_Gr__A__A__Tolstoj_222.xml">
       См. письмо № 222
      </ref>
      .
     </note>
     и приняли его
     <choice>
      <reg>
       с
      </reg>
      <orig>
       съ
      </orig>
     </choice>
     <choice>
      <reg>
       тем
      </reg>
      <orig>
       тѣмъ
      </orig>
     </choice>
     же
     <choice>
      <reg>
       чувством
      </reg>
      <orig>
       чувствомъ
      </orig>
     </choice>
     ,
     <choice>
      <reg>
       с
      </reg>
      <orig>
       съ
      </orig>
     </choice>
     <choice original_editorial_correction="к[аким]">
      <sic>
       к
      </sic>
      <corr>
       <choice>
        <reg>
         каким
        </reg>
        <orig>
         какимъ
        </orig>
       </choice>
      </corr>
     </choice>
     я
     <choice>
      <reg>
       писал
      </reg>
      <orig>
       писалъ
      </orig>
     </choice>
     его. — Вчера
     <choice>
      <reg>
       получил
      </reg>
      <orig>
       получилъ
      </orig>
     </choice>
     письмо
     <choice>
      <reg>
       от
      </reg>
      <orig>
       отъ
      </orig>
     </choice>
     <choice>
      <reg>
       Армфельд
      </reg>
      <orig>
       Армфельдъ
      </orig>
     </choice>
     .
     <ref target="#note2">
      2
     </ref>
     <note index="false" resp="volume_editor" xml:id="note2">
      Это письмо А. В. Армфельдт к Толстому неизвестно.
     </note>
     Посылаю его
     <choice>
      <reg>
       вам
      </reg>
      <orig>
       вамъ
      </orig>
     </choice>
     . Оно лучше меня
     <choice>
      <reg>
       вызовет
      </reg>
      <orig>
       вызоветъ
      </orig>
     </choice>
     <choice>
      <reg>
       в
      </reg>
      <orig>
       въ
      </orig>
     </choice>
     <choice>
      <reg>
       вас
      </reg>
      <orig>
       васъ
      </orig>
     </choice>
     <choice>
      <reg>
       те
      </reg>
      <orig>
       тѣ
      </orig>
     </choice>
     же чувства,
     <choice>
      <reg>
       как
      </reg>
      <orig>
       какъ
      </orig>
     </choice>
     и во
     <choice>
      <reg>
       мне
      </reg>
      <orig>
       мнѣ
      </orig>
     </choice>
     . — Боже мой!
     <choice>
      <reg>
       Как
      </reg>
      <orig>
       Какъ
      </orig>
     </choice>
     ужасно жалки люди,
     <choice original_editorial_correction="кот[орые]">
      <sic>
       кот
      </sic>
      <corr>
       которые
      </corr>
     </choice>
     <choice>
      <reg>
       могут
      </reg>
      <orig>
       могутъ
      </orig>
     </choice>
     <choice>
      <reg>
       делать
      </reg>
      <orig>
       дѣлать
      </orig>
     </choice>
     <choice>
      <reg>
       такие
      </reg>
      <orig>
       такіе
      </orig>
     </choice>
     <choice>
      <reg>
       грехи
      </reg>
      <orig>
       грѣхи
      </orig>
     </choice>
     . И
     <choice>
      <reg>
       как
      </reg>
      <orig>
       какъ
      </orig>
     </choice>
     помочь
     <hi style="opdelimiter">
      <choice>
       <reg>
        им
       </reg>
       <orig>
        имъ
       </orig>
      </choice>
      ?
     </hi>
    </p>
    <p id="357b5ec1-9beb-4375-8efd-fe4626518029">
     <pb n="172"/>
     <hi style="npdelimiter">
      Вы
     </hi>
     <choice>
      <reg>
       ведь
      </reg>
      <orig>
       вѣдь
      </orig>
     </choice>
     согласны, что нельзя знать это и быть
     <choice>
      <reg>
       спокойным
      </reg>
      <orig>
       спокойнымъ
      </orig>
     </choice>
     . Когда я
     <choice>
      <reg>
       был
      </reg>
      <orig>
       былъ
      </orig>
     </choice>
     <choice>
      <reg>
       молод
      </reg>
      <orig>
       молодъ
      </orig>
     </choice>
     и не
     <choice>
      <reg>
       знал
      </reg>
      <orig>
       зналъ
      </orig>
     </choice>
     , я
     <choice>
      <reg>
       негодовал
      </reg>
      <orig>
       негодовалъ
      </orig>
     </choice>
     и
     <choice>
      <reg>
       осуждал
      </reg>
      <orig>
       осуждалъ
      </orig>
     </choice>
     , теперь я ищу понять, чего это
     <choice>
      <reg>
       требует
      </reg>
      <orig>
       требуетъ
      </orig>
     </choice>
     <choice>
      <reg>
       от
      </reg>
      <orig>
       отъ
      </orig>
     </choice>
     меня, чтò я
     <choice>
      <reg>
       должен
      </reg>
      <orig>
       долженъ
      </orig>
     </choice>
     <choice>
      <reg>
       делать
      </reg>
      <orig>
       дѣлать
      </orig>
     </choice>
     ? А я
     <choice>
      <reg>
       должен
      </reg>
      <orig>
       долженъ
      </orig>
     </choice>
     что-то
     <choice>
      <reg>
       делать
      </reg>
      <orig>
       дѣлать
      </orig>
     </choice>
     ! Я думаю, что я
     <choice>
      <reg>
       должен
      </reg>
      <orig>
       долженъ
      </orig>
     </choice>
     сколько
     <choice>
      <reg>
       мне
      </reg>
      <orig>
       мнѣ
      </orig>
     </choice>
     <choice>
      <reg>
       Бог
      </reg>
      <orig>
       Богъ
      </orig>
     </choice>
     <choice>
      <reg>
       дал
      </reg>
      <orig>
       далъ
      </orig>
     </choice>
     силы, стараться смягчить сердца
     <choice>
      <reg>
       тех
      </reg>
      <orig>
       тѣхъ
      </orig>
     </choice>
     людей, помочь
     <choice>
      <reg>
       им
      </reg>
      <orig>
       имъ
      </orig>
     </choice>
     быть лучше и
     <choice>
      <reg>
       счастливее
      </reg>
      <orig>
       счастливѣе
      </orig>
     </choice>
     . И я
     <choice>
      <reg>
       делаю
      </reg>
      <orig>
       дѣлаю
      </orig>
     </choice>
     , и буду
     <choice>
      <reg>
       делать
      </reg>
      <orig>
       дѣлать
      </orig>
     </choice>
     это до смерти. Если я
     <choice>
      <reg>
       делаю
      </reg>
      <orig>
       дѣлаю
      </orig>
     </choice>
     это
     <choice>
      <reg>
       с
      </reg>
      <orig>
       съ
      </orig>
     </choice>
     гордостью для себя, то,
     <choice>
      <reg>
       разумеется
      </reg>
      <orig>
       разумѣется
      </orig>
     </choice>
     , я
     <choice>
      <reg>
       виноват
      </reg>
      <orig>
       виноватъ
      </orig>
     </choice>
     . И
     <choice>
      <reg>
       вас
      </reg>
      <orig>
       васъ
      </orig>
     </choice>
     , и
     <choice>
      <reg>
       всех
      </reg>
      <orig>
       всѣхъ
      </orig>
     </choice>
     прошу научить меня, поправить или показать, что я не
     <choice>
      <reg>
       прав
      </reg>
      <orig>
       правъ
      </orig>
     </choice>
     .
    </p>
    <p id="af7b9109-6ffc-4972-a49b-09e57cd27301">
     Прощайте, мой
     <choice>
      <reg>
       друг
      </reg>
      <orig>
       другъ
      </orig>
     </choice>
     ,
     <choice>
      <reg>
       будем
      </reg>
      <orig>
       будемъ
      </orig>
     </choice>
     любя доживать
     <choice>
      <reg>
       наш
      </reg>
      <orig>
       нашъ
      </orig>
     </choice>
     <choice>
      <reg>
       век
      </reg>
      <orig>
       вѣкъ
      </orig>
     </choice>
     и помогать
     <choice>
      <reg>
       друг
      </reg>
      <orig>
       другъ
      </orig>
     </choice>
     другу прожить его по божьи.
    </p>
    <p id="c38bedb2-90b6-4253-a56a-2a3ca2d5943a">
     Обнимаю
     <choice>
      <reg>
       вас
      </reg>
      <orig>
       васъ
      </orig>
     </choice>
    </p>
    <p id="9e395c28-c9a5-422b-8644-edbb32f5a133" rend="right">
     <name placement="text" ref="13883" type="person">
      Л. Толстой
     </name>
     .
    </p>
    <noteGrp type="comments">
     <note index="false" type="comments">
      <p id="5ee34f3a-e2b8-4c98-8503-5dc6954f5fdf" rend="Textpetit_otstup left">
       Печатается по автографу, хранящемуся в ИЛ. Впервые опубликовано В. И. Срезневским в ПТ, № 147. По содержанию его ставим вслед за письмом Толстого к гр. А. А. Толстой от 16 мая 1884 г. Вероятно о нем Толстой записывает в Дневнике 28 мая 1884 г.: «Писал Толстой....» На этих основаниях и помечаем его указанной выше датой.
      </p>
     </note>
    </noteGrp>
   </div>
  </body>
 </text>
</TEI>
