<?xml version="1.0" encoding="utf-8"?>
<TEI xmlns="http://www.tei-c.org/ns/1.0" xmlns:xi="http://www.w3.org/2001/XInclude">
 <teiHeader>
  <fileDesc>
   <titleStmt>
    <title xml:id="v64_295_V_I_Alekseevu">
     Письма и документы. Tolstoy Digital
    </title>
    <title type="main">
     Письмо В. И. Алексееву с 1 января 1888 г. по 31 декабря 1888 г.
    </title>
    <title type="bibl">
     Толстой Л. Н. Письмо В. И. Алексееву, 1 января 1888 г. — 31 декабря 1888 г. // Толстой Л. Н. Полное собрание сочинений: в 90 тт. Т. 64. М.: Гос. изд. «Художественная литература», 1953. С.
    </title>
    <respStmt>
     <resp>
      Идея, постановка задач, руководство:
     </resp>
     <name>
      Анастасия Бонч-Осмоловская, Фёкла Толстая, Борис Орехов, Тимофей Лукашевский
     </name>
    </respStmt>
    <respStmt>
     <resp>
      Подготовка TEI/XML:
     </resp>
     <name>
      Евгений Можаев, Даниил Скоринкин, Ирина Павлова, Матвей Колбасов, Елена Сидорова, Кирилл Милинцевич, Лев Буланов, Макар Федоров, Константин Петров
     </name>
    </respStmt>
    <respStmt>
     <resp>
      Подготовка метаданных:
     </resp>
     <name>
      Мария Картышева, Вероника Файнберг
     </name>
    </respStmt>
    <respStmt>
     <resp>
      Разметка имен собственных:
     </resp>
     <name>
      Никита Северин, Елена Северина
     </name>
    </respStmt>
    <respStmt>
     <resp>
      Исправление древнегреческого текста:
     </resp>
     <name>
      Ольга Алиева
     </name>
    </respStmt>
    <funder>
     Проект «Слово Толстого»
    </funder>
   </titleStmt>
   <publicationStmt>
    <publisher>
     <orgName>
      Tolstoy Digital, DH CLOUD, Научно-образовательный союз «Родное Слово» проект «Слово Толстого»
     </orgName>
    </publisher>
    <availability>
     <p id="ffaeb591-8d14-46f8-acb3-f90413189c0b">
      Тексты и метатекстовая разметка доступны для свободного использования и распространения по лицензии Creative Commons Attribution Share-Alike (cc by-sa)
     </p>
    </availability>
    <date from="2015" to="2022"/>
   </publicationStmt>
   <notesStmt>
    <note>
     Публикуемые документы был получены с сайта tolstoy.ru в формате html, переведены в формат TEI. Исправлены некоторые ошибки распознавания. Тексты, написанные в дореформенной орфографии, сопоставлены с их версиями в современной орфографии.
    </note>
   </notesStmt>
   <sourceDesc>
    <biblStruct>
     <analytic>
      <author>
       Толстой Лев Николаевич
      </author>
     </analytic>
     <monogr>
      <title level="m">
       Полное собрание сочинений. Том 64
      </title>
      <imprint>
       <pubPlace>
        Москва
       </pubPlace>
       <publisher>
        Государственное издательство «Художественная литература»
       </publisher>
       <date when="1953"/>
      </imprint>
      <biblScope unit="vol">
       64
      </biblScope>
      <biblScope unit="page">
       210-211
      </biblScope>
     </monogr>
     <series>
      <title level="s">
       Л. Н. Толстой. Полное собрание сочинений: в 90 тт.
      </title>
     </series>
    </biblStruct>
    <bibl/>
   </sourceDesc>
  </fileDesc>
  <encodingDesc>
   <classDecl>
    <xi:include href="../../reference/taxonomy.xml"/>
   </classDecl>
  </encodingDesc>
  <profileDesc>
   <correspDesc>
    <correspAction type="sending">
     <persName ref="13883">
      Л. Н. Толстой
     </persName>
     <date notAfter="1888-12-31" notBefore="1888-01-01"/>
    </correspAction>
    <correspAction type="receiving">
     <persName ref="250">
      Алексеев Василий Иванович
     </persName>
    </correspAction>
   </correspDesc>
   <langUsage>
    <language ident="ru"/>
   </langUsage>
   <textClass>
    <catRef ana="#tolstoy_heritage" target="library"/>
    <catRef ana="#letters" target="type"/>
    <catRef ana="#sent" target="sent"/>
   </textClass>
  </profileDesc>
 </teiHeader>
 <xenoData>
  <number type="in a volume">
   295
  </number>
 </xenoData>
 <text xml:id="V__I__Alekseevu_295" xmlns="http://www.tei-c.org/ns/1.0" xmlns:xi="http://www.w3.org/2001/XInclude">
  <body>
   <div>
    <pb n="210"/>
    <opener index="false">
     295.
     <name placement="text" ref="250" type="person">
      В. И. Алексееву
     </name>
     .1888 г.
    </opener>
    <p id="eb728193-6ed5-4d09-a985-178528841ddc">
     Получил вчера ваше письмо, милый, дорогой друг
     <name placement="text" ref="250" type="person">
      Василий Иванович
     </name>
     , и, хоть и нездоровится (живот болит), хочу хоть словами откликнуться. Я надеюсь, что найдется вам что-нибудь более вам приятное, подходящее, чем железная дорога, и ищу и буду искать. К
     <choice original_editorial_correction="Самарск[ому]">
      <sic>
       Самарск
      </sic>
      <corr>
       Самарскому
      </corr>
     </choice>
     <choice original_editorial_correction="губ[ернатору]">
      <sic>
       губ
      </sic>
      <corr>
       губернатору
      </corr>
     </choice>
     к Свербееву
     <ref target="#note1">
      1
     </ref>
     <note index="false" resp="volume_editor" xml:id="note1">
      <name placement="note" ref="12319" type="person">
       Александр Дмитриевич Свербеев
      </name>
      (1835—1917), в 1878—1891 гг. самарский губернатор, впоследствии сенатор.
     </note>
     пустим через его брата
     <ref target="#note2">
      2
     </ref>
     <note index="false" resp="volume_editor" xml:id="note2">
      <name placement="note" ref="12321" type="person">
       Дмитрий Дмитриевич Свербеев
      </name>
      (1845—1920), в 1885—1891 гг. тульский вице-губернатор, впоследствии курляндский губернатор.
     </note>
     увещание (не знаю, не поздно ли),
     <name placement="note" ref="2697" type="person">
      Воейкову
     </name>
     <ref target="#note3">
      3
     </ref>
     <note index="false" resp="volume_editor" xml:id="note3">
      <name placement="note" ref="2697" type="person">
       Дмитрий Иванович Воейков
      </name>
      , симбирский помещик, директор канцелярии Министерства внутренних дел. Толстой рекомендовал В. И. Алексеева Воейкову в качестве домашнего учителя. У Воейкова Алексеев прожил около двух лет.
     </note>
     дал письмо к вам. Послал ли он его вам? А впрочем, что ж плохого — для вас, — и думаю себе и для меня, если бы привелось — в железной дороге? Всё яснее и яснее
     <hi style="opdelimiter">
      становится
     </hi>
     <pb n="211"/>
     <hi style="npdelimiter">
      перед
     </hi>
     концом то, что казалось сложно и трудно — жизненное применение истины Христовой. Застало нас наше сознание (меня, по крайней мере) в разгар эгоистичной жизни,
     <choice original_editorial_correction="к[оторая]">
      <sic>
       к
      </sic>
      <corr>
       которая
      </corr>
     </choice>
     держалась посредством сознания пота и крови рабов через деньги. — Что же делать? Одно: освободить себя от нужды в деньгах, от пользования рабами, сколько могу, и увеличить или начать свой труд для других. Это ясно всегда было; но одно
     <choice original_editorial_correction="б[ыло]">
      <sic>
       б
      </sic>
      <corr>
       было
      </corr>
     </choice>
     мне не совсем ясно, это — то, как, при каких непременных условиях это должно и можно делать. Освобождать себя и увеличивать свой труд — да, — но при наибольшей
     <hi>
      чистоте
     </hi>
     душевной и телесной (без пьянства, разврата и чего бы то ни
     <choice original_editorial_correction="б[ыло]">
      <sic>
       б
      </sic>
      <corr>
       было
      </corr>
     </choice>
     подобного) и
     <hi>
      любовно, дружелюбно
     </hi>
     . Вот это я забываю, и это изменяет весь вид дела; оно становится не так прямолинейным, как оно кажется юношам: надел лапти, взялся за соху, не пью чаю, и готово. Всё это нужно, но не нарушая чистоты и дружелюбия. Не правда ли, что так? Ну, а если так, то чем же плоха и железная
     <choice original_editorial_correction="дор[ога]">
      <sic>
       дор
      </sic>
      <corr>
       дорога
      </corr>
     </choice>
     ? Я, правда, не знаю, да и потом всё это матерьяльное вне нашей власти да и не важно.
    </p>
    <p id="8c8e8267-e3d4-4aa8-9a87-d8665f7df4b8">
     Помогай вам бог не в матерьяльном (это не его дело), а в духовном. Целую вас, жену и детей ваших. У нас всё хорошо. Я ничего не пишу и рад. Всё стараюсь получше жить.
    </p>
    <p id="abb9fea8-3cce-4333-85fc-45aa2e49c71a">
     Очень любящий вас
    </p>
    <p id="72a5eb14-1d27-43f6-ba9c-98998f2f1047" rend="right">
     <name placement="text" ref="13883" type="person">
      Л. Толстой
     </name>
     .
    </p>
    <noteGrp type="comments">
     <note index="false" type="comments">
      <p id="2023d23c-f761-4e06-adf9-73dc72c4c78a" rend="Textpetit_otstup left">
       Впервые опубликовано в книге: В. А. Жданов, «Любовь в жизни
       <name placement="comments" ref="13883" type="person">
        Льва Толстого
       </name>
       », 2, М. 1928, стр. 87. Дата В. И. Алексеева.
      </p>
     </note>
     <note index="false" type="comments">
      <p id="061f868a-a5f4-408a-93c3-788a0a599368" rend="petit">
       Письмо В. И. Алексеева, на которое отвечает Толстой, неизвестно.
      </p>
     </note>
    </noteGrp>
   </div>
  </body>
 </text>
</TEI>
