<?xml version="1.0" encoding="utf-8"?>
<TEI xmlns="http://www.tei-c.org/ns/1.0" xmlns:xi="http://www.w3.org/2001/XInclude">
 <teiHeader>
  <fileDesc>
   <titleStmt>
    <title xml:id="v64_328_I_G_ZHuravovu">
     Письма и документы. Tolstoy Digital
    </title>
    <title type="main">
     Письмо И. Г. Журавову от 12 марта 1889 г.
    </title>
    <title type="bibl">
     Толстой Л. Н. Письмо И. Г. Журавову, 12 марта 1889 г. // Толстой Л. Н. Полное собрание сочинений: в 90 тт. Т. 64. М.: Гос. изд. «Художественная литература», 1953. С.
    </title>
    <respStmt>
     <resp>
      Идея, постановка задач, руководство:
     </resp>
     <name>
      Анастасия Бонч-Осмоловская, Фёкла Толстая, Борис Орехов, Тимофей Лукашевский
     </name>
    </respStmt>
    <respStmt>
     <resp>
      Подготовка TEI/XML:
     </resp>
     <name>
      Евгений Можаев, Даниил Скоринкин, Ирина Павлова, Матвей Колбасов, Елена Сидорова, Кирилл Милинцевич, Лев Буланов, Макар Федоров, Константин Петров
     </name>
    </respStmt>
    <respStmt>
     <resp>
      Подготовка метаданных:
     </resp>
     <name>
      Мария Картышева, Вероника Файнберг
     </name>
    </respStmt>
    <respStmt>
     <resp>
      Разметка имен собственных:
     </resp>
     <name>
      Никита Северин, Елена Северина
     </name>
    </respStmt>
    <respStmt>
     <resp>
      Исправление древнегреческого текста:
     </resp>
     <name>
      Ольга Алиева
     </name>
    </respStmt>
    <funder>
     Проект «Слово Толстого»
    </funder>
   </titleStmt>
   <publicationStmt>
    <publisher>
     <orgName>
      Tolstoy Digital, DH CLOUD, Научно-образовательный союз «Родное Слово» проект «Слово Толстого»
     </orgName>
    </publisher>
    <availability>
     <p id="5d9c544b-da7f-48a8-9cce-2c9338114b70">
      Тексты и метатекстовая разметка доступны для свободного использования и распространения по лицензии Creative Commons Attribution Share-Alike (cc by-sa)
     </p>
    </availability>
    <date from="2015" to="2022"/>
   </publicationStmt>
   <notesStmt>
    <note>
     Публикуемые документы был получены с сайта tolstoy.ru в формате html, переведены в формат TEI. Исправлены некоторые ошибки распознавания. Тексты, написанные в дореформенной орфографии, сопоставлены с их версиями в современной орфографии.
    </note>
   </notesStmt>
   <sourceDesc>
    <biblStruct>
     <analytic>
      <author>
       Толстой Лев Николаевич
      </author>
     </analytic>
     <monogr>
      <title level="m">
       Полное собрание сочинений. Том 64
      </title>
      <imprint>
       <pubPlace>
        Москва
       </pubPlace>
       <publisher>
        Государственное издательство «Художественная литература»
       </publisher>
       <date when="1953"/>
      </imprint>
      <biblScope unit="vol">
       64
      </biblScope>
      <biblScope unit="page">
       233-234
      </biblScope>
     </monogr>
     <series>
      <title level="s">
       Л. Н. Толстой. Полное собрание сочинений: в 90 тт.
      </title>
     </series>
    </biblStruct>
    <bibl/>
   </sourceDesc>
  </fileDesc>
  <encodingDesc>
   <classDecl>
    <xi:include href="../../reference/taxonomy.xml"/>
   </classDecl>
  </encodingDesc>
  <profileDesc>
   <correspDesc>
    <correspAction type="sending">
     <persName ref="13883">
      Л. Н. Толстой
     </persName>
     <placeName>
      Москва
     </placeName>
     <date when="1889-03-12"/>
    </correspAction>
    <correspAction type="receiving">
     <persName ref="5184">
      Журавов Иван Герасимович
     </persName>
    </correspAction>
   </correspDesc>
   <langUsage>
    <language ident="ru"/>
   </langUsage>
   <textClass>
    <catRef ana="#tolstoy_heritage" target="library"/>
    <catRef ana="#letters" target="type"/>
    <catRef ana="#sent" target="sent"/>
   </textClass>
  </profileDesc>
 </teiHeader>
 <xenoData>
  <number type="in a volume">
   328
  </number>
 </xenoData>
 <text xml:id="I__G__ZHuravovu_328" xmlns="http://www.tei-c.org/ns/1.0" xmlns:xi="http://www.w3.org/2001/XInclude">
  <body>
   <div>
    <pb n="233"/>
    <opener index="false">
     328. И. Г. Журавову.1889 г. Марта 12. Москва.
    </opener>
    <p id="3650105a-94d1-40e8-aece-db621c18a044" rend="Obrashenie">
     Любезный друг
     <name placement="text" ref="5184" type="person">
      Иван Герасимович
     </name>
     !
    </p>
    <p id="32fbfd24-ee60-4d35-a7cb-675f5b83c2fe">
     Как вам не скучно, зная меня столько лет, обращаться ко мне всё с теми же просьбами, которых я исполнить никак не могу. Вперед пожалуйста не огорчайтесь, если на ваши просьбы словесные или письменные о деньгах я буду молчать. Признаюсь, что обидно становится за вас, что вы не можете понять того, о чем я много раз говорил вам, что я деньги считаю таким же и еще больше злом, чем вино и всякий другой яд, и, считая их так, не могу держать их у себя. И если бы я их нашел на улице, то ни в коем бы случае не дал их другому человеку, зная, что от них, кроме вреда, ничего не может быть. Рассказ я ваш прочитал, он мне понравился. Я его послал в редакцию и просил выслать вам деньги.
     <ref target="#note1">
      1
     </ref>
     <note index="false" resp="volume_editor" xml:id="note1">
      Заглавие рассказа неизвестно; напечатан он не был.
      <ref target="file:///Volume_86_fevralya5_213.xml">
       См. т. 86, письмо № 213
      </ref>
      .
     </note>
     Не знаю, удастся ли? Помогай вам бог понимать его святой закон. Научитесь от меня, я кроток и смирен есть сердцем, и обрящете покой душам вашим, говорит Христос. Если так будете поступать и жить, то легко и радостно будет вам на душе. Газету «Неделю» с книжками вам будут высылать. Любящий вас Лев
     <hi style="opdelimiter">
      Толстой.
     </hi>
    </p>
    <noteGrp type="comments">
     <note index="false" type="comments">
      <p id="4c5a3785-eb98-47b7-a9e6-44f1cdbc9ea1" rend="Textpetit_otstup left">
       <pb n="234"/>
       <hi style="npdelimiter">
        Печатается
       </hi>
       по тексту, впервые опубликованному в воспоминаниях И. Г. Журавова (см. ниже), стр. 1243—1244. Датируется на основании записи в Дневнике Толстого 12 марта (см. т. 50).
      </p>
     </note>
     <note index="false" type="comments">
      <p id="78a4ee60-5d99-41ca-81db-9bf2a36393da" rend="petit">
       <name placement="comments" ref="5184" type="person">
        Иван Герасимович Журавов
       </name>
       — тульский крестьянин, служивший половым в одном из трактиров вблизи Тулы; автор нескольких рассказов, напечатанных в изд. «Посредник», и воспоминаний о Толстом: «Как я познакомился с графом
       <name placement="comments" ref="13883" type="person">
        Львом Николаевичем Толстым
       </name>
       и о чем с ним разговаривал и что мне про него другие говорили и рассказывали» («Миссионерское обозрение» 1911, стр. 975—1248).
      </p>
     </note>
     <note index="false" type="comments">
      <p id="4d490d73-bf85-4f14-ac18-b164647c4801" rend="petit">
       Ответ на письма Журавова от 22 февраля (почтовый штемпель) и от 5 марта 1889 г. В первом из них Журавов просил выписать на его имя какой-нибудь журнал или газету, во втором сообщал, что послал Толстому для напечатания свой рассказ, и просил денег.
      </p>
     </note>
    </noteGrp>
   </div>
  </body>
 </text>
</TEI>
