<?xml version="1.0" encoding="utf-8"?>
<TEI xmlns="http://www.tei-c.org/ns/1.0" xmlns:xi="http://www.w3.org/2001/XInclude">
 <teiHeader>
  <fileDesc>
   <titleStmt>
    <title xml:id="v64_102_F_A_ZHeltovu">
     Письма и документы. Tolstoy Digital
    </title>
    <title type="main">
     Письмо Ф. А. Желтову с 1 июля 1887 г. по 31 июля 1887 г.
    </title>
    <title type="bibl">
     Толстой Л. Н. Письмо Ф. А. Желтову, 1 июля 1887 г. — 31 июля 1887 г. // Толстой Л. Н. Полное собрание сочинений: в 90 тт. Т. 64. М.: Гос. изд. «Художественная литература», 1953. С.
    </title>
    <respStmt>
     <resp>
      Идея, постановка задач, руководство:
     </resp>
     <name>
      Анастасия Бонч-Осмоловская, Фёкла Толстая, Борис Орехов, Тимофей Лукашевский
     </name>
    </respStmt>
    <respStmt>
     <resp>
      Подготовка TEI/XML:
     </resp>
     <name>
      Евгений Можаев, Даниил Скоринкин, Ирина Павлова, Матвей Колбасов, Елена Сидорова, Кирилл Милинцевич, Лев Буланов, Макар Федоров, Константин Петров
     </name>
    </respStmt>
    <respStmt>
     <resp>
      Подготовка метаданных:
     </resp>
     <name>
      Мария Картышева, Вероника Файнберг
     </name>
    </respStmt>
    <respStmt>
     <resp>
      Разметка имен собственных:
     </resp>
     <name>
      Никита Северин, Елена Северина
     </name>
    </respStmt>
    <respStmt>
     <resp>
      Исправление древнегреческого текста:
     </resp>
     <name>
      Ольга Алиева
     </name>
    </respStmt>
    <funder>
     Проект «Слово Толстого»
    </funder>
   </titleStmt>
   <publicationStmt>
    <publisher>
     <orgName>
      Tolstoy Digital, DH CLOUD, Научно-образовательный союз «Родное Слово» проект «Слово Толстого»
     </orgName>
    </publisher>
    <availability>
     <p id="84384931-8e1d-4547-8b5f-c6690e68fd12">
      Тексты и метатекстовая разметка доступны для свободного использования и распространения по лицензии Creative Commons Attribution Share-Alike (cc by-sa)
     </p>
    </availability>
    <date from="2015" to="2022"/>
   </publicationStmt>
   <notesStmt>
    <note>
     Публикуемые документы был получены с сайта tolstoy.ru в формате html, переведены в формат TEI. Исправлены некоторые ошибки распознавания. Тексты, написанные в дореформенной орфографии, сопоставлены с их версиями в современной орфографии.
    </note>
   </notesStmt>
   <sourceDesc>
    <biblStruct>
     <analytic>
      <author>
       Толстой Лев Николаевич
      </author>
     </analytic>
     <monogr>
      <title level="m">
       Полное собрание сочинений. Том 64
      </title>
      <imprint>
       <pubPlace>
        Москва
       </pubPlace>
       <publisher>
        Государственное издательство «Художественная литература»
       </publisher>
       <date when="1953"/>
      </imprint>
      <biblScope unit="vol">
       64
      </biblScope>
      <biblScope unit="page">
       58-58
      </biblScope>
     </monogr>
     <series>
      <title level="s">
       Л. Н. Толстой. Полное собрание сочинений: в 90 тт.
      </title>
     </series>
    </biblStruct>
    <bibl>
     Публикуется впервые
    </bibl>
   </sourceDesc>
  </fileDesc>
  <encodingDesc>
   <classDecl>
    <xi:include href="../../reference/taxonomy.xml"/>
   </classDecl>
  </encodingDesc>
  <profileDesc>
   <correspDesc>
    <correspAction type="sending">
     <persName ref="13883">
      Л. Н. Толстой
     </persName>
     <placeName>
      Ясная Поляна
     </placeName>
     <date notAfter="1887-07-31" notBefore="1887-07-01"/>
    </correspAction>
    <correspAction type="receiving">
     <persName ref="5073">
      Желтов Федор Алексеевич
     </persName>
    </correspAction>
   </correspDesc>
   <langUsage>
    <language ident="ru"/>
   </langUsage>
   <textClass>
    <catRef ana="#tolstoy_heritage" target="library"/>
    <catRef ana="#letters" target="type"/>
    <catRef ana="#sent" target="sent"/>
   </textClass>
  </profileDesc>
 </teiHeader>
 <xenoData>
  <number type="in a volume">
   102
  </number>
 </xenoData>
 <text xml:id="F__A__ZHeltovu_102" xmlns="http://www.tei-c.org/ns/1.0" xmlns:xi="http://www.w3.org/2001/XInclude">
  <body>
   <div>
    <pb n="58"/>
    <opener index="false">
     * 102.
     <name placement="text" ref="5073" type="person">
      Ф. А. Желтову
     </name>
     .1887 г. Июля около 12. Я. П.
    </opener>
    <p id="a2dc4a2f-2f3d-4e57-a4be-f0ccce215cdd">
     <name placement="text" ref="5073" type="person">
      Федор Алексеевич
     </name>
     ! Повесть вашу
     <ref target="#note1">
      1
     </ref>
     <note index="false" resp="volume_editor" xml:id="note1">
      Рукопись рассказа Ф. А. Желтова «На Волге, или злом горю не поможешь», напечатанного вскоре в «Посреднике».
     </note>
     получил. По духу и содержанию она очень хороша....
     <ref target="#note2">
      2
     </ref>
     <note index="false" resp="volume_editor" xml:id="note2">
      Пропуск в копии. Об этом Ф. А. Желтов сообщил: «Пропущено в письме замечание Льва Николаевича относительно недостатка более художественного изложения начала повести, именно: «почему не излагается событиями и переживаниями то, что мать передает сыну в своем пересказе из всего ею пережитого» (из письма Ф. А. Желтова к В. С. Мишину от 26 августа 1927 г.). Слова, приписываемые Толстому, взятые здесь Желтовым в кавычки, воспроизводятся им по памяти.
     </note>
    </p>
    <p id="e35d45f5-ebc0-4421-a51b-3e8bd0b8a16e">
     В общем радуюсь общению с вами. Дело не в том, чтобы писать, а в том, чтобы жить христианскою жизнью; вот величайшее художественное произведение, доступное человеку. Будем же стараться его производить, а по мере достижения этого и наши слова и писания будут хороши и нужны людям.
    </p>
    <p id="2ad059e8-4e73-4e67-a62d-15dd403af5d3" rend="right">
     Братски целую вас.
    </p>
    <noteGrp type="comments">
     <note index="false" type="comments">
      <p id="8d68a17f-54fe-4dc7-8e86-15ebbb61ff99" rend="Textpetit_otstup left">
       Печатается по копии. Датируется по указанию Ф. А. Желтова.
      </p>
     </note>
    </noteGrp>
   </div>
  </body>
 </text>
</TEI>
