<?xml version="1.0" encoding="utf-8"?>
<TEI xmlns="http://www.tei-c.org/ns/1.0" xmlns:xi="http://www.w3.org/2001/XInclude">
 <teiHeader>
  <fileDesc>
   <titleStmt>
    <title xml:id="v64_151_I_L_Tolstomu">
     Письма и документы. Tolstoy Digital
    </title>
    <title type="main">
     Письмо И. Л. Толстому с 1 октября 1887 г. по 31 октября 1887 г.
    </title>
    <title type="bibl">
     Толстой Л. Н. Письмо И. Л. Толстому, 1 октября 1887 г. — 31 октября 1887 г. // Толстой Л. Н. Полное собрание сочинений: в 90 тт. Т. 64. М.: Гос. изд. «Художественная литература», 1953. С.
    </title>
    <respStmt>
     <resp>
      Идея, постановка задач, руководство:
     </resp>
     <name>
      Анастасия Бонч-Осмоловская, Фёкла Толстая, Борис Орехов, Тимофей Лукашевский
     </name>
    </respStmt>
    <respStmt>
     <resp>
      Подготовка TEI/XML:
     </resp>
     <name>
      Евгений Можаев, Даниил Скоринкин, Ирина Павлова, Матвей Колбасов, Елена Сидорова, Кирилл Милинцевич, Лев Буланов, Макар Федоров, Константин Петров
     </name>
    </respStmt>
    <respStmt>
     <resp>
      Подготовка метаданных:
     </resp>
     <name>
      Мария Картышева, Вероника Файнберг
     </name>
    </respStmt>
    <respStmt>
     <resp>
      Разметка имен собственных:
     </resp>
     <name>
      Никита Северин, Елена Северина
     </name>
    </respStmt>
    <respStmt>
     <resp>
      Исправление древнегреческого текста:
     </resp>
     <name>
      Ольга Алиева
     </name>
    </respStmt>
    <funder>
     Проект «Слово Толстого»
    </funder>
   </titleStmt>
   <publicationStmt>
    <publisher>
     <orgName>
      Tolstoy Digital, DH CLOUD, Научно-образовательный союз «Родное Слово» проект «Слово Толстого»
     </orgName>
    </publisher>
    <availability>
     <p id="0a95fe9d-03a5-4ed5-8fb0-3b9adc54edd2">
      Тексты и метатекстовая разметка доступны для свободного использования и распространения по лицензии Creative Commons Attribution Share-Alike (cc by-sa)
     </p>
    </availability>
    <date from="2015" to="2022"/>
   </publicationStmt>
   <notesStmt>
    <note>
     Публикуемые документы был получены с сайта tolstoy.ru в формате html, переведены в формат TEI. Исправлены некоторые ошибки распознавания. Тексты, написанные в дореформенной орфографии, сопоставлены с их версиями в современной орфографии.
    </note>
   </notesStmt>
   <sourceDesc>
    <biblStruct>
     <analytic>
      <author>
       Толстой Лев Николаевич
      </author>
     </analytic>
     <monogr>
      <title level="m">
       Полное собрание сочинений. Том 64
      </title>
      <imprint>
       <pubPlace>
        Москва
       </pubPlace>
       <publisher>
        Государственное издательство «Художественная литература»
       </publisher>
       <date when="1953"/>
      </imprint>
      <biblScope unit="vol">
       64
      </biblScope>
      <biblScope unit="page">
       117-119
      </biblScope>
     </monogr>
     <series>
      <title level="s">
       Л. Н. Толстой. Полное собрание сочинений: в 90 тт.
      </title>
     </series>
    </biblStruct>
    <bibl/>
   </sourceDesc>
  </fileDesc>
  <encodingDesc>
   <classDecl>
    <xi:include href="../../reference/taxonomy.xml"/>
   </classDecl>
  </encodingDesc>
  <profileDesc>
   <correspDesc>
    <correspAction type="sending">
     <persName ref="13883">
      Л. Н. Толстой
     </persName>
     <placeName>
      Ясная Поляна
     </placeName>
     <date notAfter="1887-10-31" notBefore="1887-10-01"/>
    </correspAction>
    <correspAction type="receiving">
     <persName ref="13880">
      Толстой Илья Львович
     </persName>
    </correspAction>
   </correspDesc>
   <langUsage>
    <language ident="ru"/>
   </langUsage>
   <textClass>
    <catRef ana="#tolstoy_heritage" target="library"/>
    <catRef ana="#letters" target="type"/>
    <catRef ana="#sent" target="sent"/>
   </textClass>
  </profileDesc>
 </teiHeader>
 <xenoData>
  <number type="in a volume">
   151
  </number>
 </xenoData>
 <text xml:id="I__L__Tolstomu_151" xmlns="http://www.tei-c.org/ns/1.0" xmlns:xi="http://www.w3.org/2001/XInclude">
  <body>
   <div>
    <pb n="117"/>
    <opener index="false">
     151.
     <name placement="text" ref="13880" type="person">
      И. Л. Толстому
     </name>
     .1887 г. Октябрь. Я. П.
    </opener>
    <p id="bfc2499c-a14b-49c3-982d-0faa25ee4dcf">
     Получили твое письмо к Тане,
     <ref target="#note1">
      1
     </ref>
     <note index="false" resp="volume_editor" xml:id="note1">
      Письмо это неизвестно.
     </note>
     милый друг Илья, и вижу, что ты идешь всё вперед к той же цели, которая поставилась тебе, и захотелось мне написать тебе и ей (потому что ты верно ей всё говоришь), что я думаю об этом. А думаю я об этом много и с радостью и страхом вместе.
    </p>
    <p id="2ffa8b82-fd13-4d2f-ba2e-32ae34c39492">
     Думаю я вот что: жениться, чтобы веселей было жить, никогда не удастся. Поставить своей главной, заменяющей всё другое, целью женитьбу — соединение с тем, кого любишь, — есть большая ошибка. И очевидная, если вдумаешься. Цель — женитьба. Ну, женились, а потом что? Если цели жизни другой не было до женитьбы, то потом, вдвоем, ужасно трудно, почти невозможно найти ее. Даже наверное, если не было общей цели до женитьбы, то потом уж ни за что не сойдешься, а всегда разойдешься. Женитьба только тогда дает счастье, когда цель одна — люди встретились по дороге и говорят: «давай, пойдем вместе». «Давай», и подают друг другу руку; а не тогда, когда они, притянутые друг к другу, оба свернули с дороги. В первом случае будет вот так:
     <hi>
      [См. вклейку между стр. 116 и 117.]
     </hi>
    </p>
    <p id="7cb286eb-3340-4bac-bf17-e1456f131f71">
     Во втором так:
     <hi>
      [См. вклейку между стр. 116 и 117.]
     </hi>
    </p>
    <p id="2a0543df-6151-4ede-afc2-a5f5ff4914d8">
     Всё это потому, что одинаково ложное понятие, разделяемое многими, то, что жизнь есть юдоль плача, как и то понятие, разделяемое огромным большинством, понятие, к которому и молодость, и здоровье, и богатство тебя склоняют, что жизнь есть место увеселения. Жизнь есть место служения, при котором приходится переносить иногда и много тяжелого, но чаще испытывать очень много радостей. Только радости-то настоящие могут быть только тогда, когда люди сами понимают свою жизнь как служение: имеют определенную вне себя, своего личного счастия, цель жизни. Обыкновенно женящиеся люди совершенно забывают это. Так много предстоит радостных событий женитьбы, рождение детей, что кажется, эти события и составляют самую жизнь, но это опасный обман. Если родители проживут и нарожают детей, не имея цели в жизни, то они отложат только вопрос о цели жизни и то наказание, которому подвергаются люди, живущие не зная зачем, — они только отложат это, но не избегут, потому что придется воспитывать, руководить детей, а руководить нечем. И тогда родители теряют свои
     <hi style="opdelimiter">
      человеческие
     </hi>
     <pb n="118"/>
     <hi style="npdelimiter">
      свойства
     </hi>
     и счастье, сопряженное с ними, и делаются племянной скотиной. Так вот я и говорю: людям, собирающимся жениться именно потому, что их жизнь
     <hi>
      кажется
     </hi>
     им полною, надо больше чем когда-нибудь думать и уяснить себе, во имя чего живет каждый из них. А чтобы уяснять себе это, надо думать, обдумать условия, в которых живешь, свое прошедшее, расценить в жизни всё, что считаешь важным, что неважным, узнать, во что веришь, т. е. что считаешь всегдашней несомненной истиной и чем будешь руководствоваться в жизни. И не столько узнать, уяснить себе, но испытать на деле, провести или проводить в свою жизнь, потому что пока не делаешь того, во что веришь, сам не знаешь, веришь ли или нет. Веру твою я знаю и вот эту веру или те стороны ее, которые выражаются в делах, тебе и надо, больше чем когда-нибудь, именно теперь уяснить себе, проводя ее в дело. Вера в том, что благо в том, чтобы любить людей и быть любимым ими. Для достижения же этого я знаю три деятельности, в которых я постоянно упражняюсь, в которых нельзя достаточно упражняться и которые тебе теперь особенно нужны. Первое — чтобы быть в состоянии любить людей и быть любимым ими, надо приучить себя как можно меньше требовать от них, потому что если я много требую, и мне много лишений, — я склоняюсь не любить, а упрекать, — тут много работы.
    </p>
    <p id="fcaf7d83-4e1f-4a65-9493-49e64ff158c6">
     Второе, — чтобы любить людей не словом, а делом, надо выучить себя делать полезное людям. Тут еще больше работы, особенно для тебя в твои года, когда человеку свойственно учиться.
    </p>
    <p id="713fcc94-9e3f-430f-8d7b-3af7158c058c">
     Третье, чтобы любить людей и
     <choice original_editorial_correction="б[ыть]">
      <sic>
       б
      </sic>
      <corr>
       быть
      </corr>
     </choice>
     <choice original_editorial_correction="л[юбимым]">
      <sic>
       л
      </sic>
      <corr>
       любимым
      </corr>
     </choice>
     <choice original_editorial_correction="и[ми]">
      <sic>
       и
      </sic>
      <corr>
       ими
      </corr>
     </choice>
     , надо выучиться кротости, смирению и искусству переносить неприятных людей и неприятности, а в случае невозможности не оскорбить никого, уметь выбирать наименьшее огорчение. И тут работы еще больше всего, и работа постоянная от пробуждения до засыпания. И работа самая радостная, потому что день за днем радуешься на успехи в ней и, кроме того, получаешь, незаметную сначала, но очень радостную награду в любви людей.
    </p>
    <p id="d74cff5b-1c53-49fb-8ccc-62d3edb31ccb">
     Так вот, я советую тебе, вам обоим, как можно сердечнее и думать и жить, потому что только этим средством вы узнаете, точно ли вы идете по той одной дороге и вам хорошо подать друг другу руки или нет, и вместе с тем, если вы искренни, то приготовите себе будущее. Цель ваша в жизни должна быть
     <hi style="opdelimiter">
      не
     </hi>
     <pb n="119"/>
     <hi style="npdelimiter">
      радость
     </hi>
     женитьбы, а та, чтобы своей жизнью внести в мир больше любви и правды. Женитьба же затем, чтобы помогать друг другу в достижении этой цели.
    </p>
    <p id="606b90a6-4f52-43ef-b8b8-0017be615811">
     Les extrêmes se touchent.
     <ref target="#note2">
      2
     </ref>
     <note index="false" resp="volume_editor" xml:id="note2">
      <hi rend="italic">
       Крайности сходятся.
      </hi>
     </note>
     Самая эгоистическая и гадкая жизнь есть жизнь двух людей, соединившихся для того, чтобы наслаждаться жизнью, и самое высокое призвание людей, живущих для того, чтобы служить богу, внося добро в мир и для этого соединившихся друг с другом. Так ты не спутайся — то, да не то. Почему же человеку не избирать высшего. Но только, избрав высшее, надо точно всю душу положить в него, а не немножечко; немножечко ничего не выйдет. Ну вот, устал писать, а еще хотелось сказать. Целую тебя.
    </p>
    <noteGrp type="comments">
     <note index="false" type="comments">
      <p id="1c6ebcb7-1260-4eef-a3f0-42f8623626e7" rend="Textpetit_otstup left">
       Печатается по копии. Впервые опубликовано в «Русском слове» 1913, № 273 от 27 ноября. Датируется по содержанию, касающемуся женитьбы И. Л. Толстого.
      </p>
     </note>
    </noteGrp>
   </div>
  </body>
 </text>
</TEI>
