<?xml version="1.0" encoding="utf-8"?>
<TEI xmlns="http://www.tei-c.org/ns/1.0" xmlns:xi="http://www.w3.org/2001/XInclude">
 <teiHeader>
  <fileDesc>
   <titleStmt>
    <title xml:id="v64_194_N_N_Ge_otcu">
     Письма и документы. Tolstoy Digital
    </title>
    <title type="main">
     Письмо Н. Н. Ге (отцу) от 13 февраля 1888 г.
    </title>
    <title type="bibl">
     Толстой Л. Н. Письмо Н. Н. Ге (отцу), 13 февраля 1888 г. // Толстой Л. Н. Полное собрание сочинений: в 90 тт. Т. 64. М.: Гос. изд. «Художественная литература», 1953. С.
    </title>
    <respStmt>
     <resp>
      Идея, постановка задач, руководство:
     </resp>
     <name>
      Анастасия Бонч-Осмоловская, Фёкла Толстая, Борис Орехов, Тимофей Лукашевский
     </name>
    </respStmt>
    <respStmt>
     <resp>
      Подготовка TEI/XML:
     </resp>
     <name>
      Евгений Можаев, Даниил Скоринкин, Ирина Павлова, Матвей Колбасов, Елена Сидорова, Кирилл Милинцевич, Лев Буланов, Макар Федоров, Константин Петров
     </name>
    </respStmt>
    <respStmt>
     <resp>
      Подготовка метаданных:
     </resp>
     <name>
      Мария Картышева, Вероника Файнберг
     </name>
    </respStmt>
    <respStmt>
     <resp>
      Разметка имен собственных:
     </resp>
     <name>
      Никита Северин, Елена Северина
     </name>
    </respStmt>
    <respStmt>
     <resp>
      Исправление древнегреческого текста:
     </resp>
     <name>
      Ольга Алиева
     </name>
    </respStmt>
    <funder>
     Проект «Слово Толстого»
    </funder>
   </titleStmt>
   <publicationStmt>
    <publisher>
     <orgName>
      Tolstoy Digital, DH CLOUD, Научно-образовательный союз «Родное Слово» проект «Слово Толстого»
     </orgName>
    </publisher>
    <availability>
     <p id="d130b409-d25f-41c8-a43a-b08699644a92">
      Тексты и метатекстовая разметка доступны для свободного использования и распространения по лицензии Creative Commons Attribution Share-Alike (cc by-sa)
     </p>
    </availability>
    <date from="2015" to="2022"/>
   </publicationStmt>
   <notesStmt>
    <note>
     Публикуемые документы был получены с сайта tolstoy.ru в формате html, переведены в формат TEI. Исправлены некоторые ошибки распознавания. Тексты, написанные в дореформенной орфографии, сопоставлены с их версиями в современной орфографии.
    </note>
   </notesStmt>
   <sourceDesc>
    <biblStruct>
     <analytic>
      <author>
       Толстой Лев Николаевич
      </author>
     </analytic>
     <monogr>
      <title level="m">
       Полное собрание сочинений. Том 64
      </title>
      <imprint>
       <pubPlace>
        Москва
       </pubPlace>
       <publisher>
        Государственное издательство «Художественная литература»
       </publisher>
       <date when="1953"/>
      </imprint>
      <biblScope unit="vol">
       64
      </biblScope>
      <biblScope unit="page">
       150-151
      </biblScope>
     </monogr>
     <series>
      <title level="s">
       Л. Н. Толстой. Полное собрание сочинений: в 90 тт.
      </title>
     </series>
    </biblStruct>
    <bibl/>
   </sourceDesc>
  </fileDesc>
  <encodingDesc>
   <classDecl>
    <xi:include href="../../reference/taxonomy.xml"/>
   </classDecl>
  </encodingDesc>
  <profileDesc>
   <correspDesc>
    <correspAction type="sending">
     <persName ref="13883">
      Л. Н. Толстой
     </persName>
     <placeName>
      Москва
     </placeName>
     <date when="1888-02-13"/>
    </correspAction>
    <correspAction type="receiving">
     <persName ref="3188">
      Ге Николай Николаевич, художник
     </persName>
    </correspAction>
   </correspDesc>
   <langUsage>
    <language ident="ru"/>
   </langUsage>
   <textClass>
    <catRef ana="#tolstoy_heritage" target="library"/>
    <catRef ana="#letters" target="type"/>
    <catRef ana="#sent" target="sent"/>
   </textClass>
  </profileDesc>
 </teiHeader>
 <xenoData>
  <number type="in a volume">
   194
  </number>
 </xenoData>
 <text xml:id="N__N__Ge_otcu_194" xmlns="http://www.tei-c.org/ns/1.0" xmlns:xi="http://www.w3.org/2001/XInclude">
  <body>
   <div>
    <pb n="150"/>
    <opener index="false">
     194.
     <name placement="text" ref="3192" type="person">
      Н. Н. Ге
     </name>
     (отцу).1888 г. Февраля 13. Москва.
    </opener>
    <p id="40c4925f-4460-4a2c-9da3-08f74eee29d5">
     Спасибо, что порадовали меня письмом и такими хорошими вестями, что нашел на вас период работы. Помогай вам бог. Давно пора! Я это говорю больше себе, чем вам. И вместе с
     <hi style="opdelimiter">
      тем
     </hi>
     <pb n="151"/>
     <hi style="npdelimiter">
      знаю,
     </hi>
     что никак нельзя заставить себя работать, когда привык работать на известной глубине сознания и никак не можешь спуститься на нее. Зато какая радость, когда достигнешь. Я теперь в таком положении. Работ пропасть начатых и всё любимых мною, а не могу нырнуть туда, всё выносит опять наверх. У нас всё хорошо, — очень хорошо даже. Жена донашивает будущего ребенка
     <ref target="#note1">
      1
     </ref>
     <note index="false" resp="volume_editor" xml:id="note1">
      31 марта 1888 г. у Толстых родился сын Иван (ум.
      <hi style="opdelimiter">
       1895).
      </hi>
     </note>
     — остается месяц. Илья женится на Философовой (вы, верно, знаете: славная, простая, здоровая, чистая девушка) 28 февраля и находится в том невменяемом состоянии, в котором находятся влюбленные. Жизнь для него остановилась и вся в будущем. Много вижу людей и всё хороших, и это общение мне радостно. Количку все ждут и грустят, что его нет. Все, потому что все его любят как-то особенно хорошо и сильно. У нас на днях была скоропостижная смерть Оболенского
     <ref target="#note2">
      2
     </ref>
     <note index="false" resp="volume_editor" xml:id="note2">
      <name placement="note" ref="10004" type="person">
       Леонид Дмитриевич Оболенский
      </name>
      (1844—1888). Женат был с 1871 г. на племяннице Толстого Елизавете Валерьяновне (1852—1935), дочери М. Н. Толстой.
     </note>
     — мужа племянницы. Всё это как должно быть и хорошо. Человек был очень хороший — простой, добрый. Теперь вдова с 7-ю детьми осталась — бедная, долгов много, но и это всё хорошо и много вызывает доброго в людях. — Не могу никак видеть дурного, а всё только разнообразный материал для самого прекрасного,
     <choice original_editorial_correction="к[оторое]">
      <sic>
       к
      </sic>
      <corr>
       которое
      </corr>
     </choice>
     от нас зависит из него выработать. Всё последнее время читал и читаю Герцена и о вас часто поминаю. Что за удивительный писатель. И наша жизнь русская за последние 20 лет была бы не та, если бы этот писатель не был скрыт от молодого поколения. А то из организма русского общества вынут насильственно очень важный орган. Передайте мою любовь
     <choice original_editorial_correction="А[нне]">
      <sic>
       А
      </sic>
      <corr>
       Анне
      </corr>
     </choice>
     <choice original_editorial_correction="П[етровне]">
      <sic>
       П
      </sic>
      <corr>
       Петровне
      </corr>
     </choice>
     (радуюсь, что ей теперь лучше) и молодым вашим и самым маленьким. Не нарисуете ли картинку о пьянстве. Нужно две. Одну большую, да еще виньетку для всех изданий по этому предмету под заглавием «Пора опомниться». Ну, прощайте пока. Братски целую вас.
    </p>
    <p id="9a39c6d8-c52a-4962-96bd-1a69d0213ef8">
     Что хотите привезти на выставку?
    </p>
    <p id="7c654fca-c9e4-439e-a9b4-f7eff01ea16f" rend="right">
     Любящий вас
     <name placement="text" ref="13883" type="person">
      Л. Толстой
     </name>
     .
    </p>
    <noteGrp type="comments">
     <note index="false" type="comments">
      <p id="907627f3-6310-431d-9b7e-be89b27c4c79" rend="Textpetit_otstup left">
       Впервые опубликовано в «Листках Свободного слова» 1899, 7, стр. 1—2. Датируется на основании пометы H. Н. Ге на письме.
      </p>
     </note>
     <note index="false" type="comments">
      <p id="1fca6fce-634c-448d-8dcc-3272fbf4096a" rend="petit">
       Письмо Н. Н. Ге, на которое отвечает Толстой, неизвестно.
      </p>
     </note>
    </noteGrp>
   </div>
  </body>
 </text>
</TEI>
