<?xml version="1.0" encoding="utf-8"?>
<TEI xmlns="http://www.tei-c.org/ns/1.0" xmlns:xi="http://www.w3.org/2001/XInclude">
 <teiHeader>
  <fileDesc>
   <titleStmt>
    <title xml:id="v64_363_S_S_Urusovu">
     Письма и документы. Tolstoy Digital
    </title>
    <title type="main">
     Письмо С. С. Урусову от 1 мая 1889 г.
    </title>
    <title type="bibl">
     Толстой Л. Н. Письмо С. С. Урусову, 1 мая 1889 г. // Толстой Л. Н. Полное собрание сочинений: в 90 тт. Т. 64. М.: Гос. изд. «Художественная литература», 1953. С.
    </title>
    <respStmt>
     <resp>
      Идея, постановка задач, руководство:
     </resp>
     <name>
      Анастасия Бонч-Осмоловская, Фёкла Толстая, Борис Орехов, Тимофей Лукашевский
     </name>
    </respStmt>
    <respStmt>
     <resp>
      Подготовка TEI/XML:
     </resp>
     <name>
      Евгений Можаев, Даниил Скоринкин, Ирина Павлова, Матвей Колбасов, Елена Сидорова, Кирилл Милинцевич, Лев Буланов, Макар Федоров, Константин Петров
     </name>
    </respStmt>
    <respStmt>
     <resp>
      Подготовка метаданных:
     </resp>
     <name>
      Мария Картышева, Вероника Файнберг
     </name>
    </respStmt>
    <respStmt>
     <resp>
      Разметка имен собственных:
     </resp>
     <name>
      Никита Северин, Елена Северина
     </name>
    </respStmt>
    <respStmt>
     <resp>
      Исправление древнегреческого текста:
     </resp>
     <name>
      Ольга Алиева
     </name>
    </respStmt>
    <funder>
     Проект «Слово Толстого»
    </funder>
   </titleStmt>
   <publicationStmt>
    <publisher>
     <orgName>
      Tolstoy Digital, DH CLOUD, Научно-образовательный союз «Родное Слово» проект «Слово Толстого»
     </orgName>
    </publisher>
    <availability>
     <p id="57617238-23e5-44af-8834-269d699682af">
      Тексты и метатекстовая разметка доступны для свободного использования и распространения по лицензии Creative Commons Attribution Share-Alike (cc by-sa)
     </p>
    </availability>
    <date from="2015" to="2022"/>
   </publicationStmt>
   <notesStmt>
    <note>
     Публикуемые документы был получены с сайта tolstoy.ru в формате html, переведены в формат TEI. Исправлены некоторые ошибки распознавания. Тексты, написанные в дореформенной орфографии, сопоставлены с их версиями в современной орфографии.
    </note>
   </notesStmt>
   <sourceDesc>
    <biblStruct>
     <analytic>
      <author>
       Толстой Лев Николаевич
      </author>
     </analytic>
     <monogr>
      <title level="m">
       Полное собрание сочинений. Том 64
      </title>
      <imprint>
       <pubPlace>
        Москва
       </pubPlace>
       <publisher>
        Государственное издательство «Художественная литература»
       </publisher>
       <date when="1953"/>
      </imprint>
      <biblScope unit="vol">
       64
      </biblScope>
      <biblScope unit="page">
       252-253
      </biblScope>
     </monogr>
     <series>
      <title level="s">
       Л. Н. Толстой. Полное собрание сочинений: в 90 тт.
      </title>
     </series>
    </biblStruct>
    <bibl/>
   </sourceDesc>
  </fileDesc>
  <encodingDesc>
   <classDecl>
    <xi:include href="../../reference/taxonomy.xml"/>
   </classDecl>
  </encodingDesc>
  <profileDesc>
   <correspDesc>
    <correspAction type="sending">
     <persName ref="13883">
      Л. Н. Толстой
     </persName>
     <placeName>
      Москва
     </placeName>
     <date when="1889-05-01"/>
    </correspAction>
    <correspAction type="receiving">
     <persName ref="14194">
      Уваров Сергей Семенович
     </persName>
    </correspAction>
   </correspDesc>
   <langUsage>
    <language ident="ru"/>
   </langUsage>
   <textClass>
    <catRef ana="#tolstoy_heritage" target="library"/>
    <catRef ana="#letters" target="type"/>
    <catRef ana="#sent" target="sent"/>
   </textClass>
  </profileDesc>
 </teiHeader>
 <xenoData>
  <number type="in a volume">
   363
  </number>
 </xenoData>
 <text xml:id="S__S__Urusovu_363" xmlns="http://www.tei-c.org/ns/1.0" xmlns:xi="http://www.w3.org/2001/XInclude">
  <body>
   <div>
    <pb n="252"/>
    <opener index="false">
     363. С. С. Урусову.1889 г. Мая 1. Москва.
    </opener>
    <p id="54d48a8d-4e4c-4d66-800a-33c1f96fbcaf">
     Спасибо, что не забываете меня и напоминаете своими письмами то чудесное время,
     <choice original_editorial_correction="к[оторое]">
      <sic>
       к
      </sic>
      <corr>
       которое
      </corr>
     </choice>
     провел у вас. О Петре
     <choice original_editorial_correction="С[оня]">
      <sic>
       С
      </sic>
      <corr>
       Соня
      </corr>
     </choice>
     написала. Я живу здесь и с тех пор, как приехал от вас, не подвинулся ни на шаг. Видно, так надо. Здесь всегда суета и грех, у вас всегда тишина и благодать. Помогай вам бог спокойно работать и жить, никуда не уезжая пока. Те,
     <choice original_editorial_correction="к[оторые]">
      <sic>
       к
      </sic>
      <corr>
       которые
      </corr>
     </choice>
     вас любят, сами к вам приедут, из
     <choice original_editorial_correction="к[оторых]">
      <sic>
       к
      </sic>
      <corr>
       которых
      </corr>
     </choice>
     первый я. Тут
     <choice original_editorial_correction="б[ыли]">
      <sic>
       б
      </sic>
      <corr>
       были
      </corr>
     </choice>
     свадьбы Шидловской
     <hi>
      1
     </hi>
     за
     <choice original_editorial_correction="Мещерин[ова]">
      <sic>
       Мещерин
      </sic>
      <corr>
       Мещеринова
      </corr>
     </choice>
     <hi>
      2
     </hi>
     и Львовой
     <ref target="#note1">
      1
     </ref>
     <note index="false" resp="volume_editor" xml:id="note1">
      Варвара Николаевна Львова (1864—1944?), подруга Т. Л. Толстой.
     </note>
     за А. Бобринского,
     <ref target="#note2">
      2
     </ref>
     <note index="false" resp="volume_editor" xml:id="note2">
      <name placement="note" ref="1531" type="person">
       Алексей Алексеевич Бобринский
      </name>
      (1864—1911), сын помещика Богородицкого уезда Тульской губ.
     </note>
     и приезжали для этого
     <choice original_editorial_correction="Сер[гей]">
      <sic>
       Сер
      </sic>
      <corr>
       Сергей
      </corr>
     </choice>
     из
     <choice original_editorial_correction="Пет[ербурга]">
      <sic>
       Пет
      </sic>
      <corr>
       Петербурга
      </corr>
     </choice>
     и Илья из
     <choice original_editorial_correction="дер[евни]">
      <sic>
       дер
      </sic>
      <corr>
       деревни
      </corr>
     </choice>
     . Теперь разъезжаются. Часть нас уезжает 5.
     <ref target="#note3">
      3
     </ref>
     <note index="false" resp="volume_editor" xml:id="note3">
      Толстой ушел пешком из Москвы 2 мая. См. прим. к письму № 361.
     </note>
    </p>
    <p id="65d83960-9147-4212-9b7b-d78d67fe9f5e" rend="right">
     Л. Т.
    </p>
    <p id="02e15934-c14f-4446-b590-6fe32910070e">
     Простите, что пишу на карточке. — Поклон
     <choice original_editorial_correction="Гер[асиму]">
      <sic>
       Гер
      </sic>
      <corr>
       Герасиму
      </corr>
     </choice>
     и его сестре.
    </p>
    <lb/>
    <p id="b45f5be5-0b1c-4139-a747-94dc633e7b1b">
     <hi>
      На обратной стороне открытки:
     </hi>
    </p>
    <p id="9bb59b85-3009-4106-a698-2503b9901dc1">
     Троицо-Сергиевской Посад. Е. С. князю Сергию Семеновичу Урусову.
    </p>
    <noteGrp type="comments">
     <note index="false" type="comments">
      <p id="f0c2c7a3-a7c0-4bbd-b5f5-26fe190d2349" rend="Textpetit_otstup left">
       Впервые опубликовано в «Вестнике Европы» 1915, 1, стр. 19. Датируется на основании почтовых штемпелей.
      </p>
     </note>
    </noteGrp>
   </div>
  </body>
 </text>
</TEI>
