<?xml version="1.0" encoding="utf-8"?>
<TEI xmlns="http://www.tei-c.org/ns/1.0" xmlns:xi="http://www.w3.org/2001/XInclude">
 <teiHeader>
  <fileDesc>
   <titleStmt>
    <title xml:id="v64_300_A_S_Prugavinu">
     Письма и документы. Tolstoy Digital
    </title>
    <title type="main">
     Письмо А. С. Пругавину от 18 января 1889 г.
    </title>
    <title type="bibl">
     Толстой Л. Н. Письмо А. С. Пругавину, 18 января 1889 г. // Толстой Л. Н. Полное собрание сочинений: в 90 тт. Т. 64. М.: Гос. изд. «Художественная литература», 1953. С.
    </title>
    <respStmt>
     <resp>
      Идея, постановка задач, руководство:
     </resp>
     <name>
      Анастасия Бонч-Осмоловская, Фёкла Толстая, Борис Орехов, Тимофей Лукашевский
     </name>
    </respStmt>
    <respStmt>
     <resp>
      Подготовка TEI/XML:
     </resp>
     <name>
      Евгений Можаев, Даниил Скоринкин, Ирина Павлова, Матвей Колбасов, Елена Сидорова, Кирилл Милинцевич, Лев Буланов, Макар Федоров, Константин Петров
     </name>
    </respStmt>
    <respStmt>
     <resp>
      Подготовка метаданных:
     </resp>
     <name>
      Мария Картышева, Вероника Файнберг
     </name>
    </respStmt>
    <respStmt>
     <resp>
      Разметка имен собственных:
     </resp>
     <name>
      Никита Северин, Елена Северина
     </name>
    </respStmt>
    <respStmt>
     <resp>
      Исправление древнегреческого текста:
     </resp>
     <name>
      Ольга Алиева
     </name>
    </respStmt>
    <funder>
     Проект «Слово Толстого»
    </funder>
   </titleStmt>
   <publicationStmt>
    <publisher>
     <orgName>
      Tolstoy Digital, DH CLOUD, Научно-образовательный союз «Родное Слово» проект «Слово Толстого»
     </orgName>
    </publisher>
    <availability>
     <p id="d6eb790c-d9d5-4277-bfc4-dfb9b61c5b68">
      Тексты и метатекстовая разметка доступны для свободного использования и распространения по лицензии Creative Commons Attribution Share-Alike (cc by-sa)
     </p>
    </availability>
    <date from="2015" to="2022"/>
   </publicationStmt>
   <notesStmt>
    <note>
     Публикуемые документы был получены с сайта tolstoy.ru в формате html, переведены в формат TEI. Исправлены некоторые ошибки распознавания. Тексты, написанные в дореформенной орфографии, сопоставлены с их версиями в современной орфографии.
    </note>
   </notesStmt>
   <sourceDesc>
    <biblStruct>
     <analytic>
      <author>
       Толстой Лев Николаевич
      </author>
     </analytic>
     <monogr>
      <title level="m">
       Полное собрание сочинений. Том 64
      </title>
      <imprint>
       <pubPlace>
        Москва
       </pubPlace>
       <publisher>
        Государственное издательство «Художественная литература»
       </publisher>
       <date when="1953"/>
      </imprint>
      <biblScope unit="vol">
       64
      </biblScope>
      <biblScope unit="page">
       215-215
      </biblScope>
     </monogr>
     <series>
      <title level="s">
       Л. Н. Толстой. Полное собрание сочинений: в 90 тт.
      </title>
     </series>
    </biblStruct>
    <bibl/>
   </sourceDesc>
  </fileDesc>
  <encodingDesc>
   <classDecl>
    <xi:include href="../../reference/taxonomy.xml"/>
   </classDecl>
  </encodingDesc>
  <profileDesc>
   <correspDesc>
    <correspAction type="sending">
     <persName ref="13883">
      Л. Н. Толстой
     </persName>
     <placeName>
      Москва
     </placeName>
     <date when="1889-01-18"/>
    </correspAction>
    <correspAction type="receiving">
     <persName ref="11342">
      Пругавин Александр Степанович
     </persName>
    </correspAction>
   </correspDesc>
   <langUsage>
    <language ident="ru"/>
   </langUsage>
   <textClass>
    <catRef ana="#tolstoy_heritage" target="library"/>
    <catRef ana="#letters" target="type"/>
    <catRef ana="#sent" target="sent"/>
   </textClass>
  </profileDesc>
 </teiHeader>
 <xenoData>
  <number type="in a volume">
   300
  </number>
 </xenoData>
 <text xml:id="A__S__Prugavinu_300" xmlns="http://www.tei-c.org/ns/1.0" xmlns:xi="http://www.w3.org/2001/XInclude">
  <body>
   <div>
    <pb n="215"/>
    <opener index="false">
     300.
     <name placement="text" ref="11342" type="person">
      А. С. Пругавину
     </name>
     .1889 г. Января 18. Москва.
    </opener>
    <p id="9cd39a4e-072a-4515-8ff5-c98919fc9d02" rend="Obrashenie">
     <name placement="text" ref="11342" type="person">
      Александр Степанович
     </name>
     !
    </p>
    <p id="a61ad5f9-8fc2-4ca0-9e58-39e237c0b35b">
     <name placement="text" ref="5073" type="person">
      Федор Алексеевич Желтов
     </name>
     , духовный христианин (молокан) Нижегородской губернии, заехал ко мне в Москве. Вам хорошо познакомиться.
     <ref target="#note1">
      1
     </ref>
     <note index="false" resp="volume_editor" xml:id="note1">
      Знакомство А. С. Пругавина с Ф. А. Желтовым состоялось в этот же приезд Ф. А. Желтова в Москву.
     </note>
    </p>
    <p id="32e8cb9d-1f7b-4de9-ae37-a502ba94dda6" rend="right">
     <name placement="text" ref="13883" type="person">
      Л. Толстой
     </name>
     .
    </p>
    <noteGrp type="comments">
     <note index="false" type="comments">
      <p id="1389743a-9f77-4d7d-bf47-0621737ccd69" rend="Textpetit_otstup left">
       <hi style="petit">
        Впервые опубликовано в «Вестнике Европы
       </hi>
       » 1911, 2, стр. 272. Датируется по указанию Ф. А. Желтова в письме к В. С. Мишину от 31 декабря 1929 г. и по записи в Дневнике Толстого 18 января о посещении его Желтовым (см. т. 50).
      </p>
     </note>
     <note index="false" type="comments">
      <p id="89115c81-077e-4280-912f-22ab0d23f50b" rend="petit">
       <name placement="comments" ref="11342" type="person">
        Александр Степанович Пругавин
       </name>
       (1850—1921) — этнограф и исследователь старообрядчества и сектантства, знакомый Толстого с 1881 года; автор ряда статей о Толстом.
      </p>
     </note>
    </noteGrp>
   </div>
  </body>
 </text>
</TEI>
