<?xml version="1.0" encoding="utf-8"?>
<TEI xmlns="http://www.tei-c.org/ns/1.0" xmlns:xi="http://www.w3.org/2001/XInclude">
 <teiHeader>
  <fileDesc>
   <titleStmt>
    <title xml:id="v64_467_A_S_Suvorinu">
     Письма и документы. Tolstoy Digital
    </title>
    <title type="main">
     Письмо А. С. Суворину от 27 ноября 1889 г.
    </title>
    <title type="bibl">
     Толстой Л. Н. Письмо А. С. Суворину, 27 ноября 1889 г. // Толстой Л. Н. Полное собрание сочинений: в 90 тт. Т. 64. М.: Гос. изд. «Художественная литература», 1953. С.
    </title>
    <respStmt>
     <resp>
      Идея, постановка задач, руководство:
     </resp>
     <name>
      Анастасия Бонч-Осмоловская, Фёкла Толстая, Борис Орехов, Тимофей Лукашевский
     </name>
    </respStmt>
    <respStmt>
     <resp>
      Подготовка TEI/XML:
     </resp>
     <name>
      Евгений Можаев, Даниил Скоринкин, Ирина Павлова, Матвей Колбасов, Елена Сидорова, Кирилл Милинцевич, Лев Буланов, Макар Федоров, Константин Петров
     </name>
    </respStmt>
    <respStmt>
     <resp>
      Подготовка метаданных:
     </resp>
     <name>
      Мария Картышева, Вероника Файнберг
     </name>
    </respStmt>
    <respStmt>
     <resp>
      Разметка имен собственных:
     </resp>
     <name>
      Никита Северин, Елена Северина
     </name>
    </respStmt>
    <respStmt>
     <resp>
      Исправление древнегреческого текста:
     </resp>
     <name>
      Ольга Алиева
     </name>
    </respStmt>
    <funder>
     Проект «Слово Толстого»
    </funder>
   </titleStmt>
   <publicationStmt>
    <publisher>
     <orgName>
      Tolstoy Digital, DH CLOUD, Научно-образовательный союз «Родное Слово» проект «Слово Толстого»
     </orgName>
    </publisher>
    <availability>
     <p id="246dcf63-39ee-42db-8cf3-fb07204d4a81">
      Тексты и метатекстовая разметка доступны для свободного использования и распространения по лицензии Creative Commons Attribution Share-Alike (cc by-sa)
     </p>
    </availability>
    <date from="2015" to="2022"/>
   </publicationStmt>
   <notesStmt>
    <note>
     Публикуемые документы был получены с сайта tolstoy.ru в формате html, переведены в формат TEI. Исправлены некоторые ошибки распознавания. Тексты, написанные в дореформенной орфографии, сопоставлены с их версиями в современной орфографии.
    </note>
   </notesStmt>
   <sourceDesc>
    <biblStruct>
     <analytic>
      <author>
       Толстой Лев Николаевич
      </author>
     </analytic>
     <monogr>
      <title level="m">
       Полное собрание сочинений. Том 64
      </title>
      <imprint>
       <pubPlace>
        Москва
       </pubPlace>
       <publisher>
        Государственное издательство «Художественная литература»
       </publisher>
       <date when="1953"/>
      </imprint>
      <biblScope unit="vol">
       64
      </biblScope>
      <biblScope unit="page">
       335-336
      </biblScope>
     </monogr>
     <series>
      <title level="s">
       Л. Н. Толстой. Полное собрание сочинений: в 90 тт.
      </title>
     </series>
    </biblStruct>
    <bibl/>
   </sourceDesc>
  </fileDesc>
  <encodingDesc>
   <classDecl>
    <xi:include href="../../reference/taxonomy.xml"/>
   </classDecl>
  </encodingDesc>
  <profileDesc>
   <correspDesc>
    <correspAction type="sending">
     <persName ref="13883">
      Л. Н. Толстой
     </persName>
     <placeName>
      Ясная Поляна
     </placeName>
     <date when="1889-11-27"/>
    </correspAction>
    <correspAction type="receiving">
     <persName ref="13317">
      Суворин Алексей Сергеевич
     </persName>
    </correspAction>
   </correspDesc>
   <langUsage>
    <language ident="ru"/>
   </langUsage>
   <textClass>
    <catRef ana="#tolstoy_heritage" target="library"/>
    <catRef ana="#letters" target="type"/>
    <catRef ana="#sent" target="sent"/>
   </textClass>
  </profileDesc>
 </teiHeader>
 <xenoData>
  <number type="in a volume">
   467
  </number>
 </xenoData>
 <text xml:id="A__S__Suvorinu_467" xmlns="http://www.tei-c.org/ns/1.0" xmlns:xi="http://www.w3.org/2001/XInclude">
  <body>
   <div>
    <pb n="335"/>
    <opener index="false">
     467.
     <name placement="text" ref="13317" type="person">
      А. С. Суворину
     </name>
     .1889 г. Ноября 27. Я. П.
    </opener>
    <p id="401afa6a-4ea3-4923-be45-37fd0ff652c8">
     Если можно избавить меня от скульптуры, то, пожалуйста, избавьте. Я всё надеялся увидеть вас, но теперь, как мы не в Москве, кажется мало надежды. (Если будете проезжать однако, заезжайте.) Кузминским я напишу, но кажется у них не точный экземпляр.
    </p>
    <p id="2b8fcfaa-be4a-41a3-b429-61dbb459e3c5">
     Просьба моя к вам вот какая: есть доктор Алексеев,
     <ref target="#note1">
      1
     </ref>
     <note index="false" resp="volume_editor" xml:id="note1">
      <name placement="note" ref="264" type="person">
       Петр Семенович Алексеев
      </name>
      (1849—?), врач, в 1889 г. врачебный инспектор в Чите, позднее губернский инспектор в Риге. Упоминаемые Толстым две его книги: «О вреде употребления крепких напитков», М. 1888 и «По Америке. Поездка в Канаду и С. Штаты», М. 1888.
     </note>
     написавший две книжки о пьянстве и путешествии по Америке; теперь он написал основательную и полную богатого и совершенно нового для нашей публики материала статью о борьбе с пьянством и прислал ее мне из Читы, где он
     <choice original_editorial_correction="инспект[ор]">
      <sic>
       инспект
      </sic>
      <corr>
       инспектор
      </corr>
     </choice>
     <choice original_editorial_correction="врачебн[ого]">
      <sic>
       врачебн
      </sic>
      <corr>
       врачебного
      </corr>
     </choice>
     <choice original_editorial_correction="упр[авления]">
      <sic>
       упр
      </sic>
      <corr>
       управления
      </corr>
     </choice>
     , с тем, чтобы я напечатал и выговорил бы ему гонорар. Хорошо бы было, если бы вы напечатали ее в своих фельетонах.
     <ref target="#note2">
      2
     </ref>
     <note index="false" resp="volume_editor" xml:id="note2">
      Статья эта в «Новом времени» напечатана не была. Впервые появилась с предисловием Толстого «Для чего люди одурманиваются?» в изд. журнала «Русская мысль» под заглавием «О пьянстве», М. 1891.
     </note>
     По моему расчету, в ней листа 4 печатных. Хорошо бы было,
     <choice original_editorial_correction="п[отому]">
      <sic>
       п
      </sic>
      <corr>
       потому
      </corr>
     </choice>
     <choice original_editorial_correction="ч[то]">
      <sic>
       ч
      </sic>
      <corr>
       что
      </corr>
     </choice>
     желательно просветить большое количество наших невежественных читателей о том, что сделано и делается по этому вопросу в Европе и Америке, а статья вполне достигает этого.
    </p>
    <p id="8e1b0dc5-b7a3-4b4c-922c-a7fb4c284694">
     Знаете ли вы про книгу американского писателя Bellamy, Looking backwards?
     <ref target="#note3">
      3
     </ref>
     <note index="false" resp="volume_editor" xml:id="note3">
      Буржуазно-утопический роман Edward Bellamy, «Looking backward. 2000—1887», Boston 1888. В русском переводе был напечатан в сокращенном виде в «Книжках Недели» 1890, май — июль, под заглавием «Эдуард Беллами. В 2000-м году».
     </note>
     Это замечательная вещь и
     <hi style="opdelimiter">
      имеющая
     </hi>
     <pb n="336"/>
     <hi style="npdelimiter">
      огромный
     </hi>
     успех и теперь переводящаяся на все европейские языки. Я бы советовал вам напечатать ее, она переводится одним моим знакомым.
    </p>
    <p id="60af748b-893c-4db0-860c-8f159433d3a2">
     Так, может быть, до свидания.
    </p>
    <p id="6bc1544d-554d-4212-a82e-ee44a168a674" rend="right">
     <name placement="text" ref="13883" type="person">
      Лев Толстой
     </name>
     .
    </p>
    <noteGrp type="comments">
     <note index="false" type="comments">
      <p id="f9a69a89-1b5b-479d-8014-3874a3d9887d" rend="Textpetit_otstup left">
       Впервые опубликовано в сборнике «Письма русских писателей к А. С. Суворину», Л. 1927, стр. 179—180. Датируется на основании записи в Дневнике Толстого 27 ноября (см. т. 50).
      </p>
     </note>
     <note index="false" type="comments">
      <p id="fbaf2ecc-d0c9-46ac-ae8e-ee3cc00e76f4" rend="petit">
       Ответ на письмо от 21 ноября 1889 г., в котором А. С. Суворин просил разрешить скульптору
       <name placement="comments" ref="1311" type="person">
        Леопольду Адольфовичу Бернштаму
       </name>
       сделать бюст Толстого, для чего Бернштам готов был приехать из Парижа в Ясную Поляну; просил также написать Кузминским, чтобы ему дали на один день для прочтения список «Крейцеровой сонаты», которую, как он слышал, у них читали.
      </p>
     </note>
    </noteGrp>
   </div>
  </body>
 </text>
</TEI>
