<?xml version="1.0" encoding="utf-8"?>
<TEI xmlns="http://www.tei-c.org/ns/1.0" xmlns:xi="http://www.w3.org/2001/XInclude">
 <teiHeader>
  <fileDesc>
   <titleStmt>
    <title xml:id="v64_243_A_F_Koni">
     Письма и документы. Tolstoy Digital
    </title>
    <title type="main">
     Письмо А. Ф. Кони с 15 мая 1888 г. по 31 мая 1888 г.
    </title>
    <title type="bibl">
     Толстой Л. Н. Письмо А. Ф. Кони, 15 мая 1888 г. — 31 мая 1888 г. // Толстой Л. Н. Полное собрание сочинений: в 90 тт. Т. 64. М.: Гос. изд. «Художественная литература», 1953. С.
    </title>
    <respStmt>
     <resp>
      Идея, постановка задач, руководство:
     </resp>
     <name>
      Анастасия Бонч-Осмоловская, Фёкла Толстая, Борис Орехов, Тимофей Лукашевский
     </name>
    </respStmt>
    <respStmt>
     <resp>
      Подготовка TEI/XML:
     </resp>
     <name>
      Евгений Можаев, Даниил Скоринкин, Ирина Павлова, Матвей Колбасов, Елена Сидорова, Кирилл Милинцевич, Лев Буланов, Макар Федоров, Константин Петров
     </name>
    </respStmt>
    <respStmt>
     <resp>
      Подготовка метаданных:
     </resp>
     <name>
      Мария Картышева, Вероника Файнберг
     </name>
    </respStmt>
    <respStmt>
     <resp>
      Разметка имен собственных:
     </resp>
     <name>
      Никита Северин, Елена Северина
     </name>
    </respStmt>
    <respStmt>
     <resp>
      Исправление древнегреческого текста:
     </resp>
     <name>
      Ольга Алиева
     </name>
    </respStmt>
    <funder>
     Проект «Слово Толстого»
    </funder>
   </titleStmt>
   <publicationStmt>
    <publisher>
     <orgName>
      Tolstoy Digital, DH CLOUD, Научно-образовательный союз «Родное Слово» проект «Слово Толстого»
     </orgName>
    </publisher>
    <availability>
     <p id="7843a07f-2205-45dc-afcc-b6006e0a17ac">
      Тексты и метатекстовая разметка доступны для свободного использования и распространения по лицензии Creative Commons Attribution Share-Alike (cc by-sa)
     </p>
    </availability>
    <date from="2015" to="2022"/>
   </publicationStmt>
   <notesStmt>
    <note>
     Публикуемые документы был получены с сайта tolstoy.ru в формате html, переведены в формат TEI. Исправлены некоторые ошибки распознавания. Тексты, написанные в дореформенной орфографии, сопоставлены с их версиями в современной орфографии.
    </note>
   </notesStmt>
   <sourceDesc>
    <biblStruct>
     <analytic>
      <author>
       Толстой Лев Николаевич
      </author>
     </analytic>
     <monogr>
      <title level="m">
       Полное собрание сочинений. Том 64
      </title>
      <imprint>
       <pubPlace>
        Москва
       </pubPlace>
       <publisher>
        Государственное издательство «Художественная литература»
       </publisher>
       <date when="1953"/>
      </imprint>
      <biblScope unit="vol">
       64
      </biblScope>
      <biblScope unit="page">
       172-172
      </biblScope>
     </monogr>
     <series>
      <title level="s">
       Л. Н. Толстой. Полное собрание сочинений: в 90 тт.
      </title>
     </series>
    </biblStruct>
    <bibl>
     Публикуется впервые
    </bibl>
   </sourceDesc>
  </fileDesc>
  <encodingDesc>
   <classDecl>
    <xi:include href="../../reference/taxonomy.xml"/>
   </classDecl>
  </encodingDesc>
  <profileDesc>
   <correspDesc>
    <correspAction type="sending">
     <persName ref="13883">
      Л. Н. Толстой
     </persName>
     <placeName>
      Ясная Поляна
     </placeName>
     <date notAfter="1888-05-31" notBefore="1888-05-15"/>
    </correspAction>
    <correspAction type="receiving">
     <persName ref="6808">
      Кони Анатолий Федорович
     </persName>
    </correspAction>
   </correspDesc>
   <langUsage>
    <language ident="ru"/>
   </langUsage>
   <textClass>
    <catRef ana="#tolstoy_heritage" target="library"/>
    <catRef ana="#letters" target="type"/>
    <catRef ana="#sent" target="sent"/>
   </textClass>
  </profileDesc>
 </teiHeader>
 <xenoData>
  <number type="in a volume">
   243
  </number>
 </xenoData>
 <text xml:id="A__F__Koni_243" xmlns="http://www.tei-c.org/ns/1.0" xmlns:xi="http://www.w3.org/2001/XInclude">
  <body>
   <div>
    <pb n="172"/>
    <opener index="false">
     * 243.
     <name placement="text" ref="6808" type="person">
      А. Ф. Кони
     </name>
     .1888 г. Мая 15—31. Я. П.
    </opener>
    <p id="56425ce3-3a3a-4be3-83b3-6a197a507c57" rend="Obrashenie">
     Уважаемый
     <name placement="text" ref="6808" type="person">
      Анатолий Федорович
     </name>
     ,
    </p>
    <p id="fdf810e5-8d5b-4709-aa58-b2c3d7eca931">
     Благодарю вас за присылку книги.
     <ref target="#note1">
      1
     </ref>
     <note index="false" resp="volume_editor" xml:id="note1">
      А. Ф. Кони, «Судебные речи», СПб. 1888.
     </note>
     Я почти всю прочел ее. Так интересны дела и освещение некоторых из них.
    </p>
    <p id="39bd159b-c6b2-476b-9ee7-e05ce5d5f26a">
     Если живы будем, очень рады будем вас видеть в августе.
    </p>
    <p id="f575f340-de91-430a-ac4c-6713af52ed94">
     Историю Они
     <ref target="#note2">
      2
     </ref>
     <note index="false" resp="volume_editor" xml:id="note2">
      Ударение Толстого.
     </note>
     и ее соблазнителя я одно время хотел написать, т. е. воспользоваться этим сюжетом, и о разрешении этого просил узнать у вас. Но вы ничего не написали об этом.
     <ref target="#note3">
      3
     </ref>
     <note index="false" resp="volume_editor" xml:id="note3">
      В бытность у Толстого Кони рассказал историю из своей судебной практики о
      <name placement="note" ref="10211" type="person">
       Розалии Они
      </name>
      и обещал на этот сюжет написать рассказ для «Посредника».
      <ref target="file:///Volume_64_P__I__Biryukovu_98.xml">
       См. письмо № 98
      </ref>
      . Толстого заинтересовал этот сюжет, и у него возникла мысль самому использовать его.
      <ref target="file:///Volume_64_P__I__Biryukovu_216.xml">
       См. письмо № 216
      </ref>
      . Кони, отвечая Толстому на публикуемое письмо, сообщал, что он не только разрешает, но сам «обращается с просьбой» о том, чтобы Толстой написал такой рассказ. На основе этого сюжета Толстым впоследствии был написан роман «Воскресение». См. тт. 32 и 33.
     </note>
    </p>
    <p id="35754604-0aa0-4ecb-a06b-b3f02befd19c" rend="Obrashenie">
     Так до свиданья.
    </p>
    <p id="667699e1-a1ba-4684-a8be-3ddaf0bcd0a9" rend="right">
     Любящий вас
     <name placement="text" ref="13883" type="person">
      Л. Толстой
     </name>
     .
    </p>
    <noteGrp type="comments">
     <note index="false" type="comments">
      <p id="cea6e0ea-90cd-431b-8113-5f526aa59e73" rend="Textpetit_otstup left">
       Печатается по подлиннику (написано рукой T. Л. Толстой; последняя фраза и подпись рукой Толстого). Датируется на основании писем А. Ф. Кони: от 14 мая 1888 г., на которое отвечает Толстой, и от 1 июня 1888 г. — ответного письма Кони.
      </p>
     </note>
     <note index="false" type="comments">
      <p id="bc66d625-7402-4e36-bf51-7ec0eaae1802" rend="petit">
       <name placement="comments" ref="6808" type="person">
        Анатолий Федорович Кони
       </name>
       (1844—1927) — судебный деятель и писатель-мемуарист, знакомый Толстого с 1887
       <hi style="opdelimiter">
        г.
       </hi>
      </p>
     </note>
    </noteGrp>
   </div>
  </body>
 </text>
</TEI>
