<?xml version="1.0" encoding="utf-8"?>
<TEI xmlns="http://www.tei-c.org/ns/1.0" xmlns:xi="http://www.w3.org/2001/XInclude">
 <teiHeader>
  <fileDesc>
   <titleStmt>
    <title xml:id="v65_121_H_N_Straxovu">
     Письма и документы. Tolstoy Digital
    </title>
    <title type="main">
     Письмо Н. Н. Страхову от 4 августа 1890 г.
    </title>
    <title type="bibl">
     Толстой Л. Н. Письмо Н. Н. Страхову, 4 августа 1890 г. // Толстой Л. Н. Полное собрание сочинений: в 90 тт. Т. 65. М.: Гос. изд. «Художественная литература», 1953. С.
    </title>
    <respStmt>
     <resp>
      Идея, постановка задач, руководство:
     </resp>
     <name>
      Анастасия Бонч-Осмоловская, Фёкла Толстая, Борис Орехов, Тимофей Лукашевский
     </name>
    </respStmt>
    <respStmt>
     <resp>
      Подготовка TEI/XML:
     </resp>
     <name>
      Евгений Можаев, Даниил Скоринкин, Ирина Павлова, Матвей Колбасов, Елена Сидорова, Кирилл Милинцевич, Лев Буланов, Макар Федоров, Константин Петров
     </name>
    </respStmt>
    <respStmt>
     <resp>
      Подготовка метаданных:
     </resp>
     <name>
      Мария Картышева, Вероника Файнберг
     </name>
    </respStmt>
    <respStmt>
     <resp>
      Разметка имен собственных:
     </resp>
     <name>
      Никита Северин, Елена Северина
     </name>
    </respStmt>
    <respStmt>
     <resp>
      Исправление древнегреческого текста:
     </resp>
     <name>
      Ольга Алиева
     </name>
    </respStmt>
    <funder>
     Проект «Слово Толстого»
    </funder>
   </titleStmt>
   <publicationStmt>
    <publisher>
     <orgName>
      Tolstoy Digital, DH CLOUD, Научно-образовательный союз «Родное Слово» проект «Слово Толстого»
     </orgName>
    </publisher>
    <availability>
     <p id="af5cae89-4414-40f2-9abe-e49cfe0c9c9c">
      Тексты и метатекстовая разметка доступны для свободного использования и распространения по лицензии Creative Commons Attribution Share-Alike (cc by-sa)
     </p>
    </availability>
    <date from="2015" to="2022"/>
   </publicationStmt>
   <notesStmt>
    <note>
     Публикуемые документы был получены с сайта tolstoy.ru в формате html, переведены в формат TEI. Исправлены некоторые ошибки распознавания. Тексты, написанные в дореформенной орфографии, сопоставлены с их версиями в современной орфографии.
    </note>
   </notesStmt>
   <sourceDesc>
    <biblStruct>
     <analytic>
      <author>
       Толстой Лев Николаевич
      </author>
     </analytic>
     <monogr>
      <title level="m">
       Полное собрание сочинений. Том 65
      </title>
      <imprint>
       <pubPlace>
        Москва
       </pubPlace>
       <publisher>
        Государственное издательство «Художественная литература»
       </publisher>
       <date when="1953"/>
      </imprint>
      <biblScope unit="vol">
       65
      </biblScope>
      <biblScope unit="page">
       136-137
      </biblScope>
     </monogr>
     <series>
      <title level="s">
       Л. Н. Толстой. Полное собрание сочинений: в 90 тт.
      </title>
     </series>
    </biblStruct>
    <bibl/>
   </sourceDesc>
  </fileDesc>
  <encodingDesc>
   <classDecl>
    <xi:include href="../../reference/taxonomy.xml"/>
   </classDecl>
  </encodingDesc>
  <profileDesc>
   <correspDesc>
    <correspAction type="sending">
     <persName ref="13883">
      Л. Н. Толстой
     </persName>
     <placeName>
      Ясная Поляна
     </placeName>
     <date when="1890-08-04"/>
    </correspAction>
    <correspAction type="receiving">
     <persName ref="13258">
      Страхов Николай Николаевич
     </persName>
    </correspAction>
   </correspDesc>
   <langUsage>
    <language ident="ru"/>
   </langUsage>
   <textClass>
    <catRef ana="#tolstoy_heritage" target="library"/>
    <catRef ana="#letters" target="type"/>
    <catRef ana="#sent" target="sent"/>
   </textClass>
  </profileDesc>
 </teiHeader>
 <xenoData>
  <number type="in a volume">
   121
  </number>
 </xenoData>
 <text xml:id="H.N.Straxovu_121" xmlns="http://www.tei-c.org/ns/1.0" xmlns:xi="http://www.w3.org/2001/XInclude">
  <body>
   <div>
    <pb n="136"/>
    <opener index="false">
     121. H. Н. Страхову.1890 г. Августа 4. Я. П.
    </opener>
    <p id="4730fb7b-bd72-416b-9925-503969deae6d">
     Спасибо за хорошее письмо ваше, дорогой
     <name placement="text" ref="13258" type="person">
      Николай Николаевич
     </name>
     , я решил сначала, что не стоит отвечать на него,
     <choice original_editorial_correction="п[отому]">
      <sic>
       п
      </sic>
      <corr>
       потому
      </corr>
     </choice>
     <choice original_editorial_correction="ч[то]">
      <sic>
       ч
      </sic>
      <corr>
       что
      </corr>
     </choice>
     вы сами будете;
     <ref target="#note1">
      1
     </ref>
     <note index="false" resp="volume_editor" xml:id="note1">
      Страхов заезжал в Ясную Поляну на обратном пути из Воробьевки в Петербург и пробыл у Толстого с 8 по 10 августа.
     </note>
     но потом подумал, что вы захотите знать, прежде чем заехать, живы ли мы, здоровы [ли] мы, и испугался, что делаю нехорошо, не отвечая. Мы живы, здоровы и больше, чем всегда, под свежим впечатлением месяца, проведенного с вами, желаем вас видеть поскорее и подольше. Мне очень стыдно, что находящая на меня иногда мрачность могла подать вам повод думать, что вы могли быть неприятны когда-нибудь и чем-нибудь мне. Мне очень совестно за это. Жду вас с истинной любовью. Мой душевный привет
     <choice original_editorial_correction="Афанас[ию]">
      <sic>
       Афанас
      </sic>
      <corr>
       Афанасию
      </corr>
     </choice>
     <choice original_editorial_correction="Аф[анасьевичу]">
      <sic>
       Аф
      </sic>
      <corr>
       Афанасьевичу
      </corr>
     </choice>
     и
     <choice original_editorial_correction="Мар[ье]">
      <sic>
       Мар
      </sic>
      <corr>
       Марье
      </corr>
     </choice>
     <choice original_editorial_correction="Петр[овне]">
      <sic>
       Петр
      </sic>
      <corr>
       Петровне
      </corr>
     </choice>
     .
     <ref target="#note2">
      2
     </ref>
     <note index="false" resp="volume_editor" xml:id="note2">
      <name placement="note" ref="14499" type="person">
       Афанасий Афанасьевич Фет
      </name>
      (1820—1892) и его жена
      <name placement="note" ref="14500" type="person">
       Мария Петровна
      </name>
      , рожд. Боткина (1828—1894).
     </note>
     Сережа сочиняет романсы и потому держит у себя книгу
     <choice original_editorial_correction="стихотв[орений]">
      <sic>
       стихотв
      </sic>
      <corr>
       стихотворений
      </corr>
     </choice>
     Фета.
     <ref target="#note3">
      3
     </ref>
     <note index="false" resp="volume_editor" xml:id="note3">
      В издании Юргенсона напечатаны два романса С. Л. Толстого на слова Фета: «Я пришел к тебе с приветом» и «Мы встретились вновь после долгой разлуки».
     </note>
     Я проходя заглянул в нее в элегии и, каюсь, прочитал многие из них с большим удовольствием. — Наши вам кланяются и ждут, равно и прекрасный кумыс. —
    </p>
    <p id="fb7d2e80-5df1-4604-90f8-8356c4373bb2" rend="right">
     Ваш Л. Т.
    </p>
    <noteGrp type="comments">
     <note index="false" type="comments">
      <p id="10cd0e87-0c45-4da3-aaca-c8c6e7881e18" rend="Textpetit_otstup left">
       Впервые опубликовано в ПС, стр. 408—409. Дата определяется пометой H. Н. Страхова на автографе: «4 авг. 1890 г.».
      </p>
     </note>
     <note index="false" type="comments">
      <p id="762f776c-bb0a-4326-9194-ac2b0c80ba85" rend="petit">
       Ответ на письмо Страхова от 24 июля 1890 г. из имения Фета Воробьевка в Щигровском уезде Курской губ. (см. ПС, стр. 406—408).
      </p>
     </note>
    </noteGrp>
   </div>
  </body>
 </text>
</TEI>
