<?xml version="1.0" encoding="utf-8"?>
<TEI xmlns="http://www.tei-c.org/ns/1.0" xmlns:xi="http://www.w3.org/2001/XInclude">
 <teiHeader>
  <fileDesc>
   <titleStmt>
    <title xml:id="v65_032_L_E_Dushkinu">
     Письма и документы. Tolstoy Digital
    </title>
    <title type="main">
     Письмо Л. Е. Душкину от 15 марта 1890 г.
    </title>
    <title type="bibl">
     Толстой Л. Н. Письмо Л. Е. Душкину, 15 марта 1890 г. // Толстой Л. Н. Полное собрание сочинений: в 90 тт. Т. 65. М.: Гос. изд. «Художественная литература», 1953. С.
    </title>
    <respStmt>
     <resp>
      Идея, постановка задач, руководство:
     </resp>
     <name>
      Анастасия Бонч-Осмоловская, Фёкла Толстая, Борис Орехов, Тимофей Лукашевский
     </name>
    </respStmt>
    <respStmt>
     <resp>
      Подготовка TEI/XML:
     </resp>
     <name>
      Евгений Можаев, Даниил Скоринкин, Ирина Павлова, Матвей Колбасов, Елена Сидорова, Кирилл Милинцевич, Лев Буланов, Макар Федоров, Константин Петров
     </name>
    </respStmt>
    <respStmt>
     <resp>
      Подготовка метаданных:
     </resp>
     <name>
      Мария Картышева, Вероника Файнберг
     </name>
    </respStmt>
    <respStmt>
     <resp>
      Разметка имен собственных:
     </resp>
     <name>
      Никита Северин, Елена Северина
     </name>
    </respStmt>
    <respStmt>
     <resp>
      Исправление древнегреческого текста:
     </resp>
     <name>
      Ольга Алиева
     </name>
    </respStmt>
    <funder>
     Проект «Слово Толстого»
    </funder>
   </titleStmt>
   <publicationStmt>
    <publisher>
     <orgName>
      Tolstoy Digital, DH CLOUD, Научно-образовательный союз «Родное Слово» проект «Слово Толстого»
     </orgName>
    </publisher>
    <availability>
     <p id="7d5c7e39-4946-45e4-ad74-2b7914b04b75">
      Тексты и метатекстовая разметка доступны для свободного использования и распространения по лицензии Creative Commons Attribution Share-Alike (cc by-sa)
     </p>
    </availability>
    <date from="2015" to="2022"/>
   </publicationStmt>
   <notesStmt>
    <note>
     Публикуемые документы был получены с сайта tolstoy.ru в формате html, переведены в формат TEI. Исправлены некоторые ошибки распознавания. Тексты, написанные в дореформенной орфографии, сопоставлены с их версиями в современной орфографии.
    </note>
   </notesStmt>
   <sourceDesc>
    <biblStruct>
     <analytic>
      <author>
       Толстой Лев Николаевич
      </author>
     </analytic>
     <monogr>
      <title level="m">
       Полное собрание сочинений. Том 65
      </title>
      <imprint>
       <pubPlace>
        Москва
       </pubPlace>
       <publisher>
        Государственное издательство «Художественная литература»
       </publisher>
       <date when="1953"/>
      </imprint>
      <biblScope unit="vol">
       65
      </biblScope>
      <biblScope unit="page">
       43-43
      </biblScope>
     </monogr>
     <series>
      <title level="s">
       Л. Н. Толстой. Полное собрание сочинений: в 90 тт.
      </title>
     </series>
    </biblStruct>
    <bibl>
     Публикуется впервые
    </bibl>
   </sourceDesc>
  </fileDesc>
  <encodingDesc>
   <classDecl>
    <xi:include href="../../reference/taxonomy.xml"/>
   </classDecl>
  </encodingDesc>
  <profileDesc>
   <correspDesc>
    <correspAction type="sending">
     <persName ref="13883">
      Л. Н. Толстой
     </persName>
     <placeName>
      Ясная Поляна
     </placeName>
     <date when="1890-03-15"/>
    </correspAction>
    <correspAction type="receiving">
     <persName ref="4726">
      Душкин Леонтий Евсеевич (Дужкин)
     </persName>
    </correspAction>
   </correspDesc>
   <langUsage>
    <language ident="ru"/>
   </langUsage>
   <textClass>
    <catRef ana="#tolstoy_heritage" target="library"/>
    <catRef ana="#letters" target="type"/>
    <catRef ana="#sent" target="sent"/>
   </textClass>
  </profileDesc>
 </teiHeader>
 <xenoData>
  <number type="in a volume">
   32
  </number>
 </xenoData>
 <text xml:id="L.E.Dushkinu_32" xmlns="http://www.tei-c.org/ns/1.0" xmlns:xi="http://www.w3.org/2001/XInclude">
  <body>
   <div>
    <pb n="43"/>
    <opener index="false">
     * 32.
     <name placement="text" ref="4726" type="person">
      Л. Е. Душкину
     </name>
     .1890 г. Марта 15. Я. П.
    </opener>
    <p id="f9f89dfd-3fd5-4332-a2f6-6d6deaa1af59">
     Долго не отвечал на ваше письмо, потому что был болен. Когда получил, многое хотелось сказать вам; теперь забыл.
    </p>
    <p id="51b2b772-9bfa-494d-994d-7df90c20e1e7">
     Помню одно: «иго мое благо, и бремя мое легко», — иго, а не подушка, — иго и бремя. Если оно вам кажется тяжелым, то только потому, что вы представляете себе, может быть, благо при полном отсутствии ига. Оно легко, но — иго. И вы наверное узнаете это, когда проживете подольше так, как вы живете.
    </p>
    <p id="026ca7c3-7dc0-4c95-9a25-88735bebecb4">
     А насколько я могу судить, вы живете хорошо, и помогай вам бог.
    </p>
    <noteGrp type="comments">
     <note index="false" type="comments">
      <p id="90c9cad2-af0c-4740-94e9-96cf794a1c78" rend="Textpetit_otstup left">
       Печатается по копии рукой В. Г. Черткова. Дата копии подтверждается записью в Дневнике Толстого 15 марта (см. т. 51, стр. 27).
      </p>
     </note>
     <note index="false" type="comments">
      <p id="403f2fd5-d64c-4aff-804b-fd07cc48daa9" rend="petit">
       Леонтий
       <name placement="comments" ref="4726" type="person">
        Евсеевич Душкин
       </name>
       (1865—1898 или 1899) — слесарь-механик. Познакомился с Толстым в 1889 г.; несколько раз бывал у Толстого в Москве. См. т. 50, стр. 124.
      </p>
     </note>
     <note index="false" type="comments">
      <p id="2c966229-c336-475e-9059-a2ca2e449d98" rend="petit">
       Ответ на письмо Душкина из Петербурга от 25 февраля 1890 г., в котором Душкин писал о своих сомнениях, вызванных противоречием его жизни и взглядов.
      </p>
     </note>
    </noteGrp>
   </div>
  </body>
 </text>
</TEI>
