<?xml version="1.0" encoding="utf-8"?>
<TEI xmlns="http://www.tei-c.org/ns/1.0" xmlns:xi="http://www.w3.org/2001/XInclude">
 <teiHeader>
  <fileDesc>
   <titleStmt>
    <title xml:id="v65_100_A_BalluAdinBallou">
     Письма и документы. Tolstoy Digital
    </title>
    <title type="main">
     Письмо А. Баллу (Adin Ballou) от 30 июня 1890 г.
    </title>
    <title type="bibl">
     Толстой Л. Н. Письмо А. Баллу (Adin Ballou), 30 июня 1890 г. // Толстой Л. Н. Полное собрание сочинений: в 90 тт. Т. 65. М.: Гос. изд. «Художественная литература», 1953. С.
    </title>
    <respStmt>
     <resp>
      Идея, постановка задач, руководство:
     </resp>
     <name>
      Анастасия Бонч-Осмоловская, Фёкла Толстая, Борис Орехов, Тимофей Лукашевский
     </name>
    </respStmt>
    <respStmt>
     <resp>
      Подготовка TEI/XML:
     </resp>
     <name>
      Евгений Можаев, Даниил Скоринкин, Ирина Павлова, Матвей Колбасов, Елена Сидорова, Кирилл Милинцевич, Лев Буланов, Макар Федоров, Константин Петров
     </name>
    </respStmt>
    <respStmt>
     <resp>
      Подготовка метаданных:
     </resp>
     <name>
      Мария Картышева, Вероника Файнберг
     </name>
    </respStmt>
    <respStmt>
     <resp>
      Разметка имен собственных:
     </resp>
     <name>
      Никита Северин, Елена Северина
     </name>
    </respStmt>
    <respStmt>
     <resp>
      Исправление древнегреческого текста:
     </resp>
     <name>
      Ольга Алиева
     </name>
    </respStmt>
    <funder>
     Проект «Слово Толстого»
    </funder>
   </titleStmt>
   <publicationStmt>
    <publisher>
     <orgName>
      Tolstoy Digital, DH CLOUD, Научно-образовательный союз «Родное Слово» проект «Слово Толстого»
     </orgName>
    </publisher>
    <availability>
     <p id="eeb543e6-2d19-4814-a1ff-0fbe792d836d">
      Тексты и метатекстовая разметка доступны для свободного использования и распространения по лицензии Creative Commons Attribution Share-Alike (cc by-sa)
     </p>
    </availability>
    <date from="2015" to="2022"/>
   </publicationStmt>
   <notesStmt>
    <note>
     Публикуемые документы был получены с сайта tolstoy.ru в формате html, переведены в формат TEI. Исправлены некоторые ошибки распознавания. Тексты, написанные в дореформенной орфографии, сопоставлены с их версиями в современной орфографии.
    </note>
   </notesStmt>
   <sourceDesc>
    <biblStruct>
     <analytic>
      <author>
       Толстой Лев Николаевич
      </author>
     </analytic>
     <monogr>
      <title level="m">
       Полное собрание сочинений. Том 65
      </title>
      <imprint>
       <pubPlace>
        Москва
       </pubPlace>
       <publisher>
        Государственное издательство «Художественная литература»
       </publisher>
       <date when="1953"/>
      </imprint>
      <biblScope unit="vol">
       65
      </biblScope>
      <biblScope unit="page">
       111-114
      </biblScope>
     </monogr>
     <series>
      <title level="s">
       Л. Н. Толстой. Полное собрание сочинений: в 90 тт.
      </title>
     </series>
    </biblStruct>
    <bibl>
     Публикуется впервые
    </bibl>
   </sourceDesc>
  </fileDesc>
  <encodingDesc>
   <classDecl>
    <xi:include href="../../reference/taxonomy.xml"/>
   </classDecl>
  </encodingDesc>
  <profileDesc>
   <correspDesc>
    <correspAction type="sending">
     <persName ref="13883">
      Л. Н. Толстой
     </persName>
     <placeName>
      Ясная Поляна
     </placeName>
     <date when="1890-06-30"/>
    </correspAction>
    <correspAction type="receiving">
     <persName ref="919">
      Баллу Адин (Ballou) (Adin Ballou)
     </persName>
    </correspAction>
   </correspDesc>
   <langUsage>
    <language ident="ru"/>
   </langUsage>
   <textClass>
    <catRef ana="#tolstoy_heritage" target="library"/>
    <catRef ana="#letters" target="type"/>
    <catRef ana="#sent" target="sent"/>
   </textClass>
  </profileDesc>
 </teiHeader>
 <xenoData>
  <number type="in a volume">
   100
  </number>
 </xenoData>
 <text xml:id="A.BalluAdinBallou_100" xmlns="http://www.tei-c.org/ns/1.0" xmlns:xi="http://www.w3.org/2001/XInclude">
  <body>
   <div>
    <pb n="111"/>
    <opener index="false">
     100.
     <name placement="text" ref="919" type="person">
      Адину Баллу (Adin Ballou)
     </name>
     .1890г. Июня 30. Я. П.
    </opener>
    <p id="5e798e5d-2279-4b7c-8f97-517c80d90ba4">
     Dear friend and brother, I seldom experienced such true and great pleasure as I experienced at the reading of your truly brotherly and Christian letter. I thank you very much for the books and tracts that you sent me.
     <ref target="#note1">
      1
     </ref>
     <note index="false" resp="volume_editor" xml:id="note1">
      Баллу прислал Толстому брошюру «Non-resistance catechism» («Катехизис непротивления»), Hopedale, Milford, и несколько других книг по вопросам религии. Катехизис был переведен гостившим у Толстого H. Н. Страховым. Толстой, исправляя этот перевод, задумал написать к нему предисловие (одновременно и к «Декларации Гаррисона»), положившее начало большому трактату «Царство божие внутри вас». См. т. 28.
     </note>
     I received them safely and have read with great pleasure and profit some of them. The non-resistant catechism I have translated and will circulate it among our friends. It is remarkably well put in such a compacte, form the chief truths of our faith. What are your relations to the declaration of sentiments of the non-resistance society started by Garrison?
     <ref target="#note2">
      2
     </ref>
     <note index="false" resp="volume_editor" xml:id="note2">
      Вильям-Ллойд Гаррисон (William Lloyd Garrison, 1805—1879), американский общественный деятель, выступавший за освобождение негров; сторонник учения о непротивлении злу насилием, основатель обществ и журнала «Non-resistant» («Непротивляющийся») в Бостоне.
     </note>
     Were you a member of it at the time? I quite agree with you that Christianity will never enter its promised land till the divine truth of the non-resistance principle shall be recognized, but not the nominal church will recognize it. I am fully convinced that the churches are and have always been the worst enemies of Christ’s work. They have always led humanity not in the way of Christ, but out of it. I think that all we can say and wish about church is to try to be a member of Christ’s church, but we never can define the church itself, its limits, and affirm, that we are members of the sole, true church.
    </p>
    <p id="15bda9fa-065d-4a3c-bfc0-7ac735ecc10e">
     With true brotherly love and highest respect, I remain your friend and brother
    </p>
    <p id="82416351-62c2-4fc7-9c40-6275deb200c9" rend="right">
     Leo Tolstoy.
    </p>
    <noteGrp type="comments">
     <note index="false" type="comments">
      <p id="1f4ff5f2-fc92-4a16-b91c-cc4dadd49665" rend="Textpetit_otstup left">
       Дорогой друг и брат, я редко испытывал такое истинное и большое удовольствие, как при чтении вашего истинно братского и христианского письма. Очень благодарю вас за книги и брошюры, которые вы мне прислали.
       <ref target="#note3">
        3
       </ref>
       <note index="false" resp="volume_editor" xml:id="note3">
        Баллу прислал Толстому брошюру «Non-resistance catechism» («Катехизис непротивления»), Hopedale, Milford, и несколько других книг по вопросам религии. Катехизис был переведен гостившим у Толстого H. Н. Страховым. Толстой, исправляя этот перевод, задумал написать к нему предисловие (одновременно и к «Декларации Гаррисона»), положившее начало большому трактату «Царство божие внутри вас». См. т. 28.
       </note>
       Я получил их благополучно и некоторые из них прочел с большим удовольствием и пользой. Катехизис непротивляющихся я перевел и буду распространять его среди наших друзей. В нем замечательно хорошо изложены в такой сжатой форме главные истины нашей веры. Каково
       <hi style="opdelimiter">
        ваше
       </hi>
       <pb n="114"/>
       <hi style="npdelimiter">
        отношение
       </hi>
       к декларации взглядов общества непротивления, основанного Гаррисоном?
       <ref target="#note4">
        4
       </ref>
       <note index="false" resp="volume_editor" xml:id="note4">
        Вильям-Ллойд Гаррисон (William Lloyd Garrison, 1805—1879), американский общественный деятель, выступавший за освобождение негров; сторонник учения о непротивлении злу насилием, основатель обществ и журнала «Non-resistant» («Непротивляющийся») в Бостоне.
       </note>
       Состояли вы его членом в то время? Я совершенно согласен с вами, что христианство никогда не войдет в свою обетованную землю, пока божественная истина принципа непротивления не получит признания. Но признана она будет не так называемой церковью. Я совершенно убежден, что церкви всегда были и остались злейшими врагами дела Христа. Они всегда вели человечество не по пути Христа, а в сторону от него. Я думаю, что всё, что мы можем сказать и желать относительно церкви, это пытаться быть членом Христовой церкви; но мы никогда не можем определить самую церковь, ее границы и утверждать, что мы члены единой, истинной церкви.
      </p>
     </note>
     <note index="false" type="comments">
      <p id="8d2e98d0-0f2b-49aa-8f62-d10d2020e891" rend="petit">
       С истинно братской любовью и полным уважением остаюсь вашим другом и братом.
      </p>
     </note>
     <note index="false" type="comments">
      <p id="f4fe4722-45d0-44b8-9798-8c6e61159369" rend="right petit">
       <name placement="comments" ref="13883" type="person">
        Лев Толстой
       </name>
       .
      </p>
     </note>
     <note index="false" type="comments">
      <p id="2d7dd64f-3e45-45e2-b7cb-f83259dd6070" rend="Textpetit_otstup left">
       Печатается по копии рукой В. Г. Черткова. Ввиду того, что об этом письме нет упоминания в «Автобиографии Адина Баллу» и что оно не вошло ни в рукописную тетрадь
       <name placement="comments" ref="2576" type="person">
        Льюиса Вильсона
       </name>
       , ни в опубликованную им в журнале «The Arena» переписку Толстого с Баллу, приходится вывести заключение, что подлинник не дошел до Баллу. Дата копии подтверждается записью в Дневнике Толстого 1 июля (т. 51, стр. 56) и упоминанием этого письма под датой «30 июня» в Списке В. Г. Черткова.
      </p>
     </note>
     <note index="false" type="comments">
      <p id="f1c103c6-5fbc-444c-a778-bdbba8659c70" rend="petit">
       Ответ на письмо Баллу от 30 мая нов. ст. 1890 г., написанное в ответ на письмо Толстого от 21—24 февраля 1890 г. (см. № 26). Баллу благодарил Толстого за «разъяснение мысли относительно допущения компромисса на практике» и писал о своем нежелании «пререкаться относительно словесных разногласий».
      </p>
     </note>
    </noteGrp>
   </div>
  </body>
 </text>
</TEI>
