<?xml version="1.0" encoding="utf-8"?>
<TEI xmlns="http://www.tei-c.org/ns/1.0" xmlns:xi="http://www.w3.org/2001/XInclude">
 <teiHeader>
  <fileDesc>
   <titleStmt>
    <title xml:id="v65_216_N_N_Gesynu">
     Письма и документы. Tolstoy Digital
    </title>
    <title type="main">
     Письмо Н. Н. Ге (сыну) от 23 января 1891 г.
    </title>
    <title type="bibl">
     Толстой Л. Н. Письмо Н. Н. Ге (сыну), 23 января 1891 г. // Толстой Л. Н. Полное собрание сочинений: в 90 тт. Т. 65. М.: Гос. изд. «Художественная литература», 1953. С.
    </title>
    <respStmt>
     <resp>
      Идея, постановка задач, руководство:
     </resp>
     <name>
      Анастасия Бонч-Осмоловская, Фёкла Толстая, Борис Орехов, Тимофей Лукашевский
     </name>
    </respStmt>
    <respStmt>
     <resp>
      Подготовка TEI/XML:
     </resp>
     <name>
      Евгений Можаев, Даниил Скоринкин, Ирина Павлова, Матвей Колбасов, Елена Сидорова, Кирилл Милинцевич, Лев Буланов, Макар Федоров, Константин Петров
     </name>
    </respStmt>
    <respStmt>
     <resp>
      Подготовка метаданных:
     </resp>
     <name>
      Мария Картышева, Вероника Файнберг
     </name>
    </respStmt>
    <respStmt>
     <resp>
      Разметка имен собственных:
     </resp>
     <name>
      Никита Северин, Елена Северина
     </name>
    </respStmt>
    <respStmt>
     <resp>
      Исправление древнегреческого текста:
     </resp>
     <name>
      Ольга Алиева
     </name>
    </respStmt>
    <funder>
     Проект «Слово Толстого»
    </funder>
   </titleStmt>
   <publicationStmt>
    <publisher>
     <orgName>
      Tolstoy Digital, DH CLOUD, Научно-образовательный союз «Родное Слово» проект «Слово Толстого»
     </orgName>
    </publisher>
    <availability>
     <p id="5f40b88b-c2bd-4a8a-b715-bde5e1786207">
      Тексты и метатекстовая разметка доступны для свободного использования и распространения по лицензии Creative Commons Attribution Share-Alike (cc by-sa)
     </p>
    </availability>
    <date from="2015" to="2022"/>
   </publicationStmt>
   <notesStmt>
    <note>
     Публикуемые документы был получены с сайта tolstoy.ru в формате html, переведены в формат TEI. Исправлены некоторые ошибки распознавания. Тексты, написанные в дореформенной орфографии, сопоставлены с их версиями в современной орфографии.
    </note>
   </notesStmt>
   <sourceDesc>
    <biblStruct>
     <analytic>
      <author>
       Толстой Лев Николаевич
      </author>
     </analytic>
     <monogr>
      <title level="m">
       Полное собрание сочинений. Том 65
      </title>
      <imprint>
       <pubPlace>
        Москва
       </pubPlace>
       <publisher>
        Государственное издательство «Художественная литература»
       </publisher>
       <date when="1953"/>
      </imprint>
      <biblScope unit="vol">
       65
      </biblScope>
      <biblScope unit="page">
       225-227
      </biblScope>
     </monogr>
     <series>
      <title level="s">
       Л. Н. Толстой. Полное собрание сочинений: в 90 тт.
      </title>
     </series>
    </biblStruct>
    <bibl/>
   </sourceDesc>
  </fileDesc>
  <encodingDesc>
   <classDecl>
    <xi:include href="../../reference/taxonomy.xml"/>
   </classDecl>
  </encodingDesc>
  <profileDesc>
   <correspDesc>
    <correspAction type="sending">
     <persName ref="13883">
      Л. Н. Толстой
     </persName>
     <placeName>
      Ясная Поляна
     </placeName>
     <date when="1891-01-23"/>
    </correspAction>
    <correspAction type="receiving">
     <persName ref="3191">
      Ге Николай Николаевич (сын художника)
     </persName>
    </correspAction>
   </correspDesc>
   <langUsage>
    <language ident="ru"/>
   </langUsage>
   <textClass>
    <catRef ana="#tolstoy_heritage" target="library"/>
    <catRef ana="#letters" target="type"/>
    <catRef ana="#sent" target="sent"/>
   </textClass>
  </profileDesc>
 </teiHeader>
 <xenoData>
  <number type="in a volume">
   216
  </number>
 </xenoData>
 <text xml:id="N.N.Gesynu_216" xmlns="http://www.tei-c.org/ns/1.0" xmlns:xi="http://www.w3.org/2001/XInclude">
  <body>
   <div>
    <pb n="225"/>
    <opener index="false">
     * 216.
     <name placement="text" ref="3192" type="person">
      Н. Н. Ге
     </name>
     (сыну).1891 г. Января 23. Я. П.
    </opener>
    <p id="3d760cf8-e6a2-447b-aa1f-c58b133f8e39">
     Хилков пишет мне и жалуется на вас, дорогой друг Колечка, за то, что вы не заехали к нему. Я отвечал ему и утешал
     <hi style="opdelimiter">
      его.
     </hi>
    </p>
    <p id="d867ab63-74b4-4aef-8474-2c4c97ba12f6">
     <pb n="226"/>
     <hi style="npdelimiter">
      Очень
     </hi>
     сочувствую вам, милый друг, в том вмешательстве церковности и правительства в вашу жизнь, которое произошло без вас и угрожает вам. Знаю я по себе, что, грешный человек, часто желаю столкновений с ними, в которых бы я мог с достаточным основанием высказать свое отношение к ним, но как только случится или узнаю, что будет такое столкновение, так начинает усиленно биться сердце и является раздражение, которое я не одобряю в себе. Так вот, этому состоянию я сочувствую, предполагая, что в вас тем же вызывается то же. Решили вы с Гапкой прекрасно, и в этом уж сочувствую радостно.
     <ref target="#note1">
      1
     </ref>
     <note index="false" resp="volume_editor" xml:id="note1">
      Н. Н. Ге с женой решили не крестить ребенка, несмотря на угрозы со стороны властей.
     </note>
    </p>
    <p id="2302d303-4738-46f5-9fda-76851b1be6de">
     Хилков огорчен, что вы не заехали, потому что особенно дорожит общением и об этом пишет. Предполагает что-то вроде съездов. Я отвечал ему, как я понимаю: прежде я бы еще колебался, а теперь для меня это ясно и несомненно. Всякое оглядывание назад есть остановка и отклонение. Как в сказках, чтобы достать желтую воду
     <ref target="#note2">
      2
     </ref>
     <note index="false" resp="volume_editor" xml:id="note2">
      Очевидно, ошибка в копии, следует читать: живую воду. См.
     </note>
     и поющее дерево, надо итти и главное не оглядываться. И какая страшная непреодолимая сила каждого из нас (всех людей) могла бы, да и может быть, если бы мы совсем, совсем не думали ни о себе, ни о суждениях людских, а делали бы только для бога и боговским орудием, любовью. А чтобы достичь этого, одно из условий — не оглядываться и вперед не смотреть.
    </p>
    <p id="b994d78e-abbf-489d-8f99-df3cea1c17a3">
     После вас был Клобский.
     <ref target="#note3">
      3
     </ref>
     <note index="false" resp="volume_editor" xml:id="note3">
      <name placement="note" ref="6516" type="person">
       Иван Михайлович Клобский
      </name>
      , или Клопский (1852—1898), бывший семинарист и потом студент Московского и Петербургского университетов; участник земледельческих общин; подозревался в провокаторстве. В 1896 г. эмигрировал в Америку, где в 1898 г. был раздавлен трамваем. Клобского описал А. М. Горький под названием «Толстовец» в «Моих университетах». См. т. 50 и т. 83, стр. 565.
     </note>
     И представьте, он стал очень, очень хорош. Я был очень рад его видеть, и особенно таким.
    </p>
    <p id="f66eb5e8-bb9c-48b7-b6fa-403ccf236d1c">
     Мы живем по-старому. Я понемногу подвигаюсь и в работе, хотел сказать и
     <hi>
      в жизни
     </hi>
     , да не могу. Что картина?
     <ref target="#note4">
      4
     </ref>
     <note index="false" resp="volume_editor" xml:id="note4">
      Картина Н. Н. Ге «Совесть».
     </note>
     Я уже боюсь, что сказал. Я знаю, как в те времена, когда пишешь, бываешь чувствителен ко всяким намекам. Что картина старая?
     <ref target="#note5">
      5
     </ref>
     <note index="false" resp="volume_editor" xml:id="note5">
      «Что есть истина?»
     </note>
    </p>
    <p id="b5c0bfc7-2b2b-4da4-a097-e9a66de26116">
     <choice original_editorial_correction="Григ[орий]">
      <sic>
       Григ
      </sic>
      <corr>
       <name placement="text" ref="11904" type="person">
        Григорий
       </name>
      </corr>
     </choice>
     <choice original_editorial_correction="Семен[ович]">
      <sic>
       <name placement="text" ref="11904" type="person">
        Семен
       </name>
      </sic>
      <corr>
       <name placement="text" ref="11904" type="person">
        Семенович
       </name>
      </corr>
     </choice>
     <ref target="#note6">
      6
     </ref>
     <note index="false" resp="volume_editor" xml:id="note6">
      <name placement="text" ref="11904" type="person">
       Рубан-Щуровский
      </name>
      .
     </note>
     и Чертков навели меня опять на писанье об искусстве, да не об искусстве одном, а о науке и искусстве.
     <ref target="#note7">
      7
     </ref>
     <note index="false" resp="volume_editor" xml:id="note7">
      См. т. 30 — «Историю писания и печатания трактата и статей об искусстве».
     </note>
     И немного подвигаюсь. Не запутал еще. Очень бы хотелось сказать. Вы не думайте, что я спрашиваю о картинах, а о ягнятах забыл и им не сочувствую. Очень сочувствую и ягнятам, и телятам, и курам, и всей этой доброй жизни.
     <ref target="#note8">
      8
     </ref>
     <note index="false" resp="volume_editor" xml:id="note8">
      В недатированном письме к отцу (см. прим. к письму № 203) из Ясной Поляны, к которому сделал приписку Толстой, Н. Н. Ге (сын) просил свою жену брать их теленка и овечку на ночь в хату, чтобы уберечь от сильных морозов.
     </note>
    </p>
    <p id="cfabf567-837f-40bf-a832-866a489d0330">
     Ну, прощайте, друг, не забывайте, пишите с отцом хоть по словечку. Целуйте отца, кланяйтесь жене, матери,
     <choice original_editorial_correction="Григ[орию]">
      <sic>
       Григ
      </sic>
      <corr>
       <name placement="text" ref="11904" type="person">
        Григорию
       </name>
      </corr>
     </choice>
     <choice original_editorial_correction="Семен[овичу]">
      <sic>
       <name placement="text" ref="11904" type="person">
        Семен
       </name>
      </sic>
      <corr>
       <name placement="text" ref="11904" type="person">
        Семеновичу
       </name>
      </corr>
     </choice>
     , Зое. Целуйте детей. Наши все вас всегда любят очень. Лева в Москве и писал оттуда хорошее письмо. Эльпидифоровну приветствую и Ковальского.
     <ref target="#note9">
      9
     </ref>
     <note index="false" resp="volume_editor" xml:id="note9">
      <name placement="note" ref="6598" type="person">
       Алексей Максимилианович Ковальский
      </name>
      (1858—1929), черниговский врач. Познакомился с Толстым в Ивангороде, Черниговской губ. в 1884 г., когда Толстой приезжал к художнику Ге. Об обстоятельствах их знакомства так рассказывает жена Ковальского, П. Ф. Ковальская: «Во время приема больных в амбулаторию зашел старик, не назвавший себя. Сидел часа три. Когда кончился прием больных, он подошел к мужу и назвал себя
      <name placement="note" ref="13883" type="person">
       Л. Н. Толстым
      </name>
      . Ему очень понравилось обращение мужа с больными, и
      <hi rend="italic">
       он
      </hi>
      признался, что до сих пор он был врагом медицины, а сейчас, после приема, готов изменить мнение. Осмотрев амбулаторию, больницу и школу,
      <name placement="note" ref="13883" type="person">
       Лев Николаевич
      </name>
      ушел пешком, как пришел, на хутор Н. Н. Ге» (из письма в редакцию настоящего издания от 23 февраля 1930 г.).
     </note>
    </p>
    <p id="00b03325-54fa-4295-997c-938e0ca4544f" rend="right">
     Л.
     <hi style="opdelimiter">
      Толстой.
     </hi>
    </p>
    <noteGrp type="comments">
     <note index="false" type="comments">
      <p id="21473ff7-f287-4d04-9d46-3ef714fd61df" rend="Textpetit_otstup left">
       <pb n="227"/>
       <hi style="npdelimiter">
        Печатается
       </hi>
       по копии М. Л. Толстой. Дата копии.
      </p>
     </note>
     <note index="false" type="comments">
      <p id="efdf9eb1-17f9-41b1-b9c6-d8e75c56ebb9" rend="petit">
       Письмо Н. Н. Ге (сына), на которое отвечает Толстой, не сохранилось.
      </p>
     </note>
    </noteGrp>
   </div>
  </body>
 </text>
</TEI>
