<?xml version="1.0" encoding="utf-8"?>
<TEI xmlns="http://www.tei-c.org/ns/1.0" xmlns:xi="http://www.w3.org/2001/XInclude">
 <teiHeader>
  <fileDesc>
   <titleStmt>
    <title xml:id="v65_306_A_V_Alexinu">
     Письма и документы. Tolstoy Digital
    </title>
    <title type="main">
     Письмо А. В. Алехину от 14 мая 1891 г.
    </title>
    <title type="bibl">
     Толстой Л. Н. Письмо А. В. Алехину, 14 мая 1891 г. // Толстой Л. Н. Полное собрание сочинений: в 90 тт. Т. 65. М.: Гос. изд. «Художественная литература», 1953. С.
    </title>
    <respStmt>
     <resp>
      Идея, постановка задач, руководство:
     </resp>
     <name>
      Анастасия Бонч-Осмоловская, Фёкла Толстая, Борис Орехов, Тимофей Лукашевский
     </name>
    </respStmt>
    <respStmt>
     <resp>
      Подготовка TEI/XML:
     </resp>
     <name>
      Евгений Можаев, Даниил Скоринкин, Ирина Павлова, Матвей Колбасов, Елена Сидорова, Кирилл Милинцевич, Лев Буланов, Макар Федоров, Константин Петров
     </name>
    </respStmt>
    <respStmt>
     <resp>
      Подготовка метаданных:
     </resp>
     <name>
      Мария Картышева, Вероника Файнберг
     </name>
    </respStmt>
    <respStmt>
     <resp>
      Разметка имен собственных:
     </resp>
     <name>
      Никита Северин, Елена Северина
     </name>
    </respStmt>
    <respStmt>
     <resp>
      Исправление древнегреческого текста:
     </resp>
     <name>
      Ольга Алиева
     </name>
    </respStmt>
    <funder>
     Проект «Слово Толстого»
    </funder>
   </titleStmt>
   <publicationStmt>
    <publisher>
     <orgName>
      Tolstoy Digital, DH CLOUD, Научно-образовательный союз «Родное Слово» проект «Слово Толстого»
     </orgName>
    </publisher>
    <availability>
     <p id="e58aeb92-ee12-4c62-add2-b11234ef37e0">
      Тексты и метатекстовая разметка доступны для свободного использования и распространения по лицензии Creative Commons Attribution Share-Alike (cc by-sa)
     </p>
    </availability>
    <date from="2015" to="2022"/>
   </publicationStmt>
   <notesStmt>
    <note>
     Публикуемые документы был получены с сайта tolstoy.ru в формате html, переведены в формат TEI. Исправлены некоторые ошибки распознавания. Тексты, написанные в дореформенной орфографии, сопоставлены с их версиями в современной орфографии.
    </note>
   </notesStmt>
   <sourceDesc>
    <biblStruct>
     <analytic>
      <author>
       Толстой Лев Николаевич
      </author>
     </analytic>
     <monogr>
      <title level="m">
       Полное собрание сочинений. Том 65
      </title>
      <imprint>
       <pubPlace>
        Москва
       </pubPlace>
       <publisher>
        Государственное издательство «Художественная литература»
       </publisher>
       <date when="1953"/>
      </imprint>
      <biblScope unit="vol">
       65
      </biblScope>
      <biblScope unit="page">
       296-300
      </biblScope>
     </monogr>
     <series>
      <title level="s">
       Л. Н. Толстой. Полное собрание сочинений: в 90 тт.
      </title>
     </series>
    </biblStruct>
    <bibl>
     Публикуется впервые
    </bibl>
   </sourceDesc>
  </fileDesc>
  <encodingDesc>
   <classDecl>
    <xi:include href="../../reference/taxonomy.xml"/>
   </classDecl>
  </encodingDesc>
  <profileDesc>
   <correspDesc>
    <correspAction type="sending">
     <persName ref="13883">
      Л. Н. Толстой
     </persName>
     <placeName>
      Ясная Поляна
     </placeName>
     <date when="1891-05-14"/>
    </correspAction>
    <correspAction type="receiving">
     <persName ref="297">
      Алехин Аркадий Васильевич
     </persName>
    </correspAction>
   </correspDesc>
   <langUsage>
    <language ident="ru"/>
   </langUsage>
   <textClass>
    <catRef ana="#tolstoy_heritage" target="library"/>
    <catRef ana="#letters" target="type"/>
    <catRef ana="#sent" target="sent"/>
   </textClass>
  </profileDesc>
 </teiHeader>
 <xenoData>
  <number type="in a volume">
   306
  </number>
 </xenoData>
 <text xml:id="A.V.Alexinu_306" xmlns="http://www.tei-c.org/ns/1.0" xmlns:xi="http://www.w3.org/2001/XInclude">
  <body>
   <div>
    <pb n="296"/>
    <opener index="false">
     * 306.
     <name placement="text" ref="297" type="person">
      А. В. Алехину
     </name>
     .1891 г. Мая 14. Я. П.
    </opener>
    <p id="5207d59c-8323-4ecd-93fb-f521b331210e">
     Пишу вам, дорогой
     <choice original_editorial_correction="А[ркадий]">
      <sic>
       А
      </sic>
      <corr>
       <name placement="text" ref="297" type="person">
        Аркадий
       </name>
      </corr>
     </choice>
     <choice original_editorial_correction="В[асильевич]">
      <sic>
       <name placement="text" ref="297" type="person">
        В
       </name>
      </sic>
      <corr>
       <name placement="text" ref="297" type="person">
        Васильевич
       </name>
      </corr>
     </choice>
     , рукой Маши, потому что у меня сильное воспаление век. Вчера получил ваше большое письмо, а нынче следующее за ним. Очень, очень рад был известиям о вас и — таким
     <hi style="opdelimiter">
      хорошим.
     </hi>
    </p>
    <p id="8e8c6ed9-f897-4061-8715-3a5f68a686b8">
     <pb n="297"/>
     <hi style="npdelimiter">
      На
     </hi>
     три пункта постараюсь ответить: 1) о воскресении и бессмертии личном, 2) о личном боге и его участии в нашем спасении и 3) главное, о средствах объединения.
    </p>
    <p id="a75c1324-68b9-4036-884b-09bb761bf460">
     1) Места из Павла о воскресении, которые вы приводите, как и большая часть писания Павла, мне представляются неясными и неточно выраженными: воскресение Христа — одно, наша надежда на вечную жизнь — другое, и нет прямой связи между тем и другим.
    </p>
    <p id="7d09cedf-2208-4074-9566-5ce6d44d8ee2">
     То, что вы пишете нынче о переходе сущности жизни, искры божией, находящейся в нас в этой жизни, в другую форму, но без памяти и сознания, я также понимаю. Но боюсь и считаю излишним много думать об этом и определять словами. Вера в бога, преданность его воле не только заменяет, но дает бессмертие. Верить в бога, предаваться его воле и верить в бессмертие личное есть плеоназм — новое доказательство того, что уже доказано. Если я точно сердцем говорю: да будет воля твоя, как на земле, так и на небе, т. е. как в временной этой жизни, так и в вечной, то мне не нужно никаких ни утверждений, ни доказательств бессмертия. Отдаюсь воле бесконечного существа, благословляю эту волю, знаю, что она есть любовь, так чего же мне еще? Всё равно, как работник говорит хозяину: сколько пожалуете, а потом еще хочет определить цену! Если я отдаюсь на его волю, то зачем мне выговаривать бессмертие, да еще личное.
    </p>
    <p id="29feb0d0-a8a1-4282-9abc-77110b5bd1e4">
     2) То, что вы пишете об участии бога и личного бога в спасении нашем, я не понимаю.
    </p>
    <p id="f3971670-19ca-4942-a835-0640d7f6d4a2">
     Говорить о боге, что он личный или безличный, есть кощунство. Он — тот, который есть, от которого я исшел и к которому я иду. А кто он и какой он — не знаю и не могу знать.
    </p>
    <p id="3a993b7f-81be-4f18-85b0-801b8b3297dc">
     Знаю только то, как я должен относиться к нему. О том же, как он относится ко мне, я не могу знать. Да и верное или неверное знание или догадка об его отношении ко мне не изменяет этого отношения.
    </p>
    <p id="fed5b946-1d9a-4832-912a-4de0766686dd">
     Мне нужно знать, что делать мне, чтобы спастись, а что ему делать, чтобы меня спасти, он знает и будет делать, и рассуждать об этом мне бесполезно.
    </p>
    <p id="e027926a-7e50-45b7-b7b3-1f1e1424af55">
     3) Теперь главный вопрос для всех и для меня: о средствах единения.
    </p>
    <p id="93568182-6e22-4374-a403-2e5c22388b57">
     Представляю себе мир храмом, в котором свет падает только сверху в середине. Этот свет есть божеская истина. Люди
     <hi style="opdelimiter">
      рассыпаны
     </hi>
     <pb n="298"/>
     <hi style="npdelimiter">
      везде
     </hi>
     в пределах темного храма. Все попытки их объединиться в углах храма, в темноте, с целью объединения, были и будут тщетны. Одно средство единения есть то, которое и не ставит себе это целью, но одно достигает его, это стремление каждого отдельного человека к свету истины, к средине храма.
    </p>
    <p id="488ef2e1-7b8a-4328-b61e-a44c18a89595">
     Люди в темноте должны оставить всякие попытки единения и стремиться к одному свету истины, к богу. И не думая об единении, а стремясь только к середине, к свету, они, по мере приближения к нему, найдут истинное, ненарушимое, вечное единение, прежде с богом, а потом между собой.
    </p>
    <p id="b363391a-c3ef-4533-9c6e-3fe770a6ab5c">
     Церковь, видимая церковь, которой вы так желаете, есть излишнее подтверждение доказанного: в церкви те, кто со Христом; так насколько мы будем с ним, настолько мы и будем в церкви. Для чего же нам еще видимая церковь? Для чего человеку начертание окружности, когда ему дан ее радиус?
    </p>
    <p id="55da8306-4460-4791-94c7-c418ddf1c7bd">
     Ведь подумайте, если есть теперь тысяча истинных христиан среди ста миллионов русских (и то ведь много), то придется один христианин на сто тысяч. И не забудьте, что истинные христиане таковы, что они не идут на площади, провозглашая себя христианами, а сидят незаметными во внешних проявлениях и потому неизвестными своим современникам, по своим углам. Какая же вероятность есть при этом, чтобы у нас в России сошлись или хотя бы знали друг друга не говорю тысячи, но хоть сотни таких людей, которые могли бы представлять из себя видимую церковь?
    </p>
    <p id="13a9f9c7-7f4f-43e5-806e-e61fe32e13fd">
     Если есть церковь, в том смысле, в котором вы ищете ее, т. е. из людей истинно верующих и праведных, то и эта церковь состоит из людей, живущих прошедшие века и теперь живущих, разбросанных по лицу земли.
    </p>
    <p id="d611271f-e331-46e9-9a72-cc8ef4de7f61">
     Но кроме того скажу прямо, что понятие церкви, собрания избранных, лучших есть понятие не христианское, гордое, ложное. Кто лучший, кто худший? Петр был лучшим до петуха, а разбойник худшим до креста. Разве мы не знаем в самих себе то ангела, то дьявола, которые перемешиваются в нашей жизни так, что нет человека, который бы совсем изгнал из себя ангела, ни того, у которого из-за ангела не выступал бы иногда дьявол? Как же нам, таким пестрым существам, составлять собрание избранных, праведных?
    </p>
    <p id="fc321175-6246-4ec4-b81f-3c1116c83b44">
     Есть свет истины и есть люди, со всех сторон приближающиеся к нему, — с стольких разных сторон, сколько есть
     <hi style="opdelimiter">
      радиусов
     </hi>
     <pb n="299"/>
     <hi style="npdelimiter">
      в
     </hi>
     круге, стало быть до бесконечности разнообразными путями. Будем всеми силами стремиться к свету истины, объединяющему всех, а насколько мы близки к нему и объединены — судить не нам.
    </p>
    <p id="49677b02-8559-41c3-b9d9-c76bb81325c8">
     Так вот, дорогой друг и брат, всё, что я думаю и чувствую об этих предметах, которые для меня важнее жизни.
    </p>
    <p id="0c8a1464-7db5-49d0-9b02-0203b9ef742e">
     Об единении хочется сказать еще следующее: мешает единению еще и то, что люди, сойдясь у света и придя к нему разными путями, вместо того, чтобы радоваться своему соединению, начинают спорить о том, каким путем удобнее и следует другим итти. Что мне за дело до того, как пришел туда, куда он пришел, тот чудный старец, о котором вы пишете мне.
     <ref target="#note1">
      1
     </ref>
     <note index="false" resp="volume_editor" xml:id="note1">
      Во втором письме Алехин писал о старике-сектанте (штундистемистике), о его жизни и взглядах.
     </note>
     Если бог дал радость встретиться с таким человеком, то можно только желать учиться у него, укрепляться от него. А мы часто начинаем спорить.
    </p>
    <p id="138b2bbc-2986-4596-a9d9-94c73fecf7a4">
     Все сомнения наши возникают, как не может быть иначе, от недостатка веры: каково бессмертие? Личное или нет? Как и участвует ли бог в нашем спасении? Нахожусь ли я в истине, или нет, т. е. в церкви? — Всё это попытки чем-нибудь заместить отсутствие веры.
    </p>
    <p id="d820c423-e489-46c9-9a51-943e6b9b8bdc">
     Церковные христиане крестятся и миропомазывают, чтобы приобщиться к Христу и спастись. Казалось бы, всё сделано; но нет, они еще исповедуются, причащаются, молятся о своем спасении и заставляют молиться других, — не только богу (всем трем лицам), но богородице, святым, мощам, иконам; кроме того, верят в искупление, которое, в сущности, одно уже обеспечивает спасение; сейчас перед смертью исповедуются, причащаются, соборуются; в руки мертвому дают молитву, над мертвым и за мертвого молятся, — всё, чтобы обеспечить свое спасение. Ясно, что они не верят ни в одно из этих средств, потому и употребляют их все. Не верят, главное, в бога.
    </p>
    <p id="8f693c17-55aa-4367-b871-a5c64553233c">
     То же отчасти делаем и мы, когда ищем разрешения вопросов: участия бога в спасении, о личном бессмертии, о церкви.
    </p>
    <p id="b59a1a8d-790b-48c1-a1a4-62e68f940ddc">
     Христос, умирая, сказал: «Отец, в руки твои отдаю дух мой». Для того, кто может сказать эти слова, разумея их во всем их значении, ничего больше не нужно: вера, истинная вера разрешает всё.
    </p>
    <p id="413d0db4-603f-4701-85e9-7ece18c457f5">
     А чтобы иметь эту веру, надо воспитывать ее в себе. А чтобы воспитывать, надо творить дела
     <hi style="opdelimiter">
      веры.
     </hi>
    </p>
    <p id="2a127047-7b5c-4756-beee-fb5916aada42">
     <pb n="300"/>
     <hi style="npdelimiter">
      Сущность
     </hi>
     дел веры не в подвигах, а — в делах, может иногда незаметных, ничтожных, но творимых несомненно и исключительно для бога.
    </p>
    <p id="25e37e0e-6ecf-4b7d-9fdf-ed6818fa3bcc">
     Умирать придется одному, сказал Паскаль.
     <ref target="#note2">
      2
     </ref>
     <note index="false" resp="volume_editor" xml:id="note2">
      См. «Pensées de Pascal, précédées de sa vie par m-me Perier, sa soeur», Paris 1850, Article VII, «Misère de l’homme», pp. 72—82 («Мысли Паскаля, со вступительной биографической статьей его сестры г-жи Перье», Париж 1850. Статья VII, «Слабость человека»).
     </note>
     И жить надо одному, перед одним богом, а не перед людьми. В той мере, в которой достигаешь этого, — и достигаешь веры; а вследствие веры — устранение всех сомнений; и то, главное (о чем вы пишете и я думаю), — единение с богом, а через бога — со всеми.
    </p>
    <p id="bd1776af-14c7-4d40-b720-6afdbe6fb6ca">
     Прощайте. Душевно благодарю, что пишете. Продолжайте извещать о себе.
    </p>
    <p id="b02d1b3b-4ff8-49a8-903f-c336441e91fe" rend="right">
     Искренно любящий вас.
    </p>
    <noteGrp type="comments">
     <note index="false" type="comments">
      <p id="2fd79906-ce07-41ab-ad36-171230122843" rend="Textpetit_otstup left">
       Печатается по машинописной копии из АЧ. Три отрывка впервые опубликованы в журнале «Единение» 1916, 1, стр. 6. Датируется на основании записи в Дневнике Толстого 22 мая (см. т. 52, стр. 32).
      </p>
     </note>
     <note index="false" type="comments">
      <p id="bc78134e-5f0a-4bc6-980f-2a5897740f5a" rend="petit">
       Ответ на два письма Алехина: одно несохранившееся, другое от 2 (или 21 — дата почти стерлась) апреля, с вопросами религиозного характера и об «общинной» жизни.
      </p>
     </note>
    </noteGrp>
   </div>
  </body>
 </text>
</TEI>
