<?xml version="1.0" encoding="utf-8"?>
<TEI xmlns="http://www.tei-c.org/ns/1.0" xmlns:xi="http://www.w3.org/2001/XInclude">
 <teiHeader>
  <fileDesc>
   <titleStmt>
    <title xml:id="v65_097_M_M_Lisicynu">
     Письма и документы. Tolstoy Digital
    </title>
    <title type="main">
     Письмо М. М. Лисицыну от 18 июня 1890 г.
    </title>
    <title type="bibl">
     Толстой Л. Н. Письмо М. М. Лисицыну, 18 июня 1890 г. // Толстой Л. Н. Полное собрание сочинений: в 90 тт. Т. 65. М.: Гос. изд. «Художественная литература», 1953. С.
    </title>
    <respStmt>
     <resp>
      Идея, постановка задач, руководство:
     </resp>
     <name>
      Анастасия Бонч-Осмоловская, Фёкла Толстая, Борис Орехов, Тимофей Лукашевский
     </name>
    </respStmt>
    <respStmt>
     <resp>
      Подготовка TEI/XML:
     </resp>
     <name>
      Евгений Можаев, Даниил Скоринкин, Ирина Павлова, Матвей Колбасов, Елена Сидорова, Кирилл Милинцевич, Лев Буланов, Макар Федоров, Константин Петров
     </name>
    </respStmt>
    <respStmt>
     <resp>
      Подготовка метаданных:
     </resp>
     <name>
      Мария Картышева, Вероника Файнберг
     </name>
    </respStmt>
    <respStmt>
     <resp>
      Разметка имен собственных:
     </resp>
     <name>
      Никита Северин, Елена Северина
     </name>
    </respStmt>
    <respStmt>
     <resp>
      Исправление древнегреческого текста:
     </resp>
     <name>
      Ольга Алиева
     </name>
    </respStmt>
    <funder>
     Проект «Слово Толстого»
    </funder>
   </titleStmt>
   <publicationStmt>
    <publisher>
     <orgName>
      Tolstoy Digital, DH CLOUD, Научно-образовательный союз «Родное Слово» проект «Слово Толстого»
     </orgName>
    </publisher>
    <availability>
     <p id="a67b3813-25ce-46e9-9e3f-923342146251">
      Тексты и метатекстовая разметка доступны для свободного использования и распространения по лицензии Creative Commons Attribution Share-Alike (cc by-sa)
     </p>
    </availability>
    <date from="2015" to="2022"/>
   </publicationStmt>
   <notesStmt>
    <note>
     Публикуемые документы был получены с сайта tolstoy.ru в формате html, переведены в формат TEI. Исправлены некоторые ошибки распознавания. Тексты, написанные в дореформенной орфографии, сопоставлены с их версиями в современной орфографии.
    </note>
   </notesStmt>
   <sourceDesc>
    <biblStruct>
     <analytic>
      <author>
       Толстой Лев Николаевич
      </author>
     </analytic>
     <monogr>
      <title level="m">
       Полное собрание сочинений. Том 65
      </title>
      <imprint>
       <pubPlace>
        Москва
       </pubPlace>
       <publisher>
        Государственное издательство «Художественная литература»
       </publisher>
       <date when="1953"/>
      </imprint>
      <biblScope unit="vol">
       65
      </biblScope>
      <biblScope unit="page">
       109-110
      </biblScope>
     </monogr>
     <series>
      <title level="s">
       Л. Н. Толстой. Полное собрание сочинений: в 90 тт.
      </title>
     </series>
    </biblStruct>
    <bibl/>
   </sourceDesc>
  </fileDesc>
  <encodingDesc>
   <classDecl>
    <xi:include href="../../reference/taxonomy.xml"/>
   </classDecl>
  </encodingDesc>
  <profileDesc>
   <correspDesc>
    <correspAction type="sending">
     <persName ref="13883">
      Л. Н. Толстой
     </persName>
     <placeName>
      Ясная Поляна
     </placeName>
     <date when="1890-06-18"/>
    </correspAction>
    <correspAction type="receiving">
     <persName ref="7921">
      Лисицын Михаил Михайлович
     </persName>
    </correspAction>
   </correspDesc>
   <langUsage>
    <language ident="ru"/>
    <language ident="ru-petr1708"/>
   </langUsage>
   <textClass>
    <catRef ana="#tolstoy_heritage" target="library"/>
    <catRef ana="#letters" target="type"/>
    <catRef ana="#sent" target="sent"/>
   </textClass>
  </profileDesc>
 </teiHeader>
 <xenoData>
  <number type="in a volume">
   97
  </number>
 </xenoData>
 <text xml:id="M.M.Lisicynu_97" xmlns="http://www.tei-c.org/ns/1.0" xmlns:xi="http://www.w3.org/2001/XInclude">
  <body>
   <div>
    <pb n="109"/>
    <opener index="false">
     97.
     <name placement="text" ref="7921" type="person">
      М. М. Лисицыну
     </name>
     .1890 г. Июня 18. Я. П.
    </opener>
    <p id="470afad2-83af-4d14-bf58-f45c03e533f4" rend="right">
     18 июнь.
    </p>
    <p id="304b390c-cc74-40d3-aba9-2588ec3f9a7c">
     Хотя в учреждении всякого общества есть нечто искусственное и потому не вполне правдивое, общества трезвости полезны и нужны,
     <choice original_editorial_correction="п[отому]">
      <sic>
       п
      </sic>
      <corr>
       потому
      </corr>
     </choice>
     <choice original_editorial_correction="ч[то]">
      <sic>
       ч
      </sic>
      <corr>
       что
      </corr>
     </choice>
     борются с поступками, кажущимися безразличными, не кажущимися прямо противными нравственности, но влекущими за собой безнравственные поступки, вследствие одурения. Не то с половой распущенностью, — она сама по себе безнравственна, и потому для борьбы с ней едва ли нужно общество. Тот, кто воздержится от этого порока ради общества, а не для бога, едва ли поступит хорошо. Так мне кажется. И я не стал бы учреждать общество; но сочувствовал бы основанию такого общества. Люди находятся на самых разных ступенях нравственного миросозерцания и могут быть такие,
     <choice original_editorial_correction="к[оторым]">
      <sic>
       к
      </sic>
      <corr>
       которым
      </corr>
     </choice>
     это нужно.
    </p>
    <p id="27cf4be7-d6bd-4846-b3e5-06c39e464d5e">
     Вопросы ваши, после прочтения послесловия, огорчили меня. Эпизод на браке в Кане
     <ref target="#note1">
      1
     </ref>
     <note index="false" resp="volume_editor" xml:id="note1">
      Евангельский эпизод.
     </note>
     ничего другого не показывает, как только то, что в евангелиях есть места, или внесенные очень тупыми и не понимавшими смысла учения людьми, или такие, смысл
     <choice original_editorial_correction="кот[орых]">
      <sic>
       кот
      </sic>
      <corr>
       которых
      </corr>
     </choice>
     потерян. Из того, что
     <choice original_editorial_correction="Хр[истос]">
      <sic>
       Хр
      </sic>
      <corr>
       Христос
      </corr>
     </choice>
     <choice original_editorial_correction="б[ыл]">
      <sic>
       б
      </sic>
      <corr>
       был
      </corr>
     </choice>
     на
     <choice>
      <reg>
       свадьбе
      </reg>
      <orig>
       сватьбе
      </orig>
     </choice>
     (т. е. на гуляньи и попойке), скорее можно вывести (особенно из слов распорядителя: когда напьются, то подают плохое вино), что он одобрял пьянство, чем то, что он одобрял брак, о
     <choice original_editorial_correction="кот[ором]">
      <sic>
       кот
      </sic>
      <corr>
       котором
      </corr>
     </choice>
     не сказано ни одного слова. По-гречески: γάμος употребляется как брак и как пир (в басне Езопа: собака и волк),
     <ref target="#note2">
      2
     </ref>
     <note index="false" resp="volume_editor" xml:id="note2">
      Эзоп (ок. VI в. до н. э.), греческий баснописец. Перевод басни «Собака и волк» помещен Толстым в его «Третьей русской книге для чтения», изд. 1-е, М. 1875, стр. 2, где слово γάμος переведено как «свадьба».
     </note>
     как у французов, noce, faire la noce, nocer значит кутить. Так что ссылки церковников на это место в пользу брака лучше всего показывают полное отсутствие в учении Христа учреждения или одобрения брака. —
    </p>
    <p id="b9767d35-efd3-4e7e-aede-96350d4f2074">
     Слова: «Да прилепится к жене и будет....» — суть слова ветхого завета,
     <choice original_editorial_correction="к[оторые]">
      <sic>
       к
      </sic>
      <corr>
       которые
      </corr>
     </choice>
     <choice original_editorial_correction="Хр[истос]">
      <sic>
       Хр
      </sic>
      <corr>
       Христос
      </corr>
     </choice>
     повторяет, чтобы показать им, что женатому нельзя разводиться. Он говорит, что женатому надо жить честно и целомудренно с женой, а не женатому вовсе не жениться. Это всё сказано, мне помнится, в Послесловии, если у вас настоящий
     <hi style="opdelimiter">
      список.
     </hi>
    </p>
    <p id="134d62fd-6e2b-40e6-8dfa-84c601c1db59">
     <pb n="110"/>
     <hi style="npdelimiter">
      О
     </hi>
     том, как смотреть на стремление человека к
     <choice original_editorial_correction="полов[ому]">
      <sic>
       полов
      </sic>
      <corr>
       половому
      </corr>
     </choice>
     общению для продолжения рода, тоже сказано: Цель жизни человека есть служение богу. Служению богу никак не может содействовать половое общение. Оно всегда препятствует ему, точно так же, как питание себя никак не содействует прямо служению богу. Но как голод может мешать и мешает служению богу, и человеку
     <choice original_editorial_correction="разумн[ее]">
      <sic>
       разумн
      </sic>
      <corr>
       разумнее
      </corr>
     </choice>
     поесть, утолить голод, чтобы спокойно служить богу, так точно и в половом общении, если человек чувствует, что он не может быть спокоен без этого, то лучше взять жену и слиться с ней (как и говорит
     <choice original_editorial_correction="Хр[истос]">
      <sic>
       Хр
      </sic>
      <corr>
       Христос
      </corr>
     </choice>
     ), но с тою разницей, что от пищи мы знаем, что невозможно совсем воздержаться (хотя чем больше, тем лучше), а от полового общения очень можно, в особенности тем,
     <choice original_editorial_correction="к[оторые]">
      <sic>
       к
      </sic>
      <corr>
       которые
      </corr>
     </choice>
     еще не испортили себя и понимают и верят, что девственность лучше брака,
     <choice original_editorial_correction="п[отому]">
      <sic>
       п
      </sic>
      <corr>
       потому
      </corr>
     </choice>
     <choice original_editorial_correction="ч[то]">
      <sic>
       ч
      </sic>
      <corr>
       что
      </corr>
     </choice>
     вне брака лучше можно служить богу.
    </p>
    <p id="c1a9370b-4853-49f0-873c-667c7bfa26cb" rend="right">
     Любящий вас
     <name placement="text" ref="13883" type="person">
      Л. Толстой
     </name>
     .
    </p>
    <noteGrp type="comments">
     <note index="false" type="comments">
      <p id="1da0e852-e14f-47d9-abc5-1939692f7b16" rend="Textpetit_otstup left">
       Впервые опубликовано с искажениями в альманахе «Литературная мысль», II, Пгр. 1923, стр. 201—202. Год написания письма определяется почтовым штемпелем.
      </p>
     </note>
     <note index="false" type="comments">
      <p id="2bb309ba-56fc-4f8a-bd98-ebe0b8cc4b01" rend="petit">
       <name placement="comments" ref="7921" type="person">
        Михаил Михайлович Лисицын
       </name>
       (1862—1913) — ветеринарный врач в Дерпте, автор нескольких повестей и рассказов, напечатанных под псевдонимом «М. Лаврецкий». См. т. 63, стр. 209—210.
      </p>
     </note>
     <note index="false" type="comments">
      <p id="7afb384d-364e-4e4b-82ae-75c781235dc7" rend="petit">
       Ответ на письмо Лисицина от 12 июня, в котором Лисицын писал о своем намерении организовать общество по борьбе «с страшным злом.... половых излишеств» по образцу «Согласия против пьянства» и спрашивал совета Толстого. Помимо этого он задавал ряд вопросов о браке и половых отношениях в связи с чтением «Крейцеровой сонаты».
      </p>
     </note>
    </noteGrp>
   </div>
  </body>
 </text>
</TEI>
