<?xml version="1.0" encoding="utf-8"?>
<TEI xmlns="http://www.tei-c.org/ns/1.0" xmlns:xi="http://www.w3.org/2001/XInclude">
 <teiHeader>
  <fileDesc>
   <titleStmt>
    <title xml:id="v65_090_P_I_Biryukovu">
     Письма и документы. Tolstoy Digital
    </title>
    <title type="main">
     Письмо П. И. Бирюкову от 2 июня 1890 г.
    </title>
    <title type="bibl">
     Толстой Л. Н. Письмо П. И. Бирюкову, 2 июня 1890 г. // Толстой Л. Н. Полное собрание сочинений: в 90 тт. Т. 65. М.: Гос. изд. «Художественная литература», 1953. С.
    </title>
    <respStmt>
     <resp>
      Идея, постановка задач, руководство:
     </resp>
     <name>
      Анастасия Бонч-Осмоловская, Фёкла Толстая, Борис Орехов, Тимофей Лукашевский
     </name>
    </respStmt>
    <respStmt>
     <resp>
      Подготовка TEI/XML:
     </resp>
     <name>
      Евгений Можаев, Даниил Скоринкин, Ирина Павлова, Матвей Колбасов, Елена Сидорова, Кирилл Милинцевич, Лев Буланов, Макар Федоров, Константин Петров
     </name>
    </respStmt>
    <respStmt>
     <resp>
      Подготовка метаданных:
     </resp>
     <name>
      Мария Картышева, Вероника Файнберг
     </name>
    </respStmt>
    <respStmt>
     <resp>
      Разметка имен собственных:
     </resp>
     <name>
      Никита Северин, Елена Северина
     </name>
    </respStmt>
    <respStmt>
     <resp>
      Исправление древнегреческого текста:
     </resp>
     <name>
      Ольга Алиева
     </name>
    </respStmt>
    <funder>
     Проект «Слово Толстого»
    </funder>
   </titleStmt>
   <publicationStmt>
    <publisher>
     <orgName>
      Tolstoy Digital, DH CLOUD, Научно-образовательный союз «Родное Слово» проект «Слово Толстого»
     </orgName>
    </publisher>
    <availability>
     <p id="c8d728b2-4788-44f7-9c54-5a6a4f3eb829">
      Тексты и метатекстовая разметка доступны для свободного использования и распространения по лицензии Creative Commons Attribution Share-Alike (cc by-sa)
     </p>
    </availability>
    <date from="2015" to="2022"/>
   </publicationStmt>
   <notesStmt>
    <note>
     Публикуемые документы был получены с сайта tolstoy.ru в формате html, переведены в формат TEI. Исправлены некоторые ошибки распознавания. Тексты, написанные в дореформенной орфографии, сопоставлены с их версиями в современной орфографии.
    </note>
   </notesStmt>
   <sourceDesc>
    <biblStruct>
     <analytic>
      <author>
       Толстой Лев Николаевич
      </author>
     </analytic>
     <monogr>
      <title level="m">
       Полное собрание сочинений. Том 65
      </title>
      <imprint>
       <pubPlace>
        Москва
       </pubPlace>
       <publisher>
        Государственное издательство «Художественная литература»
       </publisher>
       <date when="1953"/>
      </imprint>
      <biblScope unit="vol">
       65
      </biblScope>
      <biblScope unit="page">
       102-103
      </biblScope>
     </monogr>
     <series>
      <title level="s">
       Л. Н. Толстой. Полное собрание сочинений: в 90 тт.
      </title>
     </series>
    </biblStruct>
    <bibl>
     Публикуется впервые
    </bibl>
   </sourceDesc>
  </fileDesc>
  <encodingDesc>
   <classDecl>
    <xi:include href="../../reference/taxonomy.xml"/>
   </classDecl>
  </encodingDesc>
  <profileDesc>
   <correspDesc>
    <correspAction type="sending">
     <persName ref="13883">
      Л. Н. Толстой
     </persName>
     <placeName>
      Ясная Поляна
     </placeName>
     <date when="1890-06-02"/>
    </correspAction>
    <correspAction type="receiving">
     <persName ref="1444">
      Бирюков Павел Иванович
     </persName>
    </correspAction>
   </correspDesc>
   <langUsage>
    <language ident="ru"/>
   </langUsage>
   <textClass>
    <catRef ana="#tolstoy_heritage" target="library"/>
    <catRef ana="#letters" target="type"/>
    <catRef ana="#sent" target="sent"/>
   </textClass>
  </profileDesc>
 </teiHeader>
 <xenoData>
  <number type="in a volume">
   90
  </number>
 </xenoData>
 <text xml:id="P.I.Biryukovu_90" xmlns="http://www.tei-c.org/ns/1.0" xmlns:xi="http://www.w3.org/2001/XInclude">
  <body>
   <div>
    <pb n="102"/>
    <opener index="false">
     * 90.
     <name placement="text" ref="1444" type="person">
      П. И. Бирюкову
     </name>
     .1890 г. Июня 2. Я. П.
    </opener>
    <p id="4a7bddc8-0b11-4305-b8d2-02eea6bfbbc5">
     Всё это очень хорошо. Так и надо сделать. Вы поплатились за грехи наши всеобщие — взгляд на брак и приготовления к нему, забегающие вперед и вперед неправильно обставляющие сущность его. — Я понимаю теперешнее предложение ваше и Маши так: между вами и Машей не существует ничего внешнего, особенного. Вы не ручаетесь никому, ни себе в том, что вы соединитесь браком, и никому не обещаетесь, что не соединитесь браком. То, что вы любите друг друга, то вы в этом не только не раскаиваетесь, но очень рады этому и желаете только того, чтобы это усиливалось и продолжалось. Так ли я
     <hi style="opdelimiter">
      понимаю?
     </hi>
     <pb n="103"/>
     <hi style="npdelimiter">
      Маша
     </hi>
     понимает так совершенно независимо от меня. Если нет, то пусть она оговорит в этом же письме.
    </p>
    <p id="17939807-2f13-4030-9643-8cf7596c9759">
     Теперь о том, что я сделал. Письма вашего я не показал жене. Да и вы виноваты в этом, там есть фраза:
     <hi>
      если другие не понимают
     </hi>
     и т. д. Эта фраза может раздражить, хотя я знаю, что она не относится к
     <choice original_editorial_correction="С[офье]">
      <sic>
       С
      </sic>
      <corr>
       <name placement="text" ref="13844" type="person">
        Софье
       </name>
      </corr>
     </choice>
     <choice original_editorial_correction="А[ндреевне]">
      <sic>
       <name placement="text" ref="13844" type="person">
        А
       </name>
      </sic>
      <corr>
       <name placement="text" ref="13844" type="person">
        Андреевне
       </name>
      </corr>
     </choice>
     . Кроме того, не показывал я письма еще и
     <choice original_editorial_correction="п[отому]">
      <sic>
       п
      </sic>
      <corr>
       потому
      </corr>
     </choice>
     ,
     <choice original_editorial_correction="ч[то]">
      <sic>
       ч
      </sic>
      <corr>
       что
      </corr>
     </choice>
     жена не совсем здорова и в нервном расположении духа. — Не знаю, покажу ли и скажу ли ей или нет; но вы во всяком случае сделайте вот что: она завтра, воскресенье, 3-го едет в Москву и пробудет там дня два. Если вы освободитесь из
     <choice original_editorial_correction="Петерб[урга]">
      <sic>
       Петерб
      </sic>
      <corr>
       Петербурга
      </corr>
     </choice>
     , то пригоните свой приезд в Москву к этому времени и объяснитесь с ней. В Москве на нейтральной почве это самое удобное. Если же вам не удастся это, то я напишу вам. Ну, пока прощайте. Спасибо
     <choice original_editorial_correction="Чертк[ову]">
      <sic>
       Чертк
      </sic>
      <corr>
       Черткову
      </corr>
     </choice>
     за письмо, получил. Целую вас и их.
    </p>
    <p id="43bb1fc9-716a-44c7-b419-2608f1879149" rend="right">
     Л. Т.
    </p>
    <noteGrp type="comments">
     <note index="false" type="comments">
      <p id="b5e37c45-6461-41a3-be5d-c08c1abbb9a0" rend="Textpetit_otstup left">
       Дата определяется сопоставлением записи в Дневнике Толстого со словами настоящего письма: «она [
       <name placement="comments" ref="13844" type="person">
        Софья Андреевна
       </name>
       ] завтра, воскресенье, 3-го едет в Москву». В Дневнике Толстого 1 июня читаем: «Письма приятные от Черткова, Золотарева и Бирюкова. Маша предлагает вернуться к старому, и он пишет об этом. Хочет приехать. И я боюсь, как бы не испортить им» (т. 51, стр. 47). На подлиннике письма карандашом дата рукой П. И. Бирюкова: «18 мая 1890 г.». Помету эту, сделанную Бирюковым в позднейшие годы, приходится считать ошибочной.
      </p>
     </note>
     <note index="false" type="comments">
      <p id="8a88789a-df87-479b-b9f2-808fae2ef324" rend="petit">
       Ответ на недатированное письмо Бирюкова (с позднейшей карандашной пометой адресата: «Март 1890».
       <ref target="file:///Volume_65_P.I.Biryukovu_92.xml">
        См. письмо № 92
       </ref>
       .
      </p>
     </note>
    </noteGrp>
   </div>
  </body>
 </text>
</TEI>
