<?xml version="1.0" encoding="utf-8"?>
<TEI xmlns="http://www.tei-c.org/ns/1.0" xmlns:xi="http://www.w3.org/2001/XInclude">
 <teiHeader>
  <fileDesc>
   <titleStmt>
    <title xml:id="v66_253_H_N_Straxovu">
     Письма и документы. Tolstoy Digital
    </title>
    <title type="main">
     Письмо Н. Н. Страхову от 24 апреля 1892 г.
    </title>
    <title type="bibl">
     Толстой Л. Н. Письмо Н. Н. Страхову, 24 апреля 1892 г. // Толстой Л. Н. Полное собрание сочинений: в 90 тт. Т. 66. М.: Гос. изд. «Художественная литература», 1953. С.
    </title>
    <respStmt>
     <resp>
      Идея, постановка задач, руководство:
     </resp>
     <name>
      Анастасия Бонч-Осмоловская, Фёкла Толстая, Борис Орехов, Тимофей Лукашевский
     </name>
    </respStmt>
    <respStmt>
     <resp>
      Подготовка TEI/XML:
     </resp>
     <name>
      Евгений Можаев, Даниил Скоринкин, Ирина Павлова, Матвей Колбасов, Елена Сидорова, Кирилл Милинцевич, Лев Буланов, Макар Федоров, Константин Петров
     </name>
    </respStmt>
    <respStmt>
     <resp>
      Подготовка метаданных:
     </resp>
     <name>
      Мария Картышева, Вероника Файнберг
     </name>
    </respStmt>
    <respStmt>
     <resp>
      Разметка имен собственных:
     </resp>
     <name>
      Никита Северин, Елена Северина
     </name>
    </respStmt>
    <respStmt>
     <resp>
      Исправление древнегреческого текста:
     </resp>
     <name>
      Ольга Алиева
     </name>
    </respStmt>
    <funder>
     Проект «Слово Толстого»
    </funder>
   </titleStmt>
   <publicationStmt>
    <publisher>
     <orgName>
      Tolstoy Digital, DH CLOUD, Научно-образовательный союз «Родное Слово» проект «Слово Толстого»
     </orgName>
    </publisher>
    <availability>
     <p id="b7b04875-9c5b-4baa-9c80-1faa89dac11e">
      Тексты и метатекстовая разметка доступны для свободного использования и распространения по лицензии Creative Commons Attribution Share-Alike (cc by-sa)
     </p>
    </availability>
    <date from="2015" to="2022"/>
   </publicationStmt>
   <notesStmt>
    <note>
     Публикуемые документы был получены с сайта tolstoy.ru в формате html, переведены в формат TEI. Исправлены некоторые ошибки распознавания. Тексты, написанные в дореформенной орфографии, сопоставлены с их версиями в современной орфографии.
    </note>
   </notesStmt>
   <sourceDesc>
    <biblStruct>
     <analytic>
      <author>
       Толстой Лев Николаевич
      </author>
     </analytic>
     <monogr>
      <title level="m">
       Полное собрание сочинений. Том 66
      </title>
      <imprint>
       <pubPlace>
        Москва
       </pubPlace>
       <publisher>
        Государственное издательство «Художественная литература»
       </publisher>
       <date when="1953"/>
      </imprint>
      <biblScope unit="vol">
       66
      </biblScope>
      <biblScope unit="page">
       204-206
      </biblScope>
     </monogr>
     <series>
      <title level="s">
       Л. Н. Толстой. Полное собрание сочинений: в 90 тт.
      </title>
     </series>
    </biblStruct>
    <bibl/>
   </sourceDesc>
  </fileDesc>
  <encodingDesc>
   <classDecl>
    <xi:include href="../../reference/taxonomy.xml"/>
   </classDecl>
  </encodingDesc>
  <profileDesc>
   <correspDesc>
    <correspAction type="sending">
     <persName ref="13883">
      Л. Н. Толстой
     </persName>
     <placeName>
      Бегичевка
     </placeName>
     <date when="1892-04-24"/>
    </correspAction>
    <correspAction type="receiving">
     <persName ref="13258">
      Страхов Николай Николаевич
     </persName>
    </correspAction>
   </correspDesc>
   <langUsage>
    <language ident="ru"/>
   </langUsage>
   <textClass>
    <catRef ana="#tolstoy_heritage" target="library"/>
    <catRef ana="#letters" target="type"/>
    <catRef ana="#sent" target="sent"/>
   </textClass>
  </profileDesc>
 </teiHeader>
 <xenoData>
  <number type="in a volume">
   253
  </number>
 </xenoData>
 <text xml:id="H.N.Straxovu_253" xmlns="http://www.tei-c.org/ns/1.0" xmlns:xi="http://www.w3.org/2001/XInclude">
  <body>
   <div>
    <pb n="204"/>
    <opener index="false">
     253. H. Н. Страхову.1892 г. Апреля 24. Бегичевка.
    </opener>
    <p id="a566156b-e2ec-422f-8653-068ce490f9bc">
     Спасибо вам за ваше письмо, дорогой
     <choice original_editorial_correction="Ник[олай]">
      <sic>
       Ник
      </sic>
      <corr>
       <name placement="text" ref="13258" type="person">
        Николай
       </name>
      </corr>
     </choice>
     <choice original_editorial_correction="Ник[олаевич]">
      <sic>
       <name placement="text" ref="13258" type="person">
        Ник
       </name>
      </sic>
      <corr>
       <name placement="text" ref="13258" type="person">
        Николаевич
       </name>
      </corr>
     </choice>
     . Всегда с особенно приятным чувством распечатываю письмо с вашим почерком на адресе. Книгу вашу «Мир
     <choice original_editorial_correction="к[ак]">
      <sic>
       к
      </sic>
      <corr>
       как
      </corr>
     </choice>
     <choice original_editorial_correction="ц[елое]">
      <sic>
       ц
      </sic>
      <corr>
       целое
      </corr>
     </choice>
     »
     <ref target="#note1">
      1
     </ref>
     <note index="false" resp="volume_editor" xml:id="note1">
      H. Н. Страхов, «Мир, как целое. Черты из науки о природе», изд. 2-е, исправленное и дополненное, СПб. 1892. В этом издании два предисловия: к первому изданию, датированное «1872, 18 октября» (стр. III—XII), и ко второму изданию, датированное «7 марта 1892» (стр. XIII— XIX). Толстой говорит о предисловии ко второму изданию.
     </note>
     я получил в Москве и прочел предисловие, прочел и вашу статью в
     <choice original_editorial_correction="Н[овом]">
      <sic>
       Н
      </sic>
      <corr>
       Новом
      </corr>
     </choice>
     <choice original_editorial_correction="В[ремени]">
      <sic>
       В
      </sic>
      <corr>
       Времени
      </corr>
     </choice>
     .
     <ref target="#note2">
      2
     </ref>
     <note index="false" resp="volume_editor" xml:id="note2">
      H. Н. Страхов, «Справедливость, милосердие и святость» — «Новое время» 1892, № 5784 от 5 апреля.
     </note>
     Вы выразили в ней ваше несогласие со мной. Хорошо в ней и очень то, что она трактует с искренностью — и потому серьезностью и заразительностью — о самых важных предметах в мире, «о том, что единое на потребу», но мне кажется, что хотя и три ступени совершенства верны, их определение не верно: право есть произведение общества, милосердие есть известное действие, святость есть известное состояние, и очень неопределенное, или недостижимый идеал. Ну, да я,
     <choice original_editorial_correction="м[ожет]">
      <sic>
       м
      </sic>
      <corr>
       может
      </corr>
     </choice>
     <choice original_editorial_correction="б[ыть]">
      <sic>
       б
      </sic>
      <corr>
       быть
      </corr>
     </choice>
     , ошибаюсь, я пишу, вспоминаю свое впечатление при чтении, и вы не приписывайте важности моим словам.
    </p>
    <p id="85b49fa4-ace7-4805-bb9e-78c7127b3fdd">
     Соединение и перевод
     <choice original_editorial_correction="Еванг[елий]">
      <sic>
       Еванг
      </sic>
      <corr>
       Евангелий
      </corr>
     </choice>
     , кажется, вышел неполный. Если это так, то мне не нужно его. Если же полный, то пришлите один
     <choice original_editorial_correction="экз[емпляр]">
      <sic>
       экз
      </sic>
      <corr>
       экземпляр
      </corr>
     </choice>
     , хоть сюда. Очень вам благодарен и за это, и за Parerga.
     <ref target="#note3">
      3
     </ref>
     <note index="false" resp="volume_editor" xml:id="note3">
      Arthur Schopenhauer, «Parerga und Paralipomena: kleine philiosophische Schriften». Zweite verbesserte und beträchtlichvemehrte Auflage aus dem handschriftlichen Nahlasse des Verfassers herausgegeben von Dr. J. Frauenstädt, Berlin 1862. Эта книга со штампом: «Дублет Императорской публичной библиотеки. Продан» — сохранилась в яснополянской библиотеке. Русский перевод книги: А. Шопенгауэр, «Афоризмы о житейской мудрости», СПб. 1901.
     </note>
    </p>
    <p id="f00e2431-046a-46b1-bb32-26150ea885e0">
     Очень рад вашему хорошему состоянию. Неужели вы всё лето проведете в
     <choice original_editorial_correction="П[етер]б[ур">
      <sic>
       Пб[ур
      </sic>
      <corr>
       Петербур
      </corr>
     </choice>
     ]ге? — Мы теперь с Машей здесь одни. Очень много дела. На в последнее время мне стало нравственно легче. Чувствуется, что нечто делается и что твое участие хоть немного, но нужно. — Бывают хорошие минуты, но большей частью, копаясь в этих внутренностях в утробе народа, мучительно видеть то унижение и развращение, до
     <choice original_editorial_correction="кот[орого]">
      <sic>
       кот
      </sic>
      <corr>
       которого
      </corr>
     </choice>
     он доведен. — И они всё его хотят опекать и научать. Взять человека, напоить пьяным, обобрать, да еще связать его и бросить в помойную яму, а потом, указывая на его положение, говорить, что он ничего не может сам и вот до чего дойдет предоставленный самому себе — и, пользуясь этим, продолжать держать его в рабстве. Да только перестаньте хоть на один год спаивать его, одурять его, грабить и связывать его и посмотрите, что он сделает и как он достигнет того благосостояния, о
     <choice original_editorial_correction="к[отором]">
      <sic>
       к
      </sic>
      <corr>
       котором
      </corr>
     </choice>
    </p>
    <p id="f28d1b30-d79d-4ab5-96d9-4c06f6044c03" rend="emptyline">
     <pb n="205"/>
    </p>
    <p id="23408ef4-da35-463a-af62-5ccfceea4e55" xml:id="loi2">
    </p>
    <div rend="image">
     <figure>
      <graphic url="./img/b00002629.png"/>
     </figure>
    </div>
    <lb/>
    <p id="6ac77c7b-86cc-47c9-8aa7-ba71b7bc5174">
     Две последние страницы письма к H. Н. Страхову от 24 апреля 1892 г.
    </p>
    <lb/>
    <div rend="image">
     <figure>
      <graphic url="./img/b00002633.png"/>
     </figure>
    </div>
    <lb/>
    <p id="1050f922-f767-44f0-8032-cab075356172" rend="right">
     <hi>
      Продолжение
     </hi>
    </p>
    <lb/>
    <p id="651fe0e6-b9d6-4b4d-a2fa-237f55fc6d15">
     вы и мечтать не смеете. Уничтожьте
     <choice original_editorial_correction="выкупн[ые]">
      <sic>
       выкупн
      </sic>
      <corr>
       выкупные
      </corr>
     </choice>
     платежи, уничтожьте
     <choice original_editorial_correction="земск[их]">
      <sic>
       земск
      </sic>
      <corr>
       земских
      </corr>
     </choice>
     <choice original_editorial_correction="нач[альников]">
      <sic>
       нач
      </sic>
      <corr>
       начальников
      </corr>
     </choice>
     и розги, уничтожьте церковь государственную, дайте полную свободу веры, уничтожьте обязательную
     <choice original_editorial_correction="воинск[ую]">
      <sic>
       воинск
      </sic>
      <corr>
       воинскую
      </corr>
     </choice>
     <choice original_editorial_correction="пов[инность]">
      <sic>
       пов
      </sic>
      <corr>
       повинность
      </corr>
     </choice>
     , а набирайте вольных, если вам нужно, уничтожьте, если вы правительство и заботитесь о народе, водку, запретите — и посмотрите, что будет с русским народом через 10 лет. Скажут, что это невозможно. А если невозможно, то невозможно ничем помочь и чем больше заботиться о народе, тем будет всё хуже и хуже, как это и шло и идет. И вся деятельность
     <choice original_editorial_correction="правительствен[ная]">
      <sic>
       правительствен
      </sic>
      <corr>
       правительственная
      </corr>
     </choice>
     не улучшает, а ухудшает положение народа, и участвовать в этой деятельности — грех. Ну вот разболтался — простите. Целую вас.
    </p>
    <p id="e957b1f5-4629-40f1-aee3-65bbe5fc9cc4" rend="right">
     Любящий вас Л. Т.
    </p>
    <noteGrp type="comments">
     <note index="false" type="comments">
      <p id="d4767d72-d0f5-4220-96c7-f4d0af21e011" rend="Textpetit_otstup left">
       Впервые опубликовано в ПС, стр. 330—441. Датируется на основании Списка М. Л. Толстой.
      </p>
     </note>
     <note index="false" type="comments">
      <p id="00a15581-a014-4882-9ef0-7c13ea5feb25" rend="petit">
       Ответ на письмо Страхова от 18 апреля 1892 г. из Петербурга, сообщавшего, что он получил четыре экземпляра первого тома «Соединение, перевод и исследование четырех евангелий» (изд. Элпидина в Женеве) и что ему с трудом удалось наладить через цензора Е. М. Феоктистова дело с выпиской этого издания. В том же письме Страхов писал: «Мне так много хотелось бы написать Вам, что не знаю, на чем остановиться. Всё время я с умилением думал об Ваших теперешних трудах, сердился на низкие выходки “Московских ведомостей” и других подобных изданий, на цензуру, на затруднения, в которые Вы попали благодаря переводчикам и всем, желающим пользоваться Вами, и т. д.... Но в конце марта обнаружилось что-то удивительное — против Вас поднялась такая злоба, такое непобедимое раздражение, что ясно было: Вы задели людей за живое сильнее всяких революционеров и вольнодумцев; дело, очевидно, не в Ваших мнениях, а в Вашей личности».
      </p>
     </note>
    </noteGrp>
   </div>
  </body>
 </text>
</TEI>
