<?xml version="1.0" encoding="utf-8"?>
<TEI xmlns="http://www.tei-c.org/ns/1.0" xmlns:xi="http://www.w3.org/2001/XInclude">
 <teiHeader>
  <fileDesc>
   <titleStmt>
    <title xml:id="v66_481_N_A_Zinovevu">
     Письма и документы. Tolstoy Digital
    </title>
    <title type="main">
     Письмо Н. А. Зиновьеву от 22 июня, 1887-1893 гг.
    </title>
    <title type="bibl">
     Толстой Л. Н. Письмо Н. А. Зиновьеву, 22 июня, 1887-1893 гг. // Толстой Л. Н. Полное собрание сочинений: в 90 тт. Т. 66. М.: Гос. изд. «Художественная литература», 1953. С.
    </title>
    <respStmt>
     <resp>
      Идея, постановка задач, руководство:
     </resp>
     <name>
      Анастасия Бонч-Осмоловская, Фёкла Толстая, Борис Орехов, Тимофей Лукашевский
     </name>
    </respStmt>
    <respStmt>
     <resp>
      Подготовка TEI/XML:
     </resp>
     <name>
      Евгений Можаев, Даниил Скоринкин, Ирина Павлова, Матвей Колбасов, Елена Сидорова, Кирилл Милинцевич, Лев Буланов, Макар Федоров, Константин Петров
     </name>
    </respStmt>
    <respStmt>
     <resp>
      Подготовка метаданных:
     </resp>
     <name>
      Мария Картышева, Вероника Файнберг
     </name>
    </respStmt>
    <respStmt>
     <resp>
      Разметка имен собственных:
     </resp>
     <name>
      Никита Северин, Елена Северина
     </name>
    </respStmt>
    <respStmt>
     <resp>
      Исправление древнегреческого текста:
     </resp>
     <name>
      Ольга Алиева
     </name>
    </respStmt>
    <funder>
     Проект «Слово Толстого»
    </funder>
   </titleStmt>
   <publicationStmt>
    <publisher>
     <orgName>
      Tolstoy Digital, DH CLOUD, Научно-образовательный союз «Родное Слово» проект «Слово Толстого»
     </orgName>
    </publisher>
    <availability>
     <p id="1511d65f-1d1b-4e3d-931f-ce5b72224be9">
      Тексты и метатекстовая разметка доступны для свободного использования и распространения по лицензии Creative Commons Attribution Share-Alike (cc by-sa)
     </p>
    </availability>
    <date from="2015" to="2022"/>
   </publicationStmt>
   <notesStmt>
    <note>
     Публикуемые документы был получены с сайта tolstoy.ru в формате html, переведены в формат TEI. Исправлены некоторые ошибки распознавания. Тексты, написанные в дореформенной орфографии, сопоставлены с их версиями в современной орфографии.
    </note>
   </notesStmt>
   <sourceDesc>
    <biblStruct>
     <analytic>
      <author>
       Толстой Лев Николаевич
      </author>
     </analytic>
     <monogr>
      <title level="m">
       Полное собрание сочинений. Том 66
      </title>
      <imprint>
       <pubPlace>
        Москва
       </pubPlace>
       <publisher>
        Государственное издательство «Художественная литература»
       </publisher>
       <date when="1953"/>
      </imprint>
      <biblScope unit="vol">
       66
      </biblScope>
      <biblScope unit="page">
       354-355
      </biblScope>
     </monogr>
     <series>
      <title level="s">
       Л. Н. Толстой. Полное собрание сочинений: в 90 тт.
      </title>
     </series>
    </biblStruct>
    <bibl>
     Публикуется впервые
    </bibl>
   </sourceDesc>
  </fileDesc>
  <encodingDesc>
   <classDecl>
    <xi:include href="../../reference/taxonomy.xml"/>
   </classDecl>
  </encodingDesc>
  <profileDesc>
   <correspDesc>
    <correspAction type="sending">
     <persName ref="13883">
      Л. Н. Толстой
     </persName>
     <placeName>
      Ясенки
     </placeName>
     <date when="-06-22"/>
    </correspAction>
    <correspAction type="receiving">
     <persName ref="5424">
      Зиновьев Николай Алексеевич
     </persName>
    </correspAction>
   </correspDesc>
   <langUsage>
    <language ident="ru"/>
   </langUsage>
   <textClass>
    <catRef ana="#tolstoy_heritage" target="library"/>
    <catRef ana="#letters" target="type"/>
    <catRef ana="#not_sent" target="sent"/>
   </textClass>
  </profileDesc>
 </teiHeader>
 <xenoData>
  <number type="in a volume">
   481
  </number>
 </xenoData>
 <text xml:id="N.A.Zinovevu_481" xmlns="http://www.tei-c.org/ns/1.0" xmlns:xi="http://www.w3.org/2001/XInclude">
  <body>
   <div>
    <pb n="354"/>
    <opener index="false">
     * 481.
     <name placement="text" ref="5424" type="person">
      Н. А. Зиновьеву
     </name>
     . Неотправленное (?).1887 г....1893 г. Июня 22. Ясенки.
    </opener>
    <p id="0e11563c-7455-44f0-ba16-ccbf31c27541" rend="Obrashenie">
     Многоуважаемый Николай Алексеевич.
    </p>
    <p id="1e036047-48e0-4b08-ad5e-e28f04b49e25">
     Пишу вам из Ясенковского волостного правленья. Вчера в то время, как вы уезжали от нас, там был страшный
     <hi style="opdelimiter">
      пожар;
     </hi>
     <pb n="355"/>
     <hi style="npdelimiter">
      сгорело
     </hi>
     17 дворов, погорел хлеб, всё имущество, у некоторых овцы, скотина и лошадь.
    </p>
    <p id="01c336c8-01c2-4fa7-b7d3-2a31ef51651d">
     Нельзя ли им дать в казенном лесу в виде дров лесу кое-какого на постройку дворов. Мы с своей стороны сделаем, что можем. — Письмо это передаст писарь,
     <ref target="#note1">
      1
     </ref>
     <note index="false" resp="volume_editor" xml:id="note1">
      <name placement="note" ref="9862" type="person">
       Сергей Васильевич Новиков
      </name>
      .
     </note>
     очень дельный человек и тоже пострадавший, так как сгорел дом находящихся на его попечении сирот.
    </p>
    <p id="31817688-3ae3-4c28-bd73-809fb31330e5" rend="right">
     Ваш Л. Толстой.
    </p>
    <p id="46a3f7a1-afcd-4b69-883e-8c49468c5d35">
     22 июня.
    </p>
    <p id="794ee69f-66d0-47e7-aeae-d47d4437baf4">
     Что касается до вопроса о пруде, то у крестьян нет выкупного договора и доказательств того, что пруд в их земле, и нужно бы справиться в губернском присутствии.
    </p>
    <lb/>
    <p id="18f44c4e-4cc1-47f2-b295-d3e04600683e">
     <hi>
      На конверте:
     </hi>
     Его превосходительству
     <name placement="text" ref="5424" type="person">
      Николаю Алексеевичу Зиновьеву
     </name>
     .
    </p>
    <noteGrp type="comments">
     <note index="false" type="comments">
      <p id="5a169fa4-1bc5-4a9d-b9a1-3b6def8c29e8" rend="Textpetit_otstup left">
       Год в дате письма определяется временем пребывания H.A. Зиновьева в должности тульского губернатора.
      </p>
     </note>
    </noteGrp>
   </div>
  </body>
 </text>
</TEI>
