<?xml version="1.0" encoding="utf-8"?>
<TEI xmlns="http://www.tei-c.org/ns/1.0" xmlns:xi="http://www.w3.org/2001/XInclude">
 <teiHeader>
  <fileDesc>
   <titleStmt>
    <title xml:id="v66_578_V_V_Stasovu">
     Письма и документы. Tolstoy Digital
    </title>
    <title type="main">
     Письмо В. В. Стасову от 12 ноября 1893 г.
    </title>
    <title type="bibl">
     Толстой Л. Н. Письмо В. В. Стасову, 12 ноября 1893 г. // Толстой Л. Н. Полное собрание сочинений: в 90 тт. Т. 66. М.: Гос. изд. «Художественная литература», 1953. С.
    </title>
    <respStmt>
     <resp>
      Идея, постановка задач, руководство:
     </resp>
     <name>
      Анастасия Бонч-Осмоловская, Фёкла Толстая, Борис Орехов, Тимофей Лукашевский
     </name>
    </respStmt>
    <respStmt>
     <resp>
      Подготовка TEI/XML:
     </resp>
     <name>
      Евгений Можаев, Даниил Скоринкин, Ирина Павлова, Матвей Колбасов, Елена Сидорова, Кирилл Милинцевич, Лев Буланов, Макар Федоров, Константин Петров
     </name>
    </respStmt>
    <respStmt>
     <resp>
      Подготовка метаданных:
     </resp>
     <name>
      Мария Картышева, Вероника Файнберг
     </name>
    </respStmt>
    <respStmt>
     <resp>
      Разметка имен собственных:
     </resp>
     <name>
      Никита Северин, Елена Северина
     </name>
    </respStmt>
    <respStmt>
     <resp>
      Исправление древнегреческого текста:
     </resp>
     <name>
      Ольга Алиева
     </name>
    </respStmt>
    <funder>
     Проект «Слово Толстого»
    </funder>
   </titleStmt>
   <publicationStmt>
    <publisher>
     <orgName>
      Tolstoy Digital, DH CLOUD, Научно-образовательный союз «Родное Слово» проект «Слово Толстого»
     </orgName>
    </publisher>
    <availability>
     <p id="c922c677-1a4d-4e37-93c1-dd9b2ae3e282">
      Тексты и метатекстовая разметка доступны для свободного использования и распространения по лицензии Creative Commons Attribution Share-Alike (cc by-sa)
     </p>
    </availability>
    <date from="2015" to="2022"/>
   </publicationStmt>
   <notesStmt>
    <note>
     Публикуемые документы был получены с сайта tolstoy.ru в формате html, переведены в формат TEI. Исправлены некоторые ошибки распознавания. Тексты, написанные в дореформенной орфографии, сопоставлены с их версиями в современной орфографии.
    </note>
   </notesStmt>
   <sourceDesc>
    <biblStruct>
     <analytic>
      <author>
       Толстой Лев Николаевич
      </author>
     </analytic>
     <monogr>
      <title level="m">
       Полное собрание сочинений. Том 66
      </title>
      <imprint>
       <pubPlace>
        Москва
       </pubPlace>
       <publisher>
        Государственное издательство «Художественная литература»
       </publisher>
       <date when="1953"/>
      </imprint>
      <biblScope unit="vol">
       66
      </biblScope>
      <biblScope unit="page">
       428-429
      </biblScope>
     </monogr>
     <series>
      <title level="s">
       Л. Н. Толстой. Полное собрание сочинений: в 90 тт.
      </title>
     </series>
    </biblStruct>
    <bibl/>
   </sourceDesc>
  </fileDesc>
  <encodingDesc>
   <classDecl>
    <xi:include href="../../reference/taxonomy.xml"/>
   </classDecl>
  </encodingDesc>
  <profileDesc>
   <correspDesc>
    <correspAction type="sending">
     <persName ref="13883">
      Л. Н. Толстой
     </persName>
     <placeName>
      Москва
     </placeName>
     <date when="1893-11-12"/>
    </correspAction>
    <correspAction type="receiving">
     <persName ref="13128">
      Стасов Владимир Васильевич
     </persName>
    </correspAction>
   </correspDesc>
   <langUsage>
    <language ident="ru"/>
   </langUsage>
   <textClass>
    <catRef ana="#tolstoy_heritage" target="library"/>
    <catRef ana="#letters" target="type"/>
    <catRef ana="#sent" target="sent"/>
   </textClass>
  </profileDesc>
 </teiHeader>
 <xenoData>
  <number type="in a volume">
   578
  </number>
 </xenoData>
 <text xml:id="V.V.Stasovu_578" xmlns="http://www.tei-c.org/ns/1.0" xmlns:xi="http://www.w3.org/2001/XInclude">
  <body>
   <div>
    <pb n="428"/>
    <opener index="false">
     578.
     <name placement="text" ref="13128" type="person">
      В. В. Стасову
     </name>
     .1893 г. Ноября 12. Москва.
    </opener>
    <p id="59f779c7-ec84-4b1c-aeed-8c1e968b8926">
     Вы продолжаете me combler,
     <ref target="#note1">
      1
     </ref>
     <note index="false" resp="volume_editor" xml:id="note1">
      <hi rend="italic">
       ублажать меня непомерно (буквально: засыпать меня),
      </hi>
     </note>
     дорогой
     <name placement="text" ref="13128" type="person">
      Владимир Васильевич
     </name>
     .
    </p>
    <p id="e1ec8d8a-374c-42d5-b2de-06f8cf0aff77">
     Очень благодарен за доставленные мне сведения. Legge у меня есть три тома, но только о Конфуции, о Менции и книга песен; но я не знал, что есть его же перевод Тао-те-Кинга.
     <ref target="#note2">
      2
     </ref>
     <note index="false" resp="volume_editor" xml:id="note2">
      Джемс Легге (Legge, 1815—1897), английский ученый китаист (синолог). Его перевод и комментарий «Тао-те-кинга» Лао-Тзе составляет книги 39 и 40 («The Texts of Taoism» 1891) многотомного издания проф. Макса Мюллера «The Sacred Books of the East» («Священные книги Востока»).
     </note>
     Если он есть, и вы не можете мне дать его посмотреть, то я его выпишу.
    </p>
    <p id="e166b496-560f-4371-9a97-ac938feb12df">
     Том Annales я не получил,
     <choice original_editorial_correction="п[отому]">
      <sic>
       п
      </sic>
      <corr>
       потому
      </corr>
     </choice>
     <choice original_editorial_correction="ч[то]">
      <sic>
       ч
      </sic>
      <corr>
       что
      </corr>
     </choice>
     в то время, как поехал в Москву, он, вероятно, приехал в Тулу, откуда мне его вышлют сюда. Очень, очень благодарю вас за него. Хотел сказать, что благодарю вас за ваше описание юбилея Григоровича,
     <ref target="#note3">
      3
     </ref>
     <note index="false" resp="volume_editor" xml:id="note3">
      В письме Стасова от 31 октября 1893 г.
     </note>
     но чтобы быть правдивым, не скажу этого. Такие сведения всегда щекочут пакостное неистребимое тщеславное самолюбие, и потому я не рад, когда получаю их. Благодарю за ваши
     <hi style="opdelimiter">
      добрые
     </hi>
     <pb n="429"/>
     <hi style="npdelimiter">
      чувства
     </hi>
     ко мне. Так вот как. Очень рад, что до свиданья, если будем живы.
    </p>
    <p id="64590e07-3923-4f43-bba9-c0cb726e2ddc" rend="right">
     <name placement="text" ref="13883" type="person">
      Л. Толстой
     </name>
     .
    </p>
    <lb/>
    <p id="716f3292-9416-44f0-8e31-618554b68a34">
     <hi>
      На конверте:
     </hi>
     Петербург. Публичная библиотека. Владимиру Васильевичу Стасову.
    </p>
    <noteGrp type="comments">
     <note index="false" type="comments">
      <p id="0990286d-7eec-4eb0-9981-62f353444a94" rend="Textpetit_otstup left">
       Впервые опубликовано в книге «Лев Толстой и В. В. Стасов. Переписка», Л. 1929, стр. 115. Дата определяется почтовым штемпелем отправления.
      </p>
     </note>
     <note index="false" type="comments">
      <p id="29494c19-8b31-4dcb-b7f3-52bd22517af4" rend="petit">
       Ответ на два письма Стасова из Петербурга: от 31 октября и 2 ноября. См. «
       <name placement="comments" ref="13883" type="person">
        Лев Толстой
       </name>
       и В. В. Стасов. Переписка», стр. 111 и 112—114.
      </p>
     </note>
    </noteGrp>
   </div>
  </body>
 </text>
</TEI>
