<?xml version="1.0" encoding="utf-8"?>
<TEI xmlns="http://www.tei-c.org/ns/1.0" xmlns:xi="http://www.w3.org/2001/XInclude">
 <teiHeader>
  <fileDesc>
   <titleStmt>
    <title xml:id="v66_457_ZH_DyumaDumas">
     Письма и документы. Tolstoy Digital
    </title>
    <title type="main">
     Письмо Ж. Дюма (Dumas) от 20 мая 1893 г.
    </title>
    <title type="bibl">
     Толстой Л. Н. Письмо Ж. Дюма (Dumas), 20 мая 1893 г. // Толстой Л. Н. Полное собрание сочинений: в 90 тт. Т. 66. М.: Гос. изд. «Художественная литература», 1953. С.
    </title>
    <respStmt>
     <resp>
      Идея, постановка задач, руководство:
     </resp>
     <name>
      Анастасия Бонч-Осмоловская, Фёкла Толстая, Борис Орехов, Тимофей Лукашевский
     </name>
    </respStmt>
    <respStmt>
     <resp>
      Подготовка TEI/XML:
     </resp>
     <name>
      Евгений Можаев, Даниил Скоринкин, Ирина Павлова, Матвей Колбасов, Елена Сидорова, Кирилл Милинцевич, Лев Буланов, Макар Федоров, Константин Петров
     </name>
    </respStmt>
    <respStmt>
     <resp>
      Подготовка метаданных:
     </resp>
     <name>
      Мария Картышева, Вероника Файнберг
     </name>
    </respStmt>
    <respStmt>
     <resp>
      Разметка имен собственных:
     </resp>
     <name>
      Никита Северин, Елена Северина
     </name>
    </respStmt>
    <respStmt>
     <resp>
      Исправление древнегреческого текста:
     </resp>
     <name>
      Ольга Алиева
     </name>
    </respStmt>
    <funder>
     Проект «Слово Толстого»
    </funder>
   </titleStmt>
   <publicationStmt>
    <publisher>
     <orgName>
      Tolstoy Digital, DH CLOUD, Научно-образовательный союз «Родное Слово» проект «Слово Толстого»
     </orgName>
    </publisher>
    <availability>
     <p id="3456f478-8383-4b06-a7b1-198e4a1ee087">
      Тексты и метатекстовая разметка доступны для свободного использования и распространения по лицензии Creative Commons Attribution Share-Alike (cc by-sa)
     </p>
    </availability>
    <date from="2015" to="2022"/>
   </publicationStmt>
   <notesStmt>
    <note>
     Публикуемые документы был получены с сайта tolstoy.ru в формате html, переведены в формат TEI. Исправлены некоторые ошибки распознавания. Тексты, написанные в дореформенной орфографии, сопоставлены с их версиями в современной орфографии.
    </note>
   </notesStmt>
   <sourceDesc>
    <biblStruct>
     <analytic>
      <author>
       Толстой Лев Николаевич
      </author>
     </analytic>
     <monogr>
      <title level="m">
       Полное собрание сочинений. Том 66
      </title>
      <imprint>
       <pubPlace>
        Москва
       </pubPlace>
       <publisher>
        Государственное издательство «Художественная литература»
       </publisher>
       <date when="1953"/>
      </imprint>
      <biblScope unit="vol">
       66
      </biblScope>
      <biblScope unit="page">
       332-333
      </biblScope>
     </monogr>
     <series>
      <title level="s">
       Л. Н. Толстой. Полное собрание сочинений: в 90 тт.
      </title>
     </series>
    </biblStruct>
    <bibl>
     Публикуется впервые
    </bibl>
   </sourceDesc>
  </fileDesc>
  <encodingDesc>
   <classDecl>
    <xi:include href="../../reference/taxonomy.xml"/>
   </classDecl>
  </encodingDesc>
  <profileDesc>
   <correspDesc>
    <correspAction type="sending">
     <persName ref="13883">
      Л. Н. Толстой
     </persName>
     <placeName>
      Ясная Поляна
     </placeName>
     <date when="1893-05-20"/>
    </correspAction>
    <correspAction type="receiving">
     <persName ref="4766">
      Дюма Жорж (Georges Dumas)
     </persName>
    </correspAction>
   </correspDesc>
   <langUsage>
    <language ident="ru"/>
   </langUsage>
   <textClass>
    <catRef ana="#tolstoy_heritage" target="library"/>
    <catRef ana="#letters" target="type"/>
    <catRef ana="#not_sent" target="sent"/>
   </textClass>
  </profileDesc>
 </teiHeader>
 <xenoData>
  <number type="in a volume">
   457
  </number>
 </xenoData>
 <text xml:id="ZH.DyumaDumas_457" xmlns="http://www.tei-c.org/ns/1.0" xmlns:xi="http://www.w3.org/2001/XInclude">
  <body>
   <div>
    <pb n="332"/>
    <opener index="false">
     * 457.
     <name placement="text" ref="4766" type="person">
      Жоржу Дюма (Georges Dumas)
     </name>
     . Черновое.1893 г. Мая 20. Я. П.
    </opener>
    <p id="a7c27c73-e255-47b4-b941-00d9ff3c1dd0">
     forme le fondement de tous mes autres écrits.
    </p>
    <p id="8c1c5376-4d01-4536-b69e-3bae757faae2">
     La préface aux évangiles, ainsi que les arguments des 12 chapitres de la concordance ont été traduits en Français et publiées il y a de cela une dizaine d’années dans la Revue Nouvelle.
     <ref target="#note1">
      1
     </ref>
     <note index="false" resp="volume_editor" xml:id="note1">
      Перевод предисловия к «Краткому изложению евангелия» был напечатан в журнале «La Nouvelle Revue» в 1883 г.
     </note>
     Je regrette beaucoup de ne pas
     <choice original_editorial_correction="v[ou]s">
      <sic>
       vs
      </sic>
      <corr>
       vous
      </corr>
     </choice>
     en avoir parlé. Ces quelques pages
     <choice original_editorial_correction="v[ou]s">
      <sic>
       vs
      </sic>
      <corr>
       vous
      </corr>
     </choice>
     auraient aidé peut-être dans votre étude, que j’admire beaucoup pour la justesse de votre critique ainsi que pour l’élégance et la clarté de l’exposition.
    </p>
    <p id="00b66197-a22d-43f1-894e-24742e8ddbc7" rend="Textpetit_otstup left">
     составляет основу всех других моих писаний.
    </p>
    <p id="e77909ed-68c0-451f-a5fc-521aa766cda4" rend="petit">
     Предисловие к евангелиям, так же как аргументы двенадцати главсвода евангелий, были переведены по-французски и опубликованы лет десять тому назад в la Revue Nouvelle.
     <ref target="#note2">
      2
     </ref>
     <note index="false" resp="volume_editor" xml:id="note2">
      Перевод предисловия к «Краткому изложению евангелия» был напечатан в журнале «La Nouvelle Revue» в 1883 г.
     </note>
     Я очень сожалею, что не сказал вам об этом. Эти несколько страниц помогли бы вам, может быть, в вашем этюде, которым я очень любуюсь за верность ваших суждений, так же как за изящество и ясность изложения.
    </p>
    <p id="02dc2703-fa3c-4e4f-a7bc-9489caca9f2d" rend="Textpetit_otstup left">
     О Ж. Дюма см. прим. к письму № 228.
    </p>
    <p id="33e951d0-3736-43b4-b16a-5fdb2e97600a" rend="petit">
     Отрывок письма печатается по автографу, написанному на второй (чистой) странице письма Dumas, на которое является ответом. Местонахождение подлинника, посланного Дюма, неизвестно. Датируется на основании Списка М. Л. Толстой.
    </p>
    <p id="f18d2348-b2b8-4e17-841d-de6bdf0a0b8f" rend="petit">
     Ответ на недатированное письмо
     <name placement="text" ref="4766" type="person">
      Жоржа Дюма
     </name>
     , уведомлявшего, что высылает свой этюд о философии Толстого. В яснополянской
     <hi style="opdelimiter">
      библиотеке
     </hi>
     <pb n="333"/>
     <hi style="npdelimiter">
      сохранился
     </hi>
     этот экземпляр книги Дюма: «Tolstoy et la Philosophie de l’amour». Librairie Hachette et C-ie, Paris 1893.
    </p>
    <noteGrp type="comments"/>
   </div>
  </body>
 </text>
</TEI>
