<?xml version="1.0" encoding="utf-8"?>
<TEI xmlns="http://www.tei-c.org/ns/1.0" xmlns:xi="http://www.w3.org/2001/XInclude">
 <teiHeader>
  <fileDesc>
   <titleStmt>
    <title xml:id="v66_474_N_V_Davydovu">
     Письма и документы. Tolstoy Digital
    </title>
    <title type="main">
     Письмо Н. В. Давыдову от 5 июня 1893 г.
    </title>
    <title type="bibl">
     Толстой Л. Н. Письмо Н. В. Давыдову, 5 июня 1893 г. // Толстой Л. Н. Полное собрание сочинений: в 90 тт. Т. 66. М.: Гос. изд. «Художественная литература», 1953. С.
    </title>
    <respStmt>
     <resp>
      Идея, постановка задач, руководство:
     </resp>
     <name>
      Анастасия Бонч-Осмоловская, Фёкла Толстая, Борис Орехов, Тимофей Лукашевский
     </name>
    </respStmt>
    <respStmt>
     <resp>
      Подготовка TEI/XML:
     </resp>
     <name>
      Евгений Можаев, Даниил Скоринкин, Ирина Павлова, Матвей Колбасов, Елена Сидорова, Кирилл Милинцевич, Лев Буланов, Макар Федоров, Константин Петров
     </name>
    </respStmt>
    <respStmt>
     <resp>
      Подготовка метаданных:
     </resp>
     <name>
      Мария Картышева, Вероника Файнберг
     </name>
    </respStmt>
    <respStmt>
     <resp>
      Разметка имен собственных:
     </resp>
     <name>
      Никита Северин, Елена Северина
     </name>
    </respStmt>
    <respStmt>
     <resp>
      Исправление древнегреческого текста:
     </resp>
     <name>
      Ольга Алиева
     </name>
    </respStmt>
    <funder>
     Проект «Слово Толстого»
    </funder>
   </titleStmt>
   <publicationStmt>
    <publisher>
     <orgName>
      Tolstoy Digital, DH CLOUD, Научно-образовательный союз «Родное Слово» проект «Слово Толстого»
     </orgName>
    </publisher>
    <availability>
     <p id="94703053-f5bb-4503-b157-ea2cd4933674">
      Тексты и метатекстовая разметка доступны для свободного использования и распространения по лицензии Creative Commons Attribution Share-Alike (cc by-sa)
     </p>
    </availability>
    <date from="2015" to="2022"/>
   </publicationStmt>
   <notesStmt>
    <note>
     Публикуемые документы был получены с сайта tolstoy.ru в формате html, переведены в формат TEI. Исправлены некоторые ошибки распознавания. Тексты, написанные в дореформенной орфографии, сопоставлены с их версиями в современной орфографии.
    </note>
   </notesStmt>
   <sourceDesc>
    <biblStruct>
     <analytic>
      <author>
       Толстой Лев Николаевич
      </author>
     </analytic>
     <monogr>
      <title level="m">
       Полное собрание сочинений. Том 66
      </title>
      <imprint>
       <pubPlace>
        Москва
       </pubPlace>
       <publisher>
        Государственное издательство «Художественная литература»
       </publisher>
       <date when="1953"/>
      </imprint>
      <biblScope unit="vol">
       66
      </biblScope>
      <biblScope unit="page">
       349-349
      </biblScope>
     </monogr>
     <series>
      <title level="s">
       Л. Н. Толстой. Полное собрание сочинений: в 90 тт.
      </title>
     </series>
    </biblStruct>
    <bibl/>
   </sourceDesc>
  </fileDesc>
  <encodingDesc>
   <classDecl>
    <xi:include href="../../reference/taxonomy.xml"/>
   </classDecl>
  </encodingDesc>
  <profileDesc>
   <correspDesc>
    <correspAction type="sending">
     <persName ref="13883">
      Л. Н. Толстой
     </persName>
     <placeName>
      Тула
     </placeName>
     <date when="1893-06-05"/>
    </correspAction>
    <correspAction type="receiving">
     <persName ref="4112">
      Давыдов Николай Васильевич
     </persName>
    </correspAction>
   </correspDesc>
   <langUsage>
    <language ident="ru"/>
   </langUsage>
   <textClass>
    <catRef ana="#tolstoy_heritage" target="library"/>
    <catRef ana="#letters" target="type"/>
    <catRef ana="#sent" target="sent"/>
   </textClass>
  </profileDesc>
 </teiHeader>
 <xenoData>
  <number type="in a volume">
   474
  </number>
 </xenoData>
 <text xml:id="N.V.Davydovu_474" xmlns="http://www.tei-c.org/ns/1.0" xmlns:xi="http://www.w3.org/2001/XInclude">
  <body>
   <div>
    <pb n="349"/>
    <opener index="false">
     474.
     <name placement="text" ref="4112" type="person">
      Н. В. Давыдову
     </name>
     .1893 г. Июня 5. Тула.
    </opener>
    <p id="4519b19c-c6e1-401c-8fb7-77be7057c970">
     Не застал вас дома,
     <name placement="text" ref="4112" type="person">
      Николай Васильевич
     </name>
     , и все-таки позволил себе посидеть и даже не отказаться от предложенного мне кофе, за
     <choice original_editorial_correction="к[оторый]">
      <sic>
       к
      </sic>
      <corr>
       который
      </corr>
     </choice>
     приношу благодарность.
    </p>
    <p id="92d23c2e-8fcb-4b4c-b63a-87e91368b76f">
     Земским начальником
     <choice original_editorial_correction="Тульск[ого]">
      <sic>
       Тульск
      </sic>
      <corr>
       Тульского
      </corr>
     </choice>
     уезда 1-го участка
     <name placement="note" ref="1735" type="person">
      Борисовым
     </name>
     <ref target="#note1">
      1
     </ref>
     <note index="false" resp="volume_editor" xml:id="note1">
      <name placement="note" ref="1735" type="person">
       Анатолий Александрович Борисов
      </name>
      .
     </note>
     приговорен в тюрьму на 6
     <choice original_editorial_correction="мес[яцев]">
      <sic>
       мес
      </sic>
      <corr>
       месяцев
      </corr>
     </choice>
     крестьянин
     <choice original_editorial_correction="Крапивенс[кого]">
      <sic>
       Крапивенс
      </sic>
      <corr>
       Крапивенского
      </corr>
     </choice>
     уезда Фадей Бодров. Я дал за него поручительство. Можно ли его выпустить на рабочую пору? Он уже 2 месяца сидит. Борисов написал об этом к тюремному начальству.
    </p>
    <p id="10fd88dc-7725-4242-acdb-0840458075ea">
     <ref target="#note2">
      2
     </ref>
     <note index="false" resp="volume_editor" xml:id="note2">
      Абзац редактора.
     </note>
     Кузминский приехал на неделю. — Приезжайте к нам.
    </p>
    <p id="d9bd75f6-3c38-4148-ab57-3a9ec8a94873" rend="right">
     Л. Т.
    </p>
    <noteGrp type="comments">
     <note index="false" type="comments">
      <p id="bdfaaa2a-cd97-4352-93b7-6f277c0a12e2" rend="Textpetit_otstup left">
       Впервые опубликовано без даты в ТП, II, М. 1920, стр. 34. Дата определяется сопоставлением записей в Записной книжке 1893—1895 гг. и в Дневнике Толстого 5 июня 1893 г.: «Иду сейчас в Тулу» (см. т. 52, стр. 84).
      </p>
     </note>
     <note index="false" type="comments">
      <p id="8b95e09c-cd51-4e98-b2dc-ba1867e770fa" rend="petit">
       Записка, написанная в квартире тульского прокурора Н. В. Давыдова. В Записной книжке между мыслями, записанными в Дневнике 5 июня, он отметил себе для памяти: «Шевелевка.
       <choice original_editorial_correction="З[емский]">
        <sic>
         З
        </sic>
        <corr>
         Земский
        </corr>
       </choice>
       <choice original_editorial_correction="н[ачальник]">
        <sic>
         н
        </sic>
        <corr>
         начальник
        </corr>
       </choice>
       1 участка на поруки Борисов». И несколько далее, после всех записей, перенесенных в Дневник 5 июня: «Фадей Бодров» (см. т. 52, стр. 235—236).
      </p>
     </note>
    </noteGrp>
   </div>
  </body>
 </text>
</TEI>
