<?xml version="1.0" encoding="utf-8"?>
<TEI xmlns="http://www.tei-c.org/ns/1.0" xmlns:xi="http://www.w3.org/2001/XInclude">
 <teiHeader>
  <fileDesc>
   <titleStmt>
    <title xml:id="v66_156_G_A_Ermolaevu">
     Письма и документы. Tolstoy Digital
    </title>
    <title type="main">
     Письмо Г. А. Ермолаеву от 3 февраля 1892 г.
    </title>
    <title type="bibl">
     Толстой Л. Н. Письмо Г. А. Ермолаеву, 3 февраля 1892 г. // Толстой Л. Н. Полное собрание сочинений: в 90 тт. Т. 66. М.: Гос. изд. «Художественная литература», 1953. С.
    </title>
    <respStmt>
     <resp>
      Идея, постановка задач, руководство:
     </resp>
     <name>
      Анастасия Бонч-Осмоловская, Фёкла Толстая, Борис Орехов, Тимофей Лукашевский
     </name>
    </respStmt>
    <respStmt>
     <resp>
      Подготовка TEI/XML:
     </resp>
     <name>
      Евгений Можаев, Даниил Скоринкин, Ирина Павлова, Матвей Колбасов, Елена Сидорова, Кирилл Милинцевич, Лев Буланов, Макар Федоров, Константин Петров
     </name>
    </respStmt>
    <respStmt>
     <resp>
      Подготовка метаданных:
     </resp>
     <name>
      Мария Картышева, Вероника Файнберг
     </name>
    </respStmt>
    <respStmt>
     <resp>
      Разметка имен собственных:
     </resp>
     <name>
      Никита Северин, Елена Северина
     </name>
    </respStmt>
    <respStmt>
     <resp>
      Исправление древнегреческого текста:
     </resp>
     <name>
      Ольга Алиева
     </name>
    </respStmt>
    <funder>
     Проект «Слово Толстого»
    </funder>
   </titleStmt>
   <publicationStmt>
    <publisher>
     <orgName>
      Tolstoy Digital, DH CLOUD, Научно-образовательный союз «Родное Слово» проект «Слово Толстого»
     </orgName>
    </publisher>
    <availability>
     <p id="defbb5b9-a869-4284-a4bc-d291433e91a5">
      Тексты и метатекстовая разметка доступны для свободного использования и распространения по лицензии Creative Commons Attribution Share-Alike (cc by-sa)
     </p>
    </availability>
    <date from="2015" to="2022"/>
   </publicationStmt>
   <notesStmt>
    <note>
     Публикуемые документы был получены с сайта tolstoy.ru в формате html, переведены в формат TEI. Исправлены некоторые ошибки распознавания. Тексты, написанные в дореформенной орфографии, сопоставлены с их версиями в современной орфографии.
    </note>
   </notesStmt>
   <sourceDesc>
    <biblStruct>
     <analytic>
      <author>
       Толстой Лев Николаевич
      </author>
     </analytic>
     <monogr>
      <title level="m">
       Полное собрание сочинений. Том 66
      </title>
      <imprint>
       <pubPlace>
        Москва
       </pubPlace>
       <publisher>
        Государственное издательство «Художественная литература»
       </publisher>
       <date when="1953"/>
      </imprint>
      <biblScope unit="vol">
       66
      </biblScope>
      <biblScope unit="page">
       151-152
      </biblScope>
     </monogr>
     <series>
      <title level="s">
       Л. Н. Толстой. Полное собрание сочинений: в 90 тт.
      </title>
     </series>
    </biblStruct>
    <bibl>
     Публикуется впервые
    </bibl>
   </sourceDesc>
  </fileDesc>
  <encodingDesc>
   <classDecl>
    <xi:include href="../../reference/taxonomy.xml"/>
   </classDecl>
  </encodingDesc>
  <profileDesc>
   <correspDesc>
    <correspAction type="sending">
     <persName ref="13883">
      Л. Н. Толстой
     </persName>
     <placeName>
      Бегичевка
     </placeName>
     <date when="1892-02-03"/>
    </correspAction>
    <correspAction type="receiving">
     <persName ref="4974">
      Ермолаев Григорий Алексеевич
     </persName>
    </correspAction>
   </correspDesc>
   <langUsage>
    <language ident="ru"/>
   </langUsage>
   <textClass>
    <catRef ana="#tolstoy_heritage" target="library"/>
    <catRef ana="#letters" target="type"/>
    <catRef ana="#sent" target="sent"/>
   </textClass>
  </profileDesc>
 </teiHeader>
 <xenoData>
  <number type="in a volume">
   156
  </number>
 </xenoData>
 <text xml:id="G.A.Ermolaevu_156" xmlns="http://www.tei-c.org/ns/1.0" xmlns:xi="http://www.w3.org/2001/XInclude">
  <body>
   <div>
    <pb n="151"/>
    <opener index="false">
     * 156.
     <name placement="text" ref="4974" type="person">
      Г. А. Ермолаеву
     </name>
     .1892 г. Февраля 3? Бегичевка.
    </opener>
    <p id="feb3bea2-bcba-4e9e-9db9-39203064ea31" rend="Obrashenie">
     <name placement="text" ref="4974" type="person">
      Григорий Алексеевич
     </name>
     !
    </p>
    <p id="73ce6f11-a760-4d2d-a2df-174b34285a55">
     Ржи два вагона отправьте к Лебедеву, управляющему Ершова,
     <ref target="#note1">
      1
     </ref>
     <note index="false" resp="volume_editor" xml:id="note1">
      <name placement="note" ref="4997" type="person">
       Владимир Иванович Ершов
      </name>
      (1844—1899), в 1890—1892 гг. московский губернский предводитель дворянства, позднее оренбургский военный губернатор; помещик Епифанского уезда Тульской губ., в имении которого, близ деревни Грязновки, был устроен склад хранения продуктов для столовых, находившихся в ведении Толстого.
     </note>
     в Грязновку.
    </p>
    <p id="51b9a165-744d-4bb5-85f7-fc13f201871b">
     Дрова подержите у себя. Я за ними пришлю из тех деревень, где столовые.
    </p>
    <p id="9b13c8ef-f2bc-48b3-9a6f-9d2029305f8b">
     Если же будут приезжать за ними с записками от меня, или Лебедева, или Леонтьева,
     <ref target="#note2">
      2
     </ref>
     <note index="false" resp="volume_editor" xml:id="note2">
      Б. Н. Леонтьев в первой половине февраля жил в деревне Муравлянке, Скопинского уезда, откуда переехал в Хованщину, Епифанского уезда.
     </note>
     то отпускайте. —
    </p>
    <p id="6658096b-1e23-4904-955b-527e223699d7">
     Счет ожидаю.
    </p>
    <p id="dc741b8c-e667-451c-9bae-35b92723ad8a" rend="right rightindent">
     Готовый к услугам
    </p>
    <p id="f4f344d8-a582-4f0a-8b46-58872671dbee" rend="right">
     Л.
     <hi style="opdelimiter">
      Толстой.
     </hi>
    </p>
    <p id="cfba7429-366e-4a9e-b0f0-4e2821e4eaf1" rend="petit">
     <pb n="152"/>
     <hi style="npdelimiter">
      Датируется
     </hi>
     предположительно, днем отъезда С. А. Толстой из Бегичевки, с которой было отправлено это письмо.
    </p>
    <noteGrp type="comments"/>
   </div>
  </body>
 </text>
</TEI>
