<?xml version="1.0" encoding="utf-8"?>
<TEI xmlns="http://www.tei-c.org/ns/1.0" xmlns:xi="http://www.w3.org/2001/XInclude">
 <teiHeader>
  <fileDesc>
   <titleStmt>
    <title xml:id="v66_022_A_N_Dunaevu">
     Письма и документы. Tolstoy Digital
    </title>
    <title type="main">
     Письмо А. Н. Дунаеву от 24 августа 1891 г.
    </title>
    <title type="bibl">
     Толстой Л. Н. Письмо А. Н. Дунаеву, 24 августа 1891 г. // Толстой Л. Н. Полное собрание сочинений: в 90 тт. Т. 66. М.: Гос. изд. «Художественная литература», 1953. С.
    </title>
    <respStmt>
     <resp>
      Идея, постановка задач, руководство:
     </resp>
     <name>
      Анастасия Бонч-Осмоловская, Фёкла Толстая, Борис Орехов, Тимофей Лукашевский
     </name>
    </respStmt>
    <respStmt>
     <resp>
      Подготовка TEI/XML:
     </resp>
     <name>
      Евгений Можаев, Даниил Скоринкин, Ирина Павлова, Матвей Колбасов, Елена Сидорова, Кирилл Милинцевич, Лев Буланов, Макар Федоров, Константин Петров
     </name>
    </respStmt>
    <respStmt>
     <resp>
      Подготовка метаданных:
     </resp>
     <name>
      Мария Картышева, Вероника Файнберг
     </name>
    </respStmt>
    <respStmt>
     <resp>
      Разметка имен собственных:
     </resp>
     <name>
      Никита Северин, Елена Северина
     </name>
    </respStmt>
    <respStmt>
     <resp>
      Исправление древнегреческого текста:
     </resp>
     <name>
      Ольга Алиева
     </name>
    </respStmt>
    <funder>
     Проект «Слово Толстого»
    </funder>
   </titleStmt>
   <publicationStmt>
    <publisher>
     <orgName>
      Tolstoy Digital, DH CLOUD, Научно-образовательный союз «Родное Слово» проект «Слово Толстого»
     </orgName>
    </publisher>
    <availability>
     <p id="995958b1-0864-4466-9da8-0138e56fd9a3">
      Тексты и метатекстовая разметка доступны для свободного использования и распространения по лицензии Creative Commons Attribution Share-Alike (cc by-sa)
     </p>
    </availability>
    <date from="2015" to="2022"/>
   </publicationStmt>
   <notesStmt>
    <note>
     Публикуемые документы был получены с сайта tolstoy.ru в формате html, переведены в формат TEI. Исправлены некоторые ошибки распознавания. Тексты, написанные в дореформенной орфографии, сопоставлены с их версиями в современной орфографии.
    </note>
   </notesStmt>
   <sourceDesc>
    <biblStruct>
     <analytic>
      <author>
       Толстой Лев Николаевич
      </author>
     </analytic>
     <monogr>
      <title level="m">
       Полное собрание сочинений. Том 66
      </title>
      <imprint>
       <pubPlace>
        Москва
       </pubPlace>
       <publisher>
        Государственное издательство «Художественная литература»
       </publisher>
       <date when="1953"/>
      </imprint>
      <biblScope unit="vol">
       66
      </biblScope>
      <biblScope unit="page">
       32-32
      </biblScope>
     </monogr>
     <series>
      <title level="s">
       Л. Н. Толстой. Полное собрание сочинений: в 90 тт.
      </title>
     </series>
    </biblStruct>
    <bibl>
     Публикуется впервые
    </bibl>
   </sourceDesc>
  </fileDesc>
  <encodingDesc>
   <classDecl>
    <xi:include href="../../reference/taxonomy.xml"/>
   </classDecl>
  </encodingDesc>
  <profileDesc>
   <correspDesc>
    <correspAction type="sending">
     <persName ref="13883">
      Л. Н. Толстой
     </persName>
     <placeName>
      Ясная Поляна
     </placeName>
     <date when="1891-08-24"/>
    </correspAction>
    <correspAction type="receiving">
     <persName ref="4688">
      Дунаев Александр Никифорович
     </persName>
    </correspAction>
   </correspDesc>
   <langUsage>
    <language ident="ru"/>
   </langUsage>
   <textClass>
    <catRef ana="#tolstoy_heritage" target="library"/>
    <catRef ana="#letters" target="type"/>
    <catRef ana="#sent" target="sent"/>
   </textClass>
  </profileDesc>
 </teiHeader>
 <xenoData>
  <number type="in a volume">
   22
  </number>
 </xenoData>
 <text xml:id="A.N.Dunaevu_22" xmlns="http://www.tei-c.org/ns/1.0" xmlns:xi="http://www.w3.org/2001/XInclude">
  <body>
   <div>
    <pb n="32"/>
    <opener index="false">
     * 22.
     <name placement="text" ref="4688" type="person">
      А. Н. Дунаеву
     </name>
     .1891 г. Августа 24. Я. П.
    </opener>
    <p id="5243ecc9-be8a-46df-a3f0-8dd5eda3f3f3">
     Очень рад был получить ваше письмо, дорогой
     <name placement="text" ref="4688" type="person">
      Александр Никифорович
     </name>
     . Я не только всё понял, что вы пишете, но и порадовался тому, что вы пишете и думаете. Я со всем не только согласен, но вполне так же чувствую. — Письмо это перешлет или передаст вам жена. Целую вас.
    </p>
    <p id="3115ecc1-a1ef-4c1f-80d2-84cf4ee70f54" rend="right">
     <name placement="text" ref="13883" type="person">
      Л. Толстой
     </name>
     .
    </p>
    <lb/>
    <p id="ebd42294-20e1-4842-8402-95dfd7cae1ca">
     <hi>
      На конверте
     </hi>
     :
     <name placement="text" ref="4688" type="person">
      Александру Никифоровичу Дунаеву
     </name>
     . Москва. Торговый банк. Ильинка.
    </p>
    <noteGrp type="comments">
     <note index="false" type="comments">
      <p id="70a5168b-fd56-47ba-bf62-5f981acfbcd5" rend="Textpetit_otstup left">
       Датируется на основании письма П. И. Бирюкова к Дунаеву, вложенного в тот же конверт.
      </p>
     </note>
     <note index="false" type="comments">
      <p id="850ff1e1-7f18-40d3-acf5-74e06e4943cc" rend="petit">
       Письмо Дунаева, на которое отвечает Толстой, неизвестно.
      </p>
     </note>
    </noteGrp>
   </div>
  </body>
 </text>
</TEI>
