<?xml version="1.0" encoding="utf-8"?>
<TEI xmlns="http://www.tei-c.org/ns/1.0" xmlns:xi="http://www.w3.org/2001/XInclude">
 <teiHeader>
  <fileDesc>
   <titleStmt>
    <title xml:id="v66_314_T_L_Tolstoj">
     Письма и документы. Tolstoy Digital
    </title>
    <title type="main">
     Письмо Т. Л. Толстой от 16 июля 1892 г.
    </title>
    <title type="bibl">
     Толстой Л. Н. Письмо Т. Л. Толстой, 16 июля 1892 г. // Толстой Л. Н. Полное собрание сочинений: в 90 тт. Т. 66. М.: Гос. изд. «Художественная литература», 1953. С.
    </title>
    <respStmt>
     <resp>
      Идея, постановка задач, руководство:
     </resp>
     <name>
      Анастасия Бонч-Осмоловская, Фёкла Толстая, Борис Орехов, Тимофей Лукашевский
     </name>
    </respStmt>
    <respStmt>
     <resp>
      Подготовка TEI/XML:
     </resp>
     <name>
      Евгений Можаев, Даниил Скоринкин, Ирина Павлова, Матвей Колбасов, Елена Сидорова, Кирилл Милинцевич, Лев Буланов, Макар Федоров, Константин Петров
     </name>
    </respStmt>
    <respStmt>
     <resp>
      Подготовка метаданных:
     </resp>
     <name>
      Мария Картышева, Вероника Файнберг
     </name>
    </respStmt>
    <respStmt>
     <resp>
      Разметка имен собственных:
     </resp>
     <name>
      Никита Северин, Елена Северина
     </name>
    </respStmt>
    <respStmt>
     <resp>
      Исправление древнегреческого текста:
     </resp>
     <name>
      Ольга Алиева
     </name>
    </respStmt>
    <funder>
     Проект «Слово Толстого»
    </funder>
   </titleStmt>
   <publicationStmt>
    <publisher>
     <orgName>
      Tolstoy Digital, DH CLOUD, Научно-образовательный союз «Родное Слово» проект «Слово Толстого»
     </orgName>
    </publisher>
    <availability>
     <p id="37910600-05ce-489f-9f11-754ac5da8362">
      Тексты и метатекстовая разметка доступны для свободного использования и распространения по лицензии Creative Commons Attribution Share-Alike (cc by-sa)
     </p>
    </availability>
    <date from="2015" to="2022"/>
   </publicationStmt>
   <notesStmt>
    <note>
     Публикуемые документы был получены с сайта tolstoy.ru в формате html, переведены в формат TEI. Исправлены некоторые ошибки распознавания. Тексты, написанные в дореформенной орфографии, сопоставлены с их версиями в современной орфографии.
    </note>
   </notesStmt>
   <sourceDesc>
    <biblStruct>
     <analytic>
      <author>
       Толстой Лев Николаевич
      </author>
     </analytic>
     <monogr>
      <title level="m">
       Полное собрание сочинений. Том 66
      </title>
      <imprint>
       <pubPlace>
        Москва
       </pubPlace>
       <publisher>
        Государственное издательство «Художественная литература»
       </publisher>
       <date when="1953"/>
      </imprint>
      <biblScope unit="vol">
       66
      </biblScope>
      <biblScope unit="page">
       237-237
      </biblScope>
     </monogr>
     <series>
      <title level="s">
       Л. Н. Толстой. Полное собрание сочинений: в 90 тт.
      </title>
     </series>
    </biblStruct>
    <bibl>
     Публикуется впервые
    </bibl>
   </sourceDesc>
  </fileDesc>
  <encodingDesc>
   <classDecl>
    <xi:include href="../../reference/taxonomy.xml"/>
   </classDecl>
  </encodingDesc>
  <profileDesc>
   <correspDesc>
    <correspAction type="sending">
     <persName ref="13883">
      Л. Н. Толстой
     </persName>
     <placeName>
      Бегичевка
     </placeName>
     <date when="1892-07-16"/>
    </correspAction>
    <correspAction type="receiving">
     <persName ref="13413">
      Сухотина Татьяна Львовна, рожд. Толстая
     </persName>
    </correspAction>
   </correspDesc>
   <langUsage>
    <language ident="ru"/>
   </langUsage>
   <textClass>
    <catRef ana="#tolstoy_heritage" target="library"/>
    <catRef ana="#letters" target="type"/>
    <catRef ana="#sent" target="sent"/>
   </textClass>
  </profileDesc>
 </teiHeader>
 <xenoData>
  <number type="in a volume">
   314
  </number>
 </xenoData>
 <text xml:id="T.L.Tolstoj_314" xmlns="http://www.tei-c.org/ns/1.0" xmlns:xi="http://www.w3.org/2001/XInclude">
  <body>
   <div>
    <pb n="237"/>
    <opener index="false">
     * 314. Т. Л. Толстой.1892 г. Июля 16. Бегичевка.
    </opener>
    <p id="4b3a78f4-e190-4287-94c3-28a9c57a1bbc">
     Надо писать отчет,
     <ref target="#note1">
      1
     </ref>
     <note index="false" resp="volume_editor" xml:id="note1">
      «Отчет
      <name placement="note" ref="13883" type="person">
       Л. Н. Толстого
      </name>
      об употреблении пожертвованных денег с 12 апреля по 20 июля» был напечатан в газете «Русские ведомости» 1892, № 301 от 31 октября. См. т. 29.
     </note>
     за что я теперь и принимаюсь. — Пришли мне все счеты и все документы,
     <choice original_editorial_correction="кот[орые]">
      <sic>
       кот
      </sic>
      <corr>
       которые
      </corr>
     </choice>
     у тебя есть и могут мне понадобиться.
    </p>
    <p id="e70fc783-5bde-40f4-bfba-9dbda1b964a8">
     Пожалуйста, попроси Зиновьева послать 24
     <choice original_editorial_correction="свид[етельства]">
      <sic>
       свид
      </sic>
      <corr>
       свидетельства
      </corr>
     </choice>
     Усову, и мама 6,
     <choice original_editorial_correction="к[оторые]">
      <sic>
       к
      </sic>
      <corr>
       которые
      </corr>
     </choice>
     у нее есть. Положение здесь очень дурно.
    </p>
    <p id="02ae5ec1-8419-4f24-b83a-b06fa538a6e5" rend="right rightindent">
     Целую тебя.
    </p>
    <p id="a95d6d44-687b-49b0-9af9-f67f0609d384" rend="right">
     Л. Т.
    </p>
    <lb/>
    <p id="3eabda6d-0684-4a45-a921-03449a7ccf67">
     <hi>
      На обороте:
     </hi>
     Московско-Курская железная дорога. Станция Козловка.
     <name placement="text" ref="13413" type="person">
      Татьяне Львовне Толстой
     </name>
     .
    </p>
    <noteGrp type="comments">
     <note index="false" type="comments">
      <p id="789bff4d-b84e-4220-9984-b09db818ccc0" rend="Textpetit_otstup left">
       Дата определяется почтовым штемпелем
       <hi style="opdelimiter">
        отправления.
       </hi>
      </p>
     </note>
    </noteGrp>
   </div>
  </body>
 </text>
</TEI>
