<?xml version="1.0" encoding="utf-8"?>
<TEI xmlns="http://www.tei-c.org/ns/1.0" xmlns:xi="http://www.w3.org/2001/XInclude">
 <teiHeader>
  <fileDesc>
   <titleStmt>
    <title xml:id="v66_004_N_N_Straxovu">
     Письма и документы. Tolstoy Digital
    </title>
    <title type="main">
     Письмо Н. Н. Страхову от 12 июля 1891 г.
    </title>
    <title type="bibl">
     Толстой Л. Н. Письмо Н. Н. Страхову, 12 июля 1891 г. // Толстой Л. Н. Полное собрание сочинений: в 90 тт. Т. 66. М.: Гос. изд. «Художественная литература», 1953. С.
    </title>
    <respStmt>
     <resp>
      Идея, постановка задач, руководство:
     </resp>
     <name>
      Анастасия Бонч-Осмоловская, Фёкла Толстая, Борис Орехов, Тимофей Лукашевский
     </name>
    </respStmt>
    <respStmt>
     <resp>
      Подготовка TEI/XML:
     </resp>
     <name>
      Евгений Можаев, Даниил Скоринкин, Ирина Павлова, Матвей Колбасов, Елена Сидорова, Кирилл Милинцевич, Лев Буланов, Макар Федоров, Константин Петров
     </name>
    </respStmt>
    <respStmt>
     <resp>
      Подготовка метаданных:
     </resp>
     <name>
      Мария Картышева, Вероника Файнберг
     </name>
    </respStmt>
    <respStmt>
     <resp>
      Разметка имен собственных:
     </resp>
     <name>
      Никита Северин, Елена Северина
     </name>
    </respStmt>
    <respStmt>
     <resp>
      Исправление древнегреческого текста:
     </resp>
     <name>
      Ольга Алиева
     </name>
    </respStmt>
    <funder>
     Проект «Слово Толстого»
    </funder>
   </titleStmt>
   <publicationStmt>
    <publisher>
     <orgName>
      Tolstoy Digital, DH CLOUD, Научно-образовательный союз «Родное Слово» проект «Слово Толстого»
     </orgName>
    </publisher>
    <availability>
     <p id="46c84323-4fa5-43b6-afa0-e5d31f04f38a">
      Тексты и метатекстовая разметка доступны для свободного использования и распространения по лицензии Creative Commons Attribution Share-Alike (cc by-sa)
     </p>
    </availability>
    <date from="2015" to="2022"/>
   </publicationStmt>
   <notesStmt>
    <note>
     Публикуемые документы был получены с сайта tolstoy.ru в формате html, переведены в формат TEI. Исправлены некоторые ошибки распознавания. Тексты, написанные в дореформенной орфографии, сопоставлены с их версиями в современной орфографии.
    </note>
   </notesStmt>
   <sourceDesc>
    <biblStruct>
     <analytic>
      <author>
       Толстой Лев Николаевич
      </author>
     </analytic>
     <monogr>
      <title level="m">
       Полное собрание сочинений. Том 66
      </title>
      <imprint>
       <pubPlace>
        Москва
       </pubPlace>
       <publisher>
        Государственное издательство «Художественная литература»
       </publisher>
       <date when="1953"/>
      </imprint>
      <biblScope unit="vol">
       66
      </biblScope>
      <biblScope unit="page">
       14-15
      </biblScope>
     </monogr>
     <series>
      <title level="s">
       Л. Н. Толстой. Полное собрание сочинений: в 90 тт.
      </title>
     </series>
    </biblStruct>
    <bibl/>
   </sourceDesc>
  </fileDesc>
  <encodingDesc>
   <classDecl>
    <xi:include href="../../reference/taxonomy.xml"/>
   </classDecl>
  </encodingDesc>
  <profileDesc>
   <correspDesc>
    <correspAction type="sending">
     <persName ref="13883">
      Л. Н. Толстой
     </persName>
     <placeName>
      Ясная Поляна
     </placeName>
     <date when="1891-07-12"/>
    </correspAction>
    <correspAction type="receiving">
     <persName ref="13258">
      Страхов Николай Николаевич
     </persName>
    </correspAction>
   </correspDesc>
   <langUsage>
    <language ident="ru"/>
   </langUsage>
   <textClass>
    <catRef ana="#tolstoy_heritage" target="library"/>
    <catRef ana="#letters" target="type"/>
    <catRef ana="#sent" target="sent"/>
   </textClass>
  </profileDesc>
 </teiHeader>
 <xenoData>
  <number type="in a volume">
   4
  </number>
 </xenoData>
 <text xml:id="N.N.Straxovu_4" xmlns="http://www.tei-c.org/ns/1.0" xmlns:xi="http://www.w3.org/2001/XInclude">
  <body>
   <div>
    <pb n="14"/>
    <opener index="false">
     4. H. Н. Страхову.1891 г. Июля 12. Я. П.
    </opener>
    <p id="9cd1d9a5-a535-439e-884c-2c42c9145562" rend="Obrashenie">
     Дорогой
     <name placement="text" ref="13258" type="person">
      Николай Николаевич
     </name>
     !
    </p>
    <p id="b283968a-8293-4cb8-8bd9-04688acf2b8e">
     Вы всегда пишете: простите; теперь я пишу: простите, простите. Всё о том учителе гимназии
     <name placement="text" ref="5367" type="person">
      Дмитрии Зеленецком
     </name>
     ,
     <ref target="#note1">
      1
     </ref>
     <note index="false" resp="volume_editor" xml:id="note1">
      <name placement="note" ref="5367" type="person">
       Дмитрий Алексеевич Зеленецкий
      </name>
      , учитель гимназии, родственник священника в селе Кочаки, отставленный от должности в 1889 г. по подозрению в писании анонимных писем министру народного просвещения И. Д. Делянову. По просьбе священника, Толстой уже дважды обращался к Страхову за выяснением дела Зеленецкого, добиваясь получения ответа на поданную Зеленецким докладную записку Делянову (см. т. 65).
     </note>
     бывшем учителем в Ростове на Дону гимназии. Он просится
     <hi style="opdelimiter">
      в
     </hi>
     <pb n="15"/>
     <hi style="npdelimiter">
      Московский
     </hi>
     округ. Не можете ли вы узнать, есть ли ему надежда получить место и подавать ли ему прошение.
    </p>
    <p id="06f9bb57-8fd8-465b-a6ba-c15dd5c97fab">
     Мы живем по-старому в грехах, но стараюсь не забывать бога, что плохо удается.
    </p>
    <p id="05e9367d-7b79-4da4-ac9c-105190e64391">
     Радуюсь мысли увидать вас в августе.
    </p>
    <p id="1c67c208-47d0-4b08-8e36-66c5114c177b" rend="right">
     Любящий вас
     <name placement="text" ref="13883" type="person">
      Л. Толстой
     </name>
     .
    </p>
    <noteGrp type="comments">
     <note index="false" type="comments">
      <p id="05ca6cf5-7290-4244-8d16-da1151ee684b" rend="Textpetit_otstup left">
       Впервые опубликовано в ПС, стр. 433. Датируется на основании пометы Страхова на письме.
      </p>
     </note>
    </noteGrp>
   </div>
  </body>
 </text>
</TEI>
