<?xml version="1.0" encoding="utf-8"?>
<TEI xmlns="http://www.tei-c.org/ns/1.0" xmlns:xi="http://www.w3.org/2001/XInclude">
 <teiHeader>
  <fileDesc>
   <titleStmt>
    <title xml:id="v66_501_T_L_i_L_L_Tolstym">
     Письма и документы. Tolstoy Digital
    </title>
    <title type="main">
     Письмо Т. Л. и Л. Л. Толстым от 31 июля 1893 г.
    </title>
    <title type="bibl">
     Толстой Л. Н. Письмо Т. Л. и Л. Л. Толстым, 31 июля 1893 г. // Толстой Л. Н. Полное собрание сочинений: в 90 тт. Т. 66. М.: Гос. изд. «Художественная литература», 1953. С.
    </title>
    <respStmt>
     <resp>
      Идея, постановка задач, руководство:
     </resp>
     <name>
      Анастасия Бонч-Осмоловская, Фёкла Толстая, Борис Орехов, Тимофей Лукашевский
     </name>
    </respStmt>
    <respStmt>
     <resp>
      Подготовка TEI/XML:
     </resp>
     <name>
      Евгений Можаев, Даниил Скоринкин, Ирина Павлова, Матвей Колбасов, Елена Сидорова, Кирилл Милинцевич, Лев Буланов, Макар Федоров, Константин Петров
     </name>
    </respStmt>
    <respStmt>
     <resp>
      Подготовка метаданных:
     </resp>
     <name>
      Мария Картышева, Вероника Файнберг
     </name>
    </respStmt>
    <respStmt>
     <resp>
      Разметка имен собственных:
     </resp>
     <name>
      Никита Северин, Елена Северина
     </name>
    </respStmt>
    <respStmt>
     <resp>
      Исправление древнегреческого текста:
     </resp>
     <name>
      Ольга Алиева
     </name>
    </respStmt>
    <funder>
     Проект «Слово Толстого»
    </funder>
   </titleStmt>
   <publicationStmt>
    <publisher>
     <orgName>
      Tolstoy Digital, DH CLOUD, Научно-образовательный союз «Родное Слово» проект «Слово Толстого»
     </orgName>
    </publisher>
    <availability>
     <p id="d88d65a0-211f-41e9-b545-c520be0c8a04">
      Тексты и метатекстовая разметка доступны для свободного использования и распространения по лицензии Creative Commons Attribution Share-Alike (cc by-sa)
     </p>
    </availability>
    <date from="2015" to="2022"/>
   </publicationStmt>
   <notesStmt>
    <note>
     Публикуемые документы был получены с сайта tolstoy.ru в формате html, переведены в формат TEI. Исправлены некоторые ошибки распознавания. Тексты, написанные в дореформенной орфографии, сопоставлены с их версиями в современной орфографии.
    </note>
   </notesStmt>
   <sourceDesc>
    <biblStruct>
     <analytic>
      <author>
       Толстой Лев Николаевич
      </author>
     </analytic>
     <monogr>
      <title level="m">
       Полное собрание сочинений. Том 66
      </title>
      <imprint>
       <pubPlace>
        Москва
       </pubPlace>
       <publisher>
        Государственное издательство «Художественная литература»
       </publisher>
       <date when="1953"/>
      </imprint>
      <biblScope unit="vol">
       66
      </biblScope>
      <biblScope unit="page">
       370-371
      </biblScope>
     </monogr>
     <series>
      <title level="s">
       Л. Н. Толстой. Полное собрание сочинений: в 90 тт.
      </title>
     </series>
    </biblStruct>
    <bibl>
     Публикуется впервые
    </bibl>
   </sourceDesc>
  </fileDesc>
  <encodingDesc>
   <classDecl>
    <xi:include href="../../reference/taxonomy.xml"/>
   </classDecl>
  </encodingDesc>
  <profileDesc>
   <correspDesc>
    <correspAction type="sending">
     <persName ref="13883">
      Л. Н. Толстой
     </persName>
     <placeName>
      Ясная Поляна
     </placeName>
     <date when="1893-07-31"/>
    </correspAction>
    <correspAction type="receiving">
     <persName ref="13413">
      Сухотина Татьяна Львовна, рожд. Толстая
     </persName>
     <persName ref="13881">
      Толстой Лев Львович
     </persName>
    </correspAction>
   </correspDesc>
   <langUsage>
    <language ident="ru"/>
   </langUsage>
   <textClass>
    <catRef ana="#tolstoy_heritage" target="library"/>
    <catRef ana="#letters" target="type"/>
    <catRef ana="#sent" target="sent"/>
   </textClass>
  </profileDesc>
 </teiHeader>
 <xenoData>
  <number type="in a volume">
   501
  </number>
 </xenoData>
 <text xml:id="T.L.iL.L.Tolstym_501" xmlns="http://www.tei-c.org/ns/1.0" xmlns:xi="http://www.w3.org/2001/XInclude">
  <body>
   <div>
    <pb n="370"/>
    <opener index="false">
     1893 г. Июля 31. Я. П.
    </opener>
    <p class="left" id="feccf3a3-f34c-4f82-ac60-d93f97713a65">
     Ты знаешь уж, верно, что Маша уехала с
     <choice original_editorial_correction="Леон[илой]">
      <sic>
       Леон
      </sic>
      <corr>
       Леонилой
      </corr>
     </choice>
     <choice original_editorial_correction="Фомин[ичной]">
      <sic>
       Фомин
      </sic>
      <corr>
       Фоминичной
      </corr>
     </choice>
     . Я этому очень рад. Вера
     <ref target="#note1">
      1
     </ref>
     <note id="note1" index="false" resp="volume_editor">
      В. А. Кузминская. Об отъезде М. Л. Толстой и В. А. Кузминсков в имение Л. Ф. Анненковой см. прим. к письму № 502.
     </note>
     тоже уехала с ними. Она совершила подвиг: выпустила всех птиц мальчиков Сани и Васи
     <ref target="#note2">
      2
     </ref>
     <note id="note2" index="false" resp="volume_editor">
      Братья В. А. Кузминской.
     </note>
     и за это была ругана жестоко. Все виноваты, как всегда. Рад я за Машину поездку,
     <choice original_editorial_correction="п[отому]">
      <sic>
       п
      </sic>
      <corr>
       потому
      </corr>
     </choice>
     <choice original_editorial_correction="ч[то]">
      <sic>
       ч
      </sic>
      <corr>
       что
      </corr>
     </choice>
     это ее развлечет и, главное,
     <choice original_editorial_correction="Леон[ила]">
      <sic>
       Леон
      </sic>
      <corr>
       Леонила
      </corr>
     </choice>
     <choice original_editorial_correction="Фом[инична]">
      <sic>
       Фом
      </sic>
      <corr>
       Фоминична
      </corr>
     </choice>
     очень разумно, твердо и кротко смотрит на это дело; видит, что это дурно, понимает слабость Маши, но ни минуты не оправдывает. Поша,
     <choice original_editorial_correction="кот[орый]">
      <sic>
       кот
      </sic>
      <corr>
       который
      </corr>
     </choice>
     приехал вчера и всё уже узнал от Мокана
     <ref target="#note3">
      3
     </ref>
     <note id="note3" index="false" resp="volume_editor">
      М-r Moccand, гувернер Андрея и Михаила Львовичей.
     </note>
     в Бегичевке, написал ей (Маше) письмо такое хорошее, доброе, умное, что я
     <hi rend="italic"/>
     прослезился, читая его.
     <ref target="#note4">
      4
     </ref>
     <note id="note4" index="false" resp="volume_editor">
      Письмо неизвестно.
     </note>
     Сейчас напишу ей тоже, что бог на сердце положит.
     <ref target="#note5">
      5
     </ref>
     <note id="note5" index="false" resp="volume_editor">
      См. письмо № 502.
     </note>
     Спасибо за вести. Мне интересно, главное, как ты, Лева, относишься к советам Захарьина.
     <ref target="#note6">
      6
     </ref>
     <note id="note6" index="false" resp="volume_editor">
      <name placement="note" ref="5325" type="person">
       Григорий Антоновнч Захарьин
      </name>
      (1829—1896), профессор Московского университета, врач-терапевт, пользовавшийся большой известностью.
     </note>
     Надо всё исполнять. Надо быть последовательным. Доктора нужны, главное, на то, чтобы не лечиться самому, и в особенности такие, как Захарьин, на
     <choice original_editorial_correction="кот[орого]">
      <sic>
       кот
      </sic>
      <corr>
       которого
      </corr>
     </choice>
     жаловаться есть только одна инстанция — бог. Как наш дурачок в саду, когда мы были детьми, молился: Ты мой лекарь, ты мой аптекарь.
     <ref target="#note7">
      7
     </ref>
     <note id="note7" index="false" resp="volume_editor">
      Об этом дурачке Толстой писал в своих «Воспоминаниях» (см. т. 34).
     </note>
     Как-то вам там живется? Кланяйтесь всем и приезжайте поскорее. Чертков едет завтра и увозит с собой Пошу.
    </p>
    <p class="right" id="fb7c5e18-a7ce-48ce-9146-04b9fecd668d">
     Л. Т.
    </p>
    <p class="left" id="87ab4358-2781-4adb-acfc-268a2ab7f866">
     Целую вас, милые друзья.
    </p>
    <br xmlns="http://www.w3.org/1999/xhtml"/>
    <p class="left" id="123417de-18e2-4425-9aff-b7190042913c">
     <hi rend="italic">
      На конверте:
     </hi>
     Николаевская ж. д. Ст. Подсолнечная, в Никольское. Графине Олсуфьевой. Графине Татьяне
     <choice original_editorial_correction="Ль[вовне]">
      <sic>
       Ль
      </sic>
      <corr>
       Львовне
      </corr>
     </choice>
     Толстой.
    </p>
    <noteGrp type="comments">
     <note index="false" type="comments">
      <p id="e8919124-7bb5-4172-865d-6913f35e5ac8" rend="Textpetit_otstup left">
       Датируется на основании почтового штемпеля отправления.
      </p>
     </note>
     <note index="false" type="comments">
      <p id="d71a48db-f390-4379-b0f3-95e2803e0e55" rend="petit">
       Т. Л. Толстая, сопутствовавшая
       <name placement="comments" ref="13881" type="person">
        Льву Львовичу
       </name>
       в его поездке в Москву к доктору Захарьину, выехала с ним из Ясной Поляны вечером 26 июля.
      </p>
     </note>
     <note index="false" type="comments">
      <p id="06a2c428-005a-4a45-9877-c88286e3d7c7" rend="petit">
       <pb n="371"/>
       Из Москвы они проехали к Олсуфьевым в имение Никольское-Обольяново, ныне село Подьячево, Коммунистического района Московской области.
      </p>
     </note>
    </noteGrp>
   </div>
  </body>
 </text>
</TEI>
