<?xml version="1.0" encoding="utf-8"?>
<TEI xmlns="http://www.tei-c.org/ns/1.0" xmlns:xi="http://www.w3.org/2001/XInclude">
 <teiHeader>
  <fileDesc>
   <titleStmt>
    <title xml:id="v66_273_N_N_Gesynu">
     Письма и документы. Tolstoy Digital
    </title>
    <title type="main">
     Письмо Н. Н. Ге (сыну) от 12 мая 1892 г.
    </title>
    <title type="bibl">
     Толстой Л. Н. Письмо Н. Н. Ге (сыну), 12 мая 1892 г. // Толстой Л. Н. Полное собрание сочинений: в 90 тт. Т. 66. М.: Гос. изд. «Художественная литература», 1953. С.
    </title>
    <respStmt>
     <resp>
      Идея, постановка задач, руководство:
     </resp>
     <name>
      Анастасия Бонч-Осмоловская, Фёкла Толстая, Борис Орехов, Тимофей Лукашевский
     </name>
    </respStmt>
    <respStmt>
     <resp>
      Подготовка TEI/XML:
     </resp>
     <name>
      Евгений Можаев, Даниил Скоринкин, Ирина Павлова, Матвей Колбасов, Елена Сидорова, Кирилл Милинцевич, Лев Буланов, Макар Федоров, Константин Петров
     </name>
    </respStmt>
    <respStmt>
     <resp>
      Подготовка метаданных:
     </resp>
     <name>
      Мария Картышева, Вероника Файнберг
     </name>
    </respStmt>
    <respStmt>
     <resp>
      Разметка имен собственных:
     </resp>
     <name>
      Никита Северин, Елена Северина
     </name>
    </respStmt>
    <respStmt>
     <resp>
      Исправление древнегреческого текста:
     </resp>
     <name>
      Ольга Алиева
     </name>
    </respStmt>
    <funder>
     Проект «Слово Толстого»
    </funder>
   </titleStmt>
   <publicationStmt>
    <publisher>
     <orgName>
      Tolstoy Digital, DH CLOUD, Научно-образовательный союз «Родное Слово» проект «Слово Толстого»
     </orgName>
    </publisher>
    <availability>
     <p id="98496aac-bd87-437b-9a21-8b8fad546fca">
      Тексты и метатекстовая разметка доступны для свободного использования и распространения по лицензии Creative Commons Attribution Share-Alike (cc by-sa)
     </p>
    </availability>
    <date from="2015" to="2022"/>
   </publicationStmt>
   <notesStmt>
    <note>
     Публикуемые документы был получены с сайта tolstoy.ru в формате html, переведены в формат TEI. Исправлены некоторые ошибки распознавания. Тексты, написанные в дореформенной орфографии, сопоставлены с их версиями в современной орфографии.
    </note>
   </notesStmt>
   <sourceDesc>
    <biblStruct>
     <analytic>
      <author>
       Толстой Лев Николаевич
      </author>
     </analytic>
     <monogr>
      <title level="m">
       Полное собрание сочинений. Том 66
      </title>
      <imprint>
       <pubPlace>
        Москва
       </pubPlace>
       <publisher>
        Государственное издательство «Художественная литература»
       </publisher>
       <date when="1953"/>
      </imprint>
      <biblScope unit="vol">
       66
      </biblScope>
      <biblScope unit="page">
       214-215
      </biblScope>
     </monogr>
     <series>
      <title level="s">
       Л. Н. Толстой. Полное собрание сочинений: в 90 тт.
      </title>
     </series>
    </biblStruct>
    <bibl>
     Публикуется впервые
    </bibl>
   </sourceDesc>
  </fileDesc>
  <encodingDesc>
   <classDecl>
    <xi:include href="../../reference/taxonomy.xml"/>
   </classDecl>
  </encodingDesc>
  <profileDesc>
   <correspDesc>
    <correspAction type="sending">
     <persName ref="13883">
      Л. Н. Толстой
     </persName>
     <placeName>
      Бегичевка
     </placeName>
     <date when="1892-05-12"/>
    </correspAction>
    <correspAction type="receiving">
     <persName ref="3191">
      Ге Николай Николаевич (сын художника)
     </persName>
    </correspAction>
   </correspDesc>
   <langUsage>
    <language ident="ru"/>
   </langUsage>
   <textClass>
    <catRef ana="#tolstoy_heritage" target="library"/>
    <catRef ana="#letters" target="type"/>
    <catRef ana="#sent" target="sent"/>
   </textClass>
  </profileDesc>
 </teiHeader>
 <xenoData>
  <number type="in a volume">
   273
  </number>
 </xenoData>
 <text xml:id="N.N.Gesynu_273" xmlns="http://www.tei-c.org/ns/1.0" xmlns:xi="http://www.w3.org/2001/XInclude">
  <body>
   <div>
    <pb n="214"/>
    <opener index="false">
     * 273. H. H. Ге (сыну).1892 г. Мая 12. Бегичевка.
    </opener>
    <p id="c9339a7c-6f01-43c1-a8d3-4dbc900b4da8" rend="Obrashenie">
     Дорогой друг Количка,
    </p>
    <p id="c5d38705-c352-4ff8-b444-465303a5baba">
     Видно, не судьба нам еще повидаться. Куда уезжает отец?
     <ref target="#note1">
      1
     </ref>
     <note index="false" resp="volume_editor" xml:id="note1">
      Судя по письму Н. Н. Ге (отца) от 2 июня (почт. шт.), он за это время никуда не уезжал и работал над картинами «Суд» и «Распятие».
     </note>
     Что теперь дети? Как идет жизнь? Нет ли недовольства? У меня постоянное недовольство, но я знаю, что это не недовольство жизнью, а собой. Дело наше всё продолжается и всё яснее и яснее становится пальятивность его и необходимость основного лечения. Я, кроме того, кончаю всё 8-ую главу. Кажется, кончил.
    </p>
    <p id="96c0ecca-fb99-4a03-b257-48b7f2f39f10">
     Если гороха нет, не хлопочите. У меня есть корреспондент в Киеве, Штильман, он прекрасно исполняет поручения, и я нынче ему телеграфировал о горохе. Так что если он возьмется и цена его подходяща, то я ему поручу, а вы перешлите ему деньги или передайте, получив дубликаты. Тогда напишу. —
    </p>
    <p id="76aa6c62-983c-493c-b8be-821334c0dbad">
     Рожь, говорят, один вагон пришел из Нежина, мы предполагаем, что нам, но дубликатов еще нет. С нами живут и помогают 3 брата Алехины — один,
     <choice original_editorial_correction="Митр[офан]">
      <sic>
       Митр
      </sic>
      <corr>
       Митрофан
      </corr>
     </choice>
     , ушел с Скороходовым путешествовать, — Новоселов, Леонтьев. Всё люди хорошие.
    </p>
    <p id="7d1e46a9-a454-4827-9c3c-fd429582fb54">
     Читали ли вы мою статью — «Первая ступень» в
     <choice original_editorial_correction="Вопр[осах]">
      <sic>
       Вопр
      </sic>
      <corr>
       Вопросах
      </corr>
     </choice>
     <choice original_editorial_correction="фил[ософии]">
      <sic>
       фил
      </sic>
      <corr>
       философии
      </corr>
     </choice>
     ?
     <ref target="#note2">
      2
     </ref>
     <note index="false" resp="volume_editor" xml:id="note2">
      <name placement="note" ref="13883" type="person">
       Л. Н. Толстой
      </name>
      , «Первая ступень» — «Вопросы философии и психологии» 1892, 13, стр. 109—144.
     </note>
     Я пришлю вам: Та же статья большая,
     <choice original_editorial_correction="к[оторую]">
      <sic>
       к
      </sic>
      <corr>
       которую
      </corr>
     </choice>
     я назвал «Царство божие внутри вас есть», очень занимала меня. Казалось, что нужно
     <choice original_editorial_correction="б[ыло]">
      <sic>
       б
      </sic>
      <corr>
       было
      </corr>
     </choice>
     ее написать, и думается, что она подействует на людей, но это всегда — какие бы пустяки ни писал, — думается. И освободиться хочется от этой работы, и жалко расставаться с ней. Всякая работа со стороны кажется легка и весела, приятна, а когда делаешь ее — тяжела; и радостна только, если она настоящая, в прошедшем. Такова, мне думается, будет ваша тихая работа,
     <choice original_editorial_correction="к[оторая]">
      <sic>
       к
      </sic>
      <corr>
       которая
      </corr>
     </choice>
     , я боюсь, иногда кажется вам тяжелой и ненужной. Меня всегда эта мысль мучает за вас. И не
     <choice original_editorial_correction="п[отому]">
      <sic>
       п
      </sic>
      <corr>
       потому
      </corr>
     </choice>
     ,
     <choice original_editorial_correction="ч[то]бы">
      <sic>
       чбы
      </sic>
      <corr>
       чтобы
      </corr>
     </choice>
     я считал, что такова эта работа, а напротив,
     <choice original_editorial_correction="п[отому]">
      <sic>
       п
      </sic>
      <corr>
       потому
      </corr>
     </choice>
     ,
     <choice original_editorial_correction="ч[то]">
      <sic>
       ч
      </sic>
      <corr>
       что
      </corr>
     </choice>
     она, и особенно выдержка в ней, особенно драгоценны для того, кто ее делает, что я боюсь, как бы вы не бросили ее, или, что еще хуже, работали бы ее, не ценя ее. —
    </p>
    <p id="e2d68f67-308c-46c5-baba-7c9c8db3467a">
     Ha-днях явился к нам швед 70 лет, жил 30 лет в Америке,
     <choice original_editorial_correction="б[ыл]">
      <sic>
       б
      </sic>
      <corr>
       был
      </corr>
     </choice>
     в Китае, Японии и Индии и везде работал среди народа и проповедывал работу для прокормления себя, без помощи скота, лопатой и воздержание от роскоши, самое
     <hi style="opdelimiter">
      строгое
     </hi>
     <pb n="215"/>
     <hi style="npdelimiter">
      вегетарианство.
     </hi>
     — Много очень хорошего он говорит — он европейский Сютаев, Бондарев — неверующий, — но едва ли практический
     <choice original_editorial_correction="чел[овек]">
      <sic>
       чел
      </sic>
      <corr>
       человек
      </corr>
     </choice>
     , наводит на мысли.
     <ref target="#note3">
      3
     </ref>
     <note index="false" resp="volume_editor" xml:id="note3">
      Абрагам фон Бонде (Abraham von Bonde), уроженец Швеции, в молодости — богатый коммерсант, в сорокалетнем возрасте раздавший свое имущество и в течение тридцати лет ведший страннический образ жизни. 28 апреля он приехал к Толстому в Бегичевку; затем недолгое время пробыл в Ясной Поляне и потом до конца июня прожил в имении Т. Л. Толстой Овсянникове.
      <ref target="file:///Volume_66_A.I.Almazovu_298.xml">
       См. письмо № 298
      </ref>
      , тт. 52 и 84, № 512, а также Т. Л. Сухотина-Толстая, «Друзья и гости Ясной Поляны», М. 1923, стр. 125—139.
     </note>
    </p>
    <p id="16ffbed6-b31b-4251-b4f5-5a0a7f49d157">
     Прощайте, голубчик. Маша со мной. Очень хорошо работает. Целую вас и отца, привет вашей жене и Рубанам.
    </p>
    <p id="b856328e-02c3-4cbf-b247-51e7a194e212">
     Напишите же о себе.
    </p>
    <p id="05cf60a8-d8d1-42b2-8e5e-49ee4c7ca22c" rend="right">
     Л. Т.
    </p>
    <noteGrp type="comments">
     <note index="false" type="comments">
      <p id="8ca99cf6-167e-43bb-b374-706f178515bc" rend="Textpetit_otstup left">
       Печатается по копии рукой П. И. Бирюкова в рукописной тетради № 8 (стр. 77—80) из АЧ. Дата копии.
      </p>
     </note>
     <note index="false" type="comments">
      <p id="c142e3ca-5f80-4198-b64c-d0654b657814" rend="petit">
       Ответ на письмо Н. Н. Ге (сына) из Плисок от 29 апреля, сообщавшего о закупках продовольствия для нужд голодающих.
      </p>
     </note>
    </noteGrp>
   </div>
  </body>
 </text>
</TEI>
