<?xml version="1.0" encoding="utf-8"?>
<TEI xmlns="http://www.tei-c.org/ns/1.0" xmlns:xi="http://www.w3.org/2001/XInclude">
 <teiHeader>
  <fileDesc>
   <titleStmt>
    <title xml:id="v66_511_N_YA_Grotu">
     Письма и документы. Tolstoy Digital
    </title>
    <title type="main">
     Письмо Н. Я. Гроту от 9 августа 1893 г.
    </title>
    <title type="bibl">
     Толстой Л. Н. Письмо Н. Я. Гроту, 9 августа 1893 г. // Толстой Л. Н. Полное собрание сочинений: в 90 тт. Т. 66. М.: Гос. изд. «Художественная литература», 1953. С.
    </title>
    <respStmt>
     <resp>
      Идея, постановка задач, руководство:
     </resp>
     <name>
      Анастасия Бонч-Осмоловская, Фёкла Толстая, Борис Орехов, Тимофей Лукашевский
     </name>
    </respStmt>
    <respStmt>
     <resp>
      Подготовка TEI/XML:
     </resp>
     <name>
      Евгений Можаев, Даниил Скоринкин, Ирина Павлова, Матвей Колбасов, Елена Сидорова, Кирилл Милинцевич, Лев Буланов, Макар Федоров, Константин Петров
     </name>
    </respStmt>
    <respStmt>
     <resp>
      Подготовка метаданных:
     </resp>
     <name>
      Мария Картышева, Вероника Файнберг
     </name>
    </respStmt>
    <respStmt>
     <resp>
      Разметка имен собственных:
     </resp>
     <name>
      Никита Северин, Елена Северина
     </name>
    </respStmt>
    <respStmt>
     <resp>
      Исправление древнегреческого текста:
     </resp>
     <name>
      Ольга Алиева
     </name>
    </respStmt>
    <funder>
     Проект «Слово Толстого»
    </funder>
   </titleStmt>
   <publicationStmt>
    <publisher>
     <orgName>
      Tolstoy Digital, DH CLOUD, Научно-образовательный союз «Родное Слово» проект «Слово Толстого»
     </orgName>
    </publisher>
    <availability>
     <p id="5eaa7d64-7e36-41c3-b074-7e7e96cddabf">
      Тексты и метатекстовая разметка доступны для свободного использования и распространения по лицензии Creative Commons Attribution Share-Alike (cc by-sa)
     </p>
    </availability>
    <date from="2015" to="2022"/>
   </publicationStmt>
   <notesStmt>
    <note>
     Публикуемые документы был получены с сайта tolstoy.ru в формате html, переведены в формат TEI. Исправлены некоторые ошибки распознавания. Тексты, написанные в дореформенной орфографии, сопоставлены с их версиями в современной орфографии.
    </note>
   </notesStmt>
   <sourceDesc>
    <biblStruct>
     <analytic>
      <author>
       Толстой Лев Николаевич
      </author>
     </analytic>
     <monogr>
      <title level="m">
       Полное собрание сочинений. Том 66
      </title>
      <imprint>
       <pubPlace>
        Москва
       </pubPlace>
       <publisher>
        Государственное издательство «Художественная литература»
       </publisher>
       <date when="1953"/>
      </imprint>
      <biblScope unit="vol">
       66
      </biblScope>
      <biblScope unit="page">
       381-382
      </biblScope>
     </monogr>
     <series>
      <title level="s">
       Л. Н. Толстой. Полное собрание сочинений: в 90 тт.
      </title>
     </series>
    </biblStruct>
    <bibl/>
   </sourceDesc>
  </fileDesc>
  <encodingDesc>
   <classDecl>
    <xi:include href="../../reference/taxonomy.xml"/>
   </classDecl>
  </encodingDesc>
  <profileDesc>
   <correspDesc>
    <correspAction type="sending">
     <persName ref="13883">
      Л. Н. Толстой
     </persName>
     <placeName>
      Ясная Поляна
     </placeName>
     <date when="1893-08-09"/>
    </correspAction>
    <correspAction type="receiving">
     <persName ref="3935">
      Грот Николай Яковлевич
     </persName>
    </correspAction>
   </correspDesc>
   <langUsage>
    <language ident="ru"/>
   </langUsage>
   <textClass>
    <catRef ana="#tolstoy_heritage" target="library"/>
    <catRef ana="#letters" target="type"/>
    <catRef ana="#sent" target="sent"/>
   </textClass>
  </profileDesc>
 </teiHeader>
 <xenoData>
  <number type="in a volume">
   511
  </number>
 </xenoData>
 <text xml:id="N.YA.Grotu_511" xmlns="http://www.tei-c.org/ns/1.0" xmlns:xi="http://www.w3.org/2001/XInclude">
  <body>
   <div>
    <pb n="381"/>
    <opener index="false">
     511. Н. Я. Гроту.1893 г. Августа 9. Я. П.
    </opener>
    <p id="4fe1c499-c2fc-48ab-aafd-3b32550211c4">
     Очень благодарен вам, дорогой
     <name placement="text" ref="3935" type="person">
      Николай Яковлевич
     </name>
     , за определение науки. Пожалуйста, простите меня за то, что я не прямо написал вам. Покаюсь вам, что не написал оттого, что перед тем только что скончался ваш отец
     <ref target="#note1">
      1
     </ref>
     <note index="false" resp="volume_editor" xml:id="note1">
      <name placement="note" ref="3936" type="person">
       Яков Карлович Грот
      </name>
      (1812—24 мая 1893), историк русской словесности и грамматики, автор «Русского правописания», академик.
     </note>
     и, пиша к вам, надо было упомянуть об этом, сказать несколько слов de condoléance,
     <ref target="#note2">
      2
     </ref>
     <note index="false" resp="volume_editor" xml:id="note2">
      <hi rend="italic">
       соболезнования,
      </hi>
     </note>
     а я этого, дожив до старости, не умею, а ничего не сказать нельзя. Вот я теперь, после некоторого времени, пишу это и то неловко; но зато, правда, я ничего не могу писать вам об этой смерти, потому что не знаю вашего отношения к этому; а вы напишите. Я думаю, вашей матушке
     <ref target="#note3">
      3
     </ref>
     <note index="false" resp="volume_editor" xml:id="note3">
      <name placement="note" ref="3934" type="person">
       Наталья Петровна Грот
      </name>
      , рожд. Семенова (1828—1899), автор детских рассказов и статей по педагогическим, литературным и общественным вопросам.
     </note>
     преимущественно эта потеря тяжела.
    </p>
    <p id="6da2b0a3-4a83-4c91-a114-250499363a9d">
     Кроме того, я не писал еще и потому, что был вполне уверен, что вы заедете к нам, и ждал этого с большим удовольствием и интересом; обо многом желаю поговорить с вами.
    </p>
    <p id="baac04b2-19aa-43eb-aab5-c896c60303d9">
     У меня написалась статья, которую я обещал в «Северный Вестник», но Чертков советует отдать ее вам, предполагая,
     <hi style="opdelimiter">
      что
     </hi>
     <pb n="382"/>
     <hi style="npdelimiter">
      в
     </hi>
     «Северном Вестнике» не пропустят, а вы проведете; я бы рад это сделать, но уже обещал и нынче отсылаю статью в «
     <choice original_editorial_correction="Сев[ерный]">
      <sic>
       Сев
      </sic>
      <corr>
       Северный
      </corr>
     </choice>
     <choice original_editorial_correction="Вестн[ик]">
      <sic>
       Вестн
      </sic>
      <corr>
       Вестник
      </corr>
     </choice>
     ». Если там усумнятся, то позвольте обратиться к вам. Что вы теперь пишете? Если у вас есть определение искусства такое, которое определяло бы его как по отношению к производящему его, так и к воспринимающему его, то не сообщите ли мне?
    </p>
    <p id="3371858c-00aa-4e26-84ac-bdef56e00bf1">
     Очень бы обязали.
    </p>
    <p id="8faa8f84-2da6-4cf6-ba9a-731500d57819">
     Пока прощайте. Дружески жму вам руку; привет Наталии Николаевне от меня и всех наших.
    </p>
    <p id="92ea40c0-4877-4283-bf9a-1285d0005b8b" rend="right">
     Любящий вас
     <name placement="text" ref="13883" type="person">
      Л. Толстой
     </name>
     .
    </p>
    <noteGrp type="comments">
     <note index="false" type="comments">
      <p id="dbdfedcf-af74-4eee-a401-f00f63b04589" rend="Textpetit_otstup left">
       Печатается по первой публикации в сборнике «Н. Я. Грот», СПб. 1911, стр. 217—218. Дата публикации.
      </p>
     </note>
     <note index="false" type="comments">
      <p id="1713d7a3-c97f-4a9a-bee0-1c3e312b20df" rend="petit">
       Письмо Н. Я. Грота, на которое отвечает Толстой, неизвестно.
      </p>
     </note>
    </noteGrp>
   </div>
  </body>
 </text>
</TEI>
