<?xml version="1.0" encoding="utf-8"?>
<TEI xmlns="http://www.tei-c.org/ns/1.0" xmlns:xi="http://www.w3.org/2001/XInclude">
 <teiHeader>
  <fileDesc>
   <titleStmt>
    <title xml:id="v66_543_E_A_KazaletuKazalet">
     Письма и документы. Tolstoy Digital
    </title>
    <title type="main">
     Письмо Э. А. Казалету (Kazalet) от 5 октября 1893 г.
    </title>
    <title type="bibl">
     Толстой Л. Н. Письмо Э. А. Казалету (Kazalet), 5 октября 1893 г. // Толстой Л. Н. Полное собрание сочинений: в 90 тт. Т. 66. М.: Гос. изд. «Художественная литература», 1953. С.
    </title>
    <respStmt>
     <resp>
      Идея, постановка задач, руководство:
     </resp>
     <name>
      Анастасия Бонч-Осмоловская, Фёкла Толстая, Борис Орехов, Тимофей Лукашевский
     </name>
    </respStmt>
    <respStmt>
     <resp>
      Подготовка TEI/XML:
     </resp>
     <name>
      Евгений Можаев, Даниил Скоринкин, Ирина Павлова, Матвей Колбасов, Елена Сидорова, Кирилл Милинцевич, Лев Буланов, Макар Федоров, Константин Петров
     </name>
    </respStmt>
    <respStmt>
     <resp>
      Подготовка метаданных:
     </resp>
     <name>
      Мария Картышева, Вероника Файнберг
     </name>
    </respStmt>
    <respStmt>
     <resp>
      Разметка имен собственных:
     </resp>
     <name>
      Никита Северин, Елена Северина
     </name>
    </respStmt>
    <respStmt>
     <resp>
      Исправление древнегреческого текста:
     </resp>
     <name>
      Ольга Алиева
     </name>
    </respStmt>
    <funder>
     Проект «Слово Толстого»
    </funder>
   </titleStmt>
   <publicationStmt>
    <publisher>
     <orgName>
      Tolstoy Digital, DH CLOUD, Научно-образовательный союз «Родное Слово» проект «Слово Толстого»
     </orgName>
    </publisher>
    <availability>
     <p id="a78f96fe-9a33-4224-b2d5-05cf1ed084e2">
      Тексты и метатекстовая разметка доступны для свободного использования и распространения по лицензии Creative Commons Attribution Share-Alike (cc by-sa)
     </p>
    </availability>
    <date from="2015" to="2022"/>
   </publicationStmt>
   <notesStmt>
    <note>
     Публикуемые документы был получены с сайта tolstoy.ru в формате html, переведены в формат TEI. Исправлены некоторые ошибки распознавания. Тексты, написанные в дореформенной орфографии, сопоставлены с их версиями в современной орфографии.
    </note>
   </notesStmt>
   <sourceDesc>
    <biblStruct>
     <analytic>
      <author>
       Толстой Лев Николаевич
      </author>
     </analytic>
     <monogr>
      <title level="m">
       Полное собрание сочинений. Том 66
      </title>
      <imprint>
       <pubPlace>
        Москва
       </pubPlace>
       <publisher>
        Государственное издательство «Художественная литература»
       </publisher>
       <date when="1953"/>
      </imprint>
      <biblScope unit="vol">
       66
      </biblScope>
      <biblScope unit="page">
       402-403
      </biblScope>
     </monogr>
     <series>
      <title level="s">
       Л. Н. Толстой. Полное собрание сочинений: в 90 тт.
      </title>
     </series>
    </biblStruct>
    <bibl>
     Публикуется впервые
    </bibl>
   </sourceDesc>
  </fileDesc>
  <encodingDesc>
   <classDecl>
    <xi:include href="../../reference/taxonomy.xml"/>
   </classDecl>
  </encodingDesc>
  <profileDesc>
   <correspDesc>
    <correspAction type="sending">
     <persName ref="13883">
      Л. Н. Толстой
     </persName>
     <placeName>
      Ясная Поляна
     </placeName>
     <date when="1893-10-05"/>
    </correspAction>
    <correspAction type="receiving">
     <persName ref="5941">
      Казалет Эдуард A. (Cazalet) (Edward A. Cazalet)
     </persName>
    </correspAction>
   </correspDesc>
   <langUsage>
    <language ident="ru"/>
   </langUsage>
   <textClass>
    <catRef ana="#tolstoy_heritage" target="library"/>
    <catRef ana="#letters" target="type"/>
    <catRef ana="#sent" target="sent"/>
   </textClass>
  </profileDesc>
 </teiHeader>
 <xenoData>
  <number type="in a volume">
   543
  </number>
 </xenoData>
 <text xml:id="E.A.KazaletuKazalet_543" xmlns="http://www.tei-c.org/ns/1.0" xmlns:xi="http://www.w3.org/2001/XInclude">
  <body>
   <div>
    <pb n="402"/>
    <opener index="false">
     *543.
     <name placement="text" ref="5941" type="person">
      Эдуарду Казалету (Edward A. Cazalet)
     </name>
     .1893 г. Октября 5. Я. П.
    </opener>
    <p id="242fe265-af8e-4cd5-ab38-005a50bc7da3">
     М. Г. Очень благодарю вас за выраженное вами желание избрать меня членом вашего общества. Я всей душой сочувствую всякому способу единения людей, независимо от политических партий, и в особенности сознательному единению духовному людей разных национальностей и государств, которое с такой быстротой и энергией совершается теперь во всем мире. Ваше общество имеет такую идею, и потому желаю ему наибольшего успеха. Очень рад буду получить более подробные сведения об его деятельности.
    </p>
    <p id="620743f9-c1b2-4b1c-a5ba-9f3f8fb23e1a" rend="right rightindent">
     С совершенным уважением
    </p>
    <p id="01bd4f85-6a45-4351-9bd1-564ffe1d3027" rend="right">
     <name placement="text" ref="13883" type="person">
      Лев Толстой
     </name>
     .
    </p>
    <noteGrp type="comments">
     <note index="false" type="comments">
      <p id="eef34804-a565-45bb-9ee0-f048cb11c28d" rend="Textpetit_otstup left">
       Печатается по машинописной копии из АЧ. Опубликовано в английском переводе во многих лондонских газетах в конце октября нов. ст. 1893 г. Дата копии.
      </p>
     </note>
     <note index="false" type="comments">
      <p id="2845f4fa-ea00-4ade-8bee-75255423d833" rend="petit">
       По сведениям, полученным редакцией через Всесоюзное общество культурной связи с заграницей, англичанин
       <name placement="comments" ref="5941" type="person">
        Эдуард Казалет
       </name>
       (ум. 1921?) был монархистом, «членом семьи, составившей себе состояние в России». Желая «организовать группу для собственного удовольствия», он в январе 1893 г. учредил в Лондоне «Англо-русское литературное общество», которое «никогда не имело какого-либо значения и не совершило ничего полезного». Общество, председателем которого был Казалет, просуществовало до 1921 г., имело около 600 членов, но на ежемесячных собраниях «присутствовало обыкновенно не более 24 человек». Попечителями общества уже с первой половины 1893 г. согласились состоять: герцог и герцогиня Эдинбургские и русский наследник престола, ставший с 1894 г. императором
       <name placement="comments" ref="9800" type="person">
        Николаем II
       </name>
       , имя которого ставилось впереди других. По мнению Моода, Казалет
       <hi style="opdelimiter">
        «не
       </hi>
       <pb n="403"/>
       <hi style="npdelimiter">
        проявлял
       </hi>
       особого интереса к Толстому, которому он предложил стать членом только для того, чтобы заполучить имя знаменитости в список своих членов». Толстой ничего не знал об этом обществе до получения письма Казалета на русском языке из Лондона от 5 октября нов. ст. 1893 г., в котором Казалет просил разрешения избрать Толстого членом этого общества. «Мы любим Россию и русских, — писал он, — и желаем сблизить оба народа в областях литературы, торговли и пр., но политика нам не нужна».
      </p>
     </note>
    </noteGrp>
   </div>
  </body>
 </text>
</TEI>
