<?xml version="1.0" encoding="utf-8"?>
<TEI xmlns="http://www.tei-c.org/ns/1.0" xmlns:xi="http://www.w3.org/2001/XInclude">
 <teiHeader>
  <fileDesc>
   <titleStmt>
    <title xml:id="v67_097_T_L_Tolstoj">
     Письма и документы. Tolstoy Digital
    </title>
    <title type="main">
     Письмо Т. Л. Толстой от 28 марта 1894 г.
    </title>
    <title type="bibl">
     Толстой Л. Н. Письмо Т. Л. Толстой, 28 марта 1894 г. // Толстой Л. Н. Полное собрание сочинений: в 90 тт. Т. 67. М.: Гос. изд. «Художественная литература», 1955. С.
    </title>
    <respStmt>
     <resp>
      Идея, постановка задач, руководство:
     </resp>
     <name>
      Анастасия Бонч-Осмоловская, Фёкла Толстая, Борис Орехов, Тимофей Лукашевский
     </name>
    </respStmt>
    <respStmt>
     <resp>
      Подготовка TEI/XML:
     </resp>
     <name>
      Евгений Можаев, Даниил Скоринкин, Ирина Павлова, Матвей Колбасов, Елена Сидорова, Кирилл Милинцевич, Лев Буланов, Макар Федоров, Константин Петров
     </name>
    </respStmt>
    <respStmt>
     <resp>
      Подготовка метаданных:
     </resp>
     <name>
      Мария Картышева, Вероника Файнберг
     </name>
    </respStmt>
    <respStmt>
     <resp>
      Разметка имен собственных:
     </resp>
     <name>
      Никита Северин, Елена Северина
     </name>
    </respStmt>
    <respStmt>
     <resp>
      Исправление древнегреческого текста:
     </resp>
     <name>
      Ольга Алиева
     </name>
    </respStmt>
    <funder>
     Проект «Слово Толстого»
    </funder>
   </titleStmt>
   <publicationStmt>
    <publisher>
     <orgName>
      Tolstoy Digital, DH CLOUD, Научно-образовательный союз «Родное Слово» проект «Слово Толстого»
     </orgName>
    </publisher>
    <availability>
     <p id="cac9e37e-92d9-4968-96ac-ed753f7bfee4">
      Тексты и метатекстовая разметка доступны для свободного использования и распространения по лицензии Creative Commons Attribution Share-Alike (cc by-sa)
     </p>
    </availability>
    <date from="2015" to="2022"/>
   </publicationStmt>
   <notesStmt>
    <note>
     Публикуемые документы был получены с сайта tolstoy.ru в формате html, переведены в формат TEI. Исправлены некоторые ошибки распознавания. Тексты, написанные в дореформенной орфографии, сопоставлены с их версиями в современной орфографии.
    </note>
   </notesStmt>
   <sourceDesc>
    <biblStruct>
     <analytic>
      <author>
       Толстой Лев Николаевич
      </author>
     </analytic>
     <monogr>
      <title level="m">
       Полное собрание сочинений. Том 67
      </title>
      <imprint>
       <pubPlace>
        Москва
       </pubPlace>
       <publisher>
        Государственное издательство «Художественная литература»
       </publisher>
       <date when="1955"/>
      </imprint>
      <biblScope unit="vol">
       67
      </biblScope>
      <biblScope unit="page">
       92-92
      </biblScope>
     </monogr>
     <series>
      <title level="s">
       Л. Н. Толстой. Полное собрание сочинений: в 90 тт.
      </title>
     </series>
    </biblStruct>
    <bibl>
     Публикуется впервые
    </bibl>
   </sourceDesc>
  </fileDesc>
  <encodingDesc>
   <classDecl>
    <xi:include href="../../reference/taxonomy.xml"/>
   </classDecl>
  </encodingDesc>
  <profileDesc>
   <correspDesc>
    <correspAction type="sending">
     <persName ref="13883">
      Л. Н. Толстой
     </persName>
     <placeName>
      Ржевск
     </placeName>
     <date when="1894-03-28"/>
    </correspAction>
    <correspAction type="receiving">
     <persName ref="13413">
      Сухотина Татьяна Львовна, рожд. Толстая
     </persName>
    </correspAction>
   </correspDesc>
   <langUsage>
    <language ident="ru"/>
   </langUsage>
   <textClass>
    <catRef ana="#tolstoy_heritage" target="library"/>
    <catRef ana="#letters" target="type"/>
    <catRef ana="#sent" target="sent"/>
   </textClass>
  </profileDesc>
 </teiHeader>
 <xenoData>
  <number type="in a volume">
   97
  </number>
 </xenoData>
 <text xml:id="T.L.Tolstoj_97" xmlns="http://www.tei-c.org/ns/1.0" xmlns:xi="http://www.w3.org/2001/XInclude">
  <body>
   <div>
    <pb n="92"/>
    <opener index="false">
     * 97. Т. Л. Толстой.1894 г. Марта 28. Ржевск.
    </opener>
    <p id="ee9b4a8d-284d-4176-892b-432f031c29c3">
     Только могу подтвердить то, что пишет Маша. Прибавлю только то, что замечательно красивое место. Жилье на полугоре над крутым оврагом, поросшим лесом. Люди все хохлы.
     <name placement="note" ref="11873" type="person">
      Ростовцев
     </name>
     <ref target="#note1">
      1
     </ref>
     <note index="false" resp="volume_editor" xml:id="note1">
      <name placement="note" ref="11873" type="person">
       Николай Дмитриевич Ростовцев
      </name>
      (1846—1922), бывший председатель Острогожской земской управы. В 1894 г. заведовал хозяйственными делами Чертковых.
     </note>
     вчера раздавал 70, купленных
     <choice original_editorial_correction="Ч[ертковым]">
      <sic>
       Ч
      </sic>
      <corr>
       Чертковым
      </corr>
     </choice>
     для самых бедных крестьян, лошадей. Сейчас долго говорил с Галей.
     <ref target="#note2">
      2
     </ref>
     <note index="false" resp="volume_editor" xml:id="note2">
      <name placement="note" ref="15291" type="person">
       Анна Константиновна Черткова
      </name>
      , рожд. Дитерихс (1859—1927), жена В. Г. Черткова. См. т. 85, стр. 396—402.
     </note>
     Она телом страшно худа и слаба — труп. Приподняться просит других помочь ей, но духом и умом вполне свежа, т. е. более свежа и светла, чем многие здоровые, — так же, как и Русанов.
     <ref target="#note3">
      3
     </ref>
     <note index="false" resp="volume_editor" xml:id="note3">
      <name placement="note" ref="11968" type="person">
       Гавриил Андреевич Русанов
      </name>
      , живший в г. Воронеже. Толстой навестил его 2 апреля на обратном пути из Ржевска в Москву.
     </note>
     Как-то, как будто, чем меньше остается тела и чем слабее оно, тем яснее
     <ref target="#note4">
      4
     </ref>
     <note index="false" resp="volume_editor" xml:id="note4">
      <hi>
       Переделано из:
      </hi>
      светлее
     </note>
     сквозь него светит
     <ref target="#note5">
      5
     </ref>
     <note index="false" resp="volume_editor" xml:id="note5">
      Переделано из: блестит
     </note>
     дух. В общем жизнь здесь производит по мне радостное, освежающее впечатление: видно, что живут люди не по велениям «оn»,
     <ref target="#note6">
      6
     </ref>
     <note index="false" resp="volume_editor" xml:id="note6">
      Непереводимое французское слово. В данном случае в значении чего-то неопределенного, общества, окружающей среды и т. п.
     </note>
     а по своему уму и сердцу. Перед домом огорожено плетнем местечко с могилой, на которой лежит крест. Это — дочь.
     <ref target="#note7">
      7
     </ref>
     <note index="false" resp="volume_editor" xml:id="note7">
      Дочь В. Г. и А. К. Чертковых Ольга, умершая в 1889 г. двух лет от роду.
     </note>
     Ну, пока прощай, Соня, Таня, Лева и веселый Андрюша, и собою занятый Миша, и похудевшая Саша и стриженый Ваня. Завтра напишу еще.
    </p>
    <noteGrp type="comments">
     <note index="false" type="comments">
      <p id="4a719f9b-d983-4c38-be4e-412043117d87" rend="Textpetit_otstup left">
       Приписка к письму М. Л. Толстой к сестре
       <name placement="comments" ref="13413" type="person">
        Татьяне Львовне
       </name>
       . Дата определяется словами в письме к С. А. Толстой от 28 марта 1894 г. «Завтра напишу еще и Тане».
      </p>
     </note>
     <note index="false" type="comments">
      <p id="a4828bc0-677e-49dd-a754-eabfb61a7bc0" rend="petit">
       Толстой пишет с хутора Ржевск Богучарского уезда Воронежской губ. — имения В. Г. Черткова, где он пробыл с 27 марта до 2
       <hi style="opdelimiter">
        апреля.
       </hi>
      </p>
     </note>
    </noteGrp>
   </div>
  </body>
 </text>
</TEI>
