<?xml version="1.0" encoding="utf-8"?>
<TEI xmlns="http://www.tei-c.org/ns/1.0" xmlns:xi="http://www.w3.org/2001/XInclude">
 <teiHeader>
  <fileDesc>
   <titleStmt>
    <title xml:id="v67_269_CH_N_FojsteruCh_N_Foyster">
     Письма и документы. Tolstoy Digital
    </title>
    <title type="main">
     Письмо Ч. Н. Фойстеру (Ch. N. Foyster ) с 17 октября 1894 г. по 26 октября 1894 г.
    </title>
    <title type="bibl">
     Толстой Л. Н. Письмо Ч. Н. Фойстеру (Ch. N. Foyster ), 17 октября 1894 г. — 26 октября 1894 г. // Толстой Л. Н. Полное собрание сочинений: в 90 тт. Т. 67. М.: Гос. изд. «Художественная литература», 1955. С.
    </title>
    <respStmt>
     <resp>
      Идея, постановка задач, руководство:
     </resp>
     <name>
      Анастасия Бонч-Осмоловская, Фёкла Толстая, Борис Орехов, Тимофей Лукашевский
     </name>
    </respStmt>
    <respStmt>
     <resp>
      Подготовка TEI/XML:
     </resp>
     <name>
      Евгений Можаев, Даниил Скоринкин, Ирина Павлова, Матвей Колбасов, Елена Сидорова, Кирилл Милинцевич, Лев Буланов, Макар Федоров, Константин Петров
     </name>
    </respStmt>
    <respStmt>
     <resp>
      Подготовка метаданных:
     </resp>
     <name>
      Мария Картышева, Вероника Файнберг
     </name>
    </respStmt>
    <respStmt>
     <resp>
      Разметка имен собственных:
     </resp>
     <name>
      Никита Северин, Елена Северина
     </name>
    </respStmt>
    <respStmt>
     <resp>
      Исправление древнегреческого текста:
     </resp>
     <name>
      Ольга Алиева
     </name>
    </respStmt>
    <funder>
     Проект «Слово Толстого»
    </funder>
   </titleStmt>
   <publicationStmt>
    <publisher>
     <orgName>
      Tolstoy Digital, DH CLOUD, Научно-образовательный союз «Родное Слово» проект «Слово Толстого»
     </orgName>
    </publisher>
    <availability>
     <p id="371241f4-44cb-4539-b225-f2dd8bde6461">
      Тексты и метатекстовая разметка доступны для свободного использования и распространения по лицензии Creative Commons Attribution Share-Alike (cc by-sa)
     </p>
    </availability>
    <date from="2015" to="2022"/>
   </publicationStmt>
   <notesStmt>
    <note>
     Публикуемые документы был получены с сайта tolstoy.ru в формате html, переведены в формат TEI. Исправлены некоторые ошибки распознавания. Тексты, написанные в дореформенной орфографии, сопоставлены с их версиями в современной орфографии.
    </note>
   </notesStmt>
   <sourceDesc>
    <biblStruct>
     <analytic>
      <author>
       Толстой Лев Николаевич
      </author>
     </analytic>
     <monogr>
      <title level="m">
       Полное собрание сочинений. Том 67
      </title>
      <imprint>
       <pubPlace>
        Москва
       </pubPlace>
       <publisher>
        Государственное издательство «Художественная литература»
       </publisher>
       <date when="1955"/>
      </imprint>
      <biblScope unit="vol">
       67
      </biblScope>
      <biblScope unit="page">
       256-260
      </biblScope>
     </monogr>
     <series>
      <title level="s">
       Л. Н. Толстой. Полное собрание сочинений: в 90 тт.
      </title>
     </series>
    </biblStruct>
    <bibl>
     Публикуется впервые
    </bibl>
   </sourceDesc>
  </fileDesc>
  <encodingDesc>
   <classDecl>
    <xi:include href="../../reference/taxonomy.xml"/>
   </classDecl>
  </encodingDesc>
  <profileDesc>
   <correspDesc>
    <correspAction type="sending">
     <persName ref="13883">
      Л. Н. Толстой
     </persName>
     <placeName>
      Ясная Поляна
     </placeName>
     <date notAfter="1894-10-26" notBefore="1894-10-17"/>
    </correspAction>
    <correspAction type="receiving">
     <persName ref="14627">
      Фойстер Ч. H. (Ch. N. Foyster)
     </persName>
    </correspAction>
   </correspDesc>
   <langUsage>
    <language ident="ru"/>
   </langUsage>
   <textClass>
    <catRef ana="#tolstoy_heritage" target="library"/>
    <catRef ana="#letters" target="type"/>
    <catRef ana="#not_sent" target="sent"/>
   </textClass>
  </profileDesc>
 </teiHeader>
 <xenoData>
  <number type="in a volume">
   269
  </number>
 </xenoData>
 <text xml:id="CH.N.FojsteruCh.N.Foyster_269" xmlns="http://www.tei-c.org/ns/1.0" xmlns:xi="http://www.w3.org/2001/XInclude">
  <body>
   <div>
    <pb n="256"/>
    <opener index="false">
     * 269. Ч. Н. Фойстеру (Ch. N. Foyster).1894 г. Октября 17—26. Я. П.
    </opener>
    <p id="4f85b13d-76ce-488b-89f0-75b9c21a9f53">
     <choice original_editorial_correction="М[илостивый]">
      <sic>
       М
      </sic>
      <corr>
       Милостивый
      </corr>
     </choice>
     <choice original_editorial_correction="Г[осударь]">
      <sic>
       Г
      </sic>
      <corr>
       Государь
      </corr>
     </choice>
     . Вы пишете мне, что, прочтя мою статью: Христианство и
     <choice original_editorial_correction="Патр[иотизм]">
      <sic>
       Патр
      </sic>
      <corr>
       Патриотизм
      </corr>
     </choice>
     , вы совершенно согласились с первой частью статьи, в
     <choice original_editorial_correction="к[оторой]">
      <sic>
       к
      </sic>
      <corr>
       которой
      </corr>
     </choice>
     излагалось всё
     <hi style="opdelimiter">
      то
     </hi>
     <pb n="257"/>
     <hi style="npdelimiter">
      зло,
     </hi>
     <choice original_editorial_correction="кот[орое]">
      <sic>
       кот
      </sic>
      <corr>
       которое
      </corr>
     </choice>
     происходит от патриотизма и войн, но что вы не согласны с моими доводами о том, что для избавления себя от этих зол люди не должны участвовать в правительствах. И на вопрос этот отвечаете признанием того, что часто приходится слышать в разговорах и читать,
     <choice original_editorial_correction="ч[то]">
      <sic>
       ч
      </sic>
      <corr>
       что
      </corr>
     </choice>
     это невозможно. По вашему мнению, нужно не отказываться от участия в правительстве, а, напротив, участвовать в нем, избирать таких представителей,
     <choice original_editorial_correction="к[оторые]">
      <sic>
       к
      </sic>
      <corr>
       которые
      </corr>
     </choice>
     были бы друзьями народа и врагами всякой несправедливости и войны. Тогда, по вашему мнению, зло существующего порядка искоренится и люди, жизнь людей станет лучше. Но как же быть без правительств? спрашиваете вы. На этот вопрос я не берусь отвечать вам.
    </p>
    <p id="2c796487-cea4-4920-9307-ba16ef71fc74">
     Всё это очень хорошо, говорят мне. Деспотизм, насилие правительств, войны и вооружение всей Европы действительно ужасны, и вы правы, осуждая всё это. Но как можно быть без правительств? Чем заменить их? How can we do without government? Имеем ли мы, ограниченные умом и знанием люди, право, только потому, что нам это кажется лучше, уничтожать то, чем много веков жили наши предки, чем живем мы и благодаря чему мы достигли современной цивилизации и ее благ, и, не имея ничего определенного, которое мы могли бы поставить на месте уничтоженного, рисковать всеми теми бедствиями и ужасами, которые постигнут нас при уничтожении правительств?
    </p>
    <p id="711f81b4-50be-4250-94d8-9a980099e475">
     Ответ на вопрос, так поставленный, слишком ясен. Но дело в том, что вопрос поставлен неправильно. Перед людьми, исповедующими христианство, как жизненную веру, — вопрос стоит совсем не в той форме. Христианское учение в его истинном смысле никогда не предлагает ничего разрушать и не предлагает никакого нового своего устройства, которое будто бы должно заменить прежнее. Христианское учение тем отличается от всех других и религиозных и общественных учений, что оно дает благо людям не посредством общих законов для жизни всех людей, но уяснением каждому отдельному человеку смысла его жизни: того, в чем заключается зло его жизни и в чем его истинное благо. И этот смысл жизни, открываемый христианским учением человеку, до такой степени ясен, убедителен и несомненен, что раз человек понял его и потому познал то, в чем зло и в чем благо его жизни, он уже никак не может сознательно делать то, в чем он видит зло своей жизни, и не делать того, в чем он видит истинное благо ее. Не может
     <hi style="opdelimiter">
      воздержаться
     </hi>
     <pb n="258"/>
     <hi style="npdelimiter">
      от
     </hi>
     этого точно так же, как не может растение не стремиться к свету или вода к низу.
    </p>
    <p id="ba1f8b0f-a201-4f1d-98a3-e63b0f210566">
     Единственный смысл, который может иметь твоя жизнь в этом мире, состоит в том, чтобы исполнять то, что от тебя требует тот, кто послал тебя в эту жизнь, тот, от кого ты пришел и к кому придешь, выходя из этой жизни. Зло твоей жизни состоит в отступлении от требований того, кто послал тебя, благо — в наиточнейшем исполнении этих требований. Требует же от тебя тот, кто послал тебя в этот мир, того самого, чего желает твое сердце, что указывает тебе твой разум, чему учили люди и величайшие мудрецы человечества, чего требует от тебя тот учитель, которого, если не ты, то большинство твоих соотечественников признают богом. И требование это не туманно и неопределенно, а очень ясно и точно и просто. «Если ты не можешь делать другому того, чего хочешь, чтоб тебе делали, то по крайней мере не делай другому, чего ты не хочешь, чтобы тебе делали: не хочешь, чтобы тебя заставляли работать на фабрике или в рудниках 10 часов сряду, не хочешь, чтобы дети твои были голодные, холодные, невежественные, не хочешь, чтоб у тебя отняли землю, на которой ты мог бы кормиться, не хочешь, чтобы тебя запирали в тюрьму, вешали за то, что ты по страсти, соблазну или невежеству совершил дурной поступок, не хочешь, чтоб тебя ранили, убивали на войне, — не делай этого другим. Всё это так просто, ясно и несомненно, что не понять этого нельзя; но кроме того, для того чтобы люди не могли придумать такие отговорки, по которым можно было бы не всегда исполнять эти требования, над людьми повешен еще на волоске Дамоклов меч, т. е. смерть, которая всякую минуту может постигнуть каждого человека и, если смерть есть полное уничтожение, лишить его возможности поправить сделанную ошибку, если же смерть есть возвращение к богу, то заставить его возвратиться к богу, не исполнив того несомненного закона, который он дал нам, посылая нас в жизнь. Всё это так ясно и просто и неопровержимо, что каждый ребенок поймет и никакой мудрец не опровергнет. Представим себе, что работник приставлен хозяином к понятной ему работе и любимому им делу. Кроме того, работник знает, что он весь находится во власти хозяина, всякую минуту хозяин может его взять и призвать к другому делу. И вдруг к этому работнику приходят люди, которые, он знает, находятся в той же зависимости
     <hi style="opdelimiter">
      от
     </hi>
     <pb n="259"/>
     <hi style="npdelimiter">
      хозяина,
     </hi>
     как и он, и которым поручено такое же дело, и люди эти требуют от него, чтобы он делал прямо обратное тому, что ему несомненно и ясно, без всяких исключений, предписано хозяином, и уверяют его, что, если он не сделает этого, произойдут ужасные беды, и что, исполняя волю хозяина, он поступает легкомысленно, неразумно, жестоко и безбожно. Но это сравнение далеко не выражает того, что должен испытывать христианин, к которому обращаются с требованием участия в угнетении, отнятии земли, казнях, войнах и т. п., с которыми обращается к нам государственная власть, потому что, как ни внушительны могли быть для работника приказания хозяина, они никогда не сравнятся с тем несомненным знанием каждого, неизвращенного ложными учениями человека о том, что он не может и не должен участвовать в насилиях, поборах, казнях, убийствах своего ближнего: это говорит ему и разум, и сердце, и всё существо его. Так что вопрос для христианина не в том, как его неумышленно, а иногда и умышленно ставят противники христианства: имеет ли человек право разрушить существующий порядок и заменить его новым, — христианин и не думает об общем порядке, предоставляя ведение этого порядка богу, твердо уверенный в том, что бог вложил в наш разум и сердце свой закон не для беспорядка, а для порядка, и что от следования открытому мне несомненно закону бога ничего худого выдти не может, — вопрос не в замене одного порядка другим, а в том, следует ли человеку, пришедшему от бога и всякую минуту могущему возвратиться к нему, повиноваться вложенному в его сердце и разуме закону бога, или следует повиноваться закону людскому, прямо противоположному закону бога? И на этот вопрос может быть только один ответ. Люди боятся, что разрушится существующий порядок. Но до тех пор, пока только некоторые люди следуют закону бога, большинство же держится существующего порядка, то большинство это всегда подавит то меньшинство,
     <choice original_editorial_correction="к[оторое]">
      <sic>
       к
      </sic>
      <corr>
       которое
      </corr>
     </choice>
     противодействует существующему порядку, как это и было до сих пор, и существующий порядок не разрушится, и бояться за него нечего — пострадают только люди, противящиеся этому порядку, порядок же будет продолжаться. Если же при этом разрушается существующий порядок, не доказывает ли это только то, что порядок этот ложный, противен воле бога и потому подлежит уничтожению. Если же все люди, как сказано у пророка, будут научены богом и
     <hi style="opdelimiter">
      потому
     </hi>
     <pb n="260"/>
     <hi style="npdelimiter">
      будут
     </hi>
     следовать закону его, то существующий порядок разрушится и наступит новый, лучший порядок, при котором копья перекуют на серпы и мечи на орала. Несогласие между волею бога и существующим порядком доказывает только то, что между волею бога и существующим порядком полное несогласие и происходит борьба. Тысячелетия уже идет эта борьба между законами божьими и человеческими, между любовью и ненавистью, и безостановочно, с каждым веком, с каждым годом, каждым днем и часом, свет побеждает тьму и люди всё более и более приближаются к идеалу, указанному всеми пророками, Христом и нашим сердцем, и исход борьбы несомненен.
    </p>
    <p id="172a2ed5-0e11-4520-950a-a4dac6555485">
     Но как ни очевидно в наше время приближение торжества истины, не внешние цели руководят деятельностью христианина: христианин не участвует в деятельности правительства и не подчиняется ему, не платит подати, не участвует в управлении, в судах, в государственной религии, в войске не потому, что он хочет разрушить что-либо и установить какой-либо новый порядок, а только
     <choice original_editorial_correction="п[отому]">
      <sic>
       п
      </sic>
      <corr>
       потому
      </corr>
     </choice>
     ,
     <choice original_editorial_correction="ч[то]">
      <sic>
       ч
      </sic>
      <corr>
       что
      </corr>
     </choice>
     он следует тому, что ему повелено от Того, кто послал его в жизнь, твердо веруя в то, что [ничего] кроме блага себе и всему миру от этого следования быть не может.
    </p>
    <p id="2a4b694f-52f7-4247-9032-5e59a49c5a5f" rend="right">
     Л. Т.
    </p>
    <p id="10cab535-306b-4e00-bfb4-5463c99def68">
     26
     <choice original_editorial_correction="ок[тября]">
      <sic>
       ок
      </sic>
      <corr>
       октября
      </corr>
     </choice>
     .
    </p>
    <noteGrp type="comments">
     <note index="false" type="comments">
      <p id="b4446d5b-fb46-4a26-8ae7-89597ec93623" rend="Textpetit_otstup left">
       Письмо это, писавшееся в несколько приемов, с 17 по 26 октября, и сохранившееся в четырех последовательных редакциях, не было отправлено адресату, а было переработано в статью под названием «Об отношении к государству» и послано для напечатания в лондонскую газету «Daily Chronicle». Печатается последняя (четвертая) редакция письма, переработанного потом в статью, с датой 26 октября.
      </p>
     </note>
     <note index="false" type="comments">
      <p id="87b6797f-daa4-4ae8-b488-77163413052b" rend="petit">
       Ч. Н. Фойстер обратился к Толстому с письмом из Лондона от 9 сентября н. ст. 1894 г., в котором писал, что прочитанная им в газете «Daily Chronicle» статья Толстого «Христианство и патриотизм» вызвала в нем «настоящий энтузиазм», и он старается следовать выраженным в ней мыслям, но не понимает только того, как можно обойтись без правительства, и потому просит Толстого объяснить ему этот пункт своего учения.
      </p>
     </note>
    </noteGrp>
   </div>
  </body>
 </text>
</TEI>
