<?xml version="1.0" encoding="utf-8"?>
<TEI xmlns="http://www.tei-c.org/ns/1.0" xmlns:xi="http://www.w3.org/2001/XInclude">
 <teiHeader>
  <fileDesc>
   <titleStmt>
    <title xml:id="v67_043_E_I_CHertkovoj">
     Письма и документы. Tolstoy Digital
    </title>
    <title type="main">
     Письмо Е. И. Чертковой от 15 февраля 1894 г.
    </title>
    <title type="bibl">
     Толстой Л. Н. Письмо Е. И. Чертковой, 15 февраля 1894 г. // Толстой Л. Н. Полное собрание сочинений: в 90 тт. Т. 67. М.: Гос. изд. «Художественная литература», 1955. С.
    </title>
    <respStmt>
     <resp>
      Идея, постановка задач, руководство:
     </resp>
     <name>
      Анастасия Бонч-Осмоловская, Фёкла Толстая, Борис Орехов, Тимофей Лукашевский
     </name>
    </respStmt>
    <respStmt>
     <resp>
      Подготовка TEI/XML:
     </resp>
     <name>
      Евгений Можаев, Даниил Скоринкин, Ирина Павлова, Матвей Колбасов, Елена Сидорова, Кирилл Милинцевич, Лев Буланов, Макар Федоров, Константин Петров
     </name>
    </respStmt>
    <respStmt>
     <resp>
      Подготовка метаданных:
     </resp>
     <name>
      Мария Картышева, Вероника Файнберг
     </name>
    </respStmt>
    <respStmt>
     <resp>
      Разметка имен собственных:
     </resp>
     <name>
      Никита Северин, Елена Северина
     </name>
    </respStmt>
    <respStmt>
     <resp>
      Исправление древнегреческого текста:
     </resp>
     <name>
      Ольга Алиева
     </name>
    </respStmt>
    <funder>
     Проект «Слово Толстого»
    </funder>
   </titleStmt>
   <publicationStmt>
    <publisher>
     <orgName>
      Tolstoy Digital, DH CLOUD, Научно-образовательный союз «Родное Слово» проект «Слово Толстого»
     </orgName>
    </publisher>
    <availability>
     <p id="0c0b847c-4989-4a7b-8b0b-38cd7a8142e9">
      Тексты и метатекстовая разметка доступны для свободного использования и распространения по лицензии Creative Commons Attribution Share-Alike (cc by-sa)
     </p>
    </availability>
    <date from="2015" to="2022"/>
   </publicationStmt>
   <notesStmt>
    <note>
     Публикуемые документы был получены с сайта tolstoy.ru в формате html, переведены в формат TEI. Исправлены некоторые ошибки распознавания. Тексты, написанные в дореформенной орфографии, сопоставлены с их версиями в современной орфографии.
    </note>
   </notesStmt>
   <sourceDesc>
    <biblStruct>
     <analytic>
      <author>
       Толстой Лев Николаевич
      </author>
     </analytic>
     <monogr>
      <title level="m">
       Полное собрание сочинений. Том 67
      </title>
      <imprint>
       <pubPlace>
        Москва
       </pubPlace>
       <publisher>
        Государственное издательство «Художественная литература»
       </publisher>
       <date when="1955"/>
      </imprint>
      <biblScope unit="vol">
       67
      </biblScope>
      <biblScope unit="page">
       38-39
      </biblScope>
     </monogr>
     <series>
      <title level="s">
       Л. Н. Толстой. Полное собрание сочинений: в 90 тт.
      </title>
     </series>
    </biblStruct>
    <bibl>
     Публикуется впервые
    </bibl>
   </sourceDesc>
  </fileDesc>
  <encodingDesc>
   <classDecl>
    <xi:include href="../../reference/taxonomy.xml"/>
   </classDecl>
  </encodingDesc>
  <profileDesc>
   <correspDesc>
    <correspAction type="sending">
     <persName ref="13883">
      Л. Н. Толстой
     </persName>
     <placeName>
      Москва
     </placeName>
     <date when="1894-02-15"/>
    </correspAction>
    <correspAction type="receiving">
     <persName ref="15293">
      Черткова Елизавета Ивановна
     </persName>
    </correspAction>
   </correspDesc>
   <langUsage>
    <language ident="ru"/>
   </langUsage>
   <textClass>
    <catRef ana="#tolstoy_heritage" target="library"/>
    <catRef ana="#letters" target="type"/>
    <catRef ana="#sent" target="sent"/>
   </textClass>
  </profileDesc>
 </teiHeader>
 <xenoData>
  <number type="in a volume">
   43
  </number>
 </xenoData>
 <text xml:id="E.I.CHertkovoj_43" xmlns="http://www.tei-c.org/ns/1.0" xmlns:xi="http://www.w3.org/2001/XInclude">
  <body>
   <div>
    <pb n="38"/>
    <opener index="false">
     * 43. Е. И. Чертковой.1894 г. Февраля 15. Москва.
    </opener>
    <p id="c926e15b-6d71-4f15-8e15-2ac47df9fb0e" rend="Obrashenie">
     Дорогая Лизавета Ивановна,
    </p>
    <p id="7dcf103f-bb14-4cc3-a42e-ecb6ec7a13d3">
     Получил ваше доброе письмо и очень благодарен вам за те чувства расположения, которые я нашел в нем и которыми я особенно дорожу от вас. Ужасно жаль бедную
     <name placement="text" ref="14897" type="person">
      Цецилию Владимировну
     </name>
     и жаль, главное, за то, что она так тревожно
     <hi style="opdelimiter">
      несет
     </hi>
     <pb n="39"/>
     <hi style="npdelimiter">
      посланный
     </hi>
     ей крест. Правда, что положение ее — и общественное положение, и особенная жестокость к ней людей, и главное, я думаю, ее беременность — особенно трудно. Я всё еще надеюсь на то, что государь сам вникнет в это дело. А вникнув, он не может не пожалеть ее и не устыдиться того, что делается его именем. Поэтому меня особенно порадовало ваше намерение поговорить об этом с императрицей. Это было бы очень хорошо и все-таки представляет возможность успеха. Дай вам бог успеть в этом и во всем том добром для себя (я разумею, для своей души) и для других, которым вы постоянно заняты.
    </p>
    <p id="40e6926d-4340-45cc-8a3f-93447c0c78aa">
     С истинным уважением и любовью
    </p>
    <p id="19ca819b-4206-48b2-827d-6fa009632d31" rend="right">
     Ваш Л. Толстой.
    </p>
    <noteGrp type="comments">
     <note index="false" type="comments">
      <p id="deb7a2ba-c6b5-41fa-8c8e-05dcf526f837" rend="Textpetit_otstup left">
       Датируется согласно списку писем Толстого 1894 г., где письмо значится под 15 февраля, что подтверждается письмом Е. И. Хилковой от 10 февраля 1894 г., на которое Толстой отвечает.
      </p>
     </note>
    </noteGrp>
   </div>
  </body>
 </text>
</TEI>
