<?xml version="1.0" encoding="utf-8"?>
<TEI xmlns="http://www.tei-c.org/ns/1.0" xmlns:xi="http://www.w3.org/2001/XInclude">
 <teiHeader>
  <fileDesc>
   <titleStmt>
    <title xml:id="v67_155_E_I_Popovu">
     Письма и документы. Tolstoy Digital
    </title>
    <title type="main">
     Письмо Е. И. Попову от 12 июня 1894 г.
    </title>
    <title type="bibl">
     Толстой Л. Н. Письмо Е. И. Попову, 12 июня 1894 г. // Толстой Л. Н. Полное собрание сочинений: в 90 тт. Т. 67. М.: Гос. изд. «Художественная литература», 1955. С.
    </title>
    <respStmt>
     <resp>
      Идея, постановка задач, руководство:
     </resp>
     <name>
      Анастасия Бонч-Осмоловская, Фёкла Толстая, Борис Орехов, Тимофей Лукашевский
     </name>
    </respStmt>
    <respStmt>
     <resp>
      Подготовка TEI/XML:
     </resp>
     <name>
      Евгений Можаев, Даниил Скоринкин, Ирина Павлова, Матвей Колбасов, Елена Сидорова, Кирилл Милинцевич, Лев Буланов, Макар Федоров, Константин Петров
     </name>
    </respStmt>
    <respStmt>
     <resp>
      Подготовка метаданных:
     </resp>
     <name>
      Мария Картышева, Вероника Файнберг
     </name>
    </respStmt>
    <respStmt>
     <resp>
      Разметка имен собственных:
     </resp>
     <name>
      Никита Северин, Елена Северина
     </name>
    </respStmt>
    <respStmt>
     <resp>
      Исправление древнегреческого текста:
     </resp>
     <name>
      Ольга Алиева
     </name>
    </respStmt>
    <funder>
     Проект «Слово Толстого»
    </funder>
   </titleStmt>
   <publicationStmt>
    <publisher>
     <orgName>
      Tolstoy Digital, DH CLOUD, Научно-образовательный союз «Родное Слово» проект «Слово Толстого»
     </orgName>
    </publisher>
    <availability>
     <p id="1ddbce39-79d4-468a-80de-086110ca988e">
      Тексты и метатекстовая разметка доступны для свободного использования и распространения по лицензии Creative Commons Attribution Share-Alike (cc by-sa)
     </p>
    </availability>
    <date from="2015" to="2022"/>
   </publicationStmt>
   <notesStmt>
    <note>
     Публикуемые документы был получены с сайта tolstoy.ru в формате html, переведены в формат TEI. Исправлены некоторые ошибки распознавания. Тексты, написанные в дореформенной орфографии, сопоставлены с их версиями в современной орфографии.
    </note>
   </notesStmt>
   <sourceDesc>
    <biblStruct>
     <analytic>
      <author>
       Толстой Лев Николаевич
      </author>
     </analytic>
     <monogr>
      <title level="m">
       Полное собрание сочинений. Том 67
      </title>
      <imprint>
       <pubPlace>
        Москва
       </pubPlace>
       <publisher>
        Государственное издательство «Художественная литература»
       </publisher>
       <date when="1955"/>
      </imprint>
      <biblScope unit="vol">
       67
      </biblScope>
      <biblScope unit="page">
       145-146
      </biblScope>
     </monogr>
     <series>
      <title level="s">
       Л. Н. Толстой. Полное собрание сочинений: в 90 тт.
      </title>
     </series>
    </biblStruct>
    <bibl>
     Публикуется впервые
    </bibl>
   </sourceDesc>
  </fileDesc>
  <encodingDesc>
   <classDecl>
    <xi:include href="../../reference/taxonomy.xml"/>
   </classDecl>
  </encodingDesc>
  <profileDesc>
   <correspDesc>
    <correspAction type="sending">
     <persName ref="13883">
      Л. Н. Толстой
     </persName>
     <placeName>
      Ясная Поляна
     </placeName>
     <date when="1894-06-12"/>
    </correspAction>
    <correspAction type="receiving">
     <persName ref="11086">
      Попов Евгений Иванович
     </persName>
    </correspAction>
   </correspDesc>
   <langUsage>
    <language ident="ru"/>
   </langUsage>
   <textClass>
    <catRef ana="#tolstoy_heritage" target="library"/>
    <catRef ana="#letters" target="type"/>
    <catRef ana="#sent" target="sent"/>
   </textClass>
  </profileDesc>
 </teiHeader>
 <xenoData>
  <number type="in a volume">
   155
  </number>
 </xenoData>
 <text xml:id="E.I.Popovu_155" xmlns="http://www.tei-c.org/ns/1.0" xmlns:xi="http://www.w3.org/2001/XInclude">
  <body>
   <div>
    <pb n="145"/>
    <opener index="false">
     * 155.
     <name placement="text" ref="11086" type="person">
      Е. И. Попову
     </name>
     .1894 г. Июня 12. Я. П.
    </opener>
    <p id="0ea9c3b3-d4a1-4f67-93ea-4dd2e6b4b9cb">
     Я только хотел прибавить к тому, что пишет
     <choice original_editorial_correction="Ч[ертков]">
      <sic>
       Ч
      </sic>
      <corr>
       Чертков
      </corr>
     </choice>
     ,
     <ref target="#note1">
      1
     </ref>
     <note index="false" resp="volume_editor" xml:id="note1">
      Письмо В. Г. Черткова к Е. И. Попову было взято жандармами при обыске у Попова в Москве 18 июня и пропало.
     </note>
     что в этом деле надо иметь в виду преимущественно ее — вашу жену, — что для нее важнее, чем для вас, ваш поступок не по
     <hi style="opdelimiter">
      сущности,
     </hi>
     <pb n="146"/>
     <hi style="npdelimiter">
      а
     </hi>
     по последствиям.
     <ref target="#note2">
      2
     </ref>
     <note index="false" resp="volume_editor" xml:id="note2">
      Речь идет об отношении Е. И. Попова к своей жене, обратившейся к нему с просьбой дать согласие на оформление развода.
     </note>
     Главное, что если бы для этого — для поступка, могущего причинить вред ближнему, нужно бы было совершить безразличный поступок, а то поступок-то — обещаться подписать всё, что она вздумает, — не хороший. Может быть, то, что она пришлет, подписать можно, тогда прекрасно. От души очень желаю вам освобождения, но не через грех, который не освобождает, а связывает.
    </p>
    <noteGrp type="comments">
     <note index="false" type="comments">
      <p id="cb141c18-d20c-4acb-b931-de8055296559" rend="Textpetit_otstup left">
       Печатается по копии, написанной рукой В. Г. Черткова. Письмо представляет собой приписку к письму В. Г. Черткова к Е. И. Попову. Датируется на основании последующего письма к Попову от 12 июня 1894 г., написанного Толстым в тот же день.
      </p>
     </note>
     <note index="false" type="comments">
      <p id="8b191f15-b359-4b9f-b99e-99f4d8d771ed" rend="petit">
       Ответ Е. И. Попову на письмо его от 9 июня 1894 г.
      </p>
     </note>
    </noteGrp>
   </div>
  </body>
 </text>
</TEI>
