<?xml version="1.0" encoding="utf-8"?>
<TEI xmlns="http://www.tei-c.org/ns/1.0" xmlns:xi="http://www.w3.org/2001/XInclude">
 <teiHeader>
  <fileDesc>
   <titleStmt>
    <title xml:id="v67_215_O_S_Lebedevoj">
     Письма и документы. Tolstoy Digital
    </title>
    <title type="main">
     Письмо О. С. Лебедевой от 4 сентября 1894 г.
    </title>
    <title type="bibl">
     Толстой Л. Н. Письмо О. С. Лебедевой, 4 сентября 1894 г. // Толстой Л. Н. Полное собрание сочинений: в 90 тт. Т. 67. М.: Гос. изд. «Художественная литература», 1955. С.
    </title>
    <respStmt>
     <resp>
      Идея, постановка задач, руководство:
     </resp>
     <name>
      Анастасия Бонч-Осмоловская, Фёкла Толстая, Борис Орехов, Тимофей Лукашевский
     </name>
    </respStmt>
    <respStmt>
     <resp>
      Подготовка TEI/XML:
     </resp>
     <name>
      Евгений Можаев, Даниил Скоринкин, Ирина Павлова, Матвей Колбасов, Елена Сидорова, Кирилл Милинцевич, Лев Буланов, Макар Федоров, Константин Петров
     </name>
    </respStmt>
    <respStmt>
     <resp>
      Подготовка метаданных:
     </resp>
     <name>
      Мария Картышева, Вероника Файнберг
     </name>
    </respStmt>
    <respStmt>
     <resp>
      Разметка имен собственных:
     </resp>
     <name>
      Никита Северин, Елена Северина
     </name>
    </respStmt>
    <respStmt>
     <resp>
      Исправление древнегреческого текста:
     </resp>
     <name>
      Ольга Алиева
     </name>
    </respStmt>
    <funder>
     Проект «Слово Толстого»
    </funder>
   </titleStmt>
   <publicationStmt>
    <publisher>
     <orgName>
      Tolstoy Digital, DH CLOUD, Научно-образовательный союз «Родное Слово» проект «Слово Толстого»
     </orgName>
    </publisher>
    <availability>
     <p id="6ad0f15b-86a1-41aa-80b0-7facb4419c42">
      Тексты и метатекстовая разметка доступны для свободного использования и распространения по лицензии Creative Commons Attribution Share-Alike (cc by-sa)
     </p>
    </availability>
    <date from="2015" to="2022"/>
   </publicationStmt>
   <notesStmt>
    <note>
     Публикуемые документы был получены с сайта tolstoy.ru в формате html, переведены в формат TEI. Исправлены некоторые ошибки распознавания. Тексты, написанные в дореформенной орфографии, сопоставлены с их версиями в современной орфографии.
    </note>
   </notesStmt>
   <sourceDesc>
    <biblStruct>
     <analytic>
      <author>
       Толстой Лев Николаевич
      </author>
     </analytic>
     <monogr>
      <title level="m">
       Полное собрание сочинений. Том 67
      </title>
      <imprint>
       <pubPlace>
        Москва
       </pubPlace>
       <publisher>
        Государственное издательство «Художественная литература»
       </publisher>
       <date when="1955"/>
      </imprint>
      <biblScope unit="vol">
       67
      </biblScope>
      <biblScope unit="page">
       214-216
      </biblScope>
     </monogr>
     <series>
      <title level="s">
       Л. Н. Толстой. Полное собрание сочинений: в 90 тт.
      </title>
     </series>
    </biblStruct>
    <bibl>
     Публикуется впервые
    </bibl>
   </sourceDesc>
  </fileDesc>
  <encodingDesc>
   <classDecl>
    <xi:include href="../../reference/taxonomy.xml"/>
   </classDecl>
  </encodingDesc>
  <profileDesc>
   <correspDesc>
    <correspAction type="sending">
     <persName ref="13883">
      Л. Н. Толстой
     </persName>
     <placeName>
      Ясная Поляна
     </placeName>
     <date when="1894-09-04"/>
    </correspAction>
    <correspAction type="receiving">
     <persName ref="7690">
      Лебедева Ольга Сергеевна
     </persName>
    </correspAction>
   </correspDesc>
   <langUsage>
    <language ident="ru"/>
   </langUsage>
   <textClass>
    <catRef ana="#tolstoy_heritage" target="library"/>
    <catRef ana="#letters" target="type"/>
    <catRef ana="#sent" target="sent"/>
   </textClass>
  </profileDesc>
 </teiHeader>
 <xenoData>
  <number type="in a volume">
   215
  </number>
 </xenoData>
 <text xml:id="O.S.Lebedevoj_215" xmlns="http://www.tei-c.org/ns/1.0" xmlns:xi="http://www.w3.org/2001/XInclude">
  <body>
   <div>
    <pb n="214"/>
    <opener index="false">
     * 215. О. С. Лебедевой.1894 г. Сентября 4. Я. П.
    </opener>
    <p id="c0026cb3-2e59-40e9-828f-b59bbb8ab4da">
     Письмо ваше, уважаемая
     <name placement="text" ref="7690" type="person">
      Ольга Сергеевна
     </name>
     , с статьей вашей, разъехалось с моим, в котором я писал вам, что желал бы прочесть ваше предисловие.
    </p>
    <p id="5b2dcfe9-c390-4e65-a251-a7884a22058c">
     Я прочел ваше предисловие, и простите меня за то, что высказываю свое мнение, о
     <choice original_editorial_correction="кот[ором]">
      <sic>
       кот
      </sic>
      <corr>
       котором
      </corr>
     </choice>
     вы меня не спрашиваете; я должен сказать, что оно нехорошо и я не советовал бы вам печатать его в том виде, в каком оно теперь. Нехорошо в нем то, что автор слишком поверхностно и потому
     <hi style="opdelimiter">
      неправильно
     </hi>
     <pb n="215"/>
     <hi style="npdelimiter">
      судит
     </hi>
     о том, что составляет сущность религии вообще и в частности христианства. Кроме того, исламизм представляется автором как особая, независимая от христианства религия, тогда как магометанство есть не что иное, как протестантство против Византийского извращенного, перешедшего в многобожие христианства, и протестантство, имеющее в основе своей те же предания, как и христианство, почерпнутые только в апокрифических библейских и евангельских сказаниях.
    </p>
    <p id="bd446324-a1c9-4c00-b596-562d84a4a6de">
     Мысль об параллельном издании избранных, одинаковых по духу стихов Евангелия и Корана так хороша, важна и может произвести так много добра, что надо стараться осуществить ее наилучшим образом. А для этого надо, кроме того что подобрать в порядке их значительности стихи этих двух священных книг, выражающие самые основные, важные жизненно-нравственно-религиозные истины (
     <choice original_editorial_correction="кот[орые]">
      <sic>
       кот
      </sic>
      <corr>
       которые
      </corr>
     </choice>
     во всех религиях одинаковы), надо еще в предисловии указать, во-1-х, на то, что нравственно-религиозные истины, те самые,
     <choice original_editorial_correction="кот[орые]">
      <sic>
       кот
      </sic>
      <corr>
       которые
      </corr>
     </choice>
     важны для людей, всегда одинаковы во всех религиях, а во-2-х, то, что христианство и магометанство имеют один и тот же источник и расходятся только в своих искажениях этих источников, с одной стороны, христианами, а с другой — магометанами, и что стоит только откинуть эти искажения, и обе религии неизбежно совпадут.
    </p>
    <p id="95185797-723b-48f3-8fb7-a8ae99a7887d">
     Дело это очень важное, вы же говорите, что вы посвятили ему свою жизнь, и потому я говорю вам прямо, что думаю. Переработайте ваше предисловие не раз, не два, а 20, 30 раз, воспользуйтесь всем тем, что сделано по этому вопросу (прекрасные по этому вопросу об единстве религии статьи
     <name placement="text" ref="9452" type="person">
      Макса Мюллера
     </name>
     ), и тогда книга ваша будет иметь то действие, которого вы желаете от нее.
    </p>
    <p id="dea35b82-0705-449b-a417-dba5f09375bf">
     Простите же меня, пожалуйста, за мою грубую откровенность и примите уверение совершенного моего уважения.
    </p>
    <p id="1b5a8d39-4600-447e-8d2b-30e2a762ff4a">
     4 сент. 94.
    </p>
    <noteGrp type="comments">
     <note index="false" type="comments">
      <p id="92efd29c-1f09-4f5d-8647-2b9cfe0e981b" rend="Textpetit_otstup left">
       Печатается по листам 35—37 копировальной книги. Письмо плохо оттиснуто, и поэтому листы 2 и 3 почти сплошь восстановлены карандашом рукою T. Л. Толстой; ее же рукой поставлена и дата. Подписи нет — повидимому, она также не оттиснулась в копии.
      </p>
     </note>
     <note index="false" type="comments">
      <p id="7ce1234b-e590-4a2a-9ca0-7ce0189d8158" rend="petit">
       <name placement="comments" ref="7690" type="person">
        Ольга Сергеевна Лебедева
       </name>
       — переводчица Толстого на турецкий язык.
      </p>
     </note>
     <note index="false" type="comments">
      <p id="eadbbee5-c6cd-4062-bec9-6a627800107d" rend="petit">
       Ответ на два письма Лебедевой: одно от 1 августа, на которое Толстой ответил 21 августа (см. в «Списке писем Толстого, текст
       <hi style="opdelimiter">
        которых
       </hi>
       <pb n="216"/>
       <hi style="npdelimiter">
        неизвестен»,
       </hi>
       № 40), и второе — около 20 августа, разминувшееся с ответом Толстого. В первом она сообщала между прочим о своем стремлении «найти точку соприкосновения между христианством и исламом» и намерении для этой цели «выписать стихи из корана и евангелия, похожие между собой, комментировать их и составить книгу». Написанное к этой будущей книге предисловие в виде статьи было послано ею Толстому при втором письме.
      </p>
     </note>
    </noteGrp>
   </div>
  </body>
 </text>
</TEI>
