<?xml version="1.0" encoding="utf-8"?>
<TEI xmlns="http://www.tei-c.org/ns/1.0" xmlns:xi="http://www.w3.org/2001/XInclude">
 <teiHeader>
  <fileDesc>
   <titleStmt>
    <title xml:id="v67_059_A_A_Tolstoj">
     Письма и документы. Tolstoy Digital
    </title>
    <title type="main">
     Письмо А. А. Толстой от 28 февраля 1894 г.
    </title>
    <title type="bibl">
     Толстой Л. Н. Письмо А. А. Толстой, 28 февраля 1894 г. // Толстой Л. Н. Полное собрание сочинений: в 90 тт. Т. 67. М.: Гос. изд. «Художественная литература», 1955. С.
    </title>
    <respStmt>
     <resp>
      Идея, постановка задач, руководство:
     </resp>
     <name>
      Анастасия Бонч-Осмоловская, Фёкла Толстая, Борис Орехов, Тимофей Лукашевский
     </name>
    </respStmt>
    <respStmt>
     <resp>
      Подготовка TEI/XML:
     </resp>
     <name>
      Евгений Можаев, Даниил Скоринкин, Ирина Павлова, Матвей Колбасов, Елена Сидорова, Кирилл Милинцевич, Лев Буланов, Макар Федоров, Константин Петров
     </name>
    </respStmt>
    <respStmt>
     <resp>
      Подготовка метаданных:
     </resp>
     <name>
      Мария Картышева, Вероника Файнберг
     </name>
    </respStmt>
    <respStmt>
     <resp>
      Разметка имен собственных:
     </resp>
     <name>
      Никита Северин, Елена Северина
     </name>
    </respStmt>
    <respStmt>
     <resp>
      Исправление древнегреческого текста:
     </resp>
     <name>
      Ольга Алиева
     </name>
    </respStmt>
    <funder>
     Проект «Слово Толстого»
    </funder>
   </titleStmt>
   <publicationStmt>
    <publisher>
     <orgName>
      Tolstoy Digital, DH CLOUD, Научно-образовательный союз «Родное Слово» проект «Слово Толстого»
     </orgName>
    </publisher>
    <availability>
     <p id="1d8dc9ab-d4d8-4dbc-a3f7-dad275b09d88">
      Тексты и метатекстовая разметка доступны для свободного использования и распространения по лицензии Creative Commons Attribution Share-Alike (cc by-sa)
     </p>
    </availability>
    <date from="2015" to="2022"/>
   </publicationStmt>
   <notesStmt>
    <note>
     Публикуемые документы был получены с сайта tolstoy.ru в формате html, переведены в формат TEI. Исправлены некоторые ошибки распознавания. Тексты, написанные в дореформенной орфографии, сопоставлены с их версиями в современной орфографии.
    </note>
   </notesStmt>
   <sourceDesc>
    <biblStruct>
     <analytic>
      <author>
       Толстой Лев Николаевич
      </author>
     </analytic>
     <monogr>
      <title level="m">
       Полное собрание сочинений. Том 67
      </title>
      <imprint>
       <pubPlace>
        Москва
       </pubPlace>
       <publisher>
        Государственное издательство «Художественная литература»
       </publisher>
       <date when="1955"/>
      </imprint>
      <biblScope unit="vol">
       67
      </biblScope>
      <biblScope unit="page">
       57-58
      </biblScope>
     </monogr>
     <series>
      <title level="s">
       Л. Н. Толстой. Полное собрание сочинений: в 90 тт.
      </title>
     </series>
    </biblStruct>
    <bibl/>
   </sourceDesc>
  </fileDesc>
  <encodingDesc>
   <classDecl>
    <xi:include href="../../reference/taxonomy.xml"/>
   </classDecl>
  </encodingDesc>
  <profileDesc>
   <correspDesc>
    <correspAction type="sending">
     <persName ref="13883">
      Л. Н. Толстой
     </persName>
     <placeName>
      Москва
     </placeName>
     <date when="1894-02-28"/>
    </correspAction>
    <correspAction type="receiving">
     <persName ref="13812">
      Толстая Александра Андреевна
     </persName>
    </correspAction>
   </correspDesc>
   <langUsage>
    <language ident="ru"/>
   </langUsage>
   <textClass>
    <catRef ana="#tolstoy_heritage" target="library"/>
    <catRef ana="#letters" target="type"/>
    <catRef ana="#sent" target="sent"/>
   </textClass>
  </profileDesc>
 </teiHeader>
 <xenoData>
  <number type="in a volume">
   59
  </number>
 </xenoData>
 <text xml:id="A.A.Tolstoj_59" xmlns="http://www.tei-c.org/ns/1.0" xmlns:xi="http://www.w3.org/2001/XInclude">
  <body>
   <div>
    <pb n="57"/>
    <opener index="false">
     59. А. А. Толстой.1894 г. Февраля 28. Москва.
    </opener>
    <p id="a9788118-5931-4f22-8e05-2d3c1cb0f486">
     Простите меня, пожалуйста, совсем простите, дорогой, старый друг Alexandrine, что не писал вам.
     <ref target="#note1">
      1
     </ref>
     <note index="false" resp="volume_editor" xml:id="note1">
      Последнее известное письмо к А. А. Толстой было от 8 декабря 1891 г. (см. т. 65).
     </note>
     Спасибо англичанину или англичанке,
     <choice original_editorial_correction="кот[орых]">
      <sic>
       кот
      </sic>
      <corr>
       которых
      </corr>
     </choice>
     письмо попало к вам и вызвало ваше письмо, а ваше письмо вызвало мое раскаяние и радостное воспоминание о моей дружбе к вам. — Смягчающие мою вину обстоятельства те, что мне много хочется сделать до смерти, и я уже начинаю теряться, как человек,
     <choice original_editorial_correction="к[оторый]">
      <sic>
       к
      </sic>
      <corr>
       который
      </corr>
     </choice>
     знает, что он всего не захватит и не донесет, и не знает, что выбрать, потому что много очень и личных, и письменных сношений с людьми, и потом я становлюсь слаб и стар. Я только по этому вашему письму понял положение Sophie
     <ref target="#note2">
      2
     </ref>
     <note index="false" resp="volume_editor" xml:id="note2">
      <name placement="note" ref="13845" type="person">
       Софья Андреевна Толстая
      </name>
      (1824—1895), сестра А. А. Толстой.
     </note>
     и узнал про вашу болезнь. Неужели вы опять проедете так, что нельзя будет вас увидать? Теперь уж, вероятно, последний раз. Я бы выехал к вам навстречу, чтобы проехать с вами сколько-нибудь. У нас всё по-старому, не скажу, чтобы по-хорошему. Чем дольше живу и чем ближе к смерти, тем несомненнее для меня неправда нашей богатой жизни, и не могу не страдать от этого. Но живем дружно. Еще горе большое для жены — это болезнь самого
     <hi style="opdelimiter">
      близкого
     </hi>
     <pb n="58"/>
     <hi style="npdelimiter">
      мне
     </hi>
     по духу сына Левы. Он теперь в Париже. Таня поехала туда к нему и, вероятно, скоро привезет его. Болезнь изнурительная, желудочная, называют ее нейрастенией. Я говорю, что Соня больше страдает о сыне,
     <choice original_editorial_correction="п[отому]">
      <sic>
       п
      </sic>
      <corr>
       потому
      </corr>
     </choice>
     <choice original_editorial_correction="ч[то]">
      <sic>
       ч
      </sic>
      <corr>
       что
      </corr>
     </choice>
     , странно сказать, я не боюсь его потерять физически, как никогда не боюсь ни за кого, кого люблю, а боюсь потерять духовно, как я терял и теряю беспрестанно столь многих. Духовно же он со мной, и я ли, он ли раньше умрет, я знаю, что мы вместе, и вместе там, где нет смерти.
    </p>
    <p id="ac063e61-1b22-4b3f-81cb-6201f5ee33e3">
     Целую вас, если позволяете, и Sophie и радуюсь мысли увидать вас.
    </p>
    <p id="20124b11-3610-445d-a2d8-bbb81f77cd2e" rend="right">
     Очень и давно любящий вас
     <name placement="text" ref="13883" type="person">
      Л. Толстой
     </name>
     .
    </p>
    <p id="854149b1-6cf3-4b33-b181-cf1a8d7aebe7">
     28 февр. 1894.
    </p>
    <noteGrp type="comments">
     <note index="false" type="comments">
      <p id="0222551c-d52d-42a5-90f0-f70f6132ef88" rend="Textpetit_otstup left">
       Опубликовано впервые в ПТ, стр. 371—372.
      </p>
     </note>
     <note index="false" type="comments">
      <p id="8175f8f6-4e75-421f-b240-35374966b16b" rend="petit">
       <name placement="comments" ref="13812" type="person">
        Александра Андреевна Толстая
       </name>
       (1817—1904) — двоюродная тетка Толстого. См. т. 47, стр. 316—317.
      </p>
     </note>
     <note index="false" type="comments">
      <p id="998f9982-0f9b-4236-a0bc-2b8887a77895" rend="petit">
       Ответ на письмо А. А. Толстой от 15 февраля 1894 г. из Ялты.
      </p>
     </note>
    </noteGrp>
   </div>
  </body>
 </text>
</TEI>
