<?xml version="1.0" encoding="utf-8"?>
<TEI xmlns="http://www.tei-c.org/ns/1.0" xmlns:xi="http://www.w3.org/2001/XInclude">
 <teiHeader>
  <fileDesc>
   <titleStmt>
    <title xml:id="v67_008_GeorguGizhickomuGeorgvonGizicki">
     Письма и документы. Tolstoy Digital
    </title>
    <title type="main">
     Письмо Георгу Гижицкому (Georg von Gizicki) от 5 января 1894 г.
    </title>
    <title type="bibl">
     Толстой Л. Н. Письмо Георгу Гижицкому (Georg von Gizicki), 5 января 1894 г. // Толстой Л. Н. Полное собрание сочинений: в 90 тт. Т. 67. М.: Гос. изд. «Художественная литература», 1955. С.
    </title>
    <respStmt>
     <resp>
      Идея, постановка задач, руководство:
     </resp>
     <name>
      Анастасия Бонч-Осмоловская, Фёкла Толстая, Борис Орехов, Тимофей Лукашевский
     </name>
    </respStmt>
    <respStmt>
     <resp>
      Подготовка TEI/XML:
     </resp>
     <name>
      Евгений Можаев, Даниил Скоринкин, Ирина Павлова, Матвей Колбасов, Елена Сидорова, Кирилл Милинцевич, Лев Буланов, Макар Федоров, Константин Петров
     </name>
    </respStmt>
    <respStmt>
     <resp>
      Подготовка метаданных:
     </resp>
     <name>
      Мария Картышева, Вероника Файнберг
     </name>
    </respStmt>
    <respStmt>
     <resp>
      Разметка имен собственных:
     </resp>
     <name>
      Никита Северин, Елена Северина
     </name>
    </respStmt>
    <respStmt>
     <resp>
      Исправление древнегреческого текста:
     </resp>
     <name>
      Ольга Алиева
     </name>
    </respStmt>
    <funder>
     Проект «Слово Толстого»
    </funder>
   </titleStmt>
   <publicationStmt>
    <publisher>
     <orgName>
      Tolstoy Digital, DH CLOUD, Научно-образовательный союз «Родное Слово» проект «Слово Толстого»
     </orgName>
    </publisher>
    <availability>
     <p id="0d44d561-c20d-412e-b9fa-3d55904cd416">
      Тексты и метатекстовая разметка доступны для свободного использования и распространения по лицензии Creative Commons Attribution Share-Alike (cc by-sa)
     </p>
    </availability>
    <date from="2015" to="2022"/>
   </publicationStmt>
   <notesStmt>
    <note>
     Публикуемые документы был получены с сайта tolstoy.ru в формате html, переведены в формат TEI. Исправлены некоторые ошибки распознавания. Тексты, написанные в дореформенной орфографии, сопоставлены с их версиями в современной орфографии.
    </note>
   </notesStmt>
   <sourceDesc>
    <biblStruct>
     <analytic>
      <author>
       Толстой Лев Николаевич
      </author>
     </analytic>
     <monogr>
      <title level="m">
       Полное собрание сочинений. Том 67
      </title>
      <imprint>
       <pubPlace>
        Москва
       </pubPlace>
       <publisher>
        Государственное издательство «Художественная литература»
       </publisher>
       <date when="1955"/>
      </imprint>
      <biblScope unit="vol">
       67
      </biblScope>
      <biblScope unit="page">
       15-16
      </biblScope>
     </monogr>
     <series>
      <title level="s">
       Л. Н. Толстой. Полное собрание сочинений: в 90 тт.
      </title>
     </series>
    </biblStruct>
    <bibl>
     Публикуется впервые
    </bibl>
   </sourceDesc>
  </fileDesc>
  <encodingDesc>
   <classDecl>
    <xi:include href="../../reference/taxonomy.xml"/>
   </classDecl>
  </encodingDesc>
  <profileDesc>
   <correspDesc>
    <correspAction type="sending">
     <persName ref="13883">
      Л. Н. Толстой
     </persName>
     <placeName>
      Москва
     </placeName>
     <date when="1894-01-05"/>
    </correspAction>
    <correspAction type="receiving">
     <persName ref="3339">
      Гижицкий Георг фон (Gizicki) (Georg von Gizicki)
     </persName>
    </correspAction>
   </correspDesc>
   <langUsage>
    <language ident="ru"/>
   </langUsage>
   <textClass>
    <catRef ana="#tolstoy_heritage" target="library"/>
    <catRef ana="#letters" target="type"/>
    <catRef ana="#sent" target="sent"/>
   </textClass>
  </profileDesc>
 </teiHeader>
 <xenoData>
  <number type="in a volume">
   8
  </number>
 </xenoData>
 <text xml:id="GeorguGizhickomuGeorgvonGizicki_8" xmlns="http://www.tei-c.org/ns/1.0" xmlns:xi="http://www.w3.org/2001/XInclude">
  <body>
   <div>
    <pb n="15"/>
    <opener index="false">
     * 8.
     <name placement="text" ref="3339" type="person">
      Георгу Гижицкому (Georg von Gizicki)
     </name>
     .1894г. Января 5. Москва.
    </opener>
    <p id="47f4009c-ee80-4d22-829b-14121e25fb6a">
     Hochgeehrter Herr, Ich habe 4 №, in welchen mein Artikel «Über Religion und Moral»
     <ref target="#note1">
      1
     </ref>
     <note index="false" resp="volume_editor" xml:id="note1">
      «Религия и нравственность» первоначально была начата Толстым в форме письма — ответа на письмо Гижицкого (т. 66) и впервые была напечатана на немецком языке в журнале «Ethische Kultur» 1893, №№ 52—53, и 1894, №№ 1—3, под заглавием «Religion und Moral».
     </note>
     erschienen ist, erhalten und danke sie herzlich dafür. Es tut mir leid, dass in den ersten Nummern die notwendigen Veränderungen nicht Platz fanden.
    </p>
    <p id="ab5d7577-cd39-4cb0-9eb5-73055d056fc6">
     Ich danke Sie für die Absicht diese Veränderungen in dem Abdruck der Brochüre zu machen.
    </p>
    <p id="13c0914e-9fb9-4757-8380-dc7c5e4d2df2" rend="right">
     Ihr gehorsamer Diener
    </p>
    <p id="210feda2-8d4a-4360-bef4-e259af60137a" rend="right">
     Leo Tolstoy.
    </p>
    <p id="0078f470-ad2a-4ae9-aca9-cddf1347586c">
     5/17 Januar 1894.
    </p>
    <noteGrp type="comments">
     <note index="false" type="comments">
      <p id="b8068f8b-0cb2-4e86-9168-48622cd7ae97" rend="Textpetit_otstup left">
       Милостивый государь. Я получил 4 №, в которых появилась моя статья «Религия и нравственность»,
       <ref target="#note2">
        2
       </ref>
       <note index="false" resp="volume_editor" xml:id="note2">
        «Религия и нравственность» первоначально была начата Толстым в форме письма — ответа на письмо Гижицкого (т. 66) и впервые была напечатана на немецком языке в журнале «Ethische Kultur» 1893, №№ 52—53, и 1894, №№ 1—3, под заглавием «Religion und Moral».
       </note>
       и сердечно благодарю вас за присылку. Мне очень жаль, что необходимые изменения не были произведены в первых номерах.
      </p>
     </note>
     <note index="false" type="comments">
      <p id="d8c0dea5-2efb-407c-8e0e-723ec17d9d06" rend="petit">
       Благодарю вас за намерение внести эти изменения при печатании отдельной брошюрой.
      </p>
     </note>
     <note index="false" type="comments">
      <p id="c0ad1e4f-0f2e-4f7e-bf4e-14287a900ee9" rend="petit right">
       Ваш покорный слуга
      </p>
     </note>
     <note index="false" type="comments">
      <p id="5a7f541a-2768-49b6-a1a9-585357b28bf5" rend="petit right">
       <name placement="comments" ref="13883" type="person">
        Лев Толстой
       </name>
       .
      </p>
     </note>
     <note index="false" type="comments">
      <p id="1bf76e28-8f30-4ea3-8815-4096aaa305bd" rend="petit">
       5/17 января 1894.
      </p>
     </note>
     <note index="false" type="comments">
      <p id="1e2bf617-82b2-40ed-9d97-eeb97711959a" rend="Textpetit_otstup left">
       Печатается по копии, написанной рукою В. Г. Черткова. Дата копии подтверждается датами писем адресата.
      </p>
     </note>
     <note index="false" type="comments">
      <p id="6056a6ff-5331-41d7-af5d-0b0b846413dd" rend="petit">
       <name placement="comments" ref="3339" type="person">
        Георг Гижицкий
       </name>
       (1851—1895) — немецкий буржуазный философ, основатель журнала «Ethische Kultur» («Этическая культура»). См. т. 66, стр. 401—402. Ответ на письмо Гижицкого от 3/15 декабря 1893 г.
      </p>
     </note>
    </noteGrp>
   </div>
  </body>
 </text>
</TEI>
