<?xml version="1.0" encoding="utf-8"?>
<TEI xmlns="http://www.tei-c.org/ns/1.0" xmlns:xi="http://www.w3.org/2001/XInclude">
 <teiHeader>
  <fileDesc>
   <titleStmt>
    <title xml:id="v68_111_S_A_Roza">
     Письма и документы. Tolstoy Digital
    </title>
    <title type="main">
     Письмо С. А. Роза с 2 июля 1895 г. по 3 июля 1895 г.
    </title>
    <title type="bibl">
     Толстой Л. Н. Письмо С. А. Роза, 2 июля 1895 г. — 3 июля 1895 г. // Толстой Л. Н. Полное собрание сочинений: в 90 тт. Т. 68. М.: Гос. изд. «Художественная литература», 1954. С.
    </title>
    <respStmt>
     <resp>
      Идея, постановка задач, руководство:
     </resp>
     <name>
      Анастасия Бонч-Осмоловская, Фёкла Толстая, Борис Орехов, Тимофей Лукашевский
     </name>
    </respStmt>
    <respStmt>
     <resp>
      Подготовка TEI/XML:
     </resp>
     <name>
      Евгений Можаев, Даниил Скоринкин, Ирина Павлова, Матвей Колбасов, Елена Сидорова, Кирилл Милинцевич, Лев Буланов, Макар Федоров, Константин Петров
     </name>
    </respStmt>
    <respStmt>
     <resp>
      Подготовка метаданных:
     </resp>
     <name>
      Мария Картышева, Вероника Файнберг
     </name>
    </respStmt>
    <respStmt>
     <resp>
      Разметка имен собственных:
     </resp>
     <name>
      Никита Северин, Елена Северина
     </name>
    </respStmt>
    <respStmt>
     <resp>
      Исправление древнегреческого текста:
     </resp>
     <name>
      Ольга Алиева
     </name>
    </respStmt>
    <funder>
     Проект «Слово Толстого»
    </funder>
   </titleStmt>
   <publicationStmt>
    <publisher>
     <orgName>
      Tolstoy Digital, DH CLOUD, Научно-образовательный союз «Родное Слово» проект «Слово Толстого»
     </orgName>
    </publisher>
    <availability>
     <p id="71ce4bae-1f49-43f7-8031-b42ebadd1f91">
      Тексты и метатекстовая разметка доступны для свободного использования и распространения по лицензии Creative Commons Attribution Share-Alike (cc by-sa)
     </p>
    </availability>
    <date from="2015" to="2022"/>
   </publicationStmt>
   <notesStmt>
    <note>
     Публикуемые документы был получены с сайта tolstoy.ru в формате html, переведены в формат TEI. Исправлены некоторые ошибки распознавания. Тексты, написанные в дореформенной орфографии, сопоставлены с их версиями в современной орфографии.
    </note>
   </notesStmt>
   <sourceDesc>
    <biblStruct>
     <analytic>
      <author>
       Толстой Лев Николаевич
      </author>
     </analytic>
     <monogr>
      <title level="m">
       Полное собрание сочинений. Том 68
      </title>
      <imprint>
       <pubPlace>
        Москва
       </pubPlace>
       <publisher>
        Государственное издательство «Художественная литература»
       </publisher>
       <date when="1954"/>
      </imprint>
      <biblScope unit="vol">
       68
      </biblScope>
      <biblScope unit="page">
       111-112
      </biblScope>
     </monogr>
     <series>
      <title level="s">
       Л. Н. Толстой. Полное собрание сочинений: в 90 тт.
      </title>
     </series>
    </biblStruct>
    <bibl>
     Публикуется впервые
    </bibl>
   </sourceDesc>
  </fileDesc>
  <encodingDesc>
   <classDecl>
    <xi:include href="../../reference/taxonomy.xml"/>
   </classDecl>
  </encodingDesc>
  <profileDesc>
   <correspDesc>
    <correspAction type="sending">
     <persName ref="13883">
      Л. Н. Толстой
     </persName>
     <placeName>
      Ясная Поляна
     </placeName>
     <date notAfter="1895-07-03" notBefore="1895-07-02"/>
    </correspAction>
    <correspAction type="receiving">
     <persName ref="11789">
      Роза С. А. (Rosa S. A.)
     </persName>
    </correspAction>
   </correspDesc>
   <langUsage>
    <language ident="ru"/>
   </langUsage>
   <textClass>
    <catRef ana="#tolstoy_heritage" target="library"/>
    <catRef ana="#letters" target="type"/>
    <catRef ana="#sent" target="sent"/>
   </textClass>
  </profileDesc>
 </teiHeader>
 <xenoData>
  <number type="in a volume">
   111
  </number>
 </xenoData>
 <text xml:id="S.A.Roza_111" xmlns="http://www.tei-c.org/ns/1.0" xmlns:xi="http://www.w3.org/2001/XInclude">
  <body>
   <div>
    <pb n="111"/>
    <opener index="false">
     * 111.
     <name placement="text" ref="11789" type="person">
      С. А. Роза (S. A. Rosa)
     </name>
     .1895 г. Июля 2—3. Я. П.
    </opener>
    <p id="80b6a8e4-db5c-4f63-88d9-28dc7e4932ea">
     Dear Sir, I received your booklets and thank you for sending them. I aprove especially of the pamphlet the Federation.
     <ref target="#note1">
      1
     </ref>
     <note index="false" resp="volume_editor" xml:id="note1">
      Милостивый государь, я получил ваши брошюры и благодарю вас за посылку их. Мне особенно нравится брошюра «Федерация».
     </note>
    </p>
    <p id="6ea23e67-9e11-4e20-b777-999f95fbc355">
     Ваша страна
     <ref target="#note2">
      2
     </ref>
     <note index="false" resp="volume_editor" xml:id="note2">
      <hi>
       Зачеркнуто:
      </hi>
      впереди всех
     </note>
     находится в самых выгодных условиях для того, чтобы установить свободный от грехов старого
     <hi style="opdelimiter">
      мира
     </hi>
     <pb n="112"/>
     <hi style="npdelimiter">
      истинно
     </hi>
     <choice original_editorial_correction="христ[ианский]">
      <sic>
       христ
      </sic>
      <corr>
       христианский
      </corr>
     </choice>
     и братский
     <ref target="#note3">
      3
     </ref>
     <note index="false" resp="volume_editor" xml:id="note3">
      Зач.:
      <choice original_editorial_correction="скла[д]">
       <sic>
        скла
       </sic>
       <corr>
        склад
       </corr>
      </choice>
     </note>
     порядок жизни. Мне кажется, что коренной вопрос есть вопрос земельной собственности, порождающий wage slavedoom.
     <ref target="#note4">
      4
     </ref>
     <note index="false" resp="volume_editor" xml:id="note4">
      Рабство наемного труда.
     </note>
     Что сделано и делается в Австралии для разрешения этого вопроса? По моему мнению,
     <choice original_editorial_correction="Н[еnrу]">
      <sic>
       Н
      </sic>
      <corr>
       Henry
      </corr>
     </choice>
     <choice original_editorial_correction="G[eorge]">
      <sic>
       G
      </sic>
      <corr>
       George
      </corr>
     </choice>
     <ref target="#note5">
      5
     </ref>
     <note index="false" resp="volume_editor" xml:id="note5">
      <name placement="note" ref="4371" type="person">
       Генри Джордж
      </name>
      (1839—1897), американский буржуазный экономист и общественный деятель. Толстой сочувствовал его системе единого налога на землю.
     </note>
     вполне решает этот вопрос. Я не отвечаю на ваши вопросы,
     <choice original_editorial_correction="п[отому]">
      <sic>
       п
      </sic>
      <corr>
       потому
      </corr>
     </choice>
     <choice original_editorial_correction="ч[то]">
      <sic>
       ч
      </sic>
      <corr>
       что
      </corr>
     </choice>
     ответы на них находятся в
     <choice original_editorial_correction="друг[их]">
      <sic>
       друг
      </sic>
      <corr>
       других
      </corr>
     </choice>
     моих сочинениях,
     <choice original_editorial_correction="кот[орые]">
      <sic>
       кот
      </sic>
      <corr>
       которые
      </corr>
     </choice>
     , может быть, попадут вам в руки.
    </p>
    <p id="ce545bfe-4bb5-4fca-8f5f-72081d095fd9" rend="right">
     Jours truly L. T.
    </p>
    <noteGrp type="comments">
     <note index="false" type="comments">
      <p id="a7d724ac-1826-4c81-a28a-151d0fa3bdfe" rend="Textpetit_otstup left">
       Печатается по черновику-автографу. Датируется предположительно на основании письма адресата от 18 июня 1895 г., на которое Толстой отвечает, и записи в Дневнике Толстого 4 июля 1895 г. (т. 53, стр. 45).
      </p>
     </note>
     <note index="false" type="comments">
      <p id="c639d7af-d7ad-4ec3-94ac-b7c68cba706e" rend="petit">
       С. А. Роза — из г. Сиднея в Австралии. В письме от 13/1 мая (с опиской в годовой дате: 1893 вместо 1895) он пишет, что посылает одновременно две свои брошюры: «Federation» («Федерация») и «The coming terror» («Будущий террор»), Сидней, 1894, трактующие об объединении австралийских колоний в единую федерацию с мощным централизованным управлением, а также задает ряд вопросов относительно платежа податей и непротивления злу насилием. Ответ адресата неизвестен; поэтому вопрос о том, было ли письмо Толстого отправлено, остается открытым.
      </p>
     </note>
    </noteGrp>
   </div>
  </body>
 </text>
</TEI>
