<?xml version="1.0" encoding="utf-8"?>
<TEI xmlns="http://www.tei-c.org/ns/1.0" xmlns:xi="http://www.w3.org/2001/XInclude">
 <teiHeader>
  <fileDesc>
   <titleStmt>
    <title xml:id="v68_072_M_A_Levitskomu">
     Письма и документы. Tolstoy Digital
    </title>
    <title type="main">
     Письмо М. А. Левитскому от 19 апреля 1895 г.
    </title>
    <title type="bibl">
     Толстой Л. Н. Письмо М. А. Левитскому, 19 апреля 1895 г. // Толстой Л. Н. Полное собрание сочинений: в 90 тт. Т. 68. М.: Гос. изд. «Художественная литература», 1954. С.
    </title>
    <respStmt>
     <resp>
      Идея, постановка задач, руководство:
     </resp>
     <name>
      Анастасия Бонч-Осмоловская, Фёкла Толстая, Борис Орехов, Тимофей Лукашевский
     </name>
    </respStmt>
    <respStmt>
     <resp>
      Подготовка TEI/XML:
     </resp>
     <name>
      Евгений Можаев, Даниил Скоринкин, Ирина Павлова, Матвей Колбасов, Елена Сидорова, Кирилл Милинцевич, Лев Буланов, Макар Федоров, Константин Петров
     </name>
    </respStmt>
    <respStmt>
     <resp>
      Подготовка метаданных:
     </resp>
     <name>
      Мария Картышева, Вероника Файнберг
     </name>
    </respStmt>
    <respStmt>
     <resp>
      Разметка имен собственных:
     </resp>
     <name>
      Никита Северин, Елена Северина
     </name>
    </respStmt>
    <respStmt>
     <resp>
      Исправление древнегреческого текста:
     </resp>
     <name>
      Ольга Алиева
     </name>
    </respStmt>
    <funder>
     Проект «Слово Толстого»
    </funder>
   </titleStmt>
   <publicationStmt>
    <publisher>
     <orgName>
      Tolstoy Digital, DH CLOUD, Научно-образовательный союз «Родное Слово» проект «Слово Толстого»
     </orgName>
    </publisher>
    <availability>
     <p id="4aa113c5-e010-4a9f-b61a-c40989981ef5">
      Тексты и метатекстовая разметка доступны для свободного использования и распространения по лицензии Creative Commons Attribution Share-Alike (cc by-sa)
     </p>
    </availability>
    <date from="2015" to="2022"/>
   </publicationStmt>
   <notesStmt>
    <note>
     Публикуемые документы был получены с сайта tolstoy.ru в формате html, переведены в формат TEI. Исправлены некоторые ошибки распознавания. Тексты, написанные в дореформенной орфографии, сопоставлены с их версиями в современной орфографии.
    </note>
   </notesStmt>
   <sourceDesc>
    <biblStruct>
     <analytic>
      <author>
       Толстой Лев Николаевич
      </author>
     </analytic>
     <monogr>
      <title level="m">
       Полное собрание сочинений. Том 68
      </title>
      <imprint>
       <pubPlace>
        Москва
       </pubPlace>
       <publisher>
        Государственное издательство «Художественная литература»
       </publisher>
       <date when="1954"/>
      </imprint>
      <biblScope unit="vol">
       68
      </biblScope>
      <biblScope unit="page">
       78-79
      </biblScope>
     </monogr>
     <series>
      <title level="s">
       Л. Н. Толстой. Полное собрание сочинений: в 90 тт.
      </title>
     </series>
    </biblStruct>
    <bibl>
     Публикуется впервые
    </bibl>
   </sourceDesc>
  </fileDesc>
  <encodingDesc>
   <classDecl>
    <xi:include href="../../reference/taxonomy.xml"/>
   </classDecl>
  </encodingDesc>
  <profileDesc>
   <correspDesc>
    <correspAction type="sending">
     <persName ref="13883">
      Л. Н. Толстой
     </persName>
     <placeName>
      Москва
     </placeName>
     <date when="1895-04-19"/>
    </correspAction>
    <correspAction type="receiving">
     <persName ref="7727">
      Левитский Михаил Алексеевич
     </persName>
    </correspAction>
   </correspDesc>
   <langUsage>
    <language ident="ru"/>
   </langUsage>
   <textClass>
    <catRef ana="#tolstoy_heritage" target="library"/>
    <catRef ana="#letters" target="type"/>
    <catRef ana="#sent" target="sent"/>
   </textClass>
  </profileDesc>
 </teiHeader>
 <xenoData>
  <number type="in a volume">
   72
  </number>
 </xenoData>
 <text xml:id="M.A.Levitskomu_72" xmlns="http://www.tei-c.org/ns/1.0" xmlns:xi="http://www.w3.org/2001/XInclude">
  <body>
   <div>
    <pb n="78"/>
    <opener index="false">
     * 72.
     <name placement="text" ref="7727" type="person">
      М. А. Левитскому
     </name>
     .1895 г. Апреля 19. Москва.
    </opener>
    <p id="fdbc41f8-095b-47ac-999d-940f99686c01" rend="Obrashenie">
     <name placement="text" ref="7727" type="person">
      Михаил Алексеевич
     </name>
     ,
    </p>
    <p id="02a6b337-dd73-4f84-8f75-79920bc7d3a1">
     Я вполне разделяю мысли, высказанные в вашем письме. Я не только согласен с этим взглядом, именно о том, что наступает время, когда жизнь человеческая должна перестроиться из жизни языческой, насильнической, в жизнь христианскую, в
     <choice original_editorial_correction="кот[орой]">
      <sic>
       кот
      </sic>
      <corr>
       которой
      </corr>
     </choice>
     исполнится пророчество, и копья будут перекованы на серпы, и мечи на орала,
     <ref target="#note1">
      1
     </ref>
     <note index="false" resp="volume_editor" xml:id="note1">
      «И перекуют мечи свои на орала, и копья свои на серпы» — «Книга пророка Исайи», гл. 2, ст. 4.
     </note>
     и люди перестанут властвовать друг над другом, а будут любить друг друга и свободно, радостно служить друг другу, — что время это наступает и наступило, я не только согласен с этим, но об этом только и писал в продолжение последних 12 лет в сочинениях, не
     <hi style="opdelimiter">
      пропущенных
     </hi>
     <pb n="79"/>
     <hi style="npdelimiter">
      цензурою.
     </hi>
     Более подробно я изложил эту мысль в последнем сочинении своем «Царство божие внутри вас есть». И потому я очень рад встретить в вас человека, одинаково мыслящего, и очень рад буду, если вы обнародуете сочинение, высказывающее это.
    </p>
    <p id="9fec751a-137e-4b21-b3f4-ba86ff502ef4">
     С совершенным уважением остаюсь сочувствующий вам
    </p>
    <p id="94078b7d-63fc-4ea5-a938-c223451e6344" rend="right">
     <name placement="text" ref="13883" type="person">
      Лев Толстой
     </name>
     .
    </p>
    <lb/>
    <p id="19dd4a5d-d87d-49e2-b05d-b376ae66ef73">
     Во Владимире живет доктор Лазарев,
     <ref target="#note2">
      2
     </ref>
     <note index="false" resp="volume_editor" xml:id="note2">
      <name placement="note" ref="7570" type="person">
       Иван Федорович Лазарев
      </name>
      (р. 1830), врач в г. Владимире, близкий по взглядам к Толстому.
     </note>
     человек самых высоких христианских взглядов. Он, вероятно, был бы рад познакомиться с вашим сочинением.
    </p>
    <p id="8263916f-2ed5-48d9-b86e-fed1cea02e2a">
     Апреля 19 1895.
    </p>
    <noteGrp type="comments">
     <note index="false" type="comments">
      <p id="da9337ed-959d-4b69-a0f7-23fa5c5ea013" rend="Textpetit_otstup left">
       <name placement="comments" ref="7727" type="person">
        Михаил Алексеевич Левитский
       </name>
       (р. 1848) — присяжный поверенный и журналист в г. Владимире; в 1901 г. редактировал «Владимирскую газету», закрытую по распоряжению министра внутренних дел за «вредное направление». С Толстым познакомился в начале 1890-х гг., во время одной из железнодорожных поездок.
      </p>
     </note>
     <note index="false" type="comments">
      <p id="8d848ee9-72c7-4d6a-9a99-2807ea47e20d" rend="petit">
       Ответ на письмо Левитского от 16 апреля 1895 г., в котором он излагал свои взгляды на исторический процесс и смысл жизни, близкие к взглядам Толстого и развитые им в сочинении, с которым он хотел бы познакомить Толстого.
      </p>
     </note>
    </noteGrp>
   </div>
  </body>
 </text>
</TEI>
