<?xml version="1.0" encoding="utf-8"?>
<TEI xmlns="http://www.tei-c.org/ns/1.0" xmlns:xi="http://www.w3.org/2001/XInclude">
 <teiHeader>
  <fileDesc>
   <titleStmt>
    <title xml:id="v68_116_D_Kenvorti">
     Письма и документы. Tolstoy Digital
    </title>
    <title type="main">
     Письмо Д. Кенворти от 10 июля 1895 г.
    </title>
    <title type="bibl">
     Толстой Л. Н. Письмо Д. Кенворти, 10 июля 1895 г. // Толстой Л. Н. Полное собрание сочинений: в 90 тт. Т. 68. М.: Гос. изд. «Художественная литература», 1954. С.
    </title>
    <respStmt>
     <resp>
      Идея, постановка задач, руководство:
     </resp>
     <name>
      Анастасия Бонч-Осмоловская, Фёкла Толстая, Борис Орехов, Тимофей Лукашевский
     </name>
    </respStmt>
    <respStmt>
     <resp>
      Подготовка TEI/XML:
     </resp>
     <name>
      Евгений Можаев, Даниил Скоринкин, Ирина Павлова, Матвей Колбасов, Елена Сидорова, Кирилл Милинцевич, Лев Буланов, Макар Федоров, Константин Петров
     </name>
    </respStmt>
    <respStmt>
     <resp>
      Подготовка метаданных:
     </resp>
     <name>
      Мария Картышева, Вероника Файнберг
     </name>
    </respStmt>
    <respStmt>
     <resp>
      Разметка имен собственных:
     </resp>
     <name>
      Никита Северин, Елена Северина
     </name>
    </respStmt>
    <respStmt>
     <resp>
      Исправление древнегреческого текста:
     </resp>
     <name>
      Ольга Алиева
     </name>
    </respStmt>
    <funder>
     Проект «Слово Толстого»
    </funder>
   </titleStmt>
   <publicationStmt>
    <publisher>
     <orgName>
      Tolstoy Digital, DH CLOUD, Научно-образовательный союз «Родное Слово» проект «Слово Толстого»
     </orgName>
    </publisher>
    <availability>
     <p id="c9dc2e7b-86b3-44c8-97bf-67697c2aaf98">
      Тексты и метатекстовая разметка доступны для свободного использования и распространения по лицензии Creative Commons Attribution Share-Alike (cc by-sa)
     </p>
    </availability>
    <date from="2015" to="2022"/>
   </publicationStmt>
   <notesStmt>
    <note>
     Публикуемые документы был получены с сайта tolstoy.ru в формате html, переведены в формат TEI. Исправлены некоторые ошибки распознавания. Тексты, написанные в дореформенной орфографии, сопоставлены с их версиями в современной орфографии.
    </note>
   </notesStmt>
   <sourceDesc>
    <biblStruct>
     <analytic>
      <author>
       Толстой Лев Николаевич
      </author>
     </analytic>
     <monogr>
      <title level="m">
       Полное собрание сочинений. Том 68
      </title>
      <imprint>
       <pubPlace>
        Москва
       </pubPlace>
       <publisher>
        Государственное издательство «Художественная литература»
       </publisher>
       <date when="1954"/>
      </imprint>
      <biblScope unit="vol">
       68
      </biblScope>
      <biblScope unit="page">
       116-117
      </biblScope>
     </monogr>
     <series>
      <title level="s">
       Л. Н. Толстой. Полное собрание сочинений: в 90 тт.
      </title>
     </series>
    </biblStruct>
    <bibl>
     Публикуется впервые
    </bibl>
   </sourceDesc>
  </fileDesc>
  <encodingDesc>
   <classDecl>
    <xi:include href="../../reference/taxonomy.xml"/>
   </classDecl>
  </encodingDesc>
  <profileDesc>
   <correspDesc>
    <correspAction type="sending">
     <persName ref="13883">
      Л. Н. Толстой
     </persName>
     <placeName>
      Ясная Поляна
     </placeName>
     <date when="1895-07-10"/>
    </correspAction>
    <correspAction type="receiving">
     <persName ref="6330">
      Кенворти Джон Колеман (Kenworthy John)
     </persName>
    </correspAction>
   </correspDesc>
   <langUsage>
    <language ident="ru"/>
   </langUsage>
   <textClass>
    <catRef ana="#tolstoy_heritage" target="library"/>
    <catRef ana="#letters" target="type"/>
    <catRef ana="#sent" target="sent"/>
   </textClass>
  </profileDesc>
 </teiHeader>
 <xenoData>
  <number type="in a volume">
   116
  </number>
 </xenoData>
 <text xml:id="D.Kenvorti_116" xmlns="http://www.tei-c.org/ns/1.0" xmlns:xi="http://www.w3.org/2001/XInclude">
  <body>
   <div>
    <pb n="116"/>
    <opener index="false">
     * 116.
     <name placement="text" ref="6330" type="person">
      Джону Кенворти (John Kenworthy)
     </name>
     .1895 г. Июля 10. Я. П.
    </opener>
    <p id="c90490e1-f050-410a-a04f-44f230355fcb">
     Я получил ваши переводы
     <ref target="#note1">
      1
     </ref>
     <note index="false" resp="volume_editor" xml:id="note1">
      В письме от 27 июня Кенворти писал: «С той же почтой посылаю английские переводы трех ваших книг: 1) «Отрочества», 2) «В чем моя вера» и 3) «Ходите в свете, пока есть свет».
     </note>
     и не успел еще просмотреть. Как только сделаю это сам, или кто-нибудь из моих друзей, так сообщу вам о достоинстве переводов. Я, разумеется, очень рад вашему плану хорошего и, главное, дешевого издания моих писаний на английском языке. Мой друг Чертков имел эту самую мысль, и вам хорошо бы было войти в сношения с ним, тем более, что нет человека, который бы так внимательно, серьезно и так одинаково со мною смотрел бы на значение моих писаний. Он тоже хотел написать вам об этом деле. Детство я бы не печатал в этой серии, равно как и другие писания — все писанные до 1881 года. Я охотно напишу вам a letter of authorisation,
     <ref target="#note2">
      2
     </ref>
     <note index="false" resp="volume_editor" xml:id="note2">
      Разрешение на издание. См. письма №№ 149 и 150.
     </note>
     но не знаю, в какой форме выразить ее, и потому пришлите мне образец такого письма, которое, подписав, я верну вам. Я получил ваш перевод «Master and Man»
     <ref target="#note3">
      3
     </ref>
     <note index="false" resp="volume_editor" xml:id="note3">
      Английский перевод «Хозяина и работника»: «Master and man». Rendered from the Russian into Inglish by S. Rapoport and John Kenworty, Нью-Йорк, 1895.
     </note>
     и благодарю за
     <hi style="opdelimiter">
      него.
     </hi>
    </p>
    <p id="469eb000-d9f5-469c-b6ee-7d7bb083e70c">
     <pb n="117"/>
     <hi style="npdelimiter">
      Продолжается
     </hi>
     ли издание следующих томов The Four Gospels? Очень жалко бы было, если бы оно остановилось на первом томе. Неполнота более всего помешала бы пониманию сочинения. Я не удивляюсь тому, что книга эта так плохо продается.
     <ref target="#note4">
      4
     </ref>
     <note index="false" resp="volume_editor" xml:id="note4">
      <sub>
      </sub>
      В письме от 3 мая н. ст. Кенворти писал по поводу выхода первого тома «Соединения, перевода и исследования четырех евангелий», которое встретило мало внимания со стороны критиков.
     </note>
     Это не может быть иначе. Книгу эту нельзя понимать, перетолковывая ее по-своему; нельзя соглашаться кое с чем, отбрасывая другое, а надо принять всю, — не в ее подробностях, а в ее общем смысле, — или всю отбросить. Рискуя подпасть обычному парадоксу о том, что сам автор всегда ложно оценивает свои писания, я все-таки скажу, что это (Work) сочинение важнее в 1000 раз всего, того, что я написал, и я знаю, что не ошибаюсь, потому что это сочинение стоило мне наибольшего радостного труда, было поворотным пунктом всей моей жизни и легло в основание всего того, что я писал после того. Я бы сказал, что ваше суждение о нем верно, если бы оно не было слишком лестно. — План мой международного издания до сих пор еще не начинает осуществляться. Знаете ли вы книгу Lachman, Weder Dogma, noch Glaubensbekenntnis, sondern Religion,
     <ref target="#note5">
      5
     </ref>
     <note index="false" resp="volume_editor" xml:id="note5">
      Лахман, «Не догмат и не вероисповедание, а религия».
     </note>
     и два журнала немецких, издающихся один в Штутгарте, Neues Leben, D-r Grunsky, и другой — Religion des Geistes, Eugen Schmitt в Будапеште?
    </p>
    <noteGrp type="comments">
     <note index="false" type="comments">
      <p id="a76208ff-7cf7-43ad-a703-537c5c1fa3d2" rend="Textpetit_otstup left">
       Печатается по машинописной копии. Дата определяется словами ответного письма Кенворти от 7 августа н. ст. 1895 г.: «Я замедлил ответом на ваше письмо от 10/22 августа».
      </p>
     </note>
     <note index="false" type="comments">
      <p id="59185f72-3f83-48d4-a3a0-1dc31d2b738a" rend="petit">
       Ответ на два письма Кенворти от 3 мая и 27 июня н. ст., в которых он сообщает о плане и ходе своих издательских дел и об организации им переводов сочинений Толстого на английский язык.
      </p>
     </note>
    </noteGrp>
   </div>
  </body>
 </text>
</TEI>
