<?xml version="1.0" encoding="utf-8"?>
<TEI xmlns="http://www.tei-c.org/ns/1.0" xmlns:xi="http://www.w3.org/2001/XInclude">
 <teiHeader>
  <fileDesc>
   <titleStmt>
    <title xml:id="v68_026_V_P_Potemkinu">
     Письма и документы. Tolstoy Digital
    </title>
    <title type="main">
     Письмо В. П. Потемкину с 2 февраля 1895 г. по 3 февраля 1895 г.
    </title>
    <title type="bibl">
     Толстой Л. Н. Письмо В. П. Потемкину, 2 февраля 1895 г. — 3 февраля 1895 г. // Толстой Л. Н. Полное собрание сочинений: в 90 тт. Т. 68. М.: Гос. изд. «Художественная литература», 1954. С.
    </title>
    <respStmt>
     <resp>
      Идея, постановка задач, руководство:
     </resp>
     <name>
      Анастасия Бонч-Осмоловская, Фёкла Толстая, Борис Орехов, Тимофей Лукашевский
     </name>
    </respStmt>
    <respStmt>
     <resp>
      Подготовка TEI/XML:
     </resp>
     <name>
      Евгений Можаев, Даниил Скоринкин, Ирина Павлова, Матвей Колбасов, Елена Сидорова, Кирилл Милинцевич, Лев Буланов, Макар Федоров, Константин Петров
     </name>
    </respStmt>
    <respStmt>
     <resp>
      Подготовка метаданных:
     </resp>
     <name>
      Мария Картышева, Вероника Файнберг
     </name>
    </respStmt>
    <respStmt>
     <resp>
      Разметка имен собственных:
     </resp>
     <name>
      Никита Северин, Елена Северина
     </name>
    </respStmt>
    <respStmt>
     <resp>
      Исправление древнегреческого текста:
     </resp>
     <name>
      Ольга Алиева
     </name>
    </respStmt>
    <funder>
     Проект «Слово Толстого»
    </funder>
   </titleStmt>
   <publicationStmt>
    <publisher>
     <orgName>
      Tolstoy Digital, DH CLOUD, Научно-образовательный союз «Родное Слово» проект «Слово Толстого»
     </orgName>
    </publisher>
    <availability>
     <p id="3074db04-2aaa-4939-a79c-2fc4b8b4019e">
      Тексты и метатекстовая разметка доступны для свободного использования и распространения по лицензии Creative Commons Attribution Share-Alike (cc by-sa)
     </p>
    </availability>
    <date from="2015" to="2022"/>
   </publicationStmt>
   <notesStmt>
    <note>
     Публикуемые документы был получены с сайта tolstoy.ru в формате html, переведены в формат TEI. Исправлены некоторые ошибки распознавания. Тексты, написанные в дореформенной орфографии, сопоставлены с их версиями в современной орфографии.
    </note>
   </notesStmt>
   <sourceDesc>
    <biblStruct>
     <analytic>
      <author>
       Толстой Лев Николаевич
      </author>
     </analytic>
     <monogr>
      <title level="m">
       Полное собрание сочинений. Том 68
      </title>
      <imprint>
       <pubPlace>
        Москва
       </pubPlace>
       <publisher>
        Государственное издательство «Художественная литература»
       </publisher>
       <date when="1954"/>
      </imprint>
      <biblScope unit="vol">
       68
      </biblScope>
      <biblScope unit="page">
       28-28
      </biblScope>
     </monogr>
     <series>
      <title level="s">
       Л. Н. Толстой. Полное собрание сочинений: в 90 тт.
      </title>
     </series>
    </biblStruct>
    <bibl>
     Публикуется впервые
    </bibl>
   </sourceDesc>
  </fileDesc>
  <encodingDesc>
   <classDecl>
    <xi:include href="../../reference/taxonomy.xml"/>
   </classDecl>
  </encodingDesc>
  <profileDesc>
   <correspDesc>
    <correspAction type="sending">
     <persName ref="13883">
      Л. Н. Толстой
     </persName>
     <placeName>
      Москва
     </placeName>
     <date notAfter="1895-02-03" notBefore="1895-02-02"/>
    </correspAction>
    <correspAction type="receiving">
     <persName ref="11183">
      Потемкин Владимир Петрович
     </persName>
    </correspAction>
   </correspDesc>
   <langUsage>
    <language ident="ru"/>
   </langUsage>
   <textClass>
    <catRef ana="#tolstoy_heritage" target="library"/>
    <catRef ana="#letters" target="type"/>
    <catRef ana="#sent" target="sent"/>
   </textClass>
  </profileDesc>
 </teiHeader>
 <xenoData>
  <number type="in a volume">
   26
  </number>
 </xenoData>
 <text xml:id="V.P.Potemkinu_26" xmlns="http://www.tei-c.org/ns/1.0" xmlns:xi="http://www.w3.org/2001/XInclude">
  <body>
   <div>
    <pb n="28"/>
    <opener index="false">
     * 26. В. П. Потемкину.1895 г. Февраля 2—3? Москва.
    </opener>
    <p id="c5ae742f-3c2f-4722-8626-662f6a138656">
     Рад буду видеть вас, когда хотите, от 6 и до 8 часов вечера.
    </p>
    <p id="66abc449-c54d-4197-93ca-b27ac994e842" rend="right">
     <name placement="text" ref="13883" type="person">
      Л. Толстой
     </name>
     .
    </p>
    <noteGrp type="comments">
     <note index="false" type="comments">
      <p id="f37abe94-c1ee-42bb-a082-6a22fead3234" rend="Textpetit_otstup left">
       Печатается по листу 129 копировальной книги. Датируется на основании письма Потемкина от 1 февраля, на которое Толстой отвечает.
      </p>
     </note>
     <note index="false" type="comments">
      <p id="c0248e4d-a877-4b04-ba46-0b8b8d49f77e" rend="petit">
       <name placement="comments" ref="11183" type="person">
        Владимир Петрович Потемкин
       </name>
       (1877—1946). В 1895 г. был студентом историко-филологического факультета Московского университета. Принимал деятельное участие в революционном движении. В 1932—1934 гг. — посол Советского правительства в Италии, в 1934—1937 гг. посол во Франции, в 1940—1946 гг. — народный комиссар просвещения РСФСР. 1 февраля 1895 г. В. П. Потемкин обратился к Толстому с письмом, в котором просил разрешения лично зайти к нему, чтобы подробнее рассказать о случае из медицинской практики его отца, врача в Твери.
      </p>
     </note>
    </noteGrp>
   </div>
  </body>
 </text>
</TEI>
