<?xml version="1.0" encoding="utf-8"?>
<TEI xmlns="http://www.tei-c.org/ns/1.0" xmlns:xi="http://www.w3.org/2001/XInclude">
 <teiHeader>
  <fileDesc>
   <titleStmt>
    <title xml:id="v68_224_E_I_Popovu">
     Письма и документы. Tolstoy Digital
    </title>
    <title type="main">
     Письмо Е. И. Попову от 14 ноября 1895 г.
    </title>
    <title type="bibl">
     Толстой Л. Н. Письмо Е. И. Попову, 14 ноября 1895 г. // Толстой Л. Н. Полное собрание сочинений: в 90 тт. Т. 68. М.: Гос. изд. «Художественная литература», 1954. С.
    </title>
    <respStmt>
     <resp>
      Идея, постановка задач, руководство:
     </resp>
     <name>
      Анастасия Бонч-Осмоловская, Фёкла Толстая, Борис Орехов, Тимофей Лукашевский
     </name>
    </respStmt>
    <respStmt>
     <resp>
      Подготовка TEI/XML:
     </resp>
     <name>
      Евгений Можаев, Даниил Скоринкин, Ирина Павлова, Матвей Колбасов, Елена Сидорова, Кирилл Милинцевич, Лев Буланов, Макар Федоров, Константин Петров
     </name>
    </respStmt>
    <respStmt>
     <resp>
      Подготовка метаданных:
     </resp>
     <name>
      Мария Картышева, Вероника Файнберг
     </name>
    </respStmt>
    <respStmt>
     <resp>
      Разметка имен собственных:
     </resp>
     <name>
      Никита Северин, Елена Северина
     </name>
    </respStmt>
    <respStmt>
     <resp>
      Исправление древнегреческого текста:
     </resp>
     <name>
      Ольга Алиева
     </name>
    </respStmt>
    <funder>
     Проект «Слово Толстого»
    </funder>
   </titleStmt>
   <publicationStmt>
    <publisher>
     <orgName>
      Tolstoy Digital, DH CLOUD, Научно-образовательный союз «Родное Слово» проект «Слово Толстого»
     </orgName>
    </publisher>
    <availability>
     <p id="fb4f15a9-8e1e-4b32-b1ad-7042808d7f24">
      Тексты и метатекстовая разметка доступны для свободного использования и распространения по лицензии Creative Commons Attribution Share-Alike (cc by-sa)
     </p>
    </availability>
    <date from="2015" to="2022"/>
   </publicationStmt>
   <notesStmt>
    <note>
     Публикуемые документы был получены с сайта tolstoy.ru в формате html, переведены в формат TEI. Исправлены некоторые ошибки распознавания. Тексты, написанные в дореформенной орфографии, сопоставлены с их версиями в современной орфографии.
    </note>
   </notesStmt>
   <sourceDesc>
    <biblStruct>
     <analytic>
      <author>
       Толстой Лев Николаевич
      </author>
     </analytic>
     <monogr>
      <title level="m">
       Полное собрание сочинений. Том 68
      </title>
      <imprint>
       <pubPlace>
        Москва
       </pubPlace>
       <publisher>
        Государственное издательство «Художественная литература»
       </publisher>
       <date when="1954"/>
      </imprint>
      <biblScope unit="vol">
       68
      </biblScope>
      <biblScope unit="page">
       252-254
      </biblScope>
     </monogr>
     <series>
      <title level="s">
       Л. Н. Толстой. Полное собрание сочинений: в 90 тт.
      </title>
     </series>
    </biblStruct>
    <bibl/>
   </sourceDesc>
  </fileDesc>
  <encodingDesc>
   <classDecl>
    <xi:include href="../../reference/taxonomy.xml"/>
   </classDecl>
  </encodingDesc>
  <profileDesc>
   <correspDesc>
    <correspAction type="sending">
     <persName ref="13883">
      Л. Н. Толстой
     </persName>
     <placeName>
      Ясная Поляна
     </placeName>
     <date when="1895-11-14"/>
    </correspAction>
    <correspAction type="receiving">
     <persName ref="11086">
      Попов Евгений Иванович
     </persName>
    </correspAction>
   </correspDesc>
   <langUsage>
    <language ident="ru"/>
   </langUsage>
   <textClass>
    <catRef ana="#tolstoy_heritage" target="library"/>
    <catRef ana="#letters" target="type"/>
    <catRef ana="#sent" target="sent"/>
   </textClass>
  </profileDesc>
 </teiHeader>
 <xenoData>
  <number type="in a volume">
   224
  </number>
 </xenoData>
 <text xml:id="E.I.Popovu_224" xmlns="http://www.tei-c.org/ns/1.0" xmlns:xi="http://www.w3.org/2001/XInclude">
  <body>
   <div>
    <pb n="252"/>
    <opener index="false">
     224.
     <name placement="text" ref="11086" type="person">
      Е. И. Попову
     </name>
     .1895 г. Ноября 14. Я. П.
    </opener>
    <p id="7f74baad-1e7b-41b2-9212-14e850bde946">
     Давно уже получил ваши письма, дорогой
     <choice original_editorial_correction="Евг[ений]">
      <sic>
       Евг
      </sic>
      <corr>
       <name placement="text" ref="11086" type="person">
        Евгений
       </name>
      </corr>
     </choice>
     <choice original_editorial_correction="Ив[анович]">
      <sic>
       <name placement="text" ref="11086" type="person">
        Ив
       </name>
      </sic>
      <corr>
       <name placement="text" ref="11086" type="person">
        Иванович
       </name>
      </corr>
     </choice>
     , и всё не отвечал,
     <choice original_editorial_correction="п[отому]">
      <sic>
       п
      </sic>
      <corr>
       потому
      </corr>
     </choice>
     <choice original_editorial_correction="ч[то]">
      <sic>
       ч
      </sic>
      <corr>
       что
      </corr>
     </choice>
     вот уж недели две ослабел чрезвычайно и физически и умственно; ничего не делаю и не хочется делать. Может быть, это какое-нибудь
     <choice original_editorial_correction="скрыт[ое]">
      <sic>
       скрыт
      </sic>
      <corr>
       скрытое
      </corr>
     </choice>
     нездоровье, а может быть, старость, и я стараюсь прилаживаться к этому новому для меня состоянию. Статью можно послать и к Гижицкому, хотя его Ethische Kultur очень чуждый нам по духу журнал, но для этого надо вам закончить: вписать о
     <hi style="opdelimiter">
      гонениях.
     </hi>
    </p>
    <p id="6ba3f71c-dede-4caf-9990-eff42f85c756">
     <pb n="253"/>
     <hi style="npdelimiter">
      Булыгина
     </hi>
     дело
     <ref target="#note1">
      1
     </ref>
     <note index="false" resp="volume_editor" xml:id="note1">
      М. В. Булыгин, живший на своем хуторе Хатунке, отказался приводить своих лошадей на пункт для военно-конской переписи; за этот отказ он отбыл летом 1894 г. заключение при Крапивенском арестном доме (см. письмо к И. Б. Файнерману от 1 июня 1894 г. в т. 67).
     </note>
     вы можете описать с моих слов: от него потребовали вести лошадей, он не повел, его присудили в тюрьму на две недели. Другое дело: от него требовали указания своего местожительства, он его не дал,
     <choice original_editorial_correction="зна[я]">
      <sic>
       зна
      </sic>
      <corr>
       зная
      </corr>
     </choice>
     , что это указание включает в себе согласие на то, что он, как запасный, пойдет, когда его потребуют. После вторичного требования он написал, что не пойдет, если его потребуют,
     <choice original_editorial_correction="т[ак]">
      <sic>
       т
      </sic>
      <corr>
       так
      </corr>
     </choice>
     <choice original_editorial_correction="к[ак]">
      <sic>
       к
      </sic>
      <corr>
       как
      </corr>
     </choice>
     по закону, незнанием
     <choice original_editorial_correction="к[оторого]">
      <sic>
       к
      </sic>
      <corr>
       которого
      </corr>
     </choice>
     никто не имеет права отказываться, он не может служить.
    </p>
    <p id="86a42a10-1aea-4c18-972b-cb620c78cd12">
     Скажите
     <choice original_editorial_correction="В[ладимиру]">
      <sic>
       В
      </sic>
      <corr>
       Владимиру
      </corr>
     </choice>
     <choice original_editorial_correction="Г[ригорьевичу]">
      <sic>
       Г
      </sic>
      <corr>
       Григорьевичу
      </corr>
     </choice>
     , что письма его и 7 №
     <ref target="#note2">
      2
     </ref>
     <note index="false" resp="volume_editor" xml:id="note2">
      В. Г. Чертков имел обыкновение нумеровать свои письма к Толстому.
     </note>
     все получены, что буду писать. Знаем, что у вас дифтерит. Жду их.
     <ref target="#note3">
      3
     </ref>
     <note index="false" resp="volume_editor" xml:id="note3">
      Попов в то время жил у Черткова в его имении Ржевск. Семья Чертковых приехала в Москву только во второй половине декабря этого года.
     </note>
     Мы живем еще в Ясной.
     <ref target="#note4">
      4
     </ref>
     <note index="false" resp="volume_editor" xml:id="note4">
      Из Ясной Поляны Толстой переехал в Москву 19 ноября.
     </note>
     Поша и Дунаев с нами, но послезавтра намерены ехать в Москву. То, что вы пишете мне о моей повести, и справедливо, и нет. Справедливо по отношению той,
     <choice original_editorial_correction="кот[орая]">
      <sic>
       кот
      </sic>
      <corr>
       которая
      </corr>
     </choice>
     была написана: она прескверная, но несправедливо по отношению той формы, в
     <choice original_editorial_correction="кот[орой]">
      <sic>
       кот
      </sic>
      <corr>
       которой
      </corr>
     </choice>
     мне теперь представляется та же повесть и в
     <choice original_editorial_correction="кот[орой]">
      <sic>
       кот
      </sic>
      <corr>
       которой
      </corr>
     </choice>
     едва ли напишу.
     <ref target="#note5">
      5
     </ref>
     <note index="false" resp="volume_editor" xml:id="note5">
      О своих сомнениях по поводу первоначальной редакции «Воскресения» Толстой записал в Дневнике от 24 октября, 5, 7, 8 и 9 ноября 1895 г., см. т. 53, стр. 62, 69—70.
     </note>
     Прощайте пока, дай бог вам того, чтобы делать его волю, как свою. Нынче написал письмо Шкарвану. Как бы я его узнал, если бы у нас не было центра общения — бога.
    </p>
    <p id="dc57058e-00dd-4547-8618-05b9096e6bc0" rend="right">
     <name placement="text" ref="13883" type="person">
      Л. Толстой
     </name>
     .
    </p>
    <lb/>
    <p id="a0107c5a-4c8c-42dd-8148-1e4dcfd1f8d8">
     Если что забыл ответить, простите. Поправки сделал бы в вашей статье, но ее нет. Я ее отдал харьковским 2-м студентам,
     <ref target="#note6">
      6
     </ref>
     <note index="false" resp="volume_editor" xml:id="note6">
      Речь идет о книге Е. И. Попова «Жизнь и смерть Е. Н. Дрожжина». и о поправках в ней для предполагаемого второго издания. В следующем письме к Е. И. Попову (№ 232) Толстой называет фамилии студентов: Филатов и Дидрихсон.
     </note>
     приезжавшим ко мне. Ничего, что я дал им?
    </p>
    <p id="08545576-b47d-40f6-93fa-3f80001e9352">
     Распечатываю письмо, чтобы приписать о Дрожжине.
     <choice original_editorial_correction="Марь[я]">
      <sic>
       Марь
      </sic>
      <corr>
       Марья
      </corr>
     </choice>
     <choice original_editorial_correction="Алекс[андровна]">
      <sic>
       Алекс
      </sic>
      <corr>
       Александровна
      </corr>
     </choice>
     <ref target="#note7">
      7
     </ref>
     <note index="false" resp="volume_editor" xml:id="note7">
      М. А. Шмидт.
     </note>
     сделала отметки того, что по ее мнению следует выпустить. Я просмотрел ее отметки и те, с которыми согласен, отчеркнул красным. Пожалуйста, не верьте мне на слово, а проверьте. Посылаю рукопись. — Да, еще о ваших писаниях. Повторяю, что советую вам писать. В них есть искренность и потому убедительность. И потом просто хорошо написано, многосторонне обдумано. Ну, до следующего письма. Какое славное письмо
     <name placement="text" ref="2459" type="person">
      Петра Веригина
     </name>
     ,
     <ref target="#note8">
      8
     </ref>
     <note index="false" resp="volume_editor" xml:id="note8">
      Письмо П. В. Веригина от 5 августа 1895 г. к И. М. Трегубову было переслано последним Толстому. См. письмо к П. В. Веригину № 229.
     </note>
     поблагодарите за него
     <choice original_editorial_correction="И[вана]">
      <sic>
       И
      </sic>
      <corr>
       <name placement="text" ref="13980" type="person">
        Ивана
       </name>
      </corr>
     </choice>
     <choice original_editorial_correction="М[ихайловича]">
      <sic>
       <name placement="text" ref="13980" type="person">
        М
       </name>
      </sic>
      <corr>
       <name placement="text" ref="13980" type="person">
        Михайловича
       </name>
      </corr>
     </choice>
     . Очень хочется написать ему, и
     <choice original_editorial_correction="Вер[игину]">
      <sic>
       Вер
      </sic>
      <corr>
       Веригину
      </corr>
     </choice>
     , и
     <choice original_editorial_correction="И[вану]">
      <sic>
       И
      </sic>
      <corr>
       <name placement="text" ref="13980" type="person">
        Ивану
       </name>
      </corr>
     </choice>
     <choice original_editorial_correction="М[ихайловичу]">
      <sic>
       <name placement="text" ref="13980" type="person">
        М
       </name>
      </sic>
      <corr>
       <name placement="text" ref="13980" type="person">
        Михайловичу
       </name>
      </corr>
     </choice>
     .
     <ref target="#note9">
      9
     </ref>
     <note index="false" resp="volume_editor" xml:id="note9">
      И. М. Трегубову.
     </note>
    </p>
    <noteGrp type="comments">
     <note index="false" type="comments">
      <p id="96040b85-e16a-4979-99fd-a140cf167b85" rend="Textpetit_otstup left">
       Печатается по листам 135 и 136 копировальной книги. Конца письма со слов: «Распечатываю письмо, чтобы приписать...» в копировке не имеется; эта часть письма печатается по машинописной копии. Впервые опубликовано в ПТС, I, № 192, стр. 236—237, с датой: «14 окт. 1895 г.».
       <hi style="opdelimiter">
        Дата
       </hi>
       <pb n="254"/>
       <hi style="npdelimiter">
        определяется
       </hi>
       словами в тексте: «Нынче написал письмо Шкарвану»; письмо Шкарвану помечено Толстым «14/26 ноября 1895».
      </p>
     </note>
     <note index="false" type="comments">
      <p id="f8be5672-3680-4ca7-976d-208d3eca9f1b" rend="petit">
       Ответ на письмо Попова от 29 октября 1895 г., в котором он касается различных вопросов в связи с подготовляемой им для печати статьей «Открытое письмо к обществу по поводу правительственных гонений на лиц, отказавшихся от воинской повинности».
      </p>
     </note>
    </noteGrp>
   </div>
  </body>
 </text>
</TEI>
