<?xml version="1.0" encoding="utf-8"?>
<TEI xmlns="http://www.tei-c.org/ns/1.0" xmlns:xi="http://www.w3.org/2001/XInclude">
 <teiHeader>
  <fileDesc>
   <titleStmt>
    <title xml:id="v68_137_L_F_Annenkovoj">
     Письма и документы. Tolstoy Digital
    </title>
    <title type="main">
     Письмо Л. Ф. Анненковой от 19 августа 1895 г.
    </title>
    <title type="bibl">
     Толстой Л. Н. Письмо Л. Ф. Анненковой, 19 августа 1895 г. // Толстой Л. Н. Полное собрание сочинений: в 90 тт. Т. 68. М.: Гос. изд. «Художественная литература», 1954. С.
    </title>
    <respStmt>
     <resp>
      Идея, постановка задач, руководство:
     </resp>
     <name>
      Анастасия Бонч-Осмоловская, Фёкла Толстая, Борис Орехов, Тимофей Лукашевский
     </name>
    </respStmt>
    <respStmt>
     <resp>
      Подготовка TEI/XML:
     </resp>
     <name>
      Евгений Можаев, Даниил Скоринкин, Ирина Павлова, Матвей Колбасов, Елена Сидорова, Кирилл Милинцевич, Лев Буланов, Макар Федоров, Константин Петров
     </name>
    </respStmt>
    <respStmt>
     <resp>
      Подготовка метаданных:
     </resp>
     <name>
      Мария Картышева, Вероника Файнберг
     </name>
    </respStmt>
    <respStmt>
     <resp>
      Разметка имен собственных:
     </resp>
     <name>
      Никита Северин, Елена Северина
     </name>
    </respStmt>
    <respStmt>
     <resp>
      Исправление древнегреческого текста:
     </resp>
     <name>
      Ольга Алиева
     </name>
    </respStmt>
    <funder>
     Проект «Слово Толстого»
    </funder>
   </titleStmt>
   <publicationStmt>
    <publisher>
     <orgName>
      Tolstoy Digital, DH CLOUD, Научно-образовательный союз «Родное Слово» проект «Слово Толстого»
     </orgName>
    </publisher>
    <availability>
     <p id="ec71507c-7c14-4a05-9a16-dbf3f0e92b7b">
      Тексты и метатекстовая разметка доступны для свободного использования и распространения по лицензии Creative Commons Attribution Share-Alike (cc by-sa)
     </p>
    </availability>
    <date from="2015" to="2022"/>
   </publicationStmt>
   <notesStmt>
    <note>
     Публикуемые документы был получены с сайта tolstoy.ru в формате html, переведены в формат TEI. Исправлены некоторые ошибки распознавания. Тексты, написанные в дореформенной орфографии, сопоставлены с их версиями в современной орфографии.
    </note>
   </notesStmt>
   <sourceDesc>
    <biblStruct>
     <analytic>
      <author>
       Толстой Лев Николаевич
      </author>
     </analytic>
     <monogr>
      <title level="m">
       Полное собрание сочинений. Том 68
      </title>
      <imprint>
       <pubPlace>
        Москва
       </pubPlace>
       <publisher>
        Государственное издательство «Художественная литература»
       </publisher>
       <date when="1954"/>
      </imprint>
      <biblScope unit="vol">
       68
      </biblScope>
      <biblScope unit="page">
       141-142
      </biblScope>
     </monogr>
     <series>
      <title level="s">
       Л. Н. Толстой. Полное собрание сочинений: в 90 тт.
      </title>
     </series>
    </biblStruct>
    <bibl>
     Публикуется впервые
    </bibl>
   </sourceDesc>
  </fileDesc>
  <encodingDesc>
   <classDecl>
    <xi:include href="../../reference/taxonomy.xml"/>
   </classDecl>
  </encodingDesc>
  <profileDesc>
   <correspDesc>
    <correspAction type="sending">
     <persName ref="13883">
      Л. Н. Толстой
     </persName>
     <placeName>
      Ясная Поляна
     </placeName>
     <date when="1895-08-19"/>
    </correspAction>
    <correspAction type="receiving">
     <persName ref="515">
      Анненкова Леонилла Фоминична
     </persName>
    </correspAction>
   </correspDesc>
   <langUsage>
    <language ident="ru"/>
   </langUsage>
   <textClass>
    <catRef ana="#tolstoy_heritage" target="library"/>
    <catRef ana="#letters" target="type"/>
    <catRef ana="#sent" target="sent"/>
   </textClass>
  </profileDesc>
 </teiHeader>
 <xenoData>
  <number type="in a volume">
   137
  </number>
 </xenoData>
 <text xml:id="L.F.Annenkovoj_137" xmlns="http://www.tei-c.org/ns/1.0" xmlns:xi="http://www.w3.org/2001/XInclude">
  <body>
   <div>
    <pb n="141"/>
    <opener index="false">
     * 137.
     <name placement="text" ref="515" type="person">
      Л. Ф. Анненковой
     </name>
     .1895 г. Августа 19. Я. П.
    </opener>
    <p id="82c8c2b9-2a25-47d8-8628-d72ef2f0755b">
     Часто думаю о вас, дорогая Леонила Фоминична. Сила наша в немощах совершается. Так это справедливо! Я знаю это по себе и знаю по вас. Радуюсь на то, как вы несете свою болезнь, и, признаюсь, немного иногда боюсь, как бы вы не ослабели. Не то, чтобы я сомневался в вас, напротив, мало есть людей, в твердость
     <choice original_editorial_correction="кот[орых]">
      <sic>
       кот
      </sic>
      <corr>
       которых
      </corr>
     </choice>
     я так бы верил, но всегда, чем ближе подходит человек к цели, тем больше за него боишься. Я рад был видеть Семенова и узнать от него про вас и рад, что
     <choice original_editorial_correction="Евг[ений]">
      <sic>
       Евг
      </sic>
      <corr>
       <name placement="note" ref="11086" type="person">
        Евгений
       </name>
      </corr>
     </choice>
     <choice original_editorial_correction="Ив[анович]">
      <sic>
       <name placement="note" ref="11086" type="person">
        Ив
       </name>
      </sic>
      <corr>
       <name placement="note" ref="11086" type="person">
        Иванович
       </name>
      </corr>
     </choice>
     <ref target="#note1">
      1
     </ref>
     <note index="false" resp="volume_editor" xml:id="note1">
      <name placement="note" ref="11086" type="person">
       Евгений Иванович Попов
      </name>
      .
     </note>
     побывает у вас. Кто-то мне говорил, что вы одиноки. Я не верю этому. Вы не можете быть одиноки,
     <choice original_editorial_correction="п[отому]">
      <sic>
       п
      </sic>
      <corr>
       потому
      </corr>
     </choice>
     <choice original_editorial_correction="ч[то]">
      <sic>
       ч
      </sic>
      <corr>
       что
      </corr>
     </choice>
     люди самых различных взглядов любят вас. Рассказывал мне
     <name placement="text" ref="12443" type="person">
      Сергей
     </name>
     <choice original_editorial_correction="Терент[ьевич]">
      <sic>
       <name placement="text" ref="12443" type="person">
        Терент
       </name>
      </sic>
      <corr>
       <name placement="text" ref="12443" type="person">
        Терентьевич
       </name>
      </corr>
     </choice>
     , что у вас был разговор о Неплюеве
     <ref target="#note2">
      2
     </ref>
     <note index="false" resp="volume_editor" xml:id="note2">
      <name placement="note" ref="9671" type="person">
       Николай Николаевич Неплюев
      </name>
      (1851—1908), помещик Черниговской губернии, занимался организацией сельскохозяйственных школ с интернатами для крестьянских детей.
     </note>
     и пользе,
     <choice original_editorial_correction="кот[орую]">
      <sic>
       кот
      </sic>
      <corr>
       которую
      </corr>
     </choice>
     приносят его приюты и тому
     <choice original_editorial_correction="под[обное]">
      <sic>
       под
      </sic>
      <corr>
       подобное
      </corr>
     </choice>
     , и что вы или еще кто-то говорит, что он бы больше принес пользы, если бы не делал уступок для успеха своего дела, а показывал бы пример твердости. Я и с этим несогласен. Вопрос о пользе должен быть совсем оставлен христианином. Никто не может знать, какую и чем и кому он может принести пользу. Польза вся вне нашей власти; но знать, что мы должны делать для исполнения воли отца, это мы знаем и это должны делать. Я пишу это,
     <choice original_editorial_correction="п[отому]">
      <sic>
       п
      </sic>
      <corr>
       потому
      </corr>
     </choice>
     <choice original_editorial_correction="ч[то]">
      <sic>
       ч
      </sic>
      <corr>
       что
      </corr>
     </choice>
     часто про это думал и говорил в последнее время и считаю это очень важным.
    </p>
    <p id="986ec157-5886-4f07-b07a-2216a38ba4a5">
     Живу я попрежнему, как будто похуже, в смысле внешнего труда, и как будто немного получше в смысле доброты или хоть
     <choice original_editorial_correction="меньш[его]">
      <sic>
       меньш
      </sic>
      <corr>
       меньшего
      </corr>
     </choice>
     злобия. — Пишу художественное
     <ref target="#note3">
      3
     </ref>
     <note index="false" resp="volume_editor" xml:id="note3">
      Роман «Воскресение».
     </note>
     . И
     <hi style="opdelimiter">
      совестно,
     </hi>
     <pb n="142"/>
     <hi style="npdelimiter">
      и
     </hi>
     вместе с тем думаю, что, может быть, это будет на пользу людям. Целую вас, дорогой друг. Будьте тверды, как всегда в боге, и всё будет хорошо. Очень любящий вас
    </p>
    <p id="0846c18d-a5bd-44c9-b789-296a0289bd11" rend="right">
     <name placement="text" ref="13883" type="person">
      Л. Толстой
     </name>
     .
    </p>
    <p id="42d87305-30e6-42ff-b6bb-78702e16b616">
     19 августа 1895.
    </p>
    <noteGrp type="comments">
     <note index="false" type="comments">
      <p id="ca44454c-5e6c-495f-a540-e045739a40d0" rend="Textpetit_otstup left">
       Печатается по листам 94 и 95 копировальной книги. Впервые опубликовано (отрывок) в журнале «Русская мысль» 1913, VI, стр. 72.
      </p>
     </note>
    </noteGrp>
   </div>
  </body>
 </text>
</TEI>
