<?xml version="1.0" encoding="utf-8"?>
<TEI xmlns="http://www.tei-c.org/ns/1.0" xmlns:xi="http://www.w3.org/2001/XInclude">
 <teiHeader>
  <fileDesc>
   <titleStmt>
    <title xml:id="v68_043_N_N_Gesynu">
     Письма и документы. Tolstoy Digital
    </title>
    <title type="main">
     Письмо Н. Н. Ге (сыну) от 4 марта 1895 г.
    </title>
    <title type="bibl">
     Толстой Л. Н. Письмо Н. Н. Ге (сыну), 4 марта 1895 г. // Толстой Л. Н. Полное собрание сочинений: в 90 тт. Т. 68. М.: Гос. изд. «Художественная литература», 1954. С.
    </title>
    <respStmt>
     <resp>
      Идея, постановка задач, руководство:
     </resp>
     <name>
      Анастасия Бонч-Осмоловская, Фёкла Толстая, Борис Орехов, Тимофей Лукашевский
     </name>
    </respStmt>
    <respStmt>
     <resp>
      Подготовка TEI/XML:
     </resp>
     <name>
      Евгений Можаев, Даниил Скоринкин, Ирина Павлова, Матвей Колбасов, Елена Сидорова, Кирилл Милинцевич, Лев Буланов, Макар Федоров, Константин Петров
     </name>
    </respStmt>
    <respStmt>
     <resp>
      Подготовка метаданных:
     </resp>
     <name>
      Мария Картышева, Вероника Файнберг
     </name>
    </respStmt>
    <respStmt>
     <resp>
      Разметка имен собственных:
     </resp>
     <name>
      Никита Северин, Елена Северина
     </name>
    </respStmt>
    <respStmt>
     <resp>
      Исправление древнегреческого текста:
     </resp>
     <name>
      Ольга Алиева
     </name>
    </respStmt>
    <funder>
     Проект «Слово Толстого»
    </funder>
   </titleStmt>
   <publicationStmt>
    <publisher>
     <orgName>
      Tolstoy Digital, DH CLOUD, Научно-образовательный союз «Родное Слово» проект «Слово Толстого»
     </orgName>
    </publisher>
    <availability>
     <p id="bff41ea6-7874-46ea-bd1d-858af0c35c99">
      Тексты и метатекстовая разметка доступны для свободного использования и распространения по лицензии Creative Commons Attribution Share-Alike (cc by-sa)
     </p>
    </availability>
    <date from="2015" to="2022"/>
   </publicationStmt>
   <notesStmt>
    <note>
     Публикуемые документы был получены с сайта tolstoy.ru в формате html, переведены в формат TEI. Исправлены некоторые ошибки распознавания. Тексты, написанные в дореформенной орфографии, сопоставлены с их версиями в современной орфографии.
    </note>
   </notesStmt>
   <sourceDesc>
    <biblStruct>
     <analytic>
      <author>
       Толстой Лев Николаевич
      </author>
     </analytic>
     <monogr>
      <title level="m">
       Полное собрание сочинений. Том 68
      </title>
      <imprint>
       <pubPlace>
        Москва
       </pubPlace>
       <publisher>
        Государственное издательство «Художественная литература»
       </publisher>
       <date when="1954"/>
      </imprint>
      <biblScope unit="vol">
       68
      </biblScope>
      <biblScope unit="page">
       41-41
      </biblScope>
     </monogr>
     <series>
      <title level="s">
       Л. Н. Толстой. Полное собрание сочинений: в 90 тт.
      </title>
     </series>
    </biblStruct>
    <bibl>
     Публикуется впервые
    </bibl>
   </sourceDesc>
  </fileDesc>
  <encodingDesc>
   <classDecl>
    <xi:include href="../../reference/taxonomy.xml"/>
   </classDecl>
  </encodingDesc>
  <profileDesc>
   <correspDesc>
    <correspAction type="sending">
     <persName ref="13883">
      Л. Н. Толстой
     </persName>
     <placeName>
      Москва
     </placeName>
     <date when="1895-03-04"/>
    </correspAction>
    <correspAction type="receiving">
     <persName ref="3191">
      Ге Николай Николаевич (сын художника)
     </persName>
    </correspAction>
   </correspDesc>
   <langUsage>
    <language ident="ru"/>
   </langUsage>
   <textClass>
    <catRef ana="#tolstoy_heritage" target="library"/>
    <catRef ana="#letters" target="type"/>
    <catRef ana="#sent" target="sent"/>
   </textClass>
  </profileDesc>
 </teiHeader>
 <xenoData>
  <number type="in a volume">
   43
  </number>
 </xenoData>
 <text xml:id="N.N.Gesynu_43" xmlns="http://www.tei-c.org/ns/1.0" xmlns:xi="http://www.w3.org/2001/XInclude">
  <body>
   <div>
    <pb n="41"/>
    <opener index="false">
     * 43. H. H. Ге-сыну.1895 г. Марта 4. Москва.
    </opener>
    <p id="9f4ef137-c63d-4f85-a776-7f7a9923810d">
     Получил ваше письмо, дорогой друг Количка, и видел после этого вашего брата.
     <ref target="#note1">
      1
     </ref>
     <note index="false" resp="volume_editor" xml:id="note1">
      <name placement="note" ref="3194" type="person">
       Петр Николаевич Ге
      </name>
      (1859—1922), второй сын художника, архитектор. В 1895 г. служил в земстве в г. Нежине.
     </note>
     Еще прежде, чем я видел его, я, по письму его к вам,
     <choice original_editorial_correction="к[оторое]">
      <sic>
       к
      </sic>
      <corr>
       которое
      </corr>
     </choice>
     вы присылаете, заключил, что вы несправедливы к нему, раздражены за что-то на него. При свидании с ним это впечатление мое подтвердилось. Простите меня, пожалуйста, если это неприятно вам, но, право, вам не за что сердиться на него. А главное, всегда, со всяким человеком, не только с ним, можно устроить все эти материальные дела так, чтобы они не нарушали любви. Вспомните старика,
     <ref target="#note2">
      2
     </ref>
     <note index="false" resp="volume_editor" xml:id="note2">
      <name placement="note" ref="3191" type="person">
       Николая Николаевича Ге-отца
      </name>
      .
     </note>
     вспомните, главное, себя, копните у себя в душе поглубже, и вы не можете не признать, что всё это ужасный вздор, из-за
     <choice original_editorial_correction="кот[орого]">
      <sic>
       кот
      </sic>
      <corr>
       которого
      </corr>
     </choice>
     не стоит лишаться доброго расположения к людям. О картинах я вам не писал,
     <choice original_editorial_correction="п[отому]">
      <sic>
       п
      </sic>
      <corr>
       потому
      </corr>
     </choice>
     <choice original_editorial_correction="ч[то]">
      <sic>
       ч
      </sic>
      <corr>
       что
      </corr>
     </choice>
     ждал
     <choice original_editorial_correction="Пет[ра]">
      <sic>
       Пет
      </sic>
      <corr>
       <name placement="text" ref="3194" type="person">
        Петра
       </name>
      </corr>
     </choice>
     <choice original_editorial_correction="Ник[олаевича]">
      <sic>
       <name placement="text" ref="3194" type="person">
        Ник
       </name>
      </sic>
      <corr>
       <name placement="text" ref="3194" type="person">
        Николаевича
       </name>
      </corr>
     </choice>
     , и дело
     <choice original_editorial_correction="б[ыло]">
      <sic>
       б
      </sic>
      <corr>
       было
      </corr>
     </choice>
     не решено. Теперь решено, и я очень рад был встретить в
     <choice original_editorial_correction="П[етре]">
      <sic>
       П
      </sic>
      <corr>
       <name placement="text" ref="3194" type="person">
        Петре
       </name>
      </corr>
     </choice>
     <choice original_editorial_correction="Н[иколаевиче]">
      <sic>
       <name placement="text" ref="3194" type="person">
        Н
       </name>
      </sic>
      <corr>
       <name placement="text" ref="3194" type="person">
        Николаевиче
       </name>
      </corr>
     </choice>
     полную готовность отдать их Третьякову
     <ref target="#note3">
      3
     </ref>
     <note index="false" resp="volume_editor" xml:id="note3">
      <name placement="note" ref="13995" type="person">
       Павлу Михайловичу Третьякову
      </name>
      (1832—1898), основателю Третьяковской картинной галлереи, переданной им в 1892 г. в дар городу Москве. См. о нем в т. 64, стр. 169.
     </note>
     на сохранение безвозмездно. — У нас тяжелое испытание: умер Ваничка. Скарлатиной в два дня. И ребенок был особенно милый и последний, и жене очень тяжело. Но она хорошо несет, и, как всегда, смерть, особенно такого чистого, любящего существа, сближает и дает много духовно хорошего.
    </p>
    <p id="398b1313-28b8-4d05-af84-c790a8b7df1a">
     Что вы? Не прячьтесь от меня, милый друг. Я слишком люблю и привык любить вас, чтобы оставить вас в покое. Напишите, что вы, что вы думаете, чувствуете?
     <choice original_editorial_correction="П[етр]">
      <sic>
       П
      </sic>
      <corr>
       <name placement="text" ref="3194" type="person">
        Петр
       </name>
      </corr>
     </choice>
     <choice original_editorial_correction="Н[иколаевич]">
      <sic>
       <name placement="text" ref="3194" type="person">
        Н
       </name>
      </sic>
      <corr>
       <name placement="text" ref="3194" type="person">
        Николаевич
       </name>
      </corr>
     </choice>
     сказал, что вы болеете, что с вами делаются дурноты. Опишите. Наши вам шлют свою любовь. Обнимаю вас.
    </p>
    <p id="d678a52e-4471-41a4-87f1-0e618dc5566d" rend="right">
     Любящий вас
     <name placement="text" ref="13883" type="person">
      Л. Толстой
     </name>
     .
    </p>
    <p id="8c479237-453f-4366-a37e-4edba56b5ce1">
     4 марта 1895.
    </p>
    <noteGrp type="comments">
     <note index="false" type="comments">
      <p id="a6dd4f03-952e-40db-a234-c282646bea85" rend="Textpetit_otstup left">
       Опубликовано (отрывок) в книге В. Жданова «Любовь в жизни
       <name placement="comments" ref="13883" type="person">
        Льва Толстого
       </name>
       », кн. 2, М. 1928, стр. 137.
      </p>
     </note>
     <note index="false" type="comments">
      <p id="113196c3-529c-4776-8fda-7143727405e4" rend="petit">
       <name placement="comments" ref="3191" type="person">
        Николай Николаевич Ге
       </name>
       (1857—1939) — старший сын художника H. Н. Ге.
      </p>
     </note>
     <note index="false" type="comments">
      <p id="f782b1e7-6ebe-4c02-9756-32db93427e88" rend="petit">
       Ответ на письмо Ге от 14 февраля 1895 г., в котором он писал Толстому о недоразумениях с братом П. Н. Ге по имущественным делам. В конце письма он спрашивает, что предполагается делать с картинами его отца, оставшимися после его внезапной смерти (в июле 1894 г.) и о судьбе которых заботился Толстой, причем часть картин временно была перевезена в Ясную
       <hi style="opdelimiter">
        Поляну.
       </hi>
      </p>
     </note>
    </noteGrp>
   </div>
  </body>
 </text>
</TEI>
