<?xml version="1.0" encoding="utf-8"?>
<TEI xmlns="http://www.tei-c.org/ns/1.0" xmlns:xi="http://www.w3.org/2001/XInclude">
 <teiHeader>
  <fileDesc>
   <titleStmt>
    <title xml:id="v68_250_A_Ernefeltu">
     Письма и документы. Tolstoy Digital
    </title>
    <title type="main">
     Письмо А. Ернефельту от 22 декабря 1895 г.
    </title>
    <title type="bibl">
     Толстой Л. Н. Письмо А. Ернефельту, 22 декабря 1895 г. // Толстой Л. Н. Полное собрание сочинений: в 90 тт. Т. 68. М.: Гос. изд. «Художественная литература», 1954. С.
    </title>
    <respStmt>
     <resp>
      Идея, постановка задач, руководство:
     </resp>
     <name>
      Анастасия Бонч-Осмоловская, Фёкла Толстая, Борис Орехов, Тимофей Лукашевский
     </name>
    </respStmt>
    <respStmt>
     <resp>
      Подготовка TEI/XML:
     </resp>
     <name>
      Евгений Можаев, Даниил Скоринкин, Ирина Павлова, Матвей Колбасов, Елена Сидорова, Кирилл Милинцевич, Лев Буланов, Макар Федоров, Константин Петров
     </name>
    </respStmt>
    <respStmt>
     <resp>
      Подготовка метаданных:
     </resp>
     <name>
      Мария Картышева, Вероника Файнберг
     </name>
    </respStmt>
    <respStmt>
     <resp>
      Разметка имен собственных:
     </resp>
     <name>
      Никита Северин, Елена Северина
     </name>
    </respStmt>
    <respStmt>
     <resp>
      Исправление древнегреческого текста:
     </resp>
     <name>
      Ольга Алиева
     </name>
    </respStmt>
    <funder>
     Проект «Слово Толстого»
    </funder>
   </titleStmt>
   <publicationStmt>
    <publisher>
     <orgName>
      Tolstoy Digital, DH CLOUD, Научно-образовательный союз «Родное Слово» проект «Слово Толстого»
     </orgName>
    </publisher>
    <availability>
     <p id="70a6ba4f-1c7f-4760-a6e2-c1eaf40911bd">
      Тексты и метатекстовая разметка доступны для свободного использования и распространения по лицензии Creative Commons Attribution Share-Alike (cc by-sa)
     </p>
    </availability>
    <date from="2015" to="2022"/>
   </publicationStmt>
   <notesStmt>
    <note>
     Публикуемые документы был получены с сайта tolstoy.ru в формате html, переведены в формат TEI. Исправлены некоторые ошибки распознавания. Тексты, написанные в дореформенной орфографии, сопоставлены с их версиями в современной орфографии.
    </note>
   </notesStmt>
   <sourceDesc>
    <biblStruct>
     <analytic>
      <author>
       Толстой Лев Николаевич
      </author>
     </analytic>
     <monogr>
      <title level="m">
       Полное собрание сочинений. Том 68
      </title>
      <imprint>
       <pubPlace>
        Москва
       </pubPlace>
       <publisher>
        Государственное издательство «Художественная литература»
       </publisher>
       <date when="1954"/>
      </imprint>
      <biblScope unit="vol">
       68
      </biblScope>
      <biblScope unit="page">
       286-287
      </biblScope>
     </monogr>
     <series>
      <title level="s">
       Л. Н. Толстой. Полное собрание сочинений: в 90 тт.
      </title>
     </series>
    </biblStruct>
    <bibl/>
   </sourceDesc>
  </fileDesc>
  <encodingDesc>
   <classDecl>
    <xi:include href="../../reference/taxonomy.xml"/>
   </classDecl>
  </encodingDesc>
  <profileDesc>
   <correspDesc>
    <correspAction type="sending">
     <persName ref="13883">
      Л. Н. Толстой
     </persName>
     <placeName>
      Москва
     </placeName>
     <date when="1895-12-22"/>
    </correspAction>
    <correspAction type="receiving">
     <persName ref="4985">
      Ернефельт Арвид Александрович (Arvid Järnefelt)
     </persName>
    </correspAction>
   </correspDesc>
   <langUsage>
    <language ident="ru"/>
   </langUsage>
   <textClass>
    <catRef ana="#tolstoy_heritage" target="library"/>
    <catRef ana="#letters" target="type"/>
    <catRef ana="#sent" target="sent"/>
   </textClass>
  </profileDesc>
 </teiHeader>
 <xenoData>
  <number type="in a volume">
   250
  </number>
 </xenoData>
 <text xml:id="A.Ernefeltu_250" xmlns="http://www.tei-c.org/ns/1.0" xmlns:xi="http://www.w3.org/2001/XInclude">
  <body>
   <div>
    <pb n="286"/>
    <opener index="false">
     250.
     <name placement="text" ref="4985" type="person">
      Арвиду Ернефельту
     </name>
     .1895 г. Декабря 22. Москва.
    </opener>
    <p id="d60b6e98-b3ee-467b-80c0-f4c26cd43638" rend="Obrashenie">
     Дорогой Арвид Эрнефельт,
    </p>
    <p id="0556e281-10f3-4d1c-8b84-16673c875641">
     Я очень виноват перед вами. Перевод ваш я получил
     <ref target="#note1">
      1
     </ref>
     <note index="false" resp="volume_editor" xml:id="note1">
      Рукопись была получена 18 июня (см. запись в Дневнике от 19 июня, т. 53, стр. 44) и передана Черткову.
     </note>
     и передал его друзьям моим. Многие читали вашу книгу и получили от нее пользу и радость. В наш Архив
     <ref target="#note2">
      2
     </ref>
     <note index="false" resp="volume_editor" xml:id="note2">
      «Архив Л. Н. Толстого» — рукописный журнал. См. письмо к Ернефельту № 21, прим. 1.
     </note>
     мы еще не поместили ее. Номера Архива постараюсь прислать вам; пишу: постараюсь,
     <choice original_editorial_correction="п[отому]">
      <sic>
       п
      </sic>
      <corr>
       потому
      </corr>
     </choice>
     <choice original_editorial_correction="ч[то]">
      <sic>
       ч
      </sic>
      <corr>
       что
      </corr>
     </choice>
     не знаю, есть ли готовые. Пожалуйста же, простите меня за то, что не известил вас о получении вашей рукописи. Сделалось это по разным причинам, но только не по той, чтобы я не ценил вас и не дорожил общением с вами. В книге вашей есть драгоценные черты правдивости и серьезности, и потому она действует на людей.
    </p>
    <p id="7266c0cc-c58e-4dbc-b18f-e1cf867d334d">
     Как идет теперь ваша жизнь? Напишите мне. Увидаться же с вами я буду очень рад, только не советовал бы вам предпринимать стоящее время и денег путешествие нарочно в Москву. Коли бог велит, и так свидимся, а нет, то переговоримся письмами. Если что знаю и сумею сказать, подробно отвечу на ваши вопросы.
    </p>
    <p id="999f83df-d9f7-4e74-b113-21e14775e8dc" rend="right">
     Любящий вас
     <name placement="text" ref="13883" type="person">
      Л. Толстой
     </name>
     .
    </p>
    <p id="234f9442-ab80-44fe-8e83-ff99524c91e4">
     22 дек. 1895.
    </p>
    <lb/>
    <p id="5808837b-4649-482a-88aa-ee8041541f84">
     <hi>
      На конверте:
     </hi>
     Финляндия. Гельсингфорс. Арвиду
     <hi style="opdelimiter">
      Эрнефельт.
     </hi>
    </p>
    <noteGrp type="comments">
     <note index="false" type="comments">
      <p id="ba7d8f5e-4f3c-4790-be7e-0f062a3690c2" rend="Textpetit_otstup left">
       <pb n="287"/>
       <hi style="npdelimiter">
        Впервые
       </hi>
       опубликовано в книге
       <name placement="comments" ref="4985" type="person">
        Арвида Ернефельта
       </name>
       «Мое пробуждение (Исповедь)», М. 1921, стр. XIX.
      </p>
     </note>
     <note index="false" type="comments">
      <p id="64148701-f093-44aa-8b57-a657b66945ca" rend="petit">
       Ответ на письмо Ернефельта от 10 мая 1895 г., в котором он спрашивал о судьбе посланного им русского перевода своей книги «Мое пробуждение» и просил Толстого высказать о ней свое мнение.
      </p>
     </note>
    </noteGrp>
   </div>
  </body>
 </text>
</TEI>
