<?xml version="1.0" encoding="utf-8"?>
<TEI xmlns="http://www.tei-c.org/ns/1.0" xmlns:xi="http://www.w3.org/2001/XInclude">
 <teiHeader>
  <fileDesc>
   <titleStmt>
    <title xml:id="v69_058_D_A_Xilkovu">
     Письма и документы. Tolstoy Digital
    </title>
    <title type="main">
     Письмо Д. А. Хилкову от 20 марта 1896 г.
    </title>
    <title type="bibl">
     Толстой Л. Н. Письмо Д. А. Хилкову, 20 марта 1896 г. // Толстой Л. Н. Полное собрание сочинений: в 90 тт. Т. 69. М.: Гос. изд. «Художественная литература», 1954. С.
    </title>
    <respStmt>
     <resp>
      Идея, постановка задач, руководство:
     </resp>
     <name>
      Анастасия Бонч-Осмоловская, Фёкла Толстая, Борис Орехов, Тимофей Лукашевский
     </name>
    </respStmt>
    <respStmt>
     <resp>
      Подготовка TEI/XML:
     </resp>
     <name>
      Евгений Можаев, Даниил Скоринкин, Ирина Павлова, Матвей Колбасов, Елена Сидорова, Кирилл Милинцевич, Лев Буланов, Макар Федоров, Константин Петров
     </name>
    </respStmt>
    <respStmt>
     <resp>
      Подготовка метаданных:
     </resp>
     <name>
      Мария Картышева, Вероника Файнберг
     </name>
    </respStmt>
    <respStmt>
     <resp>
      Разметка имен собственных:
     </resp>
     <name>
      Никита Северин, Елена Северина
     </name>
    </respStmt>
    <respStmt>
     <resp>
      Исправление древнегреческого текста:
     </resp>
     <name>
      Ольга Алиева
     </name>
    </respStmt>
    <funder>
     Проект «Слово Толстого»
    </funder>
   </titleStmt>
   <publicationStmt>
    <publisher>
     <orgName>
      Tolstoy Digital, DH CLOUD, Научно-образовательный союз «Родное Слово» проект «Слово Толстого»
     </orgName>
    </publisher>
    <availability>
     <p id="5cdd68ef-6d0d-4c3e-a674-a0df5056bf6f">
      Тексты и метатекстовая разметка доступны для свободного использования и распространения по лицензии Creative Commons Attribution Share-Alike (cc by-sa)
     </p>
    </availability>
    <date from="2015" to="2022"/>
   </publicationStmt>
   <notesStmt>
    <note>
     Публикуемые документы был получены с сайта tolstoy.ru в формате html, переведены в формат TEI. Исправлены некоторые ошибки распознавания. Тексты, написанные в дореформенной орфографии, сопоставлены с их версиями в современной орфографии.
    </note>
   </notesStmt>
   <sourceDesc>
    <biblStruct>
     <analytic>
      <author>
       Толстой Лев Николаевич
      </author>
     </analytic>
     <monogr>
      <title level="m">
       Полное собрание сочинений. Том 69
      </title>
      <imprint>
       <pubPlace>
        Москва
       </pubPlace>
       <publisher>
        Государственное издательство «Художественная литература»
       </publisher>
       <date when="1954"/>
      </imprint>
      <biblScope unit="vol">
       69
      </biblScope>
      <biblScope unit="page">
       71-72
      </biblScope>
     </monogr>
     <series>
      <title level="s">
       Л. Н. Толстой. Полное собрание сочинений: в 90 тт.
      </title>
     </series>
    </biblStruct>
    <bibl>
     Публикуется впервые
    </bibl>
   </sourceDesc>
  </fileDesc>
  <encodingDesc>
   <classDecl>
    <xi:include href="../../reference/taxonomy.xml"/>
   </classDecl>
  </encodingDesc>
  <profileDesc>
   <correspDesc>
    <correspAction type="sending">
     <persName ref="13883">
      Л. Н. Толстой
     </persName>
     <placeName>
      Москва
     </placeName>
     <date when="1896-03-20"/>
    </correspAction>
    <correspAction type="receiving">
     <persName ref="14894">
      Хилков Дмитрий Александрович
     </persName>
    </correspAction>
   </correspDesc>
   <langUsage>
    <language ident="ru"/>
   </langUsage>
   <textClass>
    <catRef ana="#tolstoy_heritage" target="library"/>
    <catRef ana="#letters" target="type"/>
    <catRef ana="#sent" target="sent"/>
   </textClass>
  </profileDesc>
 </teiHeader>
 <xenoData>
  <number type="in a volume">
   58
  </number>
 </xenoData>
 <text xml:id="D.A.Xilkovu_58" xmlns="http://www.tei-c.org/ns/1.0" xmlns:xi="http://www.w3.org/2001/XInclude">
  <body>
   <div>
    <pb n="71"/>
    <opener index="false">
     * 58.
     <name placement="text" ref="14894" type="person">
      Д. А. Хилкову
     </name>
     .1896 г. Марта 20. Москва.
    </opener>
    <p id="b636cc3f-a442-4c70-8464-1750377f79e3">
     Давно уже лежит у меня в пачке писем, на
     <choice original_editorial_correction="кот[орые]">
      <sic>
       кот
      </sic>
      <corr>
       которые
      </corr>
     </choice>
     надо и хочется ответить, ваше письмо,
     <ref target="#note1">
      1
     </ref>
     <note index="false" resp="volume_editor" xml:id="note1">
      Это письмо неизвестно.
     </note>
     дорогой Дмитрии Александрович. Времени мне остается мало, а дела кажется много, и от того я тороплюсь и еще меньше успеваю сделать то, что хотел, и в том числе и отвечать на письма. О вас же я знаю по вашим письмам к
     <choice original_editorial_correction="Чертк[ову]">
      <sic>
       Чертк
      </sic>
      <corr>
       Черткову
      </corr>
     </choice>
     ,
     <choice original_editorial_correction="Бирюк[ову]">
      <sic>
       Бирюк
      </sic>
      <corr>
       Бирюкову
      </corr>
     </choice>
     , Трегубову,
     <choice original_editorial_correction="кот[орые]">
      <sic>
       кот
      </sic>
      <corr>
       которые
      </corr>
     </choice>
     они, спасибо им, сообщают мне. Многие явления жизни тревожат меня и требуют как будто участия в них; таково прежде всего дело
     <choice original_editorial_correction="духоб[оров]">
      <sic>
       духоб
      </sic>
      <corr>
       духоборов
      </corr>
     </choice>
     ,
     <ref target="#note2">
      2
     </ref>
     <note index="false" resp="volume_editor" xml:id="note2">
      О деле духоборов см. письмо к Хилкову от 29 июля 1895 г. в т. 68.
     </note>
     но, во-1-х, не знаешь, что можешь сделать, а во-2-х, есть другие дела — не свои,
     <choice original_editorial_correction="кот[орые]">
      <sic>
       кот
      </sic>
      <corr>
       которые
      </corr>
     </choice>
     , думаешь, что нужно сделать прежде. Участие наше в делах определяется, как вы, вероятно, знаете, не важностью самих дел, даже не близостью их к нам, а сознанием призвания к этому делу и того, что участие твое требуется от тебя твоею совестью, богом. Не таково дело армян,
     <ref target="#note3">
      3
     </ref>
     <note index="false" resp="volume_editor" xml:id="note3">
      Турецкое правительство султана Абдул-Хамида, обеспокоенное ростом освободительного движения армян против турецкого ига, выработало жестокую программу «разрешения» армянского вопроса. В 1894—1896 гг. им были организованы кровавые армянские погромы, сопровождавшиеся громадным количеством жертв; так, в 1896 г. в азиатской Турции было уничтожено до 8000 тысяч армянских деревень при полном равнодушии и попустительстве европейских держав, что вызвало протест прогрессивных кругов России и других стран.
     </note>
     про
     <choice original_editorial_correction="кот[орое]">
      <sic>
       кот
      </sic>
      <corr>
       которое
      </corr>
     </choice>
     и вы пишете, и про которое получаю письма
     <ref target="#note4">
      4
     </ref>
     <note index="false" resp="volume_editor" xml:id="note4">
      Толстой имеет в виду полученное в тот же день письмо Е. Е. Лазарева от 14/26 марта, в котором тот обращал его внимание на ужасные резни армян, совершавшиеся в турецкой Армении, и просил его «сказать свое веское, искреннее и правдивое слово всему миру — столько же за себя, сколько и от имени русского
      <hi style="opdelimiter">
       народа».
      </hi>
     </note>
     и посещения армян. Qui trop embrasse, mal étreint.
     <ref target="#note5">
      5
     </ref>
     <note index="false" resp="volume_editor" xml:id="note5">
      Французская поговорка, соответствующая русской: за двумя зайцами погонишься, ни одного не поймаешь.
     </note>
     A y меня столько набралось дела, кажущегося мне необходимым, что я не позволяю себе делать того, к чему не чувствую требования этого голоса бога. Кроме двух начатых художественных вещей,
     <ref target="#note6">
      6
     </ref>
     <note index="false" resp="volume_editor" xml:id="note6">
      Роман «Воскресение» и драма «И свет во тьме светит».
     </note>
     которые, думаю, могут и должны, если удадутся, иметь большое и хорошее влияние, но которыми я занимаюсь только изредка, хочется прежде всего составить короткое, ясное, доступное простому человеку и ребенку изложение веры. Начал в форме катехизиса, переделывал много раз и теперь обдумываю и пишу без вопросов и ответов. Занят этим прежде всего уже второй год и считаю это делом первой важности. Готов ничего не писать после и умер бы спокойно, если бы удалось сделать это хоть близко к тому, что представляется.
    </p>
    <p id="0de459a1-d2d8-4a2e-8fc0-4ed0662be624">
     Другое дело — начал и хотелось бы коротко и ясно показать нелепость исповедания в наше время образованному
     <hi style="opdelimiter">
      человеку
     </hi>
     <pb n="72"/>
     <hi style="npdelimiter">
      церковных
     </hi>
     догматов о божестве Христа, искуплении, воскресении и пр.
     <ref target="#note7">
      7
     </ref>
     <note index="false" resp="volume_editor" xml:id="note7">
      Имеется в виду, вероятно, несохранившийся первоначальный набросок или план статьи, по теме своей отразившейся в письме к Сопоцько от 16 марта (№ 52).
     </note>
     Это мне кажется очень нужным, потому что не только у нас в России, но и в
     <choice original_editorial_correction="Евр[опе]">
      <sic>
       Евр
      </sic>
      <corr>
       Европе
      </corr>
     </choice>
     и
     <choice original_editorial_correction="Амер[ике]">
      <sic>
       Амер
      </sic>
      <corr>
       Америке
      </corr>
     </choice>
     встречаешь постоянно людей,
     <choice original_editorial_correction="кот[орые]">
      <sic>
       кот
      </sic>
      <corr>
       которые
      </corr>
     </choice>
     спокойно утверждают, что они верят, что
     <choice original_editorial_correction="Хр[истос]">
      <sic>
       Хр
      </sic>
      <corr>
       Христос
      </corr>
     </choice>
     улетел на небо и сидит одесную отца и т. п. Мне хотелось бы показать им, что они лгут, говоря, что верят в такие вещи, и что ложь эта очень вредна. Потом тоже начато
     <ref target="#note8">
      8
     </ref>
     <note index="false" resp="volume_editor" xml:id="note8">
      Замысел этот впоследствии получил развитие в письме к А. М. Калмыковой от 31 августа, известном под названием «Письмо к либералам».
     </note>
     — хотелось бы ясно показать, что учение либералов и социалистов о том, что надо работать над изменением внешних условий, есть главное препятствие истинного прогресса,
     <choice original_editorial_correction="п[отому]">
      <sic>
       п
      </sic>
      <corr>
       потому
      </corr>
     </choice>
     <choice original_editorial_correction="ч[то]">
      <sic>
       ч
      </sic>
      <corr>
       что
      </corr>
     </choice>
     для борьбы с средою надо иметь орудие борьбы (свободную душу), а они это-то самое уничтожают своими [
     <hi>
      3 неразобр
     </hi>
     .] условиями и пренебрежением к внутреннему укреплению своих сил. Потом тоже начато
     <ref target="#note9">
      9
     </ref>
     <note index="false" resp="volume_editor" xml:id="note9">
      Статья «Бессмысленные мечтания», написанная по поводу ответной речи Николая II 12 января 1895 г. представителям земств (см. т. 31).
     </note>
     —хотелось написать письмо государю о той ответственности, какую он берет на себя, делая то, что он делает, один сам собою. Разумеется, знаю, что не сделаю всего этого — не успею, — и думаю, что найдутся люди,
     <choice original_editorial_correction="к[оторые]">
      <sic>
       к
      </sic>
      <corr>
       которые
      </corr>
     </choice>
     сделают всё это лучше меня, но все-таки хочется те силы, какие есть, употребить на служение. Вы пишете, что возьметесь за изложение учения духоборов. Делайте это. Прощайте поклон вашей жене. Всегда любящий вас
    </p>
    <p id="5c629416-2b2c-48a4-b5c7-ddc26665a536" rend="right">
     <name placement="text" ref="13883" type="person">
      Л. Толстой
     </name>
     .
    </p>
    <p id="ed00a78e-f3ea-40b2-8c2c-eda3138f73e4">
     20 марта 1896.
    </p>
    <noteGrp type="comments">
     <note index="false" type="comments">
      <p id="d843ea3a-388f-4b07-acf4-f74a80b66e50" rend="Textpetit_otstup left">
       Печатается по листам 69 и 70 копировальной книги. Строки, не оттиснувшиеся при копировании, дополнены по машинописной копии. Дата копии.
      </p>
     </note>
    </noteGrp>
   </div>
  </body>
 </text>
</TEI>
