<?xml version="1.0" encoding="utf-8"?>
<TEI xmlns="http://www.tei-c.org/ns/1.0" xmlns:xi="http://www.w3.org/2001/XInclude">
 <teiHeader>
  <fileDesc>
   <titleStmt>
    <title xml:id="v69_195_P_V_Velikanovu">
     Письма и документы. Tolstoy Digital
    </title>
    <title type="main">
     Письмо П. В. Великанову от 17 декабря 1896 г.
    </title>
    <title type="bibl">
     Толстой Л. Н. Письмо П. В. Великанову, 17 декабря 1896 г. // Толстой Л. Н. Полное собрание сочинений: в 90 тт. Т. 69. М.: Гос. изд. «Художественная литература», 1954. С.
    </title>
    <respStmt>
     <resp>
      Идея, постановка задач, руководство:
     </resp>
     <name>
      Анастасия Бонч-Осмоловская, Фёкла Толстая, Борис Орехов, Тимофей Лукашевский
     </name>
    </respStmt>
    <respStmt>
     <resp>
      Подготовка TEI/XML:
     </resp>
     <name>
      Евгений Можаев, Даниил Скоринкин, Ирина Павлова, Матвей Колбасов, Елена Сидорова, Кирилл Милинцевич, Лев Буланов, Макар Федоров, Константин Петров
     </name>
    </respStmt>
    <respStmt>
     <resp>
      Подготовка метаданных:
     </resp>
     <name>
      Мария Картышева, Вероника Файнберг
     </name>
    </respStmt>
    <respStmt>
     <resp>
      Разметка имен собственных:
     </resp>
     <name>
      Никита Северин, Елена Северина
     </name>
    </respStmt>
    <respStmt>
     <resp>
      Исправление древнегреческого текста:
     </resp>
     <name>
      Ольга Алиева
     </name>
    </respStmt>
    <funder>
     Проект «Слово Толстого»
    </funder>
   </titleStmt>
   <publicationStmt>
    <publisher>
     <orgName>
      Tolstoy Digital, DH CLOUD, Научно-образовательный союз «Родное Слово» проект «Слово Толстого»
     </orgName>
    </publisher>
    <availability>
     <p id="03b2e575-04d5-421a-92f1-0bbed68b9c9a">
      Тексты и метатекстовая разметка доступны для свободного использования и распространения по лицензии Creative Commons Attribution Share-Alike (cc by-sa)
     </p>
    </availability>
    <date from="2015" to="2022"/>
   </publicationStmt>
   <notesStmt>
    <note>
     Публикуемые документы был получены с сайта tolstoy.ru в формате html, переведены в формат TEI. Исправлены некоторые ошибки распознавания. Тексты, написанные в дореформенной орфографии, сопоставлены с их версиями в современной орфографии.
    </note>
   </notesStmt>
   <sourceDesc>
    <biblStruct>
     <analytic>
      <author>
       Толстой Лев Николаевич
      </author>
     </analytic>
     <monogr>
      <title level="m">
       Полное собрание сочинений. Том 69
      </title>
      <imprint>
       <pubPlace>
        Москва
       </pubPlace>
       <publisher>
        Государственное издательство «Художественная литература»
       </publisher>
       <date when="1954"/>
      </imprint>
      <biblScope unit="vol">
       69
      </biblScope>
      <biblScope unit="page">
       222-223
      </biblScope>
     </monogr>
     <series>
      <title level="s">
       Л. Н. Толстой. Полное собрание сочинений: в 90 тт.
      </title>
     </series>
    </biblStruct>
    <bibl>
     Публикуется впервые
    </bibl>
   </sourceDesc>
  </fileDesc>
  <encodingDesc>
   <classDecl>
    <xi:include href="../../reference/taxonomy.xml"/>
   </classDecl>
  </encodingDesc>
  <profileDesc>
   <correspDesc>
    <correspAction type="sending">
     <persName ref="13883">
      Л. Н. Толстой
     </persName>
     <placeName>
      Москва
     </placeName>
     <date when="1896-12-17"/>
    </correspAction>
    <correspAction type="receiving">
     <persName ref="2389">
      Великанов Владимир Павлович
     </persName>
    </correspAction>
   </correspDesc>
   <langUsage>
    <language ident="ru"/>
   </langUsage>
   <textClass>
    <catRef ana="#tolstoy_heritage" target="library"/>
    <catRef ana="#letters" target="type"/>
    <catRef ana="#sent" target="sent"/>
   </textClass>
  </profileDesc>
 </teiHeader>
 <xenoData>
  <number type="in a volume">
   195
  </number>
 </xenoData>
 <text xml:id="P.V.Velikanovu_195" xmlns="http://www.tei-c.org/ns/1.0" xmlns:xi="http://www.w3.org/2001/XInclude">
  <body>
   <div>
    <pb n="222"/>
    <opener index="false">
     * 195. П. В. Великанову.1896 г. Декабря 17. Москва.
    </opener>
    <p id="97ce7bd5-2062-4014-b7c3-bcbc787f113e">
     Я слышал уже про то, что вы в Сибири, дорогой
     <name placement="text" ref="2390" type="person">
      Павел Васильевич
     </name>
     (если [не] ошибаюсь в отчестве), и теперь был очень рад получить ваше письмо.
     <ref target="#note1">
      1
     </ref>
     <note index="false" resp="volume_editor" xml:id="note1">
      Письмо Великанова, на которое отвечает Толстой, неизвестно.
     </note>
     То впечатление,
     <choice original_editorial_correction="кот[орое]">
      <sic>
       кот
      </sic>
      <corr>
       которое
      </corr>
     </choice>
     вы получили от молокан сибирских, я, помню, получил от молокан самарских, когда в первый раз познакомился с ними.
     <ref target="#note2">
      2
     </ref>
     <note index="false" resp="volume_editor" xml:id="note2">
      Толстой впервые познакомился с молоканами летом 1871 г. в самарских степях, куда он ездил лечиться кумысом.
     </note>
     Я ожидал от них слишком многого; я думаю, также и вы. Но, познакомившись с ними ближе, я нашел и в стариках и в молодых протестующих людях из них живое движение и растущее религиозное чувство. Боюсь, что вы тоже слишком строго судите субботников.
     <ref target="#note3">
      3
     </ref>
     <note index="false" resp="volume_editor" xml:id="note3">
      Субботники — разновидность библейско-рационалистической секты молокан.
     </note>
    </p>
    <p id="ff63c4e7-70f7-406b-bdbf-0100fcd1f9af">
     Что же касается Бондарева, то он сделал очень важное дело, изложив свое учение, и я понимаю, что он приписывает такое огромное значение своему первородному закону: во всех учениях о грехах первым грехом ставится праздность — лень. Но праздность, лень простая, прямая, безотговорочная, далеко не так вредна, как та праздность,
     <choice original_editorial_correction="кот[орой]">
      <sic>
       кот
      </sic>
      <corr>
       которой
      </corr>
     </choice>
     мы страдаем — оставляя важное дело на шее принужденных работать и отговариваясь нашими мнимо или сомнительно полезными для
     <hi style="opdelimiter">
      других
     </hi>
     <pb n="223"/>
     <hi style="npdelimiter">
      делами.
     </hi>
     Я очень рад за минусинских жителей за то, что вы поселились между ними; хотя это вам, может быть, будет и незаметно, я уверен, что ваше пребывание между ними отразится на них благоприятно. На днях был у меня
     <name placement="note" ref="9754" type="person">
      Никифоров
     </name>
     <ref target="#note4">
      4
     </ref>
     <note index="false" resp="volume_editor" xml:id="note4">
      <name placement="note" ref="9754" type="person">
       Лев Павлович Никифоров
      </name>
      .
     </note>
     и Кабанов и рассказывали, что ваши ученики, жившие общиною, хотят опять соединиться. Верно, они пишут вам, и вы знаете про них.
    </p>
    <p id="c6d679fb-b82a-4d0c-b492-7c44e1024144">
     Мы здесь очень заняты делом духоборов,
     <choice original_editorial_correction="котор[ые]">
      <sic>
       котор
      </sic>
      <corr>
       которые
      </corr>
     </choice>
     с необыкновенной
     <choice original_editorial_correction="твердост[ью]">
      <sic>
       твердост
      </sic>
      <corr>
       твердостью
      </corr>
     </choice>
     и единодушием несут гонения,
     <choice original_editorial_correction="кот[орым]">
      <sic>
       кот
      </sic>
      <corr>
       которым
      </corr>
     </choice>
     их подвергают. Я пришлю вам воззвание,
     <choice original_editorial_correction="к[оторое]">
      <sic>
       к
      </sic>
      <corr>
       которое
      </corr>
     </choice>
     мы составили, с
     <choice original_editorial_correction="к[оторым]">
      <sic>
       к
      </sic>
      <corr>
       которым
      </corr>
     </choice>
     поехал
     <choice original_editorial_correction="Чертк[ов]">
      <sic>
       Чертк
      </sic>
      <corr>
       Чертков
      </corr>
     </choice>
     в
     <choice original_editorial_correction="Петерб[ург]">
      <sic>
       Петерб
      </sic>
      <corr>
       Петербург
      </corr>
     </choice>
     и по
     <choice original_editorial_correction="кот[орому]">
      <sic>
       кот
      </sic>
      <corr>
       которому
      </corr>
     </choice>
     мы думаем собирать пожертвования для них.
     <ref target="#note5">
      5
     </ref>
     <note index="false" resp="volume_editor" xml:id="note5">
      Составленное П. И. Бирюковым, И. М. Трегубовыми В. Г. Чертковым воззвание о помощи преследуемым духоборам, озаглавленное «Помогите!».
     </note>
     Книги,
     <choice original_editorial_correction="к[оторые]">
      <sic>
       к
      </sic>
      <corr>
       которые
      </corr>
     </choice>
     вы желаете иметь, вышлю, также и
     <choice original_editorial_correction="нек[оторые]">
      <sic>
       нек
      </sic>
      <corr>
       некоторые
      </corr>
     </choice>
     из новых статей,
     <choice original_editorial_correction="кот[орые]">
      <sic>
       кот
      </sic>
      <corr>
       которые
      </corr>
     </choice>
     вы, может быть, не читали.
    </p>
    <p id="b6f017b4-c668-47fe-ba92-e917c8cee2b0">
     Когда же вы съедетесь с семьей? Как вам живется с сыном? Пишите мне.
    </p>
    <p id="805974b9-7ba2-4e69-b197-59cf566f8db6" rend="right">
     Любящий вас
     <name placement="text" ref="13883" type="person">
      Л. Толстой
     </name>
     .
    </p>
    <p id="f373341e-84b0-4bca-aee8-0f30840c2e8e">
     17 декабря 1896. Москва.
    </p>
    <lb/>
    <p id="6112d1c9-7095-41d7-9dd9-2195caf7def4">
     Передайте мой привет Бондареву.
    </p>
    <noteGrp type="comments">
     <note index="false" type="comments">
      <p id="b1eda2a6-8ca8-4fa5-8efe-581f6cf85556" rend="Textpetit_otstup left">
       <name placement="comments" ref="2390" type="person">
        Павел Васильевич Великанов
       </name>
       (1860—1945) — народный учитель, одно время сочувствовавший взглядам Толстого. См. т. 66, стр. 62.
      </p>
     </note>
    </noteGrp>
   </div>
  </body>
 </text>
</TEI>
