<?xml version="1.0" encoding="utf-8"?>
<TEI xmlns="http://www.tei-c.org/ns/1.0" xmlns:xi="http://www.w3.org/2001/XInclude">
 <teiHeader>
  <fileDesc>
   <titleStmt>
    <title xml:id="v69_168_V_BodeBodeWilhelm">
     Письма и документы. Tolstoy Digital
    </title>
    <title type="main">
     Письмо В. Боде (Bode Wilhelm) от 11 ноября 1896 г.
    </title>
    <title type="bibl">
     Толстой Л. Н. Письмо В. Боде (Bode Wilhelm), 11 ноября 1896 г. // Толстой Л. Н. Полное собрание сочинений: в 90 тт. Т. 69. М.: Гос. изд. «Художественная литература», 1954. С.
    </title>
    <respStmt>
     <resp>
      Идея, постановка задач, руководство:
     </resp>
     <name>
      Анастасия Бонч-Осмоловская, Фёкла Толстая, Борис Орехов, Тимофей Лукашевский
     </name>
    </respStmt>
    <respStmt>
     <resp>
      Подготовка TEI/XML:
     </resp>
     <name>
      Евгений Можаев, Даниил Скоринкин, Ирина Павлова, Матвей Колбасов, Елена Сидорова, Кирилл Милинцевич, Лев Буланов, Макар Федоров, Константин Петров
     </name>
    </respStmt>
    <respStmt>
     <resp>
      Подготовка метаданных:
     </resp>
     <name>
      Мария Картышева, Вероника Файнберг
     </name>
    </respStmt>
    <respStmt>
     <resp>
      Разметка имен собственных:
     </resp>
     <name>
      Никита Северин, Елена Северина
     </name>
    </respStmt>
    <respStmt>
     <resp>
      Исправление древнегреческого текста:
     </resp>
     <name>
      Ольга Алиева
     </name>
    </respStmt>
    <funder>
     Проект «Слово Толстого»
    </funder>
   </titleStmt>
   <publicationStmt>
    <publisher>
     <orgName>
      Tolstoy Digital, DH CLOUD, Научно-образовательный союз «Родное Слово» проект «Слово Толстого»
     </orgName>
    </publisher>
    <availability>
     <p id="66e4e66b-6020-46b0-9fc4-df5ee246d73a">
      Тексты и метатекстовая разметка доступны для свободного использования и распространения по лицензии Creative Commons Attribution Share-Alike (cc by-sa)
     </p>
    </availability>
    <date from="2015" to="2022"/>
   </publicationStmt>
   <notesStmt>
    <note>
     Публикуемые документы был получены с сайта tolstoy.ru в формате html, переведены в формат TEI. Исправлены некоторые ошибки распознавания. Тексты, написанные в дореформенной орфографии, сопоставлены с их версиями в современной орфографии.
    </note>
   </notesStmt>
   <sourceDesc>
    <biblStruct>
     <analytic>
      <author>
       Толстой Лев Николаевич
      </author>
     </analytic>
     <monogr>
      <title level="m">
       Полное собрание сочинений. Том 69
      </title>
      <imprint>
       <pubPlace>
        Москва
       </pubPlace>
       <publisher>
        Государственное издательство «Художественная литература»
       </publisher>
       <date when="1954"/>
      </imprint>
      <biblScope unit="vol">
       69
      </biblScope>
      <biblScope unit="page">
       198-198
      </biblScope>
     </monogr>
     <series>
      <title level="s">
       Л. Н. Толстой. Полное собрание сочинений: в 90 тт.
      </title>
     </series>
    </biblStruct>
    <bibl>
     Публикуется впервые
    </bibl>
   </sourceDesc>
  </fileDesc>
  <encodingDesc>
   <classDecl>
    <xi:include href="../../reference/taxonomy.xml"/>
   </classDecl>
  </encodingDesc>
  <profileDesc>
   <correspDesc>
    <correspAction type="sending">
     <persName ref="13883">
      Л. Н. Толстой
     </persName>
     <placeName>
      Ясная Поляна
     </placeName>
     <date when="1896-11-11"/>
    </correspAction>
    <correspAction type="receiving">
     <persName ref="1617">
      Боде Вильгельм (Wilhelm Bode)
     </persName>
    </correspAction>
   </correspDesc>
   <langUsage>
    <language ident="ru"/>
   </langUsage>
   <textClass>
    <catRef ana="#tolstoy_heritage" target="library"/>
    <catRef ana="#letters" target="type"/>
    <catRef ana="#sent" target="sent"/>
   </textClass>
  </profileDesc>
 </teiHeader>
 <xenoData>
  <number type="in a volume">
   168
  </number>
 </xenoData>
 <text xml:id="V.BodeBodeWilhelm_168" xmlns="http://www.tei-c.org/ns/1.0" xmlns:xi="http://www.w3.org/2001/XInclude">
  <body>
   <div>
    <pb n="198"/>
    <opener index="false">
     * 168.
     <name placement="text" ref="1617" type="person">
      Вильгельму Боде (Wilhelm Bode)
     </name>
     .1896г. Ноября 11 Я. П.
    </opener>
    <p id="b7d049b0-9ea7-42a9-8dbf-a66e104efd3b" rend="Obrashenie">
     Geehrter Herr,
    </p>
    <p id="c51247ff-a3fc-4e3c-944a-45aab4d977a5">
     Obgleich die Nachricht, dass ich aus Russland ausgeschickt werde, bis jetzt noch nicht wahr ist, danke ich Sie herzlich für Ihren guten Brief.
    </p>
    <p id="cc42bef5-d49d-404b-b04c-511dd436ab4e">
     Die Überzeugung, dass man, ohne sie persönlich zu kennen, in geistigen und freundlichen Verhältnissen steht mit solchen Leuten, wie Sie, ist eine der grössten Freuden meines Lebens.
    </p>
    <p id="0ff18afc-c908-47da-a5f9-51500412179b" rend="right rightindent1">
     Mit Achtung und Sympathie
    </p>
    <p id="22a81712-fbe4-4f23-9fbe-76ce65c15cd7" rend="right rightindent">
     Ihr ergebener
    </p>
    <p id="3a019349-e141-46aa-be75-c1bb1275831f" rend="right">
     Leo Tolstoi.
    </p>
    <p id="40287bf6-8b84-4fa4-a336-271b3a3e2ca9">
     23 Novembre 1896.
    </p>
    <lb/>
    <p id="c6e6abed-dee0-4dfa-9b71-52f62579d347" rend="Obrashenie petit">
     Милостивый государь,
    </p>
    <p id="de9b2302-713e-4c8c-9e20-1d8d57b19dfb" rend="petit">
     Хотя известие о том, что меня высылают из России, пока неверно, сердечно благодарю вас за ваше хорошее письмо.
    </p>
    <p id="03efb060-de8a-4b5e-9ba4-533bdf2e1fc5" rend="petit">
     Сознание того, что, даже не зная их лично, находишься в духовном и дружеском общении с такими людьми, как вы, одна из самых больших радостей моей жизни.
    </p>
    <p id="7ede2af9-eaa9-43ab-9194-fd1f78dee542" rend="petit right rightindent1">
     С уважением и симпатией
    </p>
    <p id="67007eab-4adb-4741-a85d-454a4ed3e787" rend="petit right rightindent">
     преданный вам
    </p>
    <p id="b7bd729a-4ed6-45e6-801d-48ae17b55d10" rend="petit right">
     <name placement="text" ref="13883" type="person">
      Лев Толстой
     </name>
     .
    </p>
    <p id="f541e523-83e6-4fb6-a5f3-ba2ef1a1fbf5" rend="petit">
     23 ноября 1896.
    </p>
    <noteGrp type="comments">
     <note index="false" type="comments">
      <p id="febf646d-8c2e-4c11-b574-b80b62ad337e" rend="Textpetit_otstup left">
       Печатается по листу 134 копировальной книги.
      </p>
     </note>
     <note index="false" type="comments">
      <p id="d58c177b-f137-48bf-91df-7922c5e4cb7b" rend="petit">
       <name placement="comments" ref="1617" type="person">
        Вильгельм Боде (Wilhelm Bode
       </name>
       , 1862—1922) — немецкий писатель, литературовед. Написал книгу «Die Lehre Tolstois» («Учение Толстого»), Веймар, 1900.
      </p>
     </note>
     <note index="false" type="comments">
      <p id="3f2cffd5-8ae3-4f4c-99fd-7ba711f426ee" rend="petit">
       Ответ на письмо Боде из Хильдесхейма от 10 ноября н. ст., в котором он писал, что прочел в газетах о предполагаемой высылке Толстого из России и предлагает ему на этот случай гостеприимство в своем доме.
      </p>
     </note>
    </noteGrp>
   </div>
  </body>
 </text>
</TEI>
