<?xml version="1.0" encoding="utf-8"?>
<TEI xmlns="http://www.tei-c.org/ns/1.0" xmlns:xi="http://www.w3.org/2001/XInclude">
 <teiHeader>
  <fileDesc>
   <titleStmt>
    <title xml:id="v69_143_S_I_Kobelevu">
     Письма и документы. Tolstoy Digital
    </title>
    <title type="main">
     Письмо С. И. Кобелеву от 18 октября 1896 г.
    </title>
    <title type="bibl">
     Толстой Л. Н. Письмо С. И. Кобелеву, 18 октября 1896 г. // Толстой Л. Н. Полное собрание сочинений: в 90 тт. Т. 69. М.: Гос. изд. «Художественная литература», 1954. С.
    </title>
    <respStmt>
     <resp>
      Идея, постановка задач, руководство:
     </resp>
     <name>
      Анастасия Бонч-Осмоловская, Фёкла Толстая, Борис Орехов, Тимофей Лукашевский
     </name>
    </respStmt>
    <respStmt>
     <resp>
      Подготовка TEI/XML:
     </resp>
     <name>
      Евгений Можаев, Даниил Скоринкин, Ирина Павлова, Матвей Колбасов, Елена Сидорова, Кирилл Милинцевич, Лев Буланов, Макар Федоров, Константин Петров
     </name>
    </respStmt>
    <respStmt>
     <resp>
      Подготовка метаданных:
     </resp>
     <name>
      Мария Картышева, Вероника Файнберг
     </name>
    </respStmt>
    <respStmt>
     <resp>
      Разметка имен собственных:
     </resp>
     <name>
      Никита Северин, Елена Северина
     </name>
    </respStmt>
    <respStmt>
     <resp>
      Исправление древнегреческого текста:
     </resp>
     <name>
      Ольга Алиева
     </name>
    </respStmt>
    <funder>
     Проект «Слово Толстого»
    </funder>
   </titleStmt>
   <publicationStmt>
    <publisher>
     <orgName>
      Tolstoy Digital, DH CLOUD, Научно-образовательный союз «Родное Слово» проект «Слово Толстого»
     </orgName>
    </publisher>
    <availability>
     <p id="08486b44-2739-4c91-bed0-f985652fb93d">
      Тексты и метатекстовая разметка доступны для свободного использования и распространения по лицензии Creative Commons Attribution Share-Alike (cc by-sa)
     </p>
    </availability>
    <date from="2015" to="2022"/>
   </publicationStmt>
   <notesStmt>
    <note>
     Публикуемые документы был получены с сайта tolstoy.ru в формате html, переведены в формат TEI. Исправлены некоторые ошибки распознавания. Тексты, написанные в дореформенной орфографии, сопоставлены с их версиями в современной орфографии.
    </note>
   </notesStmt>
   <sourceDesc>
    <biblStruct>
     <analytic>
      <author>
       Толстой Лев Николаевич
      </author>
     </analytic>
     <monogr>
      <title level="m">
       Полное собрание сочинений. Том 69
      </title>
      <imprint>
       <pubPlace>
        Москва
       </pubPlace>
       <publisher>
        Государственное издательство «Художественная литература»
       </publisher>
       <date when="1954"/>
      </imprint>
      <biblScope unit="vol">
       69
      </biblScope>
      <biblScope unit="page">
       176-177
      </biblScope>
     </monogr>
     <series>
      <title level="s">
       Л. Н. Толстой. Полное собрание сочинений: в 90 тт.
      </title>
     </series>
    </biblStruct>
    <bibl>
     Публикуется впервые
    </bibl>
   </sourceDesc>
  </fileDesc>
  <encodingDesc>
   <classDecl>
    <xi:include href="../../reference/taxonomy.xml"/>
   </classDecl>
  </encodingDesc>
  <profileDesc>
   <correspDesc>
    <correspAction type="sending">
     <persName ref="13883">
      Л. Н. Толстой
     </persName>
     <placeName>
      Ясная Поляна
     </placeName>
     <date when="1896-10-18"/>
    </correspAction>
    <correspAction type="receiving">
     <persName ref="6563">
      Кобелев Степан Ильич
     </persName>
    </correspAction>
   </correspDesc>
   <langUsage>
    <language ident="ru"/>
   </langUsage>
   <textClass>
    <catRef ana="#tolstoy_heritage" target="library"/>
    <catRef ana="#letters" target="type"/>
    <catRef ana="#sent" target="sent"/>
   </textClass>
  </profileDesc>
 </teiHeader>
 <xenoData>
  <number type="in a volume">
   143
  </number>
 </xenoData>
 <text xml:id="S.I.Kobelevu_143" xmlns="http://www.tei-c.org/ns/1.0" xmlns:xi="http://www.w3.org/2001/XInclude">
  <body>
   <div>
    <pb n="176"/>
    <opener index="false">
     * 143.
     <name placement="text" ref="6563" type="person">
      С. И. Кобелеву
     </name>
     .1896 г. Октября 18. Я. П.
    </opener>
    <p id="12f7fa8d-272c-41a6-8ee2-adbacc8a3fd4">
     Получил ваше письмо, любезный брат Степан, в котором вы пишете мне о желании приехать ко мне для того, чтобы, как я понял, сообщить мне ваши некоторые мысли о жизни. Я
     <hi style="opdelimiter">
      очень
     </hi>
     <pb n="177"/>
     <hi style="npdelimiter">
      желаю
     </hi>
     узнать ваши мысли, но не думаю, чтобы для этого вам нужно было предпринимать труд и расходы такого далекого путешествия. Я бы вас просил написать мне, хотя вкратце, о том, в чем состоят ваши мысли. Я надеюсь, что пойму их, чего они касаются, хотя бы вы и не могли их вполне выразить в письме, и тогда уже, если бы оказалось, что мысли эти неизвестны мне и, по моему суждению, важны, я бы тогда бы написал вам в ответ, прося приехать. В противном случае, если мысли эти касаются предмета мне неизвестного или несочувственного, было бы жалко потратить напрасно время и деньги на длинное путешествие. Не думайте, чтобы я это писал,
     <choice original_editorial_correction="пот[ому]">
      <sic>
       пот
      </sic>
      <corr>
       потому
      </corr>
     </choice>
     <choice original_editorial_correction="ч[то]">
      <sic>
       ч
      </sic>
      <corr>
       что
      </corr>
     </choice>
     не желаю принять вас; напротив, я очень желал бы видеть вас у себя и беседовать с вами, но пишу это любя, боясь ввести вас в бесполезную трату. Евангелие
     <ref target="#note1">
      1
     </ref>
     <note index="false" resp="volume_editor" xml:id="note1">
      Евангелие с местами, подчеркнутыми Толстым, которое он обещал послать Кобелеву.
      <ref target="file:///Volume_69_S.I.Kobelevu_90.xml">
       См. письмо № 90
      </ref>
      .
     </note>
     и статейку о том, как читать евангелия,
     <ref target="#note2">
      2
     </ref>
     <note index="false" resp="volume_editor" xml:id="note2">
      «Как читать евангелие и в чем его сущность».
     </note>
     при сем посылаю. Замедление произошло
     <choice original_editorial_correction="п[отому]">
      <sic>
       п
      </sic>
      <corr>
       потому
      </corr>
     </choice>
     ,
     <choice original_editorial_correction="ч[то]">
      <sic>
       ч
      </sic>
      <corr>
       что
      </corr>
     </choice>
     дочь,
     <choice original_editorial_correction="кот[орой]">
      <sic>
       кот
      </sic>
      <corr>
       которой
      </corr>
     </choice>
     я поручил это сделать, не имела готовых евангелий. Затем прощайте, братски целую вас.
    </p>
    <p id="8b52feac-adbe-4a37-ba31-7d92c56df5bf" rend="right">
     <name placement="text" ref="13883" type="person">
      Лев Толстой
     </name>
     .
    </p>
    <p id="d9c1429b-5ac4-4c81-8e36-1d65604e17d1">
     Жду ответа.
    </p>
    <p id="8da69024-4787-4584-b21d-578b0f714b51">
     Я живу в деревне и адрес в г. Тулу.
    </p>
    <p id="fc36eab0-c69f-4392-ad77-68dd419059af" rend="right">
     18 окт. 96.
    </p>
    <p id="eac846e0-cc48-40a9-b0b1-6424ea5bdd78" rend="petit">
     Печатается по листам 93 и 95 копировальной книги.
    </p>
    <p id="fca3866f-5cbf-4ce7-9bbb-213de60a3343" rend="petit">
     Ответ Кобелеву на письмо от 5 октября 1896 г., в котором тот, потеряв надежду видеть Толстого у себя в Ессентуках (
     <ref target="file:///Volume_69_S.I.Kobelevu_90.xml">
      см. письмо № 90
     </ref>
     ), выражал намерение в конце октября сам приехать в Ясную Поляну.
    </p>
    <noteGrp type="comments"/>
   </div>
  </body>
 </text>
</TEI>
