<?xml version="1.0" encoding="utf-8"?>
<TEI xmlns="http://www.tei-c.org/ns/1.0" xmlns:xi="http://www.w3.org/2001/XInclude">
 <teiHeader>
  <fileDesc>
   <titleStmt>
    <title xml:id="v69_093_A_A_Tugarinovoj">
     Письма и документы. Tolstoy Digital
    </title>
    <title type="main">
     Письмо А. А. Тугариновой от 4 июля 1896 г.
    </title>
    <title type="bibl">
     Толстой Л. Н. Письмо А. А. Тугариновой, 4 июля 1896 г. // Толстой Л. Н. Полное собрание сочинений: в 90 тт. Т. 69. М.: Гос. изд. «Художественная литература», 1954. С.
    </title>
    <respStmt>
     <resp>
      Идея, постановка задач, руководство:
     </resp>
     <name>
      Анастасия Бонч-Осмоловская, Фёкла Толстая, Борис Орехов, Тимофей Лукашевский
     </name>
    </respStmt>
    <respStmt>
     <resp>
      Подготовка TEI/XML:
     </resp>
     <name>
      Евгений Можаев, Даниил Скоринкин, Ирина Павлова, Матвей Колбасов, Елена Сидорова, Кирилл Милинцевич, Лев Буланов, Макар Федоров, Константин Петров
     </name>
    </respStmt>
    <respStmt>
     <resp>
      Подготовка метаданных:
     </resp>
     <name>
      Мария Картышева, Вероника Файнберг
     </name>
    </respStmt>
    <respStmt>
     <resp>
      Разметка имен собственных:
     </resp>
     <name>
      Никита Северин, Елена Северина
     </name>
    </respStmt>
    <respStmt>
     <resp>
      Исправление древнегреческого текста:
     </resp>
     <name>
      Ольга Алиева
     </name>
    </respStmt>
    <funder>
     Проект «Слово Толстого»
    </funder>
   </titleStmt>
   <publicationStmt>
    <publisher>
     <orgName>
      Tolstoy Digital, DH CLOUD, Научно-образовательный союз «Родное Слово» проект «Слово Толстого»
     </orgName>
    </publisher>
    <availability>
     <p id="83a987d7-ec6b-49b2-9aa1-c2247b2bb99d">
      Тексты и метатекстовая разметка доступны для свободного использования и распространения по лицензии Creative Commons Attribution Share-Alike (cc by-sa)
     </p>
    </availability>
    <date from="2015" to="2022"/>
   </publicationStmt>
   <notesStmt>
    <note>
     Публикуемые документы был получены с сайта tolstoy.ru в формате html, переведены в формат TEI. Исправлены некоторые ошибки распознавания. Тексты, написанные в дореформенной орфографии, сопоставлены с их версиями в современной орфографии.
    </note>
   </notesStmt>
   <sourceDesc>
    <biblStruct>
     <analytic>
      <author>
       Толстой Лев Николаевич
      </author>
     </analytic>
     <monogr>
      <title level="m">
       Полное собрание сочинений. Том 69
      </title>
      <imprint>
       <pubPlace>
        Москва
       </pubPlace>
       <publisher>
        Государственное издательство «Художественная литература»
       </publisher>
       <date when="1954"/>
      </imprint>
      <biblScope unit="vol">
       69
      </biblScope>
      <biblScope unit="page">
       117-117
      </biblScope>
     </monogr>
     <series>
      <title level="s">
       Л. Н. Толстой. Полное собрание сочинений: в 90 тт.
      </title>
     </series>
    </biblStruct>
    <bibl>
     Публикуется впервые
    </bibl>
   </sourceDesc>
  </fileDesc>
  <encodingDesc>
   <classDecl>
    <xi:include href="../../reference/taxonomy.xml"/>
   </classDecl>
  </encodingDesc>
  <profileDesc>
   <correspDesc>
    <correspAction type="sending">
     <persName ref="13883">
      Л. Н. Толстой
     </persName>
     <placeName>
      Ясная Поляна
     </placeName>
     <date when="1896-07-04"/>
    </correspAction>
    <correspAction type="receiving">
     <persName ref="14091">
      Тугаринова Александра Афанасьевна
     </persName>
    </correspAction>
   </correspDesc>
   <langUsage>
    <language ident="ru"/>
   </langUsage>
   <textClass>
    <catRef ana="#tolstoy_heritage" target="library"/>
    <catRef ana="#letters" target="type"/>
    <catRef ana="#sent" target="sent"/>
   </textClass>
  </profileDesc>
 </teiHeader>
 <xenoData>
  <number type="in a volume">
   93
  </number>
 </xenoData>
 <text xml:id="A.A.Tugarinovoj_93" xmlns="http://www.tei-c.org/ns/1.0" xmlns:xi="http://www.w3.org/2001/XInclude">
  <body>
   <div>
    <pb n="117"/>
    <opener index="false">
     * 93. А. А. Тугариновой.1896 г. Июля 4. Я. П.
    </opener>
    <p id="3181b14a-2e8f-41c5-b407-f73861b91a65">
     Получив ваше письмо, хотел тотчас отвечать и выразить вам и вашему семейству сердечное сочувствие вашему горю, но в письме не нашел адреса и теперь только, перебирая письма, нашел его на конверте и вот пишу.
    </p>
    <p id="5eb86485-11d1-4d5d-8a7c-b28259857323">
     Смерть детей и, в особенности, такая ужасная, как смерть вашего маленького брата, должна приводить в отчаяние всех сильно чувствующих и не имеющих веры в вечную жизнь людей. Надеюсь, что вы не принадлежите к ним и не только знаете, но всем существом чувствуете, что ваша жизнь истинная, так же, как и жизнь вашего брата, не может уничтожиться и отделиться от вас, что она только скрылась на время от нашего взора, но что как мы все здесь соединены возможностью любви, т. е.117 118богом, так мы всегда и везде соединены в нем и только заблуждаемся, чувствуя себя здесь разделенными на отдельные существа. Задача нашей жизни здесь уничтожить это разделение любовью. Дай бог вам расти в ней.
    </p>
    <p id="44663e1e-d052-4051-92b9-bcd0793e798d" rend="right">
     <name placement="text" ref="13883" type="person">
      Лев Толстой
     </name>
     .
    </p>
    <lb/>
    <p id="1fa063f9-ab36-4fd5-bd50-4eab3e0b1ecb">
     Если будете писать, опишите подробно несчастье с братом и каких он лет?
    </p>
    <noteGrp type="comments">
     <note index="false" type="comments">
      <p id="8928aa5e-06e6-44db-add5-c954c68d71bc" rend="Textpetit_otstup left">
       Печатается по листам 64 и 67 копировальной книги. Дата определяется местом письма в копировальной книге, где оно скопировано между листами письма к С. И. Кобелеву, датированного Толстым 4 июля.
      </p>
     </note>
     <note index="false" type="comments">
      <p id="b5e00483-675a-46cc-be5a-72ca1dcb65c1" rend="petit">
       <name placement="comments" ref="14091" type="person">
        Александра Афанасьевна Тугаринова
       </name>
       (р. 1876) — по окончании гимназии в Саратове в 1896 г. училась на Высших женских курсах в Петербурге; родственница Л. Ф. Анненковой, через которую познакомилась лично с Толстым.
      </p>
     </note>
     <note index="false" type="comments">
      <p id="f4625730-8333-4839-832d-e9ab9e85751a" rend="petit">
       Ответ на письмо Тугариновой от 7 июля 1896 г., в котором она сообщала о смерти своего младшего брата, заблудившегося в лесу и найденного мертвым.
      </p>
     </note>
    </noteGrp>
   </div>
  </body>
 </text>
</TEI>
