<?xml version="1.0" encoding="utf-8"?>
<TEI xmlns="http://www.tei-c.org/ns/1.0" xmlns:xi="http://www.w3.org/2001/XInclude">
 <teiHeader>
  <fileDesc>
   <titleStmt>
    <title xml:id="v69_099_T_A_Kuzminskoj">
     Письма и документы. Tolstoy Digital
    </title>
    <title type="main">
     Письмо Т. А. Кузминской от 1 августа 1896 г.
    </title>
    <title type="bibl">
     Толстой Л. Н. Письмо Т. А. Кузминской, 1 августа 1896 г. // Толстой Л. Н. Полное собрание сочинений: в 90 тт. Т. 69. М.: Гос. изд. «Художественная литература», 1954. С.
    </title>
    <respStmt>
     <resp>
      Идея, постановка задач, руководство:
     </resp>
     <name>
      Анастасия Бонч-Осмоловская, Фёкла Толстая, Борис Орехов, Тимофей Лукашевский
     </name>
    </respStmt>
    <respStmt>
     <resp>
      Подготовка TEI/XML:
     </resp>
     <name>
      Евгений Можаев, Даниил Скоринкин, Ирина Павлова, Матвей Колбасов, Елена Сидорова, Кирилл Милинцевич, Лев Буланов, Макар Федоров, Константин Петров
     </name>
    </respStmt>
    <respStmt>
     <resp>
      Подготовка метаданных:
     </resp>
     <name>
      Мария Картышева, Вероника Файнберг
     </name>
    </respStmt>
    <respStmt>
     <resp>
      Разметка имен собственных:
     </resp>
     <name>
      Никита Северин, Елена Северина
     </name>
    </respStmt>
    <respStmt>
     <resp>
      Исправление древнегреческого текста:
     </resp>
     <name>
      Ольга Алиева
     </name>
    </respStmt>
    <funder>
     Проект «Слово Толстого»
    </funder>
   </titleStmt>
   <publicationStmt>
    <publisher>
     <orgName>
      Tolstoy Digital, DH CLOUD, Научно-образовательный союз «Родное Слово» проект «Слово Толстого»
     </orgName>
    </publisher>
    <availability>
     <p id="aa57f556-1a9d-4a6d-b19c-c7490afe3a3d">
      Тексты и метатекстовая разметка доступны для свободного использования и распространения по лицензии Creative Commons Attribution Share-Alike (cc by-sa)
     </p>
    </availability>
    <date from="2015" to="2022"/>
   </publicationStmt>
   <notesStmt>
    <note>
     Публикуемые документы был получены с сайта tolstoy.ru в формате html, переведены в формат TEI. Исправлены некоторые ошибки распознавания. Тексты, написанные в дореформенной орфографии, сопоставлены с их версиями в современной орфографии.
    </note>
   </notesStmt>
   <sourceDesc>
    <biblStruct>
     <analytic>
      <author>
       Толстой Лев Николаевич
      </author>
     </analytic>
     <monogr>
      <title level="m">
       Полное собрание сочинений. Том 69
      </title>
      <imprint>
       <pubPlace>
        Москва
       </pubPlace>
       <publisher>
        Государственное издательство «Художественная литература»
       </publisher>
       <date when="1954"/>
      </imprint>
      <biblScope unit="vol">
       69
      </biblScope>
      <biblScope unit="page">
       120-122
      </biblScope>
     </monogr>
     <series>
      <title level="s">
       Л. Н. Толстой. Полное собрание сочинений: в 90 тт.
      </title>
     </series>
    </biblStruct>
    <bibl>
     Публикуется впервые
    </bibl>
   </sourceDesc>
  </fileDesc>
  <encodingDesc>
   <classDecl>
    <xi:include href="../../reference/taxonomy.xml"/>
   </classDecl>
  </encodingDesc>
  <profileDesc>
   <correspDesc>
    <correspAction type="sending">
     <persName ref="13883">
      Л. Н. Толстой
     </persName>
     <placeName>
      Ясная Поляна
     </placeName>
     <date when="1896-08-01"/>
    </correspAction>
    <correspAction type="receiving">
     <persName ref="7286">
      Кузминская Татьяна Андреевна, рожд. Берс
     </persName>
    </correspAction>
   </correspDesc>
   <langUsage>
    <language ident="ru"/>
   </langUsage>
   <textClass>
    <catRef ana="#tolstoy_heritage" target="library"/>
    <catRef ana="#letters" target="type"/>
    <catRef ana="#sent" target="sent"/>
   </textClass>
  </profileDesc>
 </teiHeader>
 <xenoData>
  <number type="in a volume">
   99
  </number>
 </xenoData>
 <text xml:id="T.A.Kuzminskoj_99" xmlns="http://www.tei-c.org/ns/1.0" xmlns:xi="http://www.w3.org/2001/XInclude">
  <body>
   <div>
    <pb n="120"/>
    <opener index="false">
     * 99. Т. А. Кузминской.1896 г. Августа 1—4. Я. П.
    </opener>
    <p id="0da262db-e222-42b8-aa73-06679f669dc6" rend="Obrashenie">
     Милый друг Таня,
    </p>
    <p id="6468a66f-07dd-41b1-bebb-b6d504c4c47f">
     К тебе большая просьба, и, обращая ее к тебе, не испытываю ни малейшего смущения или сомнения, а, напротив, уверен, что ты всё сделаешь, и отлично, как ты всё делаешь, кроме того, что ты дурно делаешь, в числе
     <choice original_editorial_correction="кот[орого]">
      <sic>
       кот
      </sic>
      <corr>
       которого
      </corr>
     </choice>
     главное то, когда ты бранишься. Впрочем, это было, теперь, верно, уже нет, и
     <hi style="opdelimiter">
      ты
     </hi>
     <pb n="121"/>
     <hi style="npdelimiter">
      всё
     </hi>
     делаешь отлично, так же как поешь, как мне часто казалось. Теперь, польстив тебе немножно, хотя и не очень тонко, приступаю к просьбе. Есть в Киеве на
     <choice original_editorial_correction="больш[ой]">
      <sic>
       больш
      </sic>
      <corr>
       большой
      </corr>
     </choice>
     Дорогожицкой ул., д. Массе, № 14, г-н и г-жа Злинченко.
     <ref target="#note1">
      1
     </ref>
     <note index="false" resp="volume_editor" xml:id="note1">
      <name placement="note" ref="5438" type="person">
       Кирилл Павлович Злинченко
      </name>
      (р. 1870) — революционер, бывший член киевского кружка народовольцев. В 1895 г. познакомился с Толстым и с кружком «Посредника». Летом 1896 г. приехал из Киева в Ясную Поляну и поселился в Деменках на даче В. Г. Черткова. Вернувшись обратно в Киев в июле того же года, занялся печатанием на гектографе запрещенных статей Толстого, за что в сентябре был арестован и посажен в тюрьму; в конце декабря 1896 г. освобожден. В 1901 г. был вторично у Толстого, начав уже разочаровываться в его идеях, а в 1903 г. вступил в партию большевиков. В 1906 г. эмигрировал за границу, где напечатал ряд своих статей и воспоминаний о Толстом. В 1917 г. вернулся в Россию. Жена его
      <name placement="note" ref="5437" type="person">
       Александра Илларионовна Злинченко
      </name>
      , рожд. Людоговская (1855—1919), была слушательницей историко-филологических курсов в Киеве, участвовала в киевском кружке народовольцев. С 1901 г. была учительницей на станции Жмеринка Юго-Западных жел. дорог.
     </note>
     Он очень хорошо, правильно и толково пишущий и масажист ученый, человек молодой и честный, она учительница с двумя детьми и страшной нуждой. Ее я не знаю, но принимаю в них большое участие и желал бы помочь им. Они, сколько я понимаю, люди самолюбивые и желали бы иметь работу, а если нет работы, то хоть хлеба для детей. Так вот моя просьба в том, чтобы ты увидала их, ее, главное, с детьми, и, если можно, дала бы им работу и, если можно и нужно, дала бы им от меня денег, в пределах 25 р. Деньги я сейчас же тебе вышлю, если ты дашь им. Я писал о них Саше,
     <ref target="#note2">
      2
     </ref>
     <note index="false" resp="volume_editor" xml:id="note2">
      Письмо к А. М. Кузминскому неизвестно.
     </note>
     твоему мужу, но знаю, что ему и некогда и нельзя помочь им иначе, как помещением на
     <choice original_editorial_correction="госуд[арственную]">
      <sic>
       госуд
      </sic>
      <corr>
       государственную
      </corr>
     </choice>
     службу, на
     <choice original_editorial_correction="кот[орую]">
      <sic>
       кот
      </sic>
      <corr>
       которую
      </corr>
     </choice>
     <choice original_editorial_correction="Зл[инченко]">
      <sic>
       Зл
      </sic>
      <corr>
       Злинченко
      </corr>
     </choice>
     не хочет и не годится. И потому скажи ему, что я извиняюсь, что утрудил его, и чтобы он не считал себя обязанным отвечать мне. С грустью вспоминаю ваше житье в Ясной и с всегдашней любовью о тебе. Целую тебя и твоих.
    </p>
    <p id="fb8f07f2-65ac-4c2e-8154-027945a2bbf0" rend="right">
     <name placement="text" ref="13883" type="person">
      Лев Толстой
     </name>
     .
    </p>
    <lb/>
    <p id="99e169d3-5d5e-47cb-9ffd-cfdc9a950fc1">
     Если ничего не сделаешь, я и не удивлюсь и не обижусь.
    </p>
    <noteGrp type="comments">
     <note index="false" type="comments">
      <p id="597a4efc-e60a-44ab-b2f5-f179da2f422c" rend="Textpetit_otstup left">
       Дата определяется на основании упоминания в письме А. М. Кузминского из Киева от 6 августа 1896 г.: «Только что прочел твое письмо к Тане».
      </p>
     </note>
     <note index="false" type="comments">
      <p id="19c87a53-16d0-474f-9e03-64c2c7616726" rend="petit">
       <name placement="comments" ref="7286" type="person">
        Татьяна Андреевна Кузминская
       </name>
       , рожд. Берс (1846—1925) — свояченица Толстого.
      </p>
     </note>
    </noteGrp>
   </div>
  </body>
 </text>
</TEI>
