<?xml version="1.0" encoding="utf-8"?>
<TEI xmlns="http://www.tei-c.org/ns/1.0" xmlns:xi="http://www.w3.org/2001/XInclude">
 <teiHeader>
  <fileDesc>
   <titleStmt>
    <title xml:id="v69_188_A_F_Koni">
     Письма и документы. Tolstoy Digital
    </title>
    <title type="main">
     Письмо А. Ф. Кони от 29 ноября 1896 г.
    </title>
    <title type="bibl">
     Толстой Л. Н. Письмо А. Ф. Кони, 29 ноября 1896 г. // Толстой Л. Н. Полное собрание сочинений: в 90 тт. Т. 69. М.: Гос. изд. «Художественная литература», 1954. С.
    </title>
    <respStmt>
     <resp>
      Идея, постановка задач, руководство:
     </resp>
     <name>
      Анастасия Бонч-Осмоловская, Фёкла Толстая, Борис Орехов, Тимофей Лукашевский
     </name>
    </respStmt>
    <respStmt>
     <resp>
      Подготовка TEI/XML:
     </resp>
     <name>
      Евгений Можаев, Даниил Скоринкин, Ирина Павлова, Матвей Колбасов, Елена Сидорова, Кирилл Милинцевич, Лев Буланов, Макар Федоров, Константин Петров
     </name>
    </respStmt>
    <respStmt>
     <resp>
      Подготовка метаданных:
     </resp>
     <name>
      Мария Картышева, Вероника Файнберг
     </name>
    </respStmt>
    <respStmt>
     <resp>
      Разметка имен собственных:
     </resp>
     <name>
      Никита Северин, Елена Северина
     </name>
    </respStmt>
    <respStmt>
     <resp>
      Исправление древнегреческого текста:
     </resp>
     <name>
      Ольга Алиева
     </name>
    </respStmt>
    <funder>
     Проект «Слово Толстого»
    </funder>
   </titleStmt>
   <publicationStmt>
    <publisher>
     <orgName>
      Tolstoy Digital, DH CLOUD, Научно-образовательный союз «Родное Слово» проект «Слово Толстого»
     </orgName>
    </publisher>
    <availability>
     <p id="1da24744-ce6d-49fa-818f-3a70236fb2a0">
      Тексты и метатекстовая разметка доступны для свободного использования и распространения по лицензии Creative Commons Attribution Share-Alike (cc by-sa)
     </p>
    </availability>
    <date from="2015" to="2022"/>
   </publicationStmt>
   <notesStmt>
    <note>
     Публикуемые документы был получены с сайта tolstoy.ru в формате html, переведены в формат TEI. Исправлены некоторые ошибки распознавания. Тексты, написанные в дореформенной орфографии, сопоставлены с их версиями в современной орфографии.
    </note>
   </notesStmt>
   <sourceDesc>
    <biblStruct>
     <analytic>
      <author>
       Толстой Лев Николаевич
      </author>
     </analytic>
     <monogr>
      <title level="m">
       Полное собрание сочинений. Том 69
      </title>
      <imprint>
       <pubPlace>
        Москва
       </pubPlace>
       <publisher>
        Государственное издательство «Художественная литература»
       </publisher>
       <date when="1954"/>
      </imprint>
      <biblScope unit="vol">
       69
      </biblScope>
      <biblScope unit="page">
       216-217
      </biblScope>
     </monogr>
     <series>
      <title level="s">
       Л. Н. Толстой. Полное собрание сочинений: в 90 тт.
      </title>
     </series>
    </biblStruct>
    <bibl>
     Публикуется впервые
    </bibl>
   </sourceDesc>
  </fileDesc>
  <encodingDesc>
   <classDecl>
    <xi:include href="../../reference/taxonomy.xml"/>
   </classDecl>
  </encodingDesc>
  <profileDesc>
   <correspDesc>
    <correspAction type="sending">
     <persName ref="13883">
      Л. Н. Толстой
     </persName>
     <placeName>
      Москва
     </placeName>
     <date when="1896-11-29"/>
    </correspAction>
    <correspAction type="receiving">
     <persName ref="6808">
      Кони Анатолий Федорович
     </persName>
    </correspAction>
   </correspDesc>
   <langUsage>
    <language ident="ru"/>
   </langUsage>
   <textClass>
    <catRef ana="#tolstoy_heritage" target="library"/>
    <catRef ana="#letters" target="type"/>
    <catRef ana="#sent" target="sent"/>
   </textClass>
  </profileDesc>
 </teiHeader>
 <xenoData>
  <number type="in a volume">
   188
  </number>
 </xenoData>
 <text xml:id="A.F.Koni_188" xmlns="http://www.tei-c.org/ns/1.0" xmlns:xi="http://www.w3.org/2001/XInclude">
  <body>
   <div>
    <pb n="216"/>
    <opener index="false">
     * 188.
     <name placement="text" ref="6808" type="person">
      А. Ф. Кони
     </name>
     .1896 г. Ноября 29. Москва.
    </opener>
    <p id="3a8b4755-f9bc-486b-8a48-0fa0693de66e" rend="Obrashenie">
     Дорогой
     <name placement="text" ref="6808" type="person">
      Анатолий Федорович
     </name>
     ,
    </p>
    <p id="ba9a1864-4268-4eb9-8ddd-65f37912cd8e">
     Вчера послано в Сенат кассационное прошение
     <name placement="text" ref="8385" type="person">
      Михаила Максимова
     </name>
     , обвиняемого или, скорее, обвиненного уже в
     <hi style="opdelimiter">
      проповедании
     </hi>
     <pb n="217"/>
     <hi style="npdelimiter">
      раскола.
     </hi>
     Максимова я знаю
     <ref target="#note1">
      1
     </ref>
     <note index="false" resp="volume_editor" xml:id="note1">
      <name placement="note" ref="8385" type="person">
       Михаил Максимович Максимов
      </name>
      , крестьянин Калужской губ., осужденный окружным судом в Калуге 4 июля 1896 г. на четыре месяца тюрьмы за «хулу на церковь», находился в заключении в Калужской тюрьме. Из тюрьмы письмом от 8 июля просил Толстого похлопотать за него. На конверте этого письма Толстой отметил: «В Калужскую тюрьму послать 3 рубля через кого можно».
     </note>
     и, хотя личность его мало интересна, его все-таки жалко и хорошо бы помочь ему; адвокат же его говорит, что тут интересно и важно неправильное толкование выражения:
     <hi>
      проповедовать раскол
     </hi>
     , не имеющее в законе точного определения.
    </p>
    <p id="088b66ff-9db8-410d-9273-0fc953492c60">
     Кто-то из наших общих знакомых говорил мне, что вы помните обо мне и хотели побывать в Москве, где можем увидаться, чему я очень рад.
    </p>
    <p id="e1d82d68-46bf-44b6-9da5-094fddf16985">
     Дружески жму вам руку.
    </p>
    <p id="75560b55-6056-438d-bf12-40ac88051749" rend="right">
     <name placement="text" ref="13883" type="person">
      Лев Толстой
     </name>
     .
    </p>
    <p id="676c73b8-052b-4c9b-860e-9b88ddb7410d">
     29 ноября 1896.
    </p>
    <lb/>
    <p id="c28a6a67-cecf-426d-9475-47135d24eeed">
     <hi>
      На конверте:
     </hi>
     Москва,
     <name placement="text" ref="6808" type="person">
      Анатолию Федоровичу Кони
     </name>
     .
    </p>
    <noteGrp type="comments">
     <note index="false" type="comments">
      <p id="707ca12f-118e-4dc0-ab09-dd107d6e9f30" rend="Textpetit_otstup left">
       Печатается по фотокопии с автографа, находившегося у Е. И. Ильиной в Москве.
      </p>
     </note>
    </noteGrp>
   </div>
  </body>
 </text>
</TEI>
