<?xml version="1.0" encoding="utf-8"?>
<TEI xmlns="http://www.tei-c.org/ns/1.0" xmlns:xi="http://www.w3.org/2001/XInclude">
 <teiHeader>
  <fileDesc>
   <titleStmt>
    <title xml:id="v69_054_M_V_Alexinu">
     Письма и документы. Tolstoy Digital
    </title>
    <title type="main">
     Письмо М. В. Алехину от 20 марта 1896 г.
    </title>
    <title type="bibl">
     Толстой Л. Н. Письмо М. В. Алехину, 20 марта 1896 г. // Толстой Л. Н. Полное собрание сочинений: в 90 тт. Т. 69. М.: Гос. изд. «Художественная литература», 1954. С.
    </title>
    <respStmt>
     <resp>
      Идея, постановка задач, руководство:
     </resp>
     <name>
      Анастасия Бонч-Осмоловская, Фёкла Толстая, Борис Орехов, Тимофей Лукашевский
     </name>
    </respStmt>
    <respStmt>
     <resp>
      Подготовка TEI/XML:
     </resp>
     <name>
      Евгений Можаев, Даниил Скоринкин, Ирина Павлова, Матвей Колбасов, Елена Сидорова, Кирилл Милинцевич, Лев Буланов, Макар Федоров, Константин Петров
     </name>
    </respStmt>
    <respStmt>
     <resp>
      Подготовка метаданных:
     </resp>
     <name>
      Мария Картышева, Вероника Файнберг
     </name>
    </respStmt>
    <respStmt>
     <resp>
      Разметка имен собственных:
     </resp>
     <name>
      Никита Северин, Елена Северина
     </name>
    </respStmt>
    <respStmt>
     <resp>
      Исправление древнегреческого текста:
     </resp>
     <name>
      Ольга Алиева
     </name>
    </respStmt>
    <funder>
     Проект «Слово Толстого»
    </funder>
   </titleStmt>
   <publicationStmt>
    <publisher>
     <orgName>
      Tolstoy Digital, DH CLOUD, Научно-образовательный союз «Родное Слово» проект «Слово Толстого»
     </orgName>
    </publisher>
    <availability>
     <p id="675189b1-6590-4d07-93cb-6e8000ce4204">
      Тексты и метатекстовая разметка доступны для свободного использования и распространения по лицензии Creative Commons Attribution Share-Alike (cc by-sa)
     </p>
    </availability>
    <date from="2015" to="2022"/>
   </publicationStmt>
   <notesStmt>
    <note>
     Публикуемые документы был получены с сайта tolstoy.ru в формате html, переведены в формат TEI. Исправлены некоторые ошибки распознавания. Тексты, написанные в дореформенной орфографии, сопоставлены с их версиями в современной орфографии.
    </note>
   </notesStmt>
   <sourceDesc>
    <biblStruct>
     <analytic>
      <author>
       Толстой Лев Николаевич
      </author>
     </analytic>
     <monogr>
      <title level="m">
       Полное собрание сочинений. Том 69
      </title>
      <imprint>
       <pubPlace>
        Москва
       </pubPlace>
       <publisher>
        Государственное издательство «Художественная литература»
       </publisher>
       <date when="1954"/>
      </imprint>
      <biblScope unit="vol">
       69
      </biblScope>
      <biblScope unit="page">
       67-69
      </biblScope>
     </monogr>
     <series>
      <title level="s">
       Л. Н. Толстой. Полное собрание сочинений: в 90 тт.
      </title>
     </series>
    </biblStruct>
    <bibl/>
   </sourceDesc>
  </fileDesc>
  <encodingDesc>
   <classDecl>
    <xi:include href="../../reference/taxonomy.xml"/>
   </classDecl>
  </encodingDesc>
  <profileDesc>
   <correspDesc>
    <correspAction type="sending">
     <persName ref="13883">
      Л. Н. Толстой
     </persName>
     <placeName>
      Москва
     </placeName>
     <date when="1896-03-20"/>
    </correspAction>
    <correspAction type="receiving">
     <persName ref="299">
      Алехин Митрофан Васильевич
     </persName>
    </correspAction>
   </correspDesc>
   <langUsage>
    <language ident="ru"/>
   </langUsage>
   <textClass>
    <catRef ana="#tolstoy_heritage" target="library"/>
    <catRef ana="#letters" target="type"/>
    <catRef ana="#sent" target="sent"/>
   </textClass>
  </profileDesc>
 </teiHeader>
 <xenoData>
  <number type="in a volume">
   54
  </number>
 </xenoData>
 <text xml:id="M.V.Alexinu_54" xmlns="http://www.tei-c.org/ns/1.0" xmlns:xi="http://www.w3.org/2001/XInclude">
  <body>
   <div>
    <pb n="67"/>
    <opener index="false">
     54.
     <name placement="text" ref="299" type="person">
      М. В. Алехину
     </name>
     .1896 г. Марта 20. Москва.
    </opener>
    <p id="c6e1098c-bd05-4055-b333-3642fc37323e" rend="right">
     20 марта 1896 г.
    </p>
    <p id="b15f798f-5e72-42a2-9fcb-22b57e6fe6ee">
     Очень рад был получить ваше письмо, дорогой
     <name placement="text" ref="299" type="person">
      Митрофан Васильевич
     </name>
     ,
     <choice original_editorial_correction="п[отому]">
      <sic>
       п
      </sic>
      <corr>
       потому
      </corr>
     </choice>
     <choice original_editorial_correction="ч[то]">
      <sic>
       ч
      </sic>
      <corr>
       что
      </corr>
     </choice>
     давно не имел от вас известий. На вопрос ваш о поселении вне России и в глуши, как
     <choice original_editorial_correction="Скоро[ходов]">
      <sic>
       Скоро
      </sic>
      <corr>
       <name placement="note" ref="12743" type="person">
        Скороходов
       </name>
      </corr>
     </choice>
     <ref target="#note1">
      1
     </ref>
     <note index="false" resp="volume_editor" xml:id="note1">
      <name placement="note" ref="12743" type="person">
       Владимир Иванович Скороходов
      </name>
      (1861—1924), последователь Толстого, участник земледельческих общин.
     </note>
     с Дадиани,
     <ref target="#note2">
      2
     </ref>
     <note index="false" resp="volume_editor" xml:id="note2">
      <name placement="note" ref="4128" type="person">
       Георгий Александрович Дадиани
      </name>
      (ум. 1900), последователь Толстого. В чине полковника бросил военную службу и зарабатывал на жизнь земледельческим трудом. См. воспоминания В. Рахманова «
      <name placement="note" ref="4128" type="person">
       Князь Георгий Александрович Дадиани
      </name>
      . По личным воспоминаниям», изд. «Посредник», 1905.
     </note>
     я могу ответить только то, что на первый вопрос о выселении из России: с точки зрения христианской, ответ тот, что христианин, если он христианин и жизнь свою полагает не в плоти, а в духе, всегда свободен, и ему незачем переменять место и искать новых условий жизни. Если же человек не чувствует себя свободным, то вопрос о поселении в пределах России или вне ее есть вопрос практический, в
     <choice original_editorial_correction="кот[ором]">
      <sic>
       кот
      </sic>
      <corr>
       котором
      </corr>
     </choice>
     я не судья. То же и при переселении с места на место, как это сделали
     <choice original_editorial_correction="Скорох[одовы]">
      <sic>
       Скорох
      </sic>
      <corr>
       Скороходовы
      </corr>
     </choice>
     . Это может иметь практические выгоды и удобства, но не может влиять на большее или меньшее осуществление христианской жизни. Покупка земли в собственность скорее может иметь обратное влияние, т. е. увеличить соблазны. Но должен сказать при этом, что думаю, что как в деле брака человеку лучше оставаться целомудренным, но когда брак совершился уже, то человеку надо держаться раз совершившегося брака и стараться сделать его насколько возможно более целомудренным, так и по отношению земли: лучше быть чистым от собственности, при раз же установившейся связи с землею посредством собственности надо держаться этой земли (если она только удовлетворяет скромным потребностям) и сделать пользование ею как можно более
     <hi style="opdelimiter">
      неисключительным,
     </hi>
     <pb n="68"/>
     <hi style="npdelimiter">
      т.
     </hi>
     е. не отстаивать ее прямым насилием, судом или угрозой насилия. Я думаю, что вы благую часть избрали. И если бы мне пришлось другой раз и свободно жить, я старался бы жить работой на земле, но не имея связи с землею. Всё это идеальное представление о том, к чему, по-моему, должно стремиться, но жизнь людей семейных, уже раз связавших себя с землею, может только издалека приближаться к этому идеалу, и потому вы, человек, оставшийся свободным, будьте снисходительны к нам, не судите нас строго, не говорите, что если мы не сделали всего, то мы ничего не сделали, а принимайте во внимание то большее или меньшее приближение, те маленькие шажки, но все-таки шажки,
     <choice original_editorial_correction="кот[орые]">
      <sic>
       кот
      </sic>
      <corr>
       которые
      </corr>
     </choice>
     делают люди с связанными ногами. Очень, очень грустно за то, что вы разъединяетесь с милым Владимиром! Разумеется, виноваты и вы. Если только подумать о том, как скоро не будет того тела, и того и другого,
     <choice original_editorial_correction="кот[орые]">
      <sic>
       кот
      </sic>
      <corr>
       которые
      </corr>
     </choice>
     разъединяют вас, а останется один дух,
     <choice original_editorial_correction="кот[орый]">
      <sic>
       кот
      </sic>
      <corr>
       который
      </corr>
     </choice>
     и был и будет един, то как противны покажутся те скрытые требования самолюбия животного,
     <choice original_editorial_correction="кот[орые]">
      <sic>
       кот
      </sic>
      <corr>
       которые
      </corr>
     </choice>
     мешают радости единения. Ваше письмо прокурору очень хорошо.
     <ref target="#note3">
      3
     </ref>
     <note index="false" resp="volume_editor" xml:id="note3">
      Алехин приложил свое письмо к прокурору Виленской судебной палаты, которому было передано его дело по обвинению в пропаганде сочинений Толстого (см. письма к М. В. Алехину и И. Б. Файнерману от16 мая 1895 г. в т. 68). В этом письме, давая прокурору объяснения,
      <hi style="opdelimiter">
       Алехин
      </hi>
      <hi style="npdelimiter">
       излагал
      </hi>
      свои взгляды на власть, а также те верования, на которых основаны его понятия и поступки.
     </note>
     Я его читал кое-кому и буду распространять. Мне жаль, что вам нельзя было идти к
     <choice original_editorial_correction="духобор[ам]">
      <sic>
       духобор
      </sic>
      <corr>
       духоборам
      </corr>
     </choice>
     . Я думаю, что как они нужны нам, так и мы можем быть нужны им. Напишите, что здоровье Малаши,
     <ref target="#note4">
      4
     </ref>
     <note index="false" resp="volume_editor" xml:id="note4">
      Малаша, крестьянка Харьковской губ., впоследствии жена М. В. Алехина.
     </note>
     и передайте ей мой привет.
    </p>
    <p id="5ff77cfe-4396-4184-8bd4-b7b2e6c92dbc" rend="right">
     Л. Т.
     <ref target="#note5">
      5
     </ref>
     <note index="false" resp="volume_editor" xml:id="note5">
      В «Известиях Общества Толстовского музея» 1911, № 1, стр. 16, где было напечатано это письмо, после подписи Толстого следует приписка: «Я дал Линденбергу по ошибке только первую часть сочинения: досылаю вторую. Л. Т.». Этой приписки нет в автографе.
     </note>
    </p>
    <noteGrp type="comments">
     <note index="false" type="comments">
      <p id="8201fa4e-0939-4e54-a7dc-2325d40d5cc0" rend="Textpetit_otstup left">
       Впервые опубликовано: частично в газете «Речь» 1911, № 219 от 12 марта, и полностью в «Известиях Общества Толстовского музея», СПб. 1911, № 1, стр. 15—16.
      </p>
     </note>
     <note index="false" type="comments">
      <p id="20e7dd16-95cf-4271-9226-9d922b7c1659" rend="petit">
       Ответ на письмо М. В. Алехина от 12 марта 1896 г., в котором он писал о возникшем среди полтавских толстовцев намерении переселиться за границу.
      </p>
     </note>
    </noteGrp>
   </div>
  </body>
 </text>
</TEI>
