<?xml version="1.0" encoding="utf-8"?>
<TEI xmlns="http://www.tei-c.org/ns/1.0" xmlns:xi="http://www.w3.org/2001/XInclude">
 <teiHeader>
  <fileDesc>
   <titleStmt>
    <title xml:id="v69_071_V_N_Duninu_Barkovskomu">
     Письма и документы. Tolstoy Digital
    </title>
    <title type="main">
     Письмо В. Н. Дунину-Барковскому от 6 апреля 1896 г.
    </title>
    <title type="bibl">
     Толстой Л. Н. Письмо В. Н. Дунину-Барковскому, 6 апреля 1896 г. // Толстой Л. Н. Полное собрание сочинений: в 90 тт. Т. 69. М.: Гос. изд. «Художественная литература», 1954. С.
    </title>
    <respStmt>
     <resp>
      Идея, постановка задач, руководство:
     </resp>
     <name>
      Анастасия Бонч-Осмоловская, Фёкла Толстая, Борис Орехов, Тимофей Лукашевский
     </name>
    </respStmt>
    <respStmt>
     <resp>
      Подготовка TEI/XML:
     </resp>
     <name>
      Евгений Можаев, Даниил Скоринкин, Ирина Павлова, Матвей Колбасов, Елена Сидорова, Кирилл Милинцевич, Лев Буланов, Макар Федоров, Константин Петров
     </name>
    </respStmt>
    <respStmt>
     <resp>
      Подготовка метаданных:
     </resp>
     <name>
      Мария Картышева, Вероника Файнберг
     </name>
    </respStmt>
    <respStmt>
     <resp>
      Разметка имен собственных:
     </resp>
     <name>
      Никита Северин, Елена Северина
     </name>
    </respStmt>
    <respStmt>
     <resp>
      Исправление древнегреческого текста:
     </resp>
     <name>
      Ольга Алиева
     </name>
    </respStmt>
    <funder>
     Проект «Слово Толстого»
    </funder>
   </titleStmt>
   <publicationStmt>
    <publisher>
     <orgName>
      Tolstoy Digital, DH CLOUD, Научно-образовательный союз «Родное Слово» проект «Слово Толстого»
     </orgName>
    </publisher>
    <availability>
     <p id="4b1813f3-c0ba-4728-ae09-bfd6e26b5226">
      Тексты и метатекстовая разметка доступны для свободного использования и распространения по лицензии Creative Commons Attribution Share-Alike (cc by-sa)
     </p>
    </availability>
    <date from="2015" to="2022"/>
   </publicationStmt>
   <notesStmt>
    <note>
     Публикуемые документы был получены с сайта tolstoy.ru в формате html, переведены в формат TEI. Исправлены некоторые ошибки распознавания. Тексты, написанные в дореформенной орфографии, сопоставлены с их версиями в современной орфографии.
    </note>
   </notesStmt>
   <sourceDesc>
    <biblStruct>
     <analytic>
      <author>
       Толстой Лев Николаевич
      </author>
     </analytic>
     <monogr>
      <title level="m">
       Полное собрание сочинений. Том 69
      </title>
      <imprint>
       <pubPlace>
        Москва
       </pubPlace>
       <publisher>
        Государственное издательство «Художественная литература»
       </publisher>
       <date when="1954"/>
      </imprint>
      <biblScope unit="vol">
       69
      </biblScope>
      <biblScope unit="page">
       89-91
      </biblScope>
     </monogr>
     <series>
      <title level="s">
       Л. Н. Толстой. Полное собрание сочинений: в 90 тт.
      </title>
     </series>
    </biblStruct>
    <bibl/>
   </sourceDesc>
  </fileDesc>
  <encodingDesc>
   <classDecl>
    <xi:include href="../../reference/taxonomy.xml"/>
   </classDecl>
  </encodingDesc>
  <profileDesc>
   <correspDesc>
    <correspAction type="sending">
     <persName ref="13883">
      Л. Н. Толстой
     </persName>
     <placeName>
      Москва
     </placeName>
     <date when="1896-04-06"/>
    </correspAction>
    <correspAction type="receiving">
     <persName ref="4697">
      Дунин-Барковский Валерьян Николаевич
     </persName>
    </correspAction>
   </correspDesc>
   <langUsage>
    <language ident="ru"/>
   </langUsage>
   <textClass>
    <catRef ana="#tolstoy_heritage" target="library"/>
    <catRef ana="#letters" target="type"/>
    <catRef ana="#sent" target="sent"/>
   </textClass>
  </profileDesc>
 </teiHeader>
 <xenoData>
  <number type="in a volume">
   71
  </number>
 </xenoData>
 <text xml:id="V.N.Duninu-Barkovskomu_71" xmlns="http://www.tei-c.org/ns/1.0" xmlns:xi="http://www.w3.org/2001/XInclude">
  <body>
   <div>
    <pb n="89"/>
    <opener index="false">
     71. В. Н. Дунину-Барковскому.1896 г. Апреля 6—28? Москва.
    </opener>
    <p id="86530067-5cd1-45b3-9ef8-e83df80f94d0" rend="Obrashenie">
     <name placement="text" ref="4697" type="person">
      Валерьян Николаевич
     </name>
     ,
    </p>
    <p id="18a1c18f-0dd1-4f63-8897-aa948dc1d39a">
     Вы пишете, что, последовав моему совету и занявшись, как вы пишете, самосовершенствованием, вы почувствовали, что подвергаете себя великой опасности прожить эгоистично и потому тщетно свою жизнь, и избегли этой опасности тем, что, перестав заботиться о своем
     <choice original_editorial_correction="нравств[енном]">
      <sic>
       нравств
      </sic>
      <corr>
       нравственном
      </corr>
     </choice>
     совершенствовании, об уяснении своего сознания истины и устройства своей жизни сообразно этому сознанию, занялись улучшением, просвещением и исправлением других. Я думаю, что испугавшая вас опасность была воображаемая и что, продолжая уяснять свое сознание и учреждая свою жизнь соответственно этому сознанию, вы никак не рисковали провести праздно и бесполезно для других свою жизнь. Я думаю совершенно обратное: не только нет никакой возможности просвещать и исправлять других, не просветив и не исправив себя до последних пределов своей возможности, но нельзя и просвещать и исправлять себя в одиночку, а всякое истинное просвещение и исправление себя неизбежно просвещает и исправляет других, и только одно это средство действительно просвещает и исправляет других, вроде того
     <ref target="#note1">
      1
     </ref>
     <note index="false" resp="volume_editor" xml:id="note1">
      <hi>
       В копии:
      </hi>
      как что загоревшийся огонь
     </note>
     как загоревшийся огонь не может светить и согревать только тот предмет,
     <choice original_editorial_correction="кот[орый]">
      <sic>
       кот
      </sic>
      <corr>
       который
      </corr>
     </choice>
     сгорает в нем, но неизбежно светит и греет вокруг себя, и светит и греет вокруг себя только тогда, когда сам горит. Вы пишете: разве от того, что я стану лучше, станет лучше моему брату? Это всё равно, что если бы землекоп сказал: разве от того, что я буду точить мою
     <hi style="opdelimiter">
      лопату,
     </hi>
     <pb n="90"/>
     <hi style="npdelimiter">
      подвинется
     </hi>
     моя работа? Только тогда и подвинется, когда будет отточена. Но тут сравнение не полное: самопросвещение и исправление других, как я прежде сказал, совершается только через
     <choice original_editorial_correction="просв[ещение]">
      <sic>
       просв
      </sic>
      <corr>
       просвещение
      </corr>
     </choice>
     и
     <choice original_editorial_correction="испр[авление]">
      <sic>
       испр
      </sic>
      <corr>
       исправление
      </corr>
     </choice>
     себя. Я не говорю, что то, что вы делаете, оставаясь в
     <choice original_editorial_correction="воен[ной]">
      <sic>
       воен
      </sic>
      <corr>
       военной
      </corr>
     </choice>
     службе, обучая солдат грамоте и пр., дурно. Это несомненно лучше, чем обучать солдат жестокости, лжи и бить их. Но дурно для вас то, что вы, зная зло и лживость военной службы с ее обманами, присягой и дисциплиной, продолжаете служить. И дурно не столько самый факт тот, что вы служите, сколько ваши рассуждения о том, что, продолжая служить, вы делаете хорошо. Я понимаю, что могут быть условия, ваших отношений с родными, вашего прошедшего, ваших слабостей, по
     <choice original_editorial_correction="кот[орым]">
      <sic>
       кот
      </sic>
      <corr>
       которым
      </corr>
     </choice>
     вы не в силах сделать то, что считаете должным: оставить военную службу; мы все по слабостям нашим более или менее отступаем от того идеала той истины,
     <choice original_editorial_correction="кот[орую]">
      <sic>
       кот
      </sic>
      <corr>
       которую
      </corr>
     </choice>
     мы знаем, но важно то, чтобы не извращать истину, знать, что я отступил от нее, что я грешен, дурен, и не переставая стремиться к ней и быть готовым всякую минуту, как только ослабнут препятствия, вступить на ее путь.
    </p>
    <p id="0453658e-aaa7-4e23-8ef4-0848edb0e9a0">
     Только тогда человек движется вперед, живет и служит людям, когда он знает, насколько он отступил от истины, и потому считает себя дурным. Если же он ищет оправданий своему греху и доволен собой — он мертв. Довольным же собой, служа в военной службе, зная, что цель есть казнь и убийство, средства ее — рабская покорность всякому человеку старше чином,
     <choice original_editorial_correction="к[оторый]">
      <sic>
       к
      </sic>
      <corr>
       который
      </corr>
     </choice>
     завтра же может велеть мне убивать невинных людей, и условия ее — не только праздность, но напрасная трата лучших сил народа и обман и развращение его, нельзя быть. Прочтите, пожалуйста, мое это письмо и слова с тем же чувством уважения и доброжелательства, с
     <choice original_editorial_correction="к[оторым]">
      <sic>
       к
      </sic>
      <corr>
       которым
      </corr>
     </choice>
     я пишу его.
    </p>
    <p id="86fe7e94-7c1c-46d2-9686-a0230c1427e6" rend="right">
     <name placement="text" ref="13883" type="person">
      Лев Толстой
     </name>
     .
    </p>
    <noteGrp type="comments">
     <note index="false" type="comments">
      <p id="d0de04a1-2c51-43bb-aca5-eed035f83196" rend="Textpetit_otstup left">
       Печатается по копии, снятой копировальным прессом с автографа. Впервые опубликовано в «Свободном слове», Крайстчёрч, 1903, № 6, стлб. 22—23, с датой: «Июнь 1895 г.».
      </p>
     </note>
     <note index="false" type="comments">
      <p id="ad809a25-7cb9-440d-a540-708f24b7a890" rend="petit">
       Дата определяется датой получения письма адресата: «5/ІV 1896» и фактом посещения им Толстого в Ясной Поляне в мае того же года.
      </p>
     </note>
     <note index="false" type="comments">
      <p id="519d1933-8f9c-49b5-bfec-22cf04bf9cad" rend="petit">
       Валерьян
       <name placement="comments" ref="4697" type="person">
        Николаевич Дунин-Барковский
       </name>
       —
       <ref target="file:///Volume_68_V.N.Duninu-Barkovskomu_109.xml">
        см. т. 68, письмо №109
       </ref>
       .
      </p>
     </note>
     <note index="false" type="comments">
      <p id="28e1e667-fe2f-411d-bec1-d10d386cd628" rend="petit">
       Ответ на письмо Дунина-Барковского от 26 марта 1896 г. из Тифлиса.
      </p>
     </note>
    </noteGrp>
   </div>
  </body>
 </text>
</TEI>
