<?xml version="1.0" encoding="utf-8"?>
<TEI xmlns="http://www.tei-c.org/ns/1.0" xmlns:xi="http://www.w3.org/2001/XInclude">
 <teiHeader>
  <fileDesc>
   <titleStmt>
    <title xml:id="v70_242_V_V_Stasovu">
     Письма и документы. Tolstoy Digital
    </title>
    <title type="main">
     Письмо В. В. Стасову от 3 декабря 1897 г.
    </title>
    <title type="bibl">
     Толстой Л. Н. Письмо В. В. Стасову, 3 декабря 1897 г. // Толстой Л. Н. Полное собрание сочинений: в 90 тт. Т. 70. М.: Гос. изд. «Художественная литература», 1954. С.
    </title>
    <respStmt>
     <resp>
      Идея, постановка задач, руководство:
     </resp>
     <name>
      Анастасия Бонч-Осмоловская, Фёкла Толстая, Борис Орехов, Тимофей Лукашевский
     </name>
    </respStmt>
    <respStmt>
     <resp>
      Подготовка TEI/XML:
     </resp>
     <name>
      Евгений Можаев, Даниил Скоринкин, Ирина Павлова, Матвей Колбасов, Елена Сидорова, Кирилл Милинцевич, Лев Буланов, Макар Федоров, Константин Петров
     </name>
    </respStmt>
    <respStmt>
     <resp>
      Подготовка метаданных:
     </resp>
     <name>
      Мария Картышева, Вероника Файнберг
     </name>
    </respStmt>
    <respStmt>
     <resp>
      Разметка имен собственных:
     </resp>
     <name>
      Никита Северин, Елена Северина
     </name>
    </respStmt>
    <respStmt>
     <resp>
      Исправление древнегреческого текста:
     </resp>
     <name>
      Ольга Алиева
     </name>
    </respStmt>
    <funder>
     Проект «Слово Толстого»
    </funder>
   </titleStmt>
   <publicationStmt>
    <publisher>
     <orgName>
      Tolstoy Digital, DH CLOUD, Научно-образовательный союз «Родное Слово» проект «Слово Толстого»
     </orgName>
    </publisher>
    <availability>
     <p id="dc246c96-6efa-465c-be3a-9e3719ceb137">
      Тексты и метатекстовая разметка доступны для свободного использования и распространения по лицензии Creative Commons Attribution Share-Alike (cc by-sa)
     </p>
    </availability>
    <date from="2015" to="2022"/>
   </publicationStmt>
   <notesStmt>
    <note>
     Публикуемые документы был получены с сайта tolstoy.ru в формате html, переведены в формат TEI. Исправлены некоторые ошибки распознавания. Тексты, написанные в дореформенной орфографии, сопоставлены с их версиями в современной орфографии.
    </note>
   </notesStmt>
   <sourceDesc>
    <biblStruct>
     <analytic>
      <author>
       Толстой Лев Николаевич
      </author>
     </analytic>
     <monogr>
      <title level="m">
       Полное собрание сочинений. Том 70
      </title>
      <imprint>
       <pubPlace>
        Москва
       </pubPlace>
       <publisher>
        Государственное издательство «Художественная литература»
       </publisher>
       <date when="1954"/>
      </imprint>
      <biblScope unit="vol">
       70
      </biblScope>
      <biblScope unit="page">
       207-208
      </biblScope>
     </monogr>
     <series>
      <title level="s">
       Л. Н. Толстой. Полное собрание сочинений: в 90 тт.
      </title>
     </series>
    </biblStruct>
    <bibl/>
   </sourceDesc>
  </fileDesc>
  <encodingDesc>
   <classDecl>
    <xi:include href="../../reference/taxonomy.xml"/>
   </classDecl>
  </encodingDesc>
  <profileDesc>
   <correspDesc>
    <correspAction type="sending">
     <persName ref="13883">
      Л. Н. Толстой
     </persName>
     <placeName>
      Ясная Поляна
     </placeName>
     <date when="1897-12-03"/>
    </correspAction>
    <correspAction type="receiving">
     <persName ref="13128">
      Стасов Владимир Васильевич
     </persName>
    </correspAction>
   </correspDesc>
   <langUsage>
    <language ident="ru"/>
   </langUsage>
   <textClass>
    <catRef ana="#tolstoy_heritage" target="library"/>
    <catRef ana="#letters" target="type"/>
    <catRef ana="#sent" target="sent"/>
   </textClass>
  </profileDesc>
 </teiHeader>
 <xenoData>
  <number type="in a volume">
   242
  </number>
 </xenoData>
 <text xml:id="V.V.Stasovu_242" xmlns="http://www.tei-c.org/ns/1.0" xmlns:xi="http://www.w3.org/2001/XInclude">
  <body>
   <div>
    <pb n="207"/>
    <opener index="false">
     242.
     <name placement="text" ref="13128" type="person">
      В. В. Стасову
     </name>
     .1897 г. Декабря 3? Я. П.
    </opener>
    <p id="b6fc3f4c-f9e3-417a-bb25-02485b82526d">
     Перевод Холстомера есть в книжке: Léon Tolstoï. Dernières nouvelles traduites par M-me Eléonore Tsakny, Paris 1887.
     <ref target="#note1">
      1
     </ref>
     <note index="false" resp="volume_editor" xml:id="note1">
      <hi rend="italic">
       «Лев Толстой. Последние повести, переведенные Элеонорой Tsakny», Париж
      </hi>
      .
     </note>
     Knight’a первый том принадлежит
     <choice original_editorial_correction="Румянц[евскому]">
      <sic>
       Румянц
      </sic>
      <corr>
       Румянцевскому
      </corr>
     </choice>
     музею. Будьте добры, перешлите его
     <choice original_editorial_correction="Ник[олаю]">
      <sic>
       Ник
      </sic>
      <corr>
       <name placement="text" ref="13246" type="person">
        Николаю
       </name>
      </corr>
     </choice>
     <name placement="text" ref="13246" type="person">
      Ильичу
     </name>
     <hi style="opdelimiter">
      <name placement="text" ref="13246" type="person">
       Стороженко
      </name>
      <ref target="#note2">
       2
      </ref>
      <note index="false" resp="volume_editor" xml:id="note2">
       <name placement="text" ref="13246" type="person">
        Николай Ильич Стороженко
       </name>
       (1836—1906), историк литературы, профессор и библиотекарь Румянцевского музея в Москве. См. о нем в т. 74.
      </note>
     </hi>
     <pb n="208"/>
     <hi style="npdelimiter">
      от
     </hi>
     <name placement="text" ref="13883" type="person">
      Л. Толстого
     </name>
     . Пожалуйста простите за неакуратность. Я еще в деревне. На днях думаю ехать в Москву.
     <ref target="#note3">
      3
     </ref>
     <note index="false" resp="volume_editor" xml:id="note3">
      Толстой приехал в Москву 5 декабря.
     </note>
     Рад буду вас увидать.
    </p>
    <p id="ed96c55e-4f1c-4808-b839-f5cd8f802401" rend="right">
     <name placement="text" ref="13883" type="person">
      Л. Толстой
     </name>
     .
    </p>
    <lb/>
    <p id="d668a2cf-4b9b-4d63-bbab-ffc4d5d29ed4">
     <hi>
      На обороте:
     </hi>
     Петербург, Публичная библиотека. Владимиру Васильевичу Стасову.
    </p>
    <noteGrp type="comments">
     <note index="false" type="comments">
      <p id="1748648a-6d77-465c-98a0-49af443e256f" rend="Textpetit_otstup left">
       Впервые опубликовано в ТС, стр. 211. Датируется на основании почтовых штемпелей.
      </p>
     </note>
     <note index="false" type="comments">
      <p id="f606de6d-6582-4551-8266-f79f31e2841e" rend="petit">
       Ответ на письмо Стасова от 23 ноября, в котором Стасов просил указать на французские переводы «Холстомера» (см. прим. к письму № 240) и сообщал, что один из томов сочинения Найта (Knight), возвращенных Толстым в Публичную библиотеку, не принадлежит этой библиотеке.
      </p>
     </note>
    </noteGrp>
   </div>
  </body>
 </text>
</TEI>
