<?xml version="1.0" encoding="utf-8"?>
<TEI xmlns="http://www.tei-c.org/ns/1.0" xmlns:xi="http://www.w3.org/2001/XInclude">
 <teiHeader>
  <fileDesc>
   <titleStmt>
    <title xml:id="v70_058_E_KrosbiE_Crosby">
     Письма и документы. Tolstoy Digital
    </title>
    <title type="main">
     Письмо Э. Кросби (Е. Crosby) от 13 марта 1897 г.
    </title>
    <title type="bibl">
     Толстой Л. Н. Письмо Э. Кросби (Е. Crosby), 13 марта 1897 г. // Толстой Л. Н. Полное собрание сочинений: в 90 тт. Т. 70. М.: Гос. изд. «Художественная литература», 1954. С.
    </title>
    <respStmt>
     <resp>
      Идея, постановка задач, руководство:
     </resp>
     <name>
      Анастасия Бонч-Осмоловская, Фёкла Толстая, Борис Орехов, Тимофей Лукашевский
     </name>
    </respStmt>
    <respStmt>
     <resp>
      Подготовка TEI/XML:
     </resp>
     <name>
      Евгений Можаев, Даниил Скоринкин, Ирина Павлова, Матвей Колбасов, Елена Сидорова, Кирилл Милинцевич, Лев Буланов, Макар Федоров, Константин Петров
     </name>
    </respStmt>
    <respStmt>
     <resp>
      Подготовка метаданных:
     </resp>
     <name>
      Мария Картышева, Вероника Файнберг
     </name>
    </respStmt>
    <respStmt>
     <resp>
      Разметка имен собственных:
     </resp>
     <name>
      Никита Северин, Елена Северина
     </name>
    </respStmt>
    <respStmt>
     <resp>
      Исправление древнегреческого текста:
     </resp>
     <name>
      Ольга Алиева
     </name>
    </respStmt>
    <funder>
     Проект «Слово Толстого»
    </funder>
   </titleStmt>
   <publicationStmt>
    <publisher>
     <orgName>
      Tolstoy Digital, DH CLOUD, Научно-образовательный союз «Родное Слово» проект «Слово Толстого»
     </orgName>
    </publisher>
    <availability>
     <p id="78d58873-d4c5-401b-b561-0fa5f06681cb">
      Тексты и метатекстовая разметка доступны для свободного использования и распространения по лицензии Creative Commons Attribution Share-Alike (cc by-sa)
     </p>
    </availability>
    <date from="2015" to="2022"/>
   </publicationStmt>
   <notesStmt>
    <note>
     Публикуемые документы был получены с сайта tolstoy.ru в формате html, переведены в формат TEI. Исправлены некоторые ошибки распознавания. Тексты, написанные в дореформенной орфографии, сопоставлены с их версиями в современной орфографии.
    </note>
   </notesStmt>
   <sourceDesc>
    <biblStruct>
     <analytic>
      <author>
       Толстой Лев Николаевич
      </author>
     </analytic>
     <monogr>
      <title level="m">
       Полное собрание сочинений. Том 70
      </title>
      <imprint>
       <pubPlace>
        Москва
       </pubPlace>
       <publisher>
        Государственное издательство «Художественная литература»
       </publisher>
       <date when="1954"/>
      </imprint>
      <biblScope unit="vol">
       70
      </biblScope>
      <biblScope unit="page">
       55-56
      </biblScope>
     </monogr>
     <series>
      <title level="s">
       Л. Н. Толстой. Полное собрание сочинений: в 90 тт.
      </title>
     </series>
    </biblStruct>
    <bibl>
     Публикуется впервые
    </bibl>
   </sourceDesc>
  </fileDesc>
  <encodingDesc>
   <classDecl>
    <xi:include href="../../reference/taxonomy.xml"/>
   </classDecl>
  </encodingDesc>
  <profileDesc>
   <correspDesc>
    <correspAction type="sending">
     <persName ref="13883">
      Л. Н. Толстой
     </persName>
     <placeName>
      Москва
     </placeName>
     <date when="1897-03-13"/>
    </correspAction>
    <correspAction type="receiving">
     <persName ref="7195">
      Кросби Эрнест Говард (Ernest Crosby)
     </persName>
    </correspAction>
   </correspDesc>
   <langUsage>
    <language ident="ru"/>
   </langUsage>
   <textClass>
    <catRef ana="#tolstoy_heritage" target="library"/>
    <catRef ana="#letters" target="type"/>
    <catRef ana="#sent" target="sent"/>
   </textClass>
  </profileDesc>
 </teiHeader>
 <xenoData>
  <number type="in a volume">
   58
  </number>
 </xenoData>
 <text xml:id="E.KrosbiE.Crosby_58" xmlns="http://www.tei-c.org/ns/1.0" xmlns:xi="http://www.w3.org/2001/XInclude">
  <body>
   <div>
    <pb n="55"/>
    <opener index="false">
     * 58.
     <name placement="text" ref="7195" type="person">
      Эрнесту Кросби (Ernest Crosby)
     </name>
     .1897 г. Марта 13. Москва.
    </opener>
    <p id="767db766-60fc-4d9f-9376-0d167b79b797" rend="right">
     13 March 1897.
    </p>
    <p id="91457a7a-63b1-4909-8ac7-6a3ae1e78945">
     My dear Crosby, I have received the extract of my book «Life»
     <ref target="#note1">
      1
     </ref>
     <note index="false" resp="volume_editor" xml:id="note1">
      См. прим. к письму № 44.
     </note>
     and have found it very well done. I wrote to Mr. Hall that I liked his work and wished him success. It would be very well to write a preface to it, but I cannot do it now.
     <ref target="#note2">
      2
     </ref>
     <note index="false" resp="volume_editor" xml:id="note2">
      Предисловие это написано Толстым не было.
     </note>
    </p>
    <p id="9ac7eb20-18e2-4653-a811-f4be9fa3ad32">
     I am always very glad to have news from you and to know that you are working for spreading the truth of non-resistance and wish you internal satisfaction from your work.
    </p>
    <p id="dbda9d8d-a07b-4981-93bd-3f01161ef021" rend="right">
     Your friend.
    </p>
    <lb/>
    <p id="248d5cc8-1516-4b47-83bb-90421c2a40f5" rend="petit right">
     13 марта 1897.
    </p>
    <p id="73c8b2a9-b466-4e1e-b5f9-f8bbf8719783" rend="petit">
     Дорогой Кросби, я получил изложение моей книги «О жизни»
     <ref target="#note3">
      3
     </ref>
     <note index="false" resp="volume_editor" xml:id="note3">
      См. прим. к письму № 44.
     </note>
     и нахожу, что оно выполнено очень хорошо. Я написал г-ну Голлу, что его работа мне нравится, и пожелал ему успеха. Было бы очень хорошо написать к ней предисловие, но не могу сделать этого
     <hi style="opdelimiter">
      теперь.
      <ref target="#note4">
       4
      </ref>
      <note index="false" resp="volume_editor" xml:id="note4">
       Предисловие это написано Толстым не было.
      </note>
     </hi>
    </p>
    <p id="f098d558-a448-413b-ad86-25fe73783f7e" rend="petit">
     <pb n="56"/>
     <hi style="npdelimiter">
      Я
     </hi>
     всегда очень рад иметь от вас известия и знать, что вы работаете для. распространения истины непротивления, и желаю вам внутреннего удовлетворения в вашей работе.
    </p>
    <p id="7be0a304-280b-4d33-abf3-df9bfb36ddfc" rend="petit right">
     Ваш друг.
    </p>
    <noteGrp type="comments">
     <note index="false" type="comments">
      <p id="9d017f6d-adb9-4277-93b5-efd74ed42930" rend="Textpetit_otstup left">
       Печатается по копии из АЧ.
      </p>
     </note>
     <note index="false" type="comments">
      <p id="2389a8ef-ab9e-4f9b-bd50-c6c024a0f606" rend="petit">
       Эрнест Говард Кросби (Ernest Howard Crosby, 1856—1907) — американский писатель и поэт, сочувствовавший взглядам Толстого; был лично знаком с Толстым. См. т. 87, стр. 306.
      </p>
     </note>
     <note index="false" type="comments">
      <p id="c4e884b4-3ad8-486b-95cc-1c1c4373e836" rend="petit">
       Ответ на письмо Э. Кросби от 15 февраля, в котором Кросби сообщал о посылке переделки Б. Голла книги Толстого «О жизни» и просил написать к ней предисловие.
      </p>
     </note>
    </noteGrp>
   </div>
  </body>
 </text>
</TEI>
