<?xml version="1.0" encoding="utf-8"?>
<TEI xmlns="http://www.tei-c.org/ns/1.0" xmlns:xi="http://www.w3.org/2001/XInclude">
 <teiHeader>
  <fileDesc>
   <titleStmt>
    <title xml:id="v70_233_G_FaziG_Fazy">
     Письма и документы. Tolstoy Digital
    </title>
    <title type="main">
     Письмо Г. Фази (G. Fazy) от 20 ноября 1897 г.
    </title>
    <title type="bibl">
     Толстой Л. Н. Письмо Г. Фази (G. Fazy), 20 ноября 1897 г. // Толстой Л. Н. Полное собрание сочинений: в 90 тт. Т. 70. М.: Гос. изд. «Художественная литература», 1954. С.
    </title>
    <respStmt>
     <resp>
      Идея, постановка задач, руководство:
     </resp>
     <name>
      Анастасия Бонч-Осмоловская, Фёкла Толстая, Борис Орехов, Тимофей Лукашевский
     </name>
    </respStmt>
    <respStmt>
     <resp>
      Подготовка TEI/XML:
     </resp>
     <name>
      Евгений Можаев, Даниил Скоринкин, Ирина Павлова, Матвей Колбасов, Елена Сидорова, Кирилл Милинцевич, Лев Буланов, Макар Федоров, Константин Петров
     </name>
    </respStmt>
    <respStmt>
     <resp>
      Подготовка метаданных:
     </resp>
     <name>
      Мария Картышева, Вероника Файнберг
     </name>
    </respStmt>
    <respStmt>
     <resp>
      Разметка имен собственных:
     </resp>
     <name>
      Никита Северин, Елена Северина
     </name>
    </respStmt>
    <respStmt>
     <resp>
      Исправление древнегреческого текста:
     </resp>
     <name>
      Ольга Алиева
     </name>
    </respStmt>
    <funder>
     Проект «Слово Толстого»
    </funder>
   </titleStmt>
   <publicationStmt>
    <publisher>
     <orgName>
      Tolstoy Digital, DH CLOUD, Научно-образовательный союз «Родное Слово» проект «Слово Толстого»
     </orgName>
    </publisher>
    <availability>
     <p id="f9f8ef79-3740-4f60-9261-05a1b2743e07">
      Тексты и метатекстовая разметка доступны для свободного использования и распространения по лицензии Creative Commons Attribution Share-Alike (cc by-sa)
     </p>
    </availability>
    <date from="2015" to="2022"/>
   </publicationStmt>
   <notesStmt>
    <note>
     Публикуемые документы был получены с сайта tolstoy.ru в формате html, переведены в формат TEI. Исправлены некоторые ошибки распознавания. Тексты, написанные в дореформенной орфографии, сопоставлены с их версиями в современной орфографии.
    </note>
   </notesStmt>
   <sourceDesc>
    <biblStruct>
     <analytic>
      <author>
       Толстой Лев Николаевич
      </author>
     </analytic>
     <monogr>
      <title level="m">
       Полное собрание сочинений. Том 70
      </title>
      <imprint>
       <pubPlace>
        Москва
       </pubPlace>
       <publisher>
        Государственное издательство «Художественная литература»
       </publisher>
       <date when="1954"/>
      </imprint>
      <biblScope unit="vol">
       70
      </biblScope>
      <biblScope unit="page">
       202-203
      </biblScope>
     </monogr>
     <series>
      <title level="s">
       Л. Н. Толстой. Полное собрание сочинений: в 90 тт.
      </title>
     </series>
    </biblStruct>
    <bibl>
     Публикуется впервые
    </bibl>
   </sourceDesc>
  </fileDesc>
  <encodingDesc>
   <classDecl>
    <xi:include href="../../reference/taxonomy.xml"/>
   </classDecl>
  </encodingDesc>
  <profileDesc>
   <correspDesc>
    <correspAction type="sending">
     <persName ref="13883">
      Л. Н. Толстой
     </persName>
     <placeName>
      Ясная Поляна
     </placeName>
     <date when="1897-11-20"/>
    </correspAction>
    <correspAction type="receiving">
     <persName ref="14353">
      Фази Жорж (George Fazy)
     </persName>
    </correspAction>
   </correspDesc>
   <langUsage>
    <language ident="ru"/>
   </langUsage>
   <textClass>
    <catRef ana="#tolstoy_heritage" target="library"/>
    <catRef ana="#letters" target="type"/>
    <catRef ana="#sent" target="sent"/>
   </textClass>
  </profileDesc>
 </teiHeader>
 <xenoData>
  <number type="in a volume">
   233
  </number>
 </xenoData>
 <text xml:id="G.FaziG.Fazy_233" xmlns="http://www.tei-c.org/ns/1.0" xmlns:xi="http://www.w3.org/2001/XInclude">
  <body>
   <div>
    <pb n="202"/>
    <opener index="false">
     * 233.
     <name placement="text" ref="14353" type="person">
      Жоржу Фази (George Fazy)
     </name>
     .1897 г. Ноября 20. Я. П.
    </opener>
    <p id="f90092ea-e0cf-4749-bcfe-bd1afaf5c1ff" rend="Obrashenie">
     Cher Monsieur.
    </p>
    <p id="d90bc1f0-30de-41ae-aed9-bf5d927f4cb1">
     Je vous remercie pour votre lettre qui me donne l’occasion d’avouer ma faute et de tacher de la réparer.
    </p>
    <p id="eb4d381c-ab28-4416-a1ff-079154009cc5">
     Gomme vous l'avez parfaitement deviné, j’ai entendu, dans un milieu aristocratique et orthodoxe, des jugements désavantageux sur M. James Fazy,
     <ref target="#note1">
      1
     </ref>
     <note index="false" resp="volume_editor" xml:id="note1">
      <name placement="note" ref="14352" type="person">
       Джемс Фази (James Fazy
      </name>
      , 1796—1878), швейцарский революционер и государственный деятель; в последние годы жизни профессор Женевского университета. О Дж. Фази Толстой слышал в 1857 г. в свое пребывание в Женеве (с 28 марта по 10 июля).
     </note>
     et j’ai eu grand tort de les répéter, après quarante ans, d’autant plus que rien ne m’y
     <hi style="opdelimiter">
      autorisait.
     </hi>
    </p>
    <p id="68b0e500-91eb-4695-9128-4554ee67fca6">
     <pb n="203"/>
     <hi style="npdelimiter">
      Recevez,
     </hi>
     je vous prie, Monsieur, mes sincères excuses et l’assurance, etc.
    </p>
    <p id="bcb1eecd-9de9-4eb9-8e65-a06940a1a492" rend="right">
     Léon Tolstoi.
    </p>
    <p id="73c78bf1-eab4-46b1-afe6-18309895f16e">
     20 Novembre 1897.
    </p>
    <lb/>
    <p id="f18872d7-9a4b-460e-ba8a-4d8e24c161e2" rend="Obrashenie petit">
     Милостивый государь.
    </p>
    <p id="ec45ae8d-a9ca-4ee3-9d3b-21ccb83fb34a" rend="petit">
     Благодарю вас за ваше письмо, которое дает мне возможность признать мою ошибку и постараться ее исправить.
    </p>
    <p id="52b00c72-88de-4ffe-b21c-057be7f0782c" rend="petit">
     Как вы правильно отгадали, я слышал неодобрительные речи о
     <name placement="note" ref="14352" type="person">
      Джемсе
     </name>
     <name placement="note" ref="14352" type="person">
      Фази
     </name>
     <ref target="#note2">
      2
     </ref>
     <note index="false" resp="volume_editor" xml:id="note2">
      <name placement="note" ref="14352" type="person">
       Джемс Фази (James Fazy
      </name>
      , 1796—1878), швейцарский революционер и государственный деятель; в последние годы жизни профессор Женевского университета. О Дж. Фази Толстой слышал в 1857 г. в свое пребывание в Женеве (с 28 марта по 10 июля).
     </note>
     в среде аристократической и ортодоксальной, и я был глубоко неправ, что повторил их спустя сорок лет, тем более, что ничто не давало мне к этому повода.
    </p>
    <p id="b3ae6dbf-7d06-45bb-9a07-18a7dc1c73d0" rend="petit">
     Примите, милостивый государь, мое искреннее извинение и уверение и т. д.
    </p>
    <p id="3dd35bd8-80da-43b8-b200-bc8fb1b8bef7" rend="petit right">
     <name placement="text" ref="13883" type="person">
      Лев Толстой
     </name>
     .
    </p>
    <p id="e4abbe86-5a99-4cc1-8c52-da6f2f698aca" rend="petit">
     20 ноября 1897.
    </p>
    <noteGrp type="comments">
     <note index="false" type="comments">
      <p id="07b2767e-7238-40ff-967d-4ef6354a7d5b" rend="Textpetit_otstup left">
       Печатается по машинописной копии из АЧ.
      </p>
     </note>
     <note index="false" type="comments">
      <p id="a5421975-a7e0-455c-a4c9-d25b99482a9a" rend="petit">
       Жорж Фази (George Fazy) — доктор прав, адвокат в Женеве, племянник Дж. Фази (см. прим. 1). В письме от 9 ноября сообщал, что посылает Толстому вырезку из женевской газеты «La semaine litéraire» («Литературная неделя») от 8 ноября 1897 г. со статьей Э. Клапареда, бывшего у Толстого в августе того года со своей женой, дочерью философа Шпира, и описавшего в этой статье свое пребывание в Ясной Поляне, передавая нелестный отзыв Толстого о Дж. Фази. Кроме того, Ж. Фази сообщал, что посылает Толстому биографию Дж. Фази (G. Fazy «James Fazy, sa vie et son oeuvre», 1887 — «
       <name placement="comments" ref="14352" type="person">
        Джемс Фази
       </name>
       , его жизнь и сочинения») и прилагает выписку из Маколея о Дж. Фази, чтобы Толстой не остался «под влиянием клеветы, слышанной им сорок лет тому назад».
      </p>
     </note>
     <note index="false" type="comments">
      <p id="1e97d32d-704b-4a1e-8d62-e446d2f12798" rend="petit">
       На обратной стороне письма Ж. Фази Толстым набросан черновик ответа.
      </p>
     </note>
    </noteGrp>
   </div>
  </body>
 </text>
</TEI>
