<?xml version="1.0" encoding="utf-8"?>
<TEI xmlns="http://www.tei-c.org/ns/1.0" xmlns:xi="http://www.w3.org/2001/XInclude">
 <teiHeader>
  <fileDesc>
   <titleStmt>
    <title xml:id="v70_015_V_V_Stasovu">
     Письма и документы. Tolstoy Digital
    </title>
    <title type="main">
     Письмо В. В. Стасову от 8 февраля 1897 г.
    </title>
    <title type="bibl">
     Толстой Л. Н. Письмо В. В. Стасову, 8 февраля 1897 г. // Толстой Л. Н. Полное собрание сочинений: в 90 тт. Т. 70. М.: Гос. изд. «Художественная литература», 1954. С.
    </title>
    <respStmt>
     <resp>
      Идея, постановка задач, руководство:
     </resp>
     <name>
      Анастасия Бонч-Осмоловская, Фёкла Толстая, Борис Орехов, Тимофей Лукашевский
     </name>
    </respStmt>
    <respStmt>
     <resp>
      Подготовка TEI/XML:
     </resp>
     <name>
      Евгений Можаев, Даниил Скоринкин, Ирина Павлова, Матвей Колбасов, Елена Сидорова, Кирилл Милинцевич, Лев Буланов, Макар Федоров, Константин Петров
     </name>
    </respStmt>
    <respStmt>
     <resp>
      Подготовка метаданных:
     </resp>
     <name>
      Мария Картышева, Вероника Файнберг
     </name>
    </respStmt>
    <respStmt>
     <resp>
      Разметка имен собственных:
     </resp>
     <name>
      Никита Северин, Елена Северина
     </name>
    </respStmt>
    <respStmt>
     <resp>
      Исправление древнегреческого текста:
     </resp>
     <name>
      Ольга Алиева
     </name>
    </respStmt>
    <funder>
     Проект «Слово Толстого»
    </funder>
   </titleStmt>
   <publicationStmt>
    <publisher>
     <orgName>
      Tolstoy Digital, DH CLOUD, Научно-образовательный союз «Родное Слово» проект «Слово Толстого»
     </orgName>
    </publisher>
    <availability>
     <p id="2970aea3-aec9-4fe9-8882-75aabb0df311">
      Тексты и метатекстовая разметка доступны для свободного использования и распространения по лицензии Creative Commons Attribution Share-Alike (cc by-sa)
     </p>
    </availability>
    <date from="2015" to="2022"/>
   </publicationStmt>
   <notesStmt>
    <note>
     Публикуемые документы был получены с сайта tolstoy.ru в формате html, переведены в формат TEI. Исправлены некоторые ошибки распознавания. Тексты, написанные в дореформенной орфографии, сопоставлены с их версиями в современной орфографии.
    </note>
   </notesStmt>
   <sourceDesc>
    <biblStruct>
     <analytic>
      <author>
       Толстой Лев Николаевич
      </author>
     </analytic>
     <monogr>
      <title level="m">
       Полное собрание сочинений. Том 70
      </title>
      <imprint>
       <pubPlace>
        Москва
       </pubPlace>
       <publisher>
        Государственное издательство «Художественная литература»
       </publisher>
       <date when="1954"/>
      </imprint>
      <biblScope unit="vol">
       70
      </biblScope>
      <biblScope unit="page">
       18-19
      </biblScope>
     </monogr>
     <series>
      <title level="s">
       Л. Н. Толстой. Полное собрание сочинений: в 90 тт.
      </title>
     </series>
    </biblStruct>
    <bibl/>
   </sourceDesc>
  </fileDesc>
  <encodingDesc>
   <classDecl>
    <xi:include href="../../reference/taxonomy.xml"/>
   </classDecl>
  </encodingDesc>
  <profileDesc>
   <correspDesc>
    <correspAction type="sending">
     <persName ref="13883">
      Л. Н. Толстой
     </persName>
     <placeName>
      Петербург
     </placeName>
     <date when="1897-02-08"/>
    </correspAction>
    <correspAction type="receiving">
     <persName ref="13128">
      Стасов Владимир Васильевич
     </persName>
    </correspAction>
   </correspDesc>
   <langUsage>
    <language ident="ru"/>
   </langUsage>
   <textClass>
    <catRef ana="#tolstoy_heritage" target="library"/>
    <catRef ana="#letters" target="type"/>
    <catRef ana="#sent" target="sent"/>
   </textClass>
  </profileDesc>
 </teiHeader>
 <xenoData>
  <number type="in a volume">
   15
  </number>
 </xenoData>
 <text xml:id="V.V.Stasovu_15" xmlns="http://www.tei-c.org/ns/1.0" xmlns:xi="http://www.w3.org/2001/XInclude">
  <body>
   <div>
    <pb n="18"/>
    <opener index="false">
     15.
     <name placement="text" ref="13128" type="person">
      В. В. Стасову
     </name>
     .1897 г. Февраля 8. Петербург.
    </opener>
    <p id="70bf2b58-71b0-448a-beff-6e7062f33bc4">
     Хотел вас видеть, не застал, зайду еще. Остановился — Фонтанка 14.
     <ref target="#note1">
      1
     </ref>
     <note index="false" resp="volume_editor" xml:id="note1">
      Толстой остановился в квартире Л. Б. Олсуфьева. См. прим. 5 к письму № 17.
     </note>
     — Дайте знать, когда и где видеться?
     <ref target="#note2">
      2
     </ref>
     <note index="false" resp="volume_editor" xml:id="note2">
      О свидании с Толстым Стасов вспоминает в письме к нему 17 февраля 1897 г. (см. ТС, стр. 180—181).
     </note>
    </p>
    <p id="51639c06-1bdf-49e6-8ae4-dca8fc5d791d" rend="right">
     <name placement="text" ref="13883" type="person">
      Лев Толстой
     </name>
     .
    </p>
    <noteGrp type="comments">
     <note index="false" type="comments">
      <p id="fac85ede-79a3-4085-8ed8-b26910b2d32e" rend="Textpetit_otstup left">
       Впервые опубликовано в ТС, стр. 179. Дата поставлена В. В. Стасовым.
      </p>
     </note>
     <note index="false" type="comments">
      <p id="794c1543-2369-407b-b532-f5f1c6c96d2a" rend="petit">
       Толстой пробыл в Петербурге с 7 по 12 февраля 1897 г., куда приехал вместе с С. А. Толстой, чтобы попрощаться с высылавшимися В.
       <hi style="opdelimiter">
        Г.
       </hi>
      </p>
     </note>
     <note index="false" type="comments">
      <p id="c516b1f5-b4ac-412a-8cf2-1ef675eb2521" rend="petit">
       <pb n="19"/>
       <hi style="npdelimiter">
        Чертковым
       </hi>
       и П. И. Бирюковым. О пребывании Толстого в Петербурге в 1897 г. см. Дневник 1897 г., т. 53.
      </p>
     </note>
    </noteGrp>
   </div>
  </body>
 </text>
</TEI>
