<?xml version="1.0" encoding="utf-8"?>
<TEI xmlns="http://www.tei-c.org/ns/1.0" xmlns:xi="http://www.w3.org/2001/XInclude">
 <teiHeader>
  <fileDesc>
   <titleStmt>
    <title xml:id="v70_252_E_MooduA_Maude">
     Письма и документы. Tolstoy Digital
    </title>
    <title type="main">
     Письмо Э. Мооду (A. Maude) от 16 декабря 1897 г.
    </title>
    <title type="bibl">
     Толстой Л. Н. Письмо Э. Мооду (A. Maude), 16 декабря 1897 г. // Толстой Л. Н. Полное собрание сочинений: в 90 тт. Т. 70. М.: Гос. изд. «Художественная литература», 1954. С.
    </title>
    <respStmt>
     <resp>
      Идея, постановка задач, руководство:
     </resp>
     <name>
      Анастасия Бонч-Осмоловская, Фёкла Толстая, Борис Орехов, Тимофей Лукашевский
     </name>
    </respStmt>
    <respStmt>
     <resp>
      Подготовка TEI/XML:
     </resp>
     <name>
      Евгений Можаев, Даниил Скоринкин, Ирина Павлова, Матвей Колбасов, Елена Сидорова, Кирилл Милинцевич, Лев Буланов, Макар Федоров, Константин Петров
     </name>
    </respStmt>
    <respStmt>
     <resp>
      Подготовка метаданных:
     </resp>
     <name>
      Мария Картышева, Вероника Файнберг
     </name>
    </respStmt>
    <respStmt>
     <resp>
      Разметка имен собственных:
     </resp>
     <name>
      Никита Северин, Елена Северина
     </name>
    </respStmt>
    <respStmt>
     <resp>
      Исправление древнегреческого текста:
     </resp>
     <name>
      Ольга Алиева
     </name>
    </respStmt>
    <funder>
     Проект «Слово Толстого»
    </funder>
   </titleStmt>
   <publicationStmt>
    <publisher>
     <orgName>
      Tolstoy Digital, DH CLOUD, Научно-образовательный союз «Родное Слово» проект «Слово Толстого»
     </orgName>
    </publisher>
    <availability>
     <p id="d6c9ea21-0ea5-429b-8c5b-ddc7fb4488b9">
      Тексты и метатекстовая разметка доступны для свободного использования и распространения по лицензии Creative Commons Attribution Share-Alike (cc by-sa)
     </p>
    </availability>
    <date from="2015" to="2022"/>
   </publicationStmt>
   <notesStmt>
    <note>
     Публикуемые документы был получены с сайта tolstoy.ru в формате html, переведены в формат TEI. Исправлены некоторые ошибки распознавания. Тексты, написанные в дореформенной орфографии, сопоставлены с их версиями в современной орфографии.
    </note>
   </notesStmt>
   <sourceDesc>
    <biblStruct>
     <analytic>
      <author>
       Толстой Лев Николаевич
      </author>
     </analytic>
     <monogr>
      <title level="m">
       Полное собрание сочинений. Том 70
      </title>
      <imprint>
       <pubPlace>
        Москва
       </pubPlace>
       <publisher>
        Государственное издательство «Художественная литература»
       </publisher>
       <date when="1954"/>
      </imprint>
      <biblScope unit="vol">
       70
      </biblScope>
      <biblScope unit="page">
       212-213
      </biblScope>
     </monogr>
     <series>
      <title level="s">
       Л. Н. Толстой. Полное собрание сочинений: в 90 тт.
      </title>
     </series>
    </biblStruct>
    <bibl>
     Публикуется впервые
    </bibl>
   </sourceDesc>
  </fileDesc>
  <encodingDesc>
   <classDecl>
    <xi:include href="../../reference/taxonomy.xml"/>
   </classDecl>
  </encodingDesc>
  <profileDesc>
   <correspDesc>
    <correspAction type="sending">
     <persName ref="13883">
      Л. Н. Толстой
     </persName>
     <placeName>
      Москва
     </placeName>
     <date when="1897-12-16"/>
    </correspAction>
    <correspAction type="receiving">
     <persName ref="9220">
      Моод Эльмер (Алексей Францевич) (Aylmer Maude)
     </persName>
    </correspAction>
   </correspDesc>
   <langUsage>
    <language ident="ru"/>
   </langUsage>
   <textClass>
    <catRef ana="#tolstoy_heritage" target="library"/>
    <catRef ana="#letters" target="type"/>
    <catRef ana="#sent" target="sent"/>
   </textClass>
  </profileDesc>
 </teiHeader>
 <xenoData>
  <number type="in a volume">
   252
  </number>
 </xenoData>
 <text xml:id="E.MooduA.Maude_252" xmlns="http://www.tei-c.org/ns/1.0" xmlns:xi="http://www.w3.org/2001/XInclude">
  <body>
   <div>
    <pb n="212"/>
    <opener index="false">
     * 252. Эльмеру Мооду (Aylmer Maude).1897 г. Декабря 16. Москва.
    </opener>
    <p id="dcf71d0e-24d5-4f3a-aab1-891c67ff6936" rend="right">
     16 декабря.
    </p>
    <p id="f9a59bae-7332-4824-8722-26769138e9fd" rend="Obrashenie">
     Любезный друг,
    </p>
    <p id="f05e7232-a714-43dc-92f4-16d354343537">
     Чертков мне пишет отчаянное пйсьмо
     <ref target="#note1">
      1
     </ref>
     <note index="false" resp="volume_editor" xml:id="note1">
      Письмо В. Г. Черткова от, 21 декабря нов. ст. См. т. 88.
     </note>
     о том, что я отдаю свою статью об
     <choice original_editorial_correction="Иск[усстве]">
      <sic>
       Иск
      </sic>
      <corr>
       Искусстве
      </corr>
     </choice>
     в руские издания прежде
     <choice original_editorial_correction="английск[их]">
      <sic>
       английск
      </sic>
      <corr>
       английских
      </corr>
     </choice>
     . Я же только о том и забочусь, чтобы ваш перевод вышел раньше русского издания, и вследствие этого имею с здешними издателями неприятности. Посылаю вам теперь 16 главу; главы же 11, 12, 13 не мог выслать,
     <choice original_editorial_correction="п[отому]">
      <sic>
       п
      </sic>
      <corr>
       потому
      </corr>
     </choice>
     <choice original_editorial_correction="ч[то]">
      <sic>
       ч
      </sic>
      <corr>
       что
      </corr>
     </choice>
     мне обещали в типографии набрать их для посылки вам и этого не сделали, так что я нынче беру их из типографии и отдам переписать, что вероятно сделают дня через два, и тогда пришлю их вам. Думаю, что эта задержка не будет иметь вредного влияния на дело,
     <choice original_editorial_correction="т[ак]">
      <sic>
       т
      </sic>
      <corr>
       так
      </corr>
     </choice>
     <choice original_editorial_correction="к[ак]">
      <sic>
       к
      </sic>
      <corr>
       как
      </corr>
     </choice>
     эти главы выйдут едва ли в феврале.
     <hi>
      Вам
     </hi>
     только
     <hi style="opdelimiter">
      неприятно
     </hi>
     <pb n="213"/>
     <hi style="npdelimiter">
      переводить
     </hi>
     с такими перерывами. За это извините меня. И не мог сделать иначе. Вероятно вы уже получили мое письмо, в
     <choice original_editorial_correction="кот[ором]">
      <sic>
       кот
      </sic>
      <corr>
       котором
      </corr>
     </choice>
     я извещаю вас, что согласился печатать не всё сразу в журнале философии, но сначала в №,
     <choice original_editorial_correction="кот[орый]">
      <sic>
       кот
      </sic>
      <corr>
       который
      </corr>
     </choice>
     выйдет в самом конце декабря или самом начале января, 5 глав, и потому предложил вам по вашему первому плану отдать первые главы в
     <choice original_editorial_correction="англ[ийский]">
      <sic>
       англ
      </sic>
      <corr>
       английский
      </corr>
     </choice>
     журнал. Если письмо это не дошло до вас, то
     <ref target="#note2">
      2
     </ref>
     <note index="false" resp="volume_editor" xml:id="note2">
      В подлиннике:
      <hi style="opdelimiter">
       до
      </hi>
     </note>
     повторяю это. Пожалуйста ответьте: когда ваш перевод 5 глав может выйти в
     <choice original_editorial_correction="англ[ийском]">
      <sic>
       англ
      </sic>
      <corr>
       английском
      </corr>
     </choice>
     журнале, чтобы я по этому мог распорядиться здесь: оставить так, как есть, или задержать. Продолжение и,
     <choice original_editorial_correction="м[ожет]">
      <sic>
       м
      </sic>
      <corr>
       может
      </corr>
     </choice>
     <choice original_editorial_correction="б[ыть]">
      <sic>
       б
      </sic>
      <corr>
       быть
      </corr>
     </choice>
     , окончание будет печататься здесь в февральской книге, выходящей в конце месяца, так что для дальнейшего вы наверное будете впереди русского издания. Важно только, чтобы первые 5 глав вышли одновременно с русскими. Я думаю, что это можно,
     <choice original_editorial_correction="т[ак]">
      <sic>
       т
      </sic>
      <corr>
       так
      </corr>
     </choice>
     <choice original_editorial_correction="к[ак]">
      <sic>
       к
      </sic>
      <corr>
       как
      </corr>
     </choice>
     ваши первые главы готовы, а до конца месяца
     <choice original_editorial_correction="н[ового]">
      <sic>
       н
      </sic>
      <corr>
       нового
      </corr>
     </choice>
     <choice original_editorial_correction="с[тиля]">
      <sic>
       с
      </sic>
      <corr>
       стиля
      </corr>
     </choice>
     остается 15 дней. — Я переменил заглавие: не «Об искусстве», а «Что такое
     <choice original_editorial_correction="искусст[во]">
      <sic>
       искусст
      </sic>
      <corr>
       искусство
      </corr>
     </choice>
     ». Впрочем, я постараюсь прислать вам последнюю коректуру первых 5 глав, чтобы вы сверили с ней перевод.
    </p>
    <p id="3e891183-1028-4b0b-b86a-b9e61da57146">
     Продолжаю быть сердечно благодарен вам за вашу работу,
     <choice original_editorial_correction="т[ак]">
      <sic>
       т
      </sic>
      <corr>
       так
      </corr>
     </choice>
     <choice original_editorial_correction="к[ак]">
      <sic>
       к
      </sic>
      <corr>
       как
      </corr>
     </choice>
     иногда мне кажется, что выраженные в этой статье мысли могут быть полезны.
    </p>
    <p id="cc0f5eee-de3e-4fac-9ab3-ce5e194fefca">
     Вчера читал письмо
     <name placement="note" ref="3095" type="person">
      Hamond
     </name>
     <ref target="#note3">
      3
     </ref>
     <note index="false" resp="volume_editor" xml:id="note3">
      <name placement="note" ref="3095" type="person">
       Гамонд (Hammond
      </name>
      ), англичанин, один из колонистов в Перлее. Упоминаемое письмо его неизвестно.
     </note>
     к St. John’y и в
     <choice original_editorial_correction="Сев[ерном]">
      <sic>
       Сев
      </sic>
      <corr>
       Северном
      </corr>
     </choice>
     <choice original_editorial_correction="Вестн[ике]">
      <sic>
       Вестн
      </sic>
      <corr>
       Вестнике
      </corr>
     </choice>
     статью о вашей колонии
     <ref target="#note4">
      4
     </ref>
     <note index="false" resp="volume_editor" xml:id="note4">
      А. Сабуйский, «Опыт общественной организации нравственной жизни» — «Северный вестник» 1897, 12, стр. 151—158.
     </note>
     и так захотелось пожить не работой мысли только, а всем существом, со всеми условиями физической борьбы — с усталостью и изнеженностью и нравственной — с себялюбием и нелюбовностью, борьбы, которая] так нужна в той жизни и
     <choice original_editorial_correction="кот[орая]">
      <sic>
       кот
      </sic>
      <corr>
       которая
      </corr>
     </choice>
     составляет настоящую жизнь,
     <choice original_editorial_correction="кот[орую]">
      <sic>
       кот
      </sic>
      <corr>
       которую
      </corr>
     </choice>
     я знаю, люблю и
     <choice original_editorial_correction="кот[орая]">
      <sic>
       кот
      </sic>
      <corr>
       которая
      </corr>
     </choice>
     в воспоминании как светлые звезды выделяются на темном небе. Помогай вам
     <ref target="#note5">
      5
     </ref>
     <note index="false" resp="volume_editor" xml:id="note5">
      Это слово в копии отпечаталось слабо. Можно прочесть: им.
     </note>
     бог.
    </p>
    <p id="5e8638af-ce53-4d85-b076-fea4b1eb70a5">
     Привет жене и друзьям.
    </p>
    <p id="4c9c2b0c-2df8-4148-ba0a-bf5874ffdf3b" rend="right">
     Любящий вас Л. Т.
    </p>
    <lb/>
    <p id="84430797-7cc7-408d-8b21-9b75f5165fe2">
     Куда вам телеграфировать?
    </p>
    <noteGrp type="comments">
     <note index="false" type="comments">
      <p id="65ac6d91-4124-4222-92a2-6fc79b101b87" rend="Textpetit_otstup left">
       Печатается по фотокопии. Отрывок впервые опубликован в книге: «А. Maude. The Life of Tolstoy», II, London 1910, стр. 539.
      </p>
     </note>
    </noteGrp>
   </div>
  </body>
 </text>
</TEI>
