<?xml version="1.0" encoding="utf-8"?>
<TEI xmlns="http://www.tei-c.org/ns/1.0" xmlns:xi="http://www.w3.org/2001/XInclude">
 <teiHeader>
  <fileDesc>
   <titleStmt>
    <title xml:id="v70_005_P_I_Biryukovu">
     Письма и документы. Tolstoy Digital
    </title>
    <title type="main">
     Письмо П. И. Бирюкову от 11 января 1897 г.
    </title>
    <title type="bibl">
     Толстой Л. Н. Письмо П. И. Бирюкову, 11 января 1897 г. // Толстой Л. Н. Полное собрание сочинений: в 90 тт. Т. 70. М.: Гос. изд. «Художественная литература», 1954. С.
    </title>
    <respStmt>
     <resp>
      Идея, постановка задач, руководство:
     </resp>
     <name>
      Анастасия Бонч-Осмоловская, Фёкла Толстая, Борис Орехов, Тимофей Лукашевский
     </name>
    </respStmt>
    <respStmt>
     <resp>
      Подготовка TEI/XML:
     </resp>
     <name>
      Евгений Можаев, Даниил Скоринкин, Ирина Павлова, Матвей Колбасов, Елена Сидорова, Кирилл Милинцевич, Лев Буланов, Макар Федоров, Константин Петров
     </name>
    </respStmt>
    <respStmt>
     <resp>
      Подготовка метаданных:
     </resp>
     <name>
      Мария Картышева, Вероника Файнберг
     </name>
    </respStmt>
    <respStmt>
     <resp>
      Разметка имен собственных:
     </resp>
     <name>
      Никита Северин, Елена Северина
     </name>
    </respStmt>
    <respStmt>
     <resp>
      Исправление древнегреческого текста:
     </resp>
     <name>
      Ольга Алиева
     </name>
    </respStmt>
    <funder>
     Проект «Слово Толстого»
    </funder>
   </titleStmt>
   <publicationStmt>
    <publisher>
     <orgName>
      Tolstoy Digital, DH CLOUD, Научно-образовательный союз «Родное Слово» проект «Слово Толстого»
     </orgName>
    </publisher>
    <availability>
     <p id="186c3d40-4fe9-440a-b0ce-cde9386aa3de">
      Тексты и метатекстовая разметка доступны для свободного использования и распространения по лицензии Creative Commons Attribution Share-Alike (cc by-sa)
     </p>
    </availability>
    <date from="2015" to="2022"/>
   </publicationStmt>
   <notesStmt>
    <note>
     Публикуемые документы был получены с сайта tolstoy.ru в формате html, переведены в формат TEI. Исправлены некоторые ошибки распознавания. Тексты, написанные в дореформенной орфографии, сопоставлены с их версиями в современной орфографии.
    </note>
   </notesStmt>
   <sourceDesc>
    <biblStruct>
     <analytic>
      <author>
       Толстой Лев Николаевич
      </author>
     </analytic>
     <monogr>
      <title level="m">
       Полное собрание сочинений. Том 70
      </title>
      <imprint>
       <pubPlace>
        Москва
       </pubPlace>
       <publisher>
        Государственное издательство «Художественная литература»
       </publisher>
       <date when="1954"/>
      </imprint>
      <biblScope unit="vol">
       70
      </biblScope>
      <biblScope unit="page">
       14-15
      </biblScope>
     </monogr>
     <series>
      <title level="s">
       Л. Н. Толстой. Полное собрание сочинений: в 90 тт.
      </title>
     </series>
    </biblStruct>
    <bibl/>
   </sourceDesc>
  </fileDesc>
  <encodingDesc>
   <classDecl>
    <xi:include href="../../reference/taxonomy.xml"/>
   </classDecl>
  </encodingDesc>
  <profileDesc>
   <correspDesc>
    <correspAction type="sending">
     <persName ref="13883">
      Л. Н. Толстой
     </persName>
     <placeName>
      Москва
     </placeName>
     <date when="1897-01-11"/>
    </correspAction>
    <correspAction type="receiving">
     <persName ref="1444">
      Бирюков Павел Иванович
     </persName>
    </correspAction>
   </correspDesc>
   <langUsage>
    <language ident="ru"/>
   </langUsage>
   <textClass>
    <catRef ana="#tolstoy_heritage" target="library"/>
    <catRef ana="#letters" target="type"/>
    <catRef ana="#sent" target="sent"/>
   </textClass>
  </profileDesc>
 </teiHeader>
 <xenoData>
  <number type="in a volume">
   5
  </number>
 </xenoData>
 <text xml:id="P.I.Biryukovu_5" xmlns="http://www.tei-c.org/ns/1.0" xmlns:xi="http://www.w3.org/2001/XInclude">
  <body>
   <div>
    <pb n="14"/>
    <opener index="false">
     * 5.
     <name placement="text" ref="1444" type="person">
      П. И. Бирюкову
     </name>
     .1897 г. Января 11. Москва.
    </opener>
    <p id="905d9e19-f3a7-40be-ab6c-599aff3ca67f">
     Простите, дорогой Поша, что не отвечал вам и не писал всем вам живущим в Петербурге друзьям. Я каждый день тужу, что нет известий от вас и жду их, а сам не пишу. Я не жду ничего важного от ваших хлопот там и очень рад буду ошибиться.
     <ref target="#note1">
      1
     </ref>
     <note index="false" resp="volume_editor" xml:id="note1">
      Бирюков, Чертков и Трегубов были заняты помощью преследуемым на Кавказе сектантам-духоборам (см. об этом в т. 69). Помимо составленного ими воззвания «Помогите!», распространявшегося в машинописном виде, с послесловием Толстого, они предполагали довести до сведения царя, Николая II, о притеснениях, чинимых духоборам. 27 января 1897 г. была составлена «Краткая записка о необходимых средствах облегчения участи духоборов», которая и была передана царю. В результате этой их деятельности 2 февраля был произведен обыск в квартире Черткова в Петербурге, и они были высланы: Чертков за границу, а Бирюков в г. Бауск, Курляндской губ.; Трегубов был арестован 5 апреля и выслан в Курляндскую губернию (см. прим. к письму № 3).
     </note>
     <choice original_editorial_correction="Ив[ан]">
      <sic>
       Ив
      </sic>
      <corr>
       <name placement="text" ref="13980" type="person">
        Иван
       </name>
      </corr>
     </choice>
     <choice original_editorial_correction="Мих[айлович]">
      <sic>
       <name placement="text" ref="13980" type="person">
        Мих
       </name>
      </sic>
      <corr>
       <name placement="text" ref="13980" type="person">
        Михайлович
       </name>
      </corr>
     </choice>
     <ref target="#note2">
      2
     </ref>
     <note index="false" resp="volume_editor" xml:id="note2">
      <name placement="text" ref="13980" type="person">
       И. М. Трегубов
      </name>
      .
     </note>
     всё присылает сведения — вероятно
     <hi style="opdelimiter">
      и
     </hi>
     <pb n="15"/>
     <hi style="npdelimiter">
      вам,
     </hi>
     — из которых письмо
     <choice original_editorial_correction="Е[лены]">
      <sic>
       Е
      </sic>
      <corr>
       <name placement="text" ref="9532" type="person">
        Елены
       </name>
      </corr>
     </choice>
     <choice original_editorial_correction="П[етровны]">
      <sic>
       <name placement="text" ref="9532" type="person">
        П
       </name>
      </sic>
      <corr>
       <name placement="text" ref="9532" type="person">
        Петровны
       </name>
      </corr>
     </choice>
     <ref target="#note3">
      3
     </ref>
     <note index="false" resp="volume_editor" xml:id="note3">
      <name placement="text" ref="9532" type="person">
       E. П. Накашидзе
      </name>
      .
     </note>
     о съезде было очень интересно.
    </p>
    <p id="cae104fd-23ad-44c5-a57c-e4d9a102dd9a">
     Наша жизнь идет по старому, по дурному. Я пытаюсь работать и не могу: взялся было опять за Воскресенье
     <ref target="#note4">
      4
     </ref>
     <note index="false" resp="volume_editor" xml:id="note4">
      О работе в это время над романом «Воскресение» Толстой почти
     </note>
     и с отвращением бросил. Всё надо с начала переделать — всё,
     <hi>
      9
     </hi>
     /
     <sub>
      10
     </sub>
     нехорошо. Потом много читал по искусству и начал писать сначала и в этой работе много вижу нового и хорошего.
     <ref target="#note6">
      6
     </ref>
     <note index="false" resp="volume_editor" xml:id="note6">
      О работе над трактатом «Что такое искусство?» см. в т. 30.
     </note>
     Таня
     <ref target="#note7">
      7
     </ref>
     <note index="false" resp="volume_editor" xml:id="note7">
      Татьяна Львовна Толстая. См. прим. к письму № 62.
     </note>
     со мной, переписывает мне, Маша
     <ref target="#note8">
      8
     </ref>
     <note index="false" resp="volume_editor" xml:id="note8">
      Мария Львовна Толстая. См. прим. к письму № 6.
     </note>
     всё у Ильи
     <ref target="#note9">
      9
     </ref>
     <note index="false" resp="volume_editor" xml:id="note9">
      <name placement="note" ref="13880" type="person">
       Илья Львович Толстой
      </name>
      (1866—1933), второй сын Толстого; в то время жил в своем имении Гриневка, Чернского уезда Тульской губ. См. т. 83, стр. 117.
     </note>
     и потом поедет в Пирогово,
     <ref target="#note10">
      10
     </ref>
     <note index="false" resp="volume_editor" xml:id="note10">
      Пирогово — имение брата Толстого, Сергея Николаевича, в 35 км от Ясной Поляны.
     </note>
     а потом, кажется около 15, приедет сюда. Духоборам сделали пожертвований 1000
     <ref target="#note11">
      11
     </ref>
     <note index="false" resp="volume_editor" xml:id="note11">
      Тысяча рублей была получена для духоборов от Н. Д. Ростовцева, о чем сообщил В. Г. Черткову 6 февраля 1897 г. А. Н. Дунаев.
     </note>
     и 100 руб. Что с ними делать? Меня очень порадовало описание их съезда, из
     <choice original_editorial_correction="к[оторого]">
      <sic>
       к
      </sic>
      <corr>
       которого
      </corr>
     </choice>
     видно, что христианское общество может управляться без насилия.
    </p>
    <p id="3c2eb327-d8fc-42af-a3d1-01489bf92843">
     Прощайте, все милые друзья, дай вам бог успеха не в одном внешнем, а главное во внутреннем деле, чтобы не сбиться с пути в ту или в другую сторону, не согрешить, не отступить от воли бога: не сделать того, чего не должно, и сделать всё то, чего он хочет от нас. Я нынче очень живо чувствовал то, что на это одно должно быть обращено всё внимание.
    </p>
    <p id="3585f41d-02dd-448c-81c8-6cc62dd268eb" rend="right">
     Л. Т.
    </p>
    <lb/>
    <p id="b3ca5735-7df7-48e2-9cd0-ccc9da2ec068">
     Когда вы вернетесь? И если не скоро, напишите, что вы там делаете.
    </p>
    <noteGrp type="comments">
     <note index="false" type="comments">
      <p id="e2b03d1a-5083-46b4-8980-6114d04859a7" rend="Textpetit_otstup left">
       Дата на письме поставлена рукой П. И. Бирюкова.
      </p>
     </note>
     <note index="false" type="comments">
      <p id="3111d676-c267-4091-92b0-355d7d468b7b" rend="petit">
       <name placement="comments" ref="1444" type="person">
        Павел Иванович Бирюков
       </name>
       (1860—1931) — друг и биограф Толстого. См. о нем в т. 63, стр. 227—228.
      </p>
     </note>
     <note index="false" type="comments">
      <p id="57769497-263c-4047-baa5-d9fc723efd4d" rend="petit">
       Ответ на письмо Бирюкова от 31 декабря 1896 г., в котором Бирюков писал о своих хлопотах по делу духоборов (см. прим. 1).
      </p>
     </note>
    </noteGrp>
   </div>
  </body>
 </text>
</TEI>
