<?xml version="1.0" encoding="utf-8"?>
<TEI xmlns="http://www.tei-c.org/ns/1.0" xmlns:xi="http://www.w3.org/2001/XInclude">
 <teiHeader>
  <fileDesc>
   <titleStmt>
    <title xml:id="v70_002_A_I_Arxangelskomu">
     Письма и документы. Tolstoy Digital
    </title>
    <title type="main">
     Письмо А. И. Архангельскому от 5 января 1897 г.
    </title>
    <title type="bibl">
     Толстой Л. Н. Письмо А. И. Архангельскому, 5 января 1897 г. // Толстой Л. Н. Полное собрание сочинений: в 90 тт. Т. 70. М.: Гос. изд. «Художественная литература», 1954. С.
    </title>
    <respStmt>
     <resp>
      Идея, постановка задач, руководство:
     </resp>
     <name>
      Анастасия Бонч-Осмоловская, Фёкла Толстая, Борис Орехов, Тимофей Лукашевский
     </name>
    </respStmt>
    <respStmt>
     <resp>
      Подготовка TEI/XML:
     </resp>
     <name>
      Евгений Можаев, Даниил Скоринкин, Ирина Павлова, Матвей Колбасов, Елена Сидорова, Кирилл Милинцевич, Лев Буланов, Макар Федоров, Константин Петров
     </name>
    </respStmt>
    <respStmt>
     <resp>
      Подготовка метаданных:
     </resp>
     <name>
      Мария Картышева, Вероника Файнберг
     </name>
    </respStmt>
    <respStmt>
     <resp>
      Разметка имен собственных:
     </resp>
     <name>
      Никита Северин, Елена Северина
     </name>
    </respStmt>
    <respStmt>
     <resp>
      Исправление древнегреческого текста:
     </resp>
     <name>
      Ольга Алиева
     </name>
    </respStmt>
    <funder>
     Проект «Слово Толстого»
    </funder>
   </titleStmt>
   <publicationStmt>
    <publisher>
     <orgName>
      Tolstoy Digital, DH CLOUD, Научно-образовательный союз «Родное Слово» проект «Слово Толстого»
     </orgName>
    </publisher>
    <availability>
     <p id="cdd2e908-ffcd-40ff-9cf9-61d78d1dab73">
      Тексты и метатекстовая разметка доступны для свободного использования и распространения по лицензии Creative Commons Attribution Share-Alike (cc by-sa)
     </p>
    </availability>
    <date from="2015" to="2022"/>
   </publicationStmt>
   <notesStmt>
    <note>
     Публикуемые документы был получены с сайта tolstoy.ru в формате html, переведены в формат TEI. Исправлены некоторые ошибки распознавания. Тексты, написанные в дореформенной орфографии, сопоставлены с их версиями в современной орфографии.
    </note>
   </notesStmt>
   <sourceDesc>
    <biblStruct>
     <analytic>
      <author>
       Толстой Лев Николаевич
      </author>
     </analytic>
     <monogr>
      <title level="m">
       Полное собрание сочинений. Том 70
      </title>
      <imprint>
       <pubPlace>
        Москва
       </pubPlace>
       <publisher>
        Государственное издательство «Художественная литература»
       </publisher>
       <date when="1954"/>
      </imprint>
      <biblScope unit="vol">
       70
      </biblScope>
      <biblScope unit="page">
       12-12
      </biblScope>
     </monogr>
     <series>
      <title level="s">
       Л. Н. Толстой. Полное собрание сочинений: в 90 тт.
      </title>
     </series>
    </biblStruct>
    <bibl/>
   </sourceDesc>
  </fileDesc>
  <encodingDesc>
   <classDecl>
    <xi:include href="../../reference/taxonomy.xml"/>
   </classDecl>
  </encodingDesc>
  <profileDesc>
   <correspDesc>
    <correspAction type="sending">
     <persName ref="13883">
      Л. Н. Толстой
     </persName>
     <placeName>
      Москва
     </placeName>
     <date when="1897-01-05"/>
    </correspAction>
    <correspAction type="receiving">
     <persName ref="702">
      Архангельский Александр Иванович (псевдоним — Бука)
     </persName>
    </correspAction>
   </correspDesc>
   <langUsage>
    <language ident="ru"/>
   </langUsage>
   <textClass>
    <catRef ana="#tolstoy_heritage" target="library"/>
    <catRef ana="#letters" target="type"/>
    <catRef ana="#sent" target="sent"/>
   </textClass>
  </profileDesc>
 </teiHeader>
 <xenoData>
  <number type="in a volume">
   2
  </number>
 </xenoData>
 <text xml:id="A.I.Arxangelskomu_2" xmlns="http://www.tei-c.org/ns/1.0" xmlns:xi="http://www.w3.org/2001/XInclude">
  <body>
   <div>
    <pb n="12"/>
    <opener index="false">
     2. А. И. Архангельскому.1897 г. Января 5. Москва.
    </opener>
    <p id="22045496-8eb3-4d27-b323-cea00e11fa1d" rend="Obrashenie">
     Дорогой
     <name placement="text" ref="702" type="person">
      Александр Иванович
     </name>
     .
    </p>
    <p id="15f0b4c0-b8fc-4b30-83ac-909eb859ff52">
     Сейчас дочел вашу статью и давно не испытывал такой радости. Эта статья сделает много добра людям и подвинет дело божие. Видно, он решил сделать это через вас. Очень жалею, что мало видел вас. Я был нездоров. Теперь мне лучше. Я отметил карандашом кое-какие подлежащие изменению места.
     <ref target="#note1">
      1
     </ref>
     <note index="false" resp="volume_editor" xml:id="note1">
      Толстой читал статью А. И. Архангельского «Кому служить?» в рукописи. Экземпляр этой рукописи с пометами Толстого неизвестен.
     </note>
     Надо не дать врагам добра — дьяволу — повода ради — как он это любит делать — слабых и ошибочных мест освободиться от сокрушающей его дела убедительности этой превосходной статьи.
    </p>
    <p id="688e0381-01e4-4bf4-ac1c-28d36cdf5149">
     Ваш друг и брат
    </p>
    <p id="9d3ab905-13e2-4b97-8284-4a2cc6911713" rend="right">
     <name placement="text" ref="13883" type="person">
      Лев Толстой
     </name>
     .
    </p>
    <lb/>
    <p id="bb01c7e1-a9ca-4434-ab42-1005c0cece87">
     Подействовала на меня и будет сильно действовать ваша статья
     <choice original_editorial_correction="п[отому]">
      <sic>
       п
      </sic>
      <corr>
       потому
      </corr>
     </choice>
     ,
     <choice original_editorial_correction="ч[то]">
      <sic>
       ч
      </sic>
      <corr>
       что
      </corr>
     </choice>
     она не сочинена, а выболела из сердца, из жизни.
    </p>
    <noteGrp type="comments">
     <note index="false" type="comments">
      <p id="4978ca40-6c41-418e-9cf8-6bc690593cf4" rend="Textpetit_otstup left">
       Впервые опубликовано в Болгарии, в книге: А. И. Архангельский, «Кому служить?» со вступительным письмом
       <name placement="comments" ref="13883" type="person">
        Л. Н. Толстого
       </name>
       , Бургас 1911; в СССР — в той же книге, М. 1920.
      </p>
     </note>
     <note index="false" type="comments">
      <p id="a6014bf5-405c-4b12-aa48-84514a71925f" rend="petit">
       Датируется на основании записи в Дневнике Толстого (см. т. 53).
      </p>
     </note>
     <note index="false" type="comments">
      <p id="530ad041-0781-4ae8-84d2-d33ccddd1d55" rend="petit">
       <name placement="comments" ref="702" type="person">
        Александр Иванович Архангельский
       </name>
       (псевдоним «Бука», 1857—1906) — ветеринарный статистик, а затем ветеринарный фельдшер Бронницкого уезда Московской губ. См. о нем в т. 50, стр. 274.
      </p>
     </note>
    </noteGrp>
   </div>
  </body>
 </text>
</TEI>
