<?xml version="1.0" encoding="utf-8"?>
<TEI xmlns="http://www.tei-c.org/ns/1.0" xmlns:xi="http://www.w3.org/2001/XInclude">
 <teiHeader>
  <fileDesc>
   <titleStmt>
    <title xml:id="v70_057_P_I_Biryukovu">
     Письма и документы. Tolstoy Digital
    </title>
    <title type="main">
     Письмо П. И. Бирюкову от 12 марта 1897 г.
    </title>
    <title type="bibl">
     Толстой Л. Н. Письмо П. И. Бирюкову, 12 марта 1897 г. // Толстой Л. Н. Полное собрание сочинений: в 90 тт. Т. 70. М.: Гос. изд. «Художественная литература», 1954. С.
    </title>
    <respStmt>
     <resp>
      Идея, постановка задач, руководство:
     </resp>
     <name>
      Анастасия Бонч-Осмоловская, Фёкла Толстая, Борис Орехов, Тимофей Лукашевский
     </name>
    </respStmt>
    <respStmt>
     <resp>
      Подготовка TEI/XML:
     </resp>
     <name>
      Евгений Можаев, Даниил Скоринкин, Ирина Павлова, Матвей Колбасов, Елена Сидорова, Кирилл Милинцевич, Лев Буланов, Макар Федоров, Константин Петров
     </name>
    </respStmt>
    <respStmt>
     <resp>
      Подготовка метаданных:
     </resp>
     <name>
      Мария Картышева, Вероника Файнберг
     </name>
    </respStmt>
    <respStmt>
     <resp>
      Разметка имен собственных:
     </resp>
     <name>
      Никита Северин, Елена Северина
     </name>
    </respStmt>
    <respStmt>
     <resp>
      Исправление древнегреческого текста:
     </resp>
     <name>
      Ольга Алиева
     </name>
    </respStmt>
    <funder>
     Проект «Слово Толстого»
    </funder>
   </titleStmt>
   <publicationStmt>
    <publisher>
     <orgName>
      Tolstoy Digital, DH CLOUD, Научно-образовательный союз «Родное Слово» проект «Слово Толстого»
     </orgName>
    </publisher>
    <availability>
     <p id="929aca32-e1b9-471c-a950-681ae622dee3">
      Тексты и метатекстовая разметка доступны для свободного использования и распространения по лицензии Creative Commons Attribution Share-Alike (cc by-sa)
     </p>
    </availability>
    <date from="2015" to="2022"/>
   </publicationStmt>
   <notesStmt>
    <note>
     Публикуемые документы был получены с сайта tolstoy.ru в формате html, переведены в формат TEI. Исправлены некоторые ошибки распознавания. Тексты, написанные в дореформенной орфографии, сопоставлены с их версиями в современной орфографии.
    </note>
   </notesStmt>
   <sourceDesc>
    <biblStruct>
     <analytic>
      <author>
       Толстой Лев Николаевич
      </author>
     </analytic>
     <monogr>
      <title level="m">
       Полное собрание сочинений. Том 70
      </title>
      <imprint>
       <pubPlace>
        Москва
       </pubPlace>
       <publisher>
        Государственное издательство «Художественная литература»
       </publisher>
       <date when="1954"/>
      </imprint>
      <biblScope unit="vol">
       70
      </biblScope>
      <biblScope unit="page">
       54-55
      </biblScope>
     </monogr>
     <series>
      <title level="s">
       Л. Н. Толстой. Полное собрание сочинений: в 90 тт.
      </title>
     </series>
    </biblStruct>
    <bibl>
     Публикуется впервые
    </bibl>
   </sourceDesc>
  </fileDesc>
  <encodingDesc>
   <classDecl>
    <xi:include href="../../reference/taxonomy.xml"/>
   </classDecl>
  </encodingDesc>
  <profileDesc>
   <correspDesc>
    <correspAction type="sending">
     <persName ref="13883">
      Л. Н. Толстой
     </persName>
     <placeName>
      Москва
     </placeName>
     <date when="1897-03-12"/>
    </correspAction>
    <correspAction type="receiving">
     <persName ref="1444">
      Бирюков Павел Иванович
     </persName>
    </correspAction>
   </correspDesc>
   <langUsage>
    <language ident="ru"/>
   </langUsage>
   <textClass>
    <catRef ana="#tolstoy_heritage" target="library"/>
    <catRef ana="#letters" target="type"/>
    <catRef ana="#sent" target="sent"/>
   </textClass>
  </profileDesc>
 </teiHeader>
 <xenoData>
  <number type="in a volume">
   57
  </number>
 </xenoData>
 <text xml:id="P.I.Biryukovu_57" xmlns="http://www.tei-c.org/ns/1.0" xmlns:xi="http://www.w3.org/2001/XInclude">
  <body>
   <div>
    <pb n="54"/>
    <opener index="false">
     * 57.
     <name placement="text" ref="1444" type="person">
      П. И. Бирюкову
     </name>
     .1897 г. Марта 12? Москва.
    </opener>
    <p id="8b10a61e-126a-4dbe-b063-390f70720f4b">
     № 6. Получил ваше письмо,
     <ref target="#note1">
      1
     </ref>
     <note index="false" resp="volume_editor" xml:id="note1">
      Письмо П. И. Бирюкова от 1 марта (приписка от 5 марта), в котором он сообщал о своей жизни в ссылке.
     </note>
     дорогой друг, и очень все мы
     <choice original_editorial_correction="б[ыли]">
      <sic>
       б
      </sic>
      <corr>
       были
      </corr>
     </choice>
     обрадованы им. Только мало. Как видите, мой № уже (6-й, третье открытое.
     <ref target="#note2">
      2
     </ref>
     <note index="false" resp="volume_editor" xml:id="note2">
      Открытыми письмами были, кроме настоящего, №№ 4 и 5 (от 2 и 4 марта).
     </note>
     Очень хочется знать больше и больше про вас. От
     <choice original_editorial_correction="Черт[кова]">
      <sic>
       Черт
      </sic>
      <corr>
       Черткова
      </corr>
     </choice>
     тоже мало писем: только 2. Одно от него, другое от Гали. Я в Москве, занят всё тою же работой, за
     <choice original_editorial_correction="к[оторую]">
      <sic>
       к
      </sic>
      <corr>
       которую
      </corr>
     </choice>
     мне совестно,
     <choice original_editorial_correction="т[ак]">
      <sic>
       т
      </sic>
      <corr>
       так
      </corr>
     </choice>
     <choice original_editorial_correction="к[ак]">
      <sic>
       к
      </sic>
      <corr>
       как
      </corr>
     </choice>
     надо бы писать болee
     <hi style="opdelimiter">
      нужное,
     </hi>
     <pb n="55"/>
     <hi style="npdelimiter">
      но
     </hi>
     не могу оторваться, хочется договорить. И кажется мне, что уже вижу конец.
     <ref target="#note3">
      3
     </ref>
     <note index="false" resp="volume_editor" xml:id="note3">
      Речь идет о работе над трактатом «Что такое искусство?».
     </note>
     Есть ли у вас Вопросы психологии, там превосходная статья
     <choice original_editorial_correction="индийск[ого]">
      <sic>
       индийск
      </sic>
      <corr>
       индийского
      </corr>
     </choice>
     мудреца Шамкара.
     <ref target="#note4">
      4
     </ref>
     <note index="false" resp="volume_editor" xml:id="note4">
      <name placement="note" ref="4368" type="person">
       Вера Джонстон
      </name>
      , «Шри Шанкара Ачария — индийский мудрец» — «Вопросы философии и психологии» 1897, 36 (1). Статья эта с некоторыми сокращениями по указанию Толстого была перепечатана в изд. «Посредник», М. 1898.
     </note>
     Если нет, я пришлю вам.
     <choice original_editorial_correction="С[офья]">
      <sic>
       С
      </sic>
      <corr>
       <name placement="text" ref="13844" type="person">
        Софья
       </name>
      </corr>
     </choice>
     <choice original_editorial_correction="А[ндреевна]">
      <sic>
       <name placement="text" ref="13844" type="person">
        А
       </name>
      </sic>
      <corr>
       <name placement="text" ref="13844" type="person">
        Андреевна
       </name>
      </corr>
     </choice>
     всё так же любит вас, чему я очень радуюсь. Друзья же ваши самые разнородные сходятся воедино в любви к вам. Таня уехала в
     <choice original_editorial_correction="Я[сную]">
      <sic>
       Я
      </sic>
      <corr>
       Ясную
      </corr>
     </choice>
     <choice original_editorial_correction="П[оляну]">
      <sic>
       П
      </sic>
      <corr>
       Поляну
      </corr>
     </choice>
     , Маша со мной. Целую вас
     <choice original_editorial_correction="неж[но]">
      <sic>
       неж
      </sic>
      <corr>
       нежно
      </corr>
     </choice>
     .
    </p>
    <p id="782c555f-11d7-4286-b568-0498237acf26" rend="right">
     Л. Т.
    </p>
    <lb/>
    <p id="232238df-f946-40b0-8b5f-5a3ea77df7fe">
     <hi>
      На обороте
     </hi>
     : Курляндской губ. город Бауск.
     <name placement="text" ref="1444" type="person">
      Павлу Ивановичу Бирюкову
     </name>
     .
    </p>
    <noteGrp type="comments">
     <note index="false" type="comments">
      <p id="a633547d-d9fb-497d-9068-a380aed400f5" rend="Textpetit_otstup left">
       Датируется на основании почтовых штемпелей.
      </p>
     </note>
    </noteGrp>
   </div>
  </body>
 </text>
</TEI>
