<?xml version="1.0" encoding="utf-8"?>
<TEI xmlns="http://www.tei-c.org/ns/1.0" xmlns:xi="http://www.w3.org/2001/XInclude">
 <teiHeader>
  <fileDesc>
   <titleStmt>
    <title xml:id="v70_136_A_A_Aleksandrovu">
     Письма и документы. Tolstoy Digital
    </title>
    <title type="main">
     Письмо А. А. Александрову от 12 августа 1897 г.
    </title>
    <title type="bibl">
     Толстой Л. Н. Письмо А. А. Александрову, 12 августа 1897 г. // Толстой Л. Н. Полное собрание сочинений: в 90 тт. Т. 70. М.: Гос. изд. «Художественная литература», 1954. С.
    </title>
    <respStmt>
     <resp>
      Идея, постановка задач, руководство:
     </resp>
     <name>
      Анастасия Бонч-Осмоловская, Фёкла Толстая, Борис Орехов, Тимофей Лукашевский
     </name>
    </respStmt>
    <respStmt>
     <resp>
      Подготовка TEI/XML:
     </resp>
     <name>
      Евгений Можаев, Даниил Скоринкин, Ирина Павлова, Матвей Колбасов, Елена Сидорова, Кирилл Милинцевич, Лев Буланов, Макар Федоров, Константин Петров
     </name>
    </respStmt>
    <respStmt>
     <resp>
      Подготовка метаданных:
     </resp>
     <name>
      Мария Картышева, Вероника Файнберг
     </name>
    </respStmt>
    <respStmt>
     <resp>
      Разметка имен собственных:
     </resp>
     <name>
      Никита Северин, Елена Северина
     </name>
    </respStmt>
    <respStmt>
     <resp>
      Исправление древнегреческого текста:
     </resp>
     <name>
      Ольга Алиева
     </name>
    </respStmt>
    <funder>
     Проект «Слово Толстого»
    </funder>
   </titleStmt>
   <publicationStmt>
    <publisher>
     <orgName>
      Tolstoy Digital, DH CLOUD, Научно-образовательный союз «Родное Слово» проект «Слово Толстого»
     </orgName>
    </publisher>
    <availability>
     <p id="9f034c45-25cd-42bf-b266-24c28637fd92">
      Тексты и метатекстовая разметка доступны для свободного использования и распространения по лицензии Creative Commons Attribution Share-Alike (cc by-sa)
     </p>
    </availability>
    <date from="2015" to="2022"/>
   </publicationStmt>
   <notesStmt>
    <note>
     Публикуемые документы был получены с сайта tolstoy.ru в формате html, переведены в формат TEI. Исправлены некоторые ошибки распознавания. Тексты, написанные в дореформенной орфографии, сопоставлены с их версиями в современной орфографии.
    </note>
   </notesStmt>
   <sourceDesc>
    <biblStruct>
     <analytic>
      <author>
       Толстой Лев Николаевич
      </author>
     </analytic>
     <monogr>
      <title level="m">
       Полное собрание сочинений. Том 70
      </title>
      <imprint>
       <pubPlace>
        Москва
       </pubPlace>
       <publisher>
        Государственное издательство «Художественная литература»
       </publisher>
       <date when="1954"/>
      </imprint>
      <biblScope unit="vol">
       70
      </biblScope>
      <biblScope unit="page">
       111-112
      </biblScope>
     </monogr>
     <series>
      <title level="s">
       Л. Н. Толстой. Полное собрание сочинений: в 90 тт.
      </title>
     </series>
    </biblStruct>
    <bibl/>
   </sourceDesc>
  </fileDesc>
  <encodingDesc>
   <classDecl>
    <xi:include href="../../reference/taxonomy.xml"/>
   </classDecl>
  </encodingDesc>
  <profileDesc>
   <correspDesc>
    <correspAction type="sending">
     <persName ref="13883">
      Л. Н. Толстой
     </persName>
     <placeName>
      Ясная Поляна
     </placeName>
     <date when="1897-08-12"/>
    </correspAction>
    <correspAction type="receiving">
     <persName ref="227">
      Александров Анатолий Александрович
     </persName>
    </correspAction>
   </correspDesc>
   <langUsage>
    <language ident="ru"/>
   </langUsage>
   <textClass>
    <catRef ana="#tolstoy_heritage" target="library"/>
    <catRef ana="#letters" target="type"/>
    <catRef ana="#sent" target="sent"/>
   </textClass>
  </profileDesc>
 </teiHeader>
 <xenoData>
  <number type="in a volume">
   136
  </number>
 </xenoData>
 <text xml:id="A.A.Aleksandrovu_136" xmlns="http://www.tei-c.org/ns/1.0" xmlns:xi="http://www.w3.org/2001/XInclude">
  <body>
   <div>
    <pb n="111"/>
    <opener index="false">
     136.
     <name placement="text" ref="225" type="person">
      А. А. Александрову
     </name>
     .1897 г. Августа 12? Я. П.
    </opener>
    <p id="f2e59b34-af90-4d3d-bf57-2a9c9b18c3d1" rend="Obrashenie">
     Милостивый государь
    </p>
    <p id="8be647b7-ae2c-41d7-b1d9-dc24a3a0ddb0" rend="Obrashenie1_ left">
     <name placement="text" ref="227" type="person">
      Анатолий Александрович
     </name>
     .
    </p>
    <p id="a271ec12-c336-4cc2-b741-a1d7df1e41f5">
     Ф. Ф. Тищенко просит меня написать вам мое мнение об его рассказе «Хлеб насущный».
     <ref target="#note1">
      1
     </ref>
     <note index="false" resp="volume_editor" xml:id="note1">
      См. прим. к письму № 137.
     </note>
     С большим удовольствием исполняю его желание. Рассказ этот, по моему мнению, должен производить на всякого серьезного читателя очень сильное и
     <hi style="opdelimiter">
      хорошее
     </hi>
     <pb n="112"/>
     <hi style="npdelimiter">
      впечатление.
     </hi>
     Кроме того, рассказ написан очень хорошо. Вы хорошо сделаете, если напечатаете его. Желаю вам всего хорошего.
    </p>
    <p id="ee9bafd4-1133-47de-94d1-561fcb78f3cb" rend="right">
     <name placement="text" ref="13883" type="person">
      Лев Толстой
     </name>
     .
    </p>
    <noteGrp type="comments">
     <note index="false" type="comments">
      <p id="c2f2bcd6-ea98-48b9-a644-330ea498903e" rend="Textpetit_otstup left">
       Впервые опубликовано в журнале «Русское обозрение» 1897, октябрь, стр. 47. Датируется на основании почтовых штемпелей на конверте письма Толстого к Ф. Ф. Тищенко (
       <ref target="file:///Volume_70_F.F.Tishhenko_137.xml">
        см. письмо № 137
       </ref>
       ), написанного на одном листе с этим письмом.
      </p>
     </note>
     <note index="false" type="comments">
      <p id="44fb87f3-379a-48e6-ae52-0814701c78de" rend="petit">
       <name placement="comments" ref="227" type="person">
        Анатолий Александрович Александров
       </name>
       (1861—1930) издатель журнала «Русское обозрение». См. о нем в т. 66, стр. 289.
      </p>
     </note>
    </noteGrp>
   </div>
  </body>
 </text>
</TEI>
