<?xml version="1.0" encoding="utf-8"?>
<TEI xmlns="http://www.tei-c.org/ns/1.0" xmlns:xi="http://www.w3.org/2001/XInclude">
 <teiHeader>
  <fileDesc>
   <titleStmt>
    <title xml:id="v70_128_V_L_Kravcovu">
     Письма и документы. Tolstoy Digital
    </title>
    <title type="main">
     Письмо В. Л. Кравцову от 15 июля 1897 г.
    </title>
    <title type="bibl">
     Толстой Л. Н. Письмо В. Л. Кравцову, 15 июля 1897 г. // Толстой Л. Н. Полное собрание сочинений: в 90 тт. Т. 70. М.: Гос. изд. «Художественная литература», 1954. С.
    </title>
    <respStmt>
     <resp>
      Идея, постановка задач, руководство:
     </resp>
     <name>
      Анастасия Бонч-Осмоловская, Фёкла Толстая, Борис Орехов, Тимофей Лукашевский
     </name>
    </respStmt>
    <respStmt>
     <resp>
      Подготовка TEI/XML:
     </resp>
     <name>
      Евгений Можаев, Даниил Скоринкин, Ирина Павлова, Матвей Колбасов, Елена Сидорова, Кирилл Милинцевич, Лев Буланов, Макар Федоров, Константин Петров
     </name>
    </respStmt>
    <respStmt>
     <resp>
      Подготовка метаданных:
     </resp>
     <name>
      Мария Картышева, Вероника Файнберг
     </name>
    </respStmt>
    <respStmt>
     <resp>
      Разметка имен собственных:
     </resp>
     <name>
      Никита Северин, Елена Северина
     </name>
    </respStmt>
    <respStmt>
     <resp>
      Исправление древнегреческого текста:
     </resp>
     <name>
      Ольга Алиева
     </name>
    </respStmt>
    <funder>
     Проект «Слово Толстого»
    </funder>
   </titleStmt>
   <publicationStmt>
    <publisher>
     <orgName>
      Tolstoy Digital, DH CLOUD, Научно-образовательный союз «Родное Слово» проект «Слово Толстого»
     </orgName>
    </publisher>
    <availability>
     <p id="d8019903-1da7-41c3-b600-25faff44beab">
      Тексты и метатекстовая разметка доступны для свободного использования и распространения по лицензии Creative Commons Attribution Share-Alike (cc by-sa)
     </p>
    </availability>
    <date from="2015" to="2022"/>
   </publicationStmt>
   <notesStmt>
    <note>
     Публикуемые документы был получены с сайта tolstoy.ru в формате html, переведены в формат TEI. Исправлены некоторые ошибки распознавания. Тексты, написанные в дореформенной орфографии, сопоставлены с их версиями в современной орфографии.
    </note>
   </notesStmt>
   <sourceDesc>
    <biblStruct>
     <analytic>
      <author>
       Толстой Лев Николаевич
      </author>
     </analytic>
     <monogr>
      <title level="m">
       Полное собрание сочинений. Том 70
      </title>
      <imprint>
       <pubPlace>
        Москва
       </pubPlace>
       <publisher>
        Государственное издательство «Художественная литература»
       </publisher>
       <date when="1954"/>
      </imprint>
      <biblScope unit="vol">
       70
      </biblScope>
      <biblScope unit="page">
       104-105
      </biblScope>
     </monogr>
     <series>
      <title level="s">
       Л. Н. Толстой. Полное собрание сочинений: в 90 тт.
      </title>
     </series>
    </biblStruct>
    <bibl>
     Публикуется впервые
    </bibl>
   </sourceDesc>
  </fileDesc>
  <encodingDesc>
   <classDecl>
    <xi:include href="../../reference/taxonomy.xml"/>
   </classDecl>
  </encodingDesc>
  <profileDesc>
   <correspDesc>
    <correspAction type="sending">
     <persName ref="13883">
      Л. Н. Толстой
     </persName>
     <placeName>
      Ясная Поляна
     </placeName>
     <date when="1897-07-15"/>
    </correspAction>
    <correspAction type="receiving">
     <persName ref="7058">
      Кравцов Василий Львович
     </persName>
    </correspAction>
   </correspDesc>
   <langUsage>
    <language ident="ru"/>
   </langUsage>
   <textClass>
    <catRef ana="#tolstoy_heritage" target="library"/>
    <catRef ana="#letters" target="type"/>
    <catRef ana="#sent" target="sent"/>
   </textClass>
  </profileDesc>
 </teiHeader>
 <xenoData>
  <number type="in a volume">
   128
  </number>
 </xenoData>
 <text xml:id="V.L.Kravcovu_128" xmlns="http://www.tei-c.org/ns/1.0" xmlns:xi="http://www.w3.org/2001/XInclude">
  <body>
   <div>
    <pb n="104"/>
    <opener index="false">
     * 128.
     <name placement="text" ref="7058" type="person">
      В. Л. Кравцову
     </name>
     .1897 г. Июля 15. Я. П.
    </opener>
    <p id="7b449193-1eb6-449c-b5fb-2c95cc9a3687" rend="Obrashenie">
     Милостивый государь
    </p>
    <p id="3543b126-1c21-4dd5-8bb0-786e9311eae4" rend="Obrashenie1_ left">
     <name placement="text" ref="7058" type="person">
      Василий Львович
     </name>
     .
    </p>
    <p id="23bf5537-a826-40af-8a32-9c646818222b">
     Вижу по вашему письму, что вы хорошо расположены ко мне, и очень благодарен вам за это; но вижу из того же письма,
     <hi style="opdelimiter">
      что
     </hi>
     <pb n="105"/>
     <hi style="npdelimiter">
      вы
     </hi>
     совершенно не понимаете меня и что поэтому — если из моих сочинений вы не поняли меня — то и из писем есть на то еще меньше вероятия. Брошюры ваши я или не получил во время суеты переезда и болезни и потому не читал и теперь не найду. Потому не могу исполнить вашего желания переслать их вам. Пожалуйста, извините меня за это.
    </p>
    <p id="dcd24f96-c6d3-43a3-a74a-9599a2ee8fb3">
     По вашему письму вижу, что в вас есть самое драгоценное и всех соединяющее чувство любви — бог есть любовь, и так как стремлюсь только к тому, чтобы освободить в себе это чувство, уничтожить все препятствия проявления его, то надеюсь, что, несмотря на разницу умственных процессов, это чувство соединит нас, как оно соединяет всё живущее.
    </p>
    <p id="aabb2be2-9a0e-456c-970c-dee5874a834c">
     С совершенным уважением остаюсь готовый служить
    </p>
    <p id="4f266737-3e07-45e3-b792-a496a12939f4" rend="right">
     <name placement="text" ref="13883" type="person">
      Лев Толстой
     </name>
     .
    </p>
    <p id="364a7e07-13f6-468f-a79f-dba5c9f08744">
     15 июля.
    </p>
    <lb/>
    <p id="427a8653-2bcf-487d-8617-94407389c2eb">
     Брошюру поищу еще и прочту и пришлю, если найду.
    </p>
    <noteGrp type="comments">
     <note index="false" type="comments">
      <p id="e55a08ce-553d-423e-b5d9-dc8adb0cae56" rend="Textpetit_otstup left">
       Печатается по машинописной копии. Дата копии «15 июня» исправляется на основании упоминания в ответном письме Кравцова от 23 июля о получении им 18 июля письма Толстого и содержания (переезд и болезни).
      </p>
     </note>
     <note index="false" type="comments">
      <p id="248605b5-fd5e-43d9-ba2e-211bddef90f7" rend="petit">
       <name placement="comments" ref="7058" type="person">
        Василий Львович Кравцов
       </name>
       — мировой судья в Воронеже. В письме от 5 июня писал о «печальном влиянии» Толстого на людей «нетвердых в религиозных убеждениях»; сообщал, что посылает свои брошюры: «Письма к неверующему г-ну N», «Ответ на письмо В. А. Г., прочитавшего брошюру: письмо к неверующему г-ну N», «Второй ответ на письмо В. А. Г.».
      </p>
     </note>
    </noteGrp>
   </div>
  </body>
 </text>
</TEI>
