<?xml version="1.0" encoding="utf-8"?>
<TEI xmlns="http://www.tei-c.org/ns/1.0" xmlns:xi="http://www.w3.org/2001/XInclude">
 <teiHeader>
  <fileDesc>
   <titleStmt>
    <title xml:id="v71_207_A_M_Bodyanskomu">
     Письма и документы. Tolstoy Digital
    </title>
    <title type="main">
     Письмо А. М. Бодянскому с 4 августа 1898 г. по 5 августа 1898 г.
    </title>
    <title type="bibl">
     Толстой Л. Н. Письмо А. М. Бодянскому, 4 августа 1898 г. — 5 августа 1898 г. // Толстой Л. Н. Полное собрание сочинений: в 90 тт. Т. 71. М.: Гос. изд. «Художественная литература», 1954. С.
    </title>
    <respStmt>
     <resp>
      Идея, постановка задач, руководство:
     </resp>
     <name>
      Анастасия Бонч-Осмоловская, Фёкла Толстая, Борис Орехов, Тимофей Лукашевский
     </name>
    </respStmt>
    <respStmt>
     <resp>
      Подготовка TEI/XML:
     </resp>
     <name>
      Евгений Можаев, Даниил Скоринкин, Ирина Павлова, Матвей Колбасов, Елена Сидорова, Кирилл Милинцевич, Лев Буланов, Макар Федоров, Константин Петров
     </name>
    </respStmt>
    <respStmt>
     <resp>
      Подготовка метаданных:
     </resp>
     <name>
      Мария Картышева, Вероника Файнберг
     </name>
    </respStmt>
    <respStmt>
     <resp>
      Разметка имен собственных:
     </resp>
     <name>
      Никита Северин, Елена Северина
     </name>
    </respStmt>
    <respStmt>
     <resp>
      Исправление древнегреческого текста:
     </resp>
     <name>
      Ольга Алиева
     </name>
    </respStmt>
    <funder>
     Проект «Слово Толстого»
    </funder>
   </titleStmt>
   <publicationStmt>
    <publisher>
     <orgName>
      Tolstoy Digital, DH CLOUD, Научно-образовательный союз «Родное Слово» проект «Слово Толстого»
     </orgName>
    </publisher>
    <availability>
     <p id="17ca6591-3de4-4cda-818b-1fdd76594587">
      Тексты и метатекстовая разметка доступны для свободного использования и распространения по лицензии Creative Commons Attribution Share-Alike (cc by-sa)
     </p>
    </availability>
    <date from="2015" to="2022"/>
   </publicationStmt>
   <notesStmt>
    <note>
     Публикуемые документы был получены с сайта tolstoy.ru в формате html, переведены в формат TEI. Исправлены некоторые ошибки распознавания. Тексты, написанные в дореформенной орфографии, сопоставлены с их версиями в современной орфографии.
    </note>
   </notesStmt>
   <sourceDesc>
    <biblStruct>
     <analytic>
      <author>
       Толстой Лев Николаевич
      </author>
     </analytic>
     <monogr>
      <title level="m">
       Полное собрание сочинений. Том 71
      </title>
      <imprint>
       <pubPlace>
        Москва
       </pubPlace>
       <publisher>
        Государственное издательство «Художественная литература»
       </publisher>
       <date when="1954"/>
      </imprint>
      <biblScope unit="vol">
       71
      </biblScope>
      <biblScope unit="page">
       416-417
      </biblScope>
     </monogr>
     <series>
      <title level="s">
       Л. Н. Толстой. Полное собрание сочинений: в 90 тт.
      </title>
     </series>
    </biblStruct>
    <bibl>
     Публикуется впервые
    </bibl>
   </sourceDesc>
  </fileDesc>
  <encodingDesc>
   <classDecl>
    <xi:include href="../../reference/taxonomy.xml"/>
   </classDecl>
  </encodingDesc>
  <profileDesc>
   <correspDesc>
    <correspAction type="sending">
     <persName ref="13883">
      Л. Н. Толстой
     </persName>
     <placeName>
      Ясная Поляна
     </placeName>
     <date notAfter="1898-08-05" notBefore="1898-08-04"/>
    </correspAction>
    <correspAction type="receiving">
     <persName ref="1630">
      Бодянский Александр Михайлович
     </persName>
    </correspAction>
   </correspDesc>
   <langUsage>
    <language ident="ru"/>
   </langUsage>
   <textClass>
    <catRef ana="#tolstoy_heritage" target="library"/>
    <catRef ana="#letters" target="type"/>
    <catRef ana="#sent" target="sent"/>
   </textClass>
  </profileDesc>
 </teiHeader>
 <xenoData>
  <number type="in a volume">
   207
  </number>
 </xenoData>
 <text xml:id="A.M.Bodyanskomu_207" xmlns="http://www.tei-c.org/ns/1.0" xmlns:xi="http://www.w3.org/2001/XInclude">
  <body>
   <div>
    <pb n="416"/>
    <opener index="false">
     * 207.
     <name placement="text" ref="1630" type="person">
      А. М. Бодянскому
     </name>
     .1898 г. Августа 4—5? Я. П.
    </opener>
    <p id="1fb05289-1778-4511-94ff-e05f7e981e6a">
     Получил и прочел вторую главу. Направление мысли очень хорошее, по крайней мере мне вполне сочувственное, но судить о достоинстве сочинения нельзя, пока не будет кончено,
     <choice original_editorial_correction="п[отому]">
      <sic>
       п
      </sic>
      <corr>
       потому
      </corr>
     </choice>
     <choice original_editorial_correction="ч[то]">
      <sic>
       ч
      </sic>
      <corr>
       что
      </corr>
     </choice>
     всё дело в том, как выведется
     <choice original_editorial_correction="христ[ианское]">
      <sic>
       христ
      </sic>
      <corr>
       христианское
      </corr>
     </choice>
     жизнепонимание из евангелия. Неверно, по-моему, отношение к
     <choice original_editorial_correction="т[ак]">
      <sic>
       т
      </sic>
      <corr>
       так
      </corr>
     </choice>
     <choice original_editorial_correction="наз[ываемому]">
      <sic>
       наз
      </sic>
      <corr>
       называемому
      </corr>
     </choice>
     <choice original_editorial_correction="св[ященному]">
      <sic>
       св
      </sic>
      <corr>
       священному
      </corr>
     </choice>
     писанию, как к чему-то более определенному, чем какое-либо другое писание. Это иллюзия,
     <choice original_editorial_correction="к[оторой]">
      <sic>
       к
      </sic>
      <corr>
       которой
      </corr>
     </choice>
     мы невольно поддаемся. Еще неопределенно отношение автора к чудесам. А это невольно возникающий и очень важный вопрос, на
     <choice original_editorial_correction="к[оторый]">
      <sic>
       к
      </sic>
      <corr>
       который
      </corr>
     </choice>
     читатель ждет ответа. О
     <hi style="opdelimiter">
      печатании
     </hi>
     <pb n="417"/>
     <hi style="npdelimiter">
      в
     </hi>
     <choice original_editorial_correction="Поср[еднике]">
      <sic>
       Поср
      </sic>
      <corr>
       Посреднике
      </corr>
     </choice>
     и думать нечего. За границей можно будет напечатать, если будет кончено и хорошо, чего очень желаю. Рукопись возвращаю. Читал без
     <choice original_editorial_correction="каранд[аша]">
      <sic>
       каранд
      </sic>
      <corr>
       карандаша
      </corr>
     </choice>
     . Простите.
    </p>
    <p id="5e145ccd-f31a-4c2d-b008-94d0ecc5ed6d" rend="right rightindent">
     Любящий вас
    </p>
    <p id="4466e692-f56a-4f06-a3d1-6bb8bb2f1095" rend="right">
     <name placement="text" ref="13883" type="person">
      Л. Толстой
     </name>
     .
    </p>
    <noteGrp type="comments">
     <note index="false" type="comments">
      <p id="f1fd476e-e2eb-4cf1-8d96-acc040fd33da" rend="Textpetit_otstup left">
       Печатается по копировальной книге № 1, л. 188. Датируется на основании письма Бодянского, на которое отвечает Толстой, и по положению письма в копировальной книге между письмами от 4 и 5 августа 1898 г.
      </p>
     </note>
     <note index="false" type="comments">
      <p id="a226c822-3302-4b82-867f-655b833acfac" rend="petit">
       <name placement="comments" ref="1630" type="person">
        Александр Михайлович Бодянский
       </name>
       (1845?—1916) — харьковский помещик, в начале 1890-х гг. отказавшийся от земельной собственности. В 1892—1899 гг. находился в ссылке, сначала на Кавказе в Кутаиси, затем в Лемзале, Лифляндской губ. См. о нем в т. 66.
      </p>
     </note>
     <note index="false" type="comments">
      <p id="3bad848d-a8b7-4a21-a7b5-57ebc24688f3" rend="petit">
       2 мая Бодянский сообщил Толстому, что послал ему первую главу своего сочинения на религиозную тему. Толстой, прочитав ее, ответил (письмо это неизвестно; см. Список писем Толстого, текст которых неизвестен). В письме от 13 июля (почт. шт.) Бодянский сообщил о посылке второй главы.
      </p>
     </note>
    </noteGrp>
   </div>
  </body>
 </text>
</TEI>
