<?xml version="1.0" encoding="utf-8"?>
<TEI xmlns="http://www.tei-c.org/ns/1.0" xmlns:xi="http://www.w3.org/2001/XInclude">
 <teiHeader>
  <fileDesc>
   <titleStmt>
    <title xml:id="v71_227_G_A_Rusanovu">
     Письма и документы. Tolstoy Digital
    </title>
    <title type="main">
     Письмо Г. А. Русанову с 23 августа 1898 г. по 24 августа 1898 г.
    </title>
    <title type="bibl">
     Толстой Л. Н. Письмо Г. А. Русанову, 23 августа 1898 г. — 24 августа 1898 г. // Толстой Л. Н. Полное собрание сочинений: в 90 тт. Т. 71. М.: Гос. изд. «Художественная литература», 1954. С.
    </title>
    <respStmt>
     <resp>
      Идея, постановка задач, руководство:
     </resp>
     <name>
      Анастасия Бонч-Осмоловская, Фёкла Толстая, Борис Орехов, Тимофей Лукашевский
     </name>
    </respStmt>
    <respStmt>
     <resp>
      Подготовка TEI/XML:
     </resp>
     <name>
      Евгений Можаев, Даниил Скоринкин, Ирина Павлова, Матвей Колбасов, Елена Сидорова, Кирилл Милинцевич, Лев Буланов, Макар Федоров, Константин Петров
     </name>
    </respStmt>
    <respStmt>
     <resp>
      Подготовка метаданных:
     </resp>
     <name>
      Мария Картышева, Вероника Файнберг
     </name>
    </respStmt>
    <respStmt>
     <resp>
      Разметка имен собственных:
     </resp>
     <name>
      Никита Северин, Елена Северина
     </name>
    </respStmt>
    <respStmt>
     <resp>
      Исправление древнегреческого текста:
     </resp>
     <name>
      Ольга Алиева
     </name>
    </respStmt>
    <funder>
     Проект «Слово Толстого»
    </funder>
   </titleStmt>
   <publicationStmt>
    <publisher>
     <orgName>
      Tolstoy Digital, DH CLOUD, Научно-образовательный союз «Родное Слово» проект «Слово Толстого»
     </orgName>
    </publisher>
    <availability>
     <p id="4188bd21-03cd-4771-aebd-b9285a223b2c">
      Тексты и метатекстовая разметка доступны для свободного использования и распространения по лицензии Creative Commons Attribution Share-Alike (cc by-sa)
     </p>
    </availability>
    <date from="2015" to="2022"/>
   </publicationStmt>
   <notesStmt>
    <note>
     Публикуемые документы был получены с сайта tolstoy.ru в формате html, переведены в формат TEI. Исправлены некоторые ошибки распознавания. Тексты, написанные в дореформенной орфографии, сопоставлены с их версиями в современной орфографии.
    </note>
   </notesStmt>
   <sourceDesc>
    <biblStruct>
     <analytic>
      <author>
       Толстой Лев Николаевич
      </author>
     </analytic>
     <monogr>
      <title level="m">
       Полное собрание сочинений. Том 71
      </title>
      <imprint>
       <pubPlace>
        Москва
       </pubPlace>
       <publisher>
        Государственное издательство «Художественная литература»
       </publisher>
       <date when="1954"/>
      </imprint>
      <biblScope unit="vol">
       71
      </biblScope>
      <biblScope unit="page">
       433-433
      </biblScope>
     </monogr>
     <series>
      <title level="s">
       Л. Н. Толстой. Полное собрание сочинений: в 90 тт.
      </title>
     </series>
    </biblStruct>
    <bibl/>
   </sourceDesc>
  </fileDesc>
  <encodingDesc>
   <classDecl>
    <xi:include href="../../reference/taxonomy.xml"/>
   </classDecl>
  </encodingDesc>
  <profileDesc>
   <correspDesc>
    <correspAction type="sending">
     <persName ref="13883">
      Л. Н. Толстой
     </persName>
     <placeName>
      Ясная Поляна
     </placeName>
     <date notAfter="1898-08-24" notBefore="1898-08-23"/>
    </correspAction>
    <correspAction type="receiving">
     <persName ref="11968">
      Русанов Гавриил Андреевич
     </persName>
    </correspAction>
   </correspDesc>
   <langUsage>
    <language ident="ru"/>
   </langUsage>
   <textClass>
    <catRef ana="#tolstoy_heritage" target="library"/>
    <catRef ana="#letters" target="type"/>
    <catRef ana="#sent" target="sent"/>
   </textClass>
  </profileDesc>
 </teiHeader>
 <xenoData>
  <number type="in a volume">
   227
  </number>
 </xenoData>
 <text xml:id="G.A.Rusanovu_227" xmlns="http://www.tei-c.org/ns/1.0" xmlns:xi="http://www.w3.org/2001/XInclude">
  <body>
   <div>
    <pb n="433"/>
    <opener index="false">
     227.
     <name placement="text" ref="11968" type="person">
      Г. А. Русанову
     </name>
     .1898 г. Августа 23—24? Я. П.
    </opener>
    <p id="8c590f29-b9df-4293-8beb-34e99deee1a3">
     Простите, дорогой
     <choice original_editorial_correction="Г[авриил]">
      <sic>
       Г
      </sic>
      <corr>
       <name placement="text" ref="11968" type="person">
        Гавриил
       </name>
      </corr>
     </choice>
     <choice original_editorial_correction="А[ндреевич]">
      <sic>
       <name placement="text" ref="11968" type="person">
        А
       </name>
      </sic>
      <corr>
       <name placement="text" ref="11968" type="person">
        Андреевич
       </name>
      </corr>
     </choice>
     , что отвечаю на ваше доброе и очень порадовавшее меня ваше письмо карточкой. Всё лучше, чем ничего. Радуюсь, что вы живы, здоровы и так же меня любите. Я теперь совсем здоров и очень деятельно занимаюсь
     <hi>
      Воскрес[ением
     </hi>
     ]. Удивляюсь, как мог я так скверно написать то, что было написано.
     <ref target="#note1">
      1
     </ref>
     <note index="false" resp="volume_editor" xml:id="note1">
      В августе 1898 г. Толстой был занят переработкой второй редакции «Воскресения». См. т. 33, стр. 357.
     </note>
     Надеюсь, что теперь оно получит более приличный вид. Милой и дорогой
     <choice original_editorial_correction="Ант[онине]">
      <sic>
       Ант
      </sic>
      <corr>
       <name placement="text" ref="11971" type="person">
        Антонине
       </name>
      </corr>
     </choice>
     <choice original_editorial_correction="Ал[ексеевне]">
      <sic>
       <name placement="text" ref="11971" type="person">
        Ал
       </name>
      </sic>
      <corr>
       <name placement="text" ref="11971" type="person">
        Алексеевне
       </name>
      </corr>
     </choice>
     мой сердечный привет и всем прекрасным ребятам.
    </p>
    <p id="2af96e7f-3875-4b3d-a822-6924ca8a1f78" rend="right">
     Ваш Л. Т.
    </p>
    <lb/>
    <p id="0c45927c-a4b5-486c-a9b3-48151bd1598f">
     <hi>
      На обороте:
     </hi>
     Г. Землянск, Воронежской губ.
     <name placement="text" ref="11968" type="person">
      Гавриилу Андреевичу Русанову
     </name>
     .
    </p>
    <noteGrp type="comments">
     <note index="false" type="comments">
      <p id="983a7a12-735f-43fb-8132-dcaaae60311a" rend="Textpetit_otstup left">
       Впервые опубликовано в журнале «Вестник Европы» 1915, III, стр. 31. Датируется на основании пометы Русанова о получении письма.
      </p>
     </note>
     <note index="false" type="comments">
      <p id="c4c176ea-5c92-4e5e-a8f2-77073ffc99ac" rend="petit">
       Ответ на письмо Русанова от 12 августа, в котором Русанов сообщал о своей жизни.
      </p>
     </note>
    </noteGrp>
   </div>
  </body>
 </text>
</TEI>
