<?xml version="1.0" encoding="utf-8"?>
<TEI xmlns="http://www.tei-c.org/ns/1.0" xmlns:xi="http://www.w3.org/2001/XInclude">
 <teiHeader>
  <fileDesc>
   <titleStmt>
    <title xml:id="v71_073_I_P_Nakashidze">
     Письма и документы. Tolstoy Digital
    </title>
    <title type="main">
     Письмо И. П. Накашидзе от 17 марта 1898 г.
    </title>
    <title type="bibl">
     Толстой Л. Н. Письмо И. П. Накашидзе, 17 марта 1898 г. // Толстой Л. Н. Полное собрание сочинений: в 90 тт. Т. 71. М.: Гос. изд. «Художественная литература», 1954. С.
    </title>
    <respStmt>
     <resp>
      Идея, постановка задач, руководство:
     </resp>
     <name>
      Анастасия Бонч-Осмоловская, Фёкла Толстая, Борис Орехов, Тимофей Лукашевский
     </name>
    </respStmt>
    <respStmt>
     <resp>
      Подготовка TEI/XML:
     </resp>
     <name>
      Евгений Можаев, Даниил Скоринкин, Ирина Павлова, Матвей Колбасов, Елена Сидорова, Кирилл Милинцевич, Лев Буланов, Макар Федоров, Константин Петров
     </name>
    </respStmt>
    <respStmt>
     <resp>
      Подготовка метаданных:
     </resp>
     <name>
      Мария Картышева, Вероника Файнберг
     </name>
    </respStmt>
    <respStmt>
     <resp>
      Разметка имен собственных:
     </resp>
     <name>
      Никита Северин, Елена Северина
     </name>
    </respStmt>
    <respStmt>
     <resp>
      Исправление древнегреческого текста:
     </resp>
     <name>
      Ольга Алиева
     </name>
    </respStmt>
    <funder>
     Проект «Слово Толстого»
    </funder>
   </titleStmt>
   <publicationStmt>
    <publisher>
     <orgName>
      Tolstoy Digital, DH CLOUD, Научно-образовательный союз «Родное Слово» проект «Слово Толстого»
     </orgName>
    </publisher>
    <availability>
     <p id="0d1300c1-7e44-4473-9101-1bdf8f442645">
      Тексты и метатекстовая разметка доступны для свободного использования и распространения по лицензии Creative Commons Attribution Share-Alike (cc by-sa)
     </p>
    </availability>
    <date from="2015" to="2022"/>
   </publicationStmt>
   <notesStmt>
    <note>
     Публикуемые документы был получены с сайта tolstoy.ru в формате html, переведены в формат TEI. Исправлены некоторые ошибки распознавания. Тексты, написанные в дореформенной орфографии, сопоставлены с их версиями в современной орфографии.
    </note>
   </notesStmt>
   <sourceDesc>
    <biblStruct>
     <analytic>
      <author>
       Толстой Лев Николаевич
      </author>
     </analytic>
     <monogr>
      <title level="m">
       Полное собрание сочинений. Том 71
      </title>
      <imprint>
       <pubPlace>
        Москва
       </pubPlace>
       <publisher>
        Государственное издательство «Художественная литература»
       </publisher>
       <date when="1954"/>
      </imprint>
      <biblScope unit="vol">
       71
      </biblScope>
      <biblScope unit="page">
       318-318
      </biblScope>
     </monogr>
     <series>
      <title level="s">
       Л. Н. Толстой. Полное собрание сочинений: в 90 тт.
      </title>
     </series>
    </biblStruct>
    <bibl>
     Публикуется впервые
    </bibl>
   </sourceDesc>
  </fileDesc>
  <encodingDesc>
   <classDecl>
    <xi:include href="../../reference/taxonomy.xml"/>
   </classDecl>
  </encodingDesc>
  <profileDesc>
   <correspDesc>
    <correspAction type="sending">
     <persName ref="13883">
      Л. Н. Толстой
     </persName>
     <placeName>
      Москва
     </placeName>
     <date when="1898-03-17"/>
    </correspAction>
    <correspAction type="receiving">
     <persName ref="9533">
      Накашидзе Илья Петрович
     </persName>
    </correspAction>
   </correspDesc>
   <langUsage>
    <language ident="ru"/>
   </langUsage>
   <textClass>
    <catRef ana="#tolstoy_heritage" target="library"/>
    <catRef ana="#letters" target="type"/>
    <catRef ana="#sent" target="sent"/>
   </textClass>
  </profileDesc>
 </teiHeader>
 <xenoData>
  <number type="in a volume">
   73
  </number>
 </xenoData>
 <text xml:id="I.P.Nakashidze_73" xmlns="http://www.tei-c.org/ns/1.0" xmlns:xi="http://www.w3.org/2001/XInclude">
  <body>
   <div>
    <pb n="318"/>
    <opener index="false">
     * 73.
     <name placement="text" ref="9533" type="person">
      И. П. Накашидзе
     </name>
     .1898 г. Марта 17. Москва.
    </opener>
    <p id="bd92cdac-e5e8-45fd-8064-f720cd122aa8" rend="Obrashenie">
     Дорогой
     <name placement="text" ref="9533" type="person">
      Илья Петрович
     </name>
     ,
    </p>
    <p id="9a2de4b6-b545-49f4-8ae3-6643a182db74">
     Посылаю вам письмо в
     <choice original_editorial_correction="Петерб[ургские]">
      <sic>
       Петерб
      </sic>
      <corr>
       Петербургские
      </corr>
     </choice>
     <choice original_editorial_correction="Вед[омости]">
      <sic>
       Вед
      </sic>
      <corr>
       Ведомости
      </corr>
     </choice>
     <ref target="#note1">
      1
     </ref>
     <note index="false" resp="volume_editor" xml:id="note1">
      <ref target="file:///Volume_71_VredakciyugazetyS.-Peterburgskievedomosti_71.xml">
       См. письмо № 71
      </ref>
      .
     </note>
     с письмом к Ухтомскому,
     <ref target="#note2">
      2
     </ref>
     <note index="false" resp="volume_editor" xml:id="note2">
      <ref target="file:///Volume_71_E.E.Uxtomskomu_72.xml">
       См. письмо № 72
      </ref>
      .
     </note>
     передайте его и известите меня об его решении. Он может вымарать то, что ему покажется, лишним.
    </p>
    <p id="e2912e00-6d45-4950-8d4b-71d8393a5c4a">
     Я был нынче у
     <name placement="note" ref="14070" type="person">
      Трубецкого
     </name>
     <ref target="#note3">
      3
     </ref>
     <note index="false" resp="volume_editor" xml:id="note3">
      <name placement="note" ref="14070" type="person">
       Сергей Николаевич Трубецкой
      </name>
      (1862—1905) — приват-доцент, а с 1900 г. профессор Московского университета по кафедре истории философии; один из редакторов журнала «Вопросы философии и психологии». Толстой был знаком с Трубецким и встречался с ним весной 1898 г. в связи с печатанием в журнале «Вопросы философии и психологии» трактата «Что такое искусство?».
     </note>
     и просил его написать Оболенскому,
     <ref target="#note4">
      4
     </ref>
     <note index="false" resp="volume_editor" xml:id="note4">
      <name placement="note" ref="9992" type="person">
       Алексей Дмитриевич Оболенский
      </name>
      (р. 1856), в то время товарищ министра внутренних дел. См. о нем в т. 72.
     </note>
     что он обещал сделать через своего брата,
     <ref target="#note5">
      5
     </ref>
     <note index="false" resp="volume_editor" xml:id="note5">
      Вероятно,
      <name placement="note" ref="14068" type="person">
       Петр Николаевич Трубецкой
      </name>
      (1858—1911), бывший в 1893—1906 гг. московским губернским предводителем дворянства.
     </note>
     едущего завтра, 18, в
     <choice original_editorial_correction="Пет[ербург]">
      <sic>
       Пет
      </sic>
      <corr>
       Петербург
      </corr>
     </choice>
     , так что вы сходите к
     <choice original_editorial_correction="Об[оленскому]">
      <sic>
       Об
      </sic>
      <corr>
       Оболенскому
      </corr>
     </choice>
     , он будет предупрежден. Желаю успеха и поскорее увидеть вас
     <choice original_editorial_correction="освобожденны[м]">
      <sic>
       освобожденны
      </sic>
      <corr>
       освобожденным
      </corr>
     </choice>
     от остракизма.
    </p>
    <p id="da189150-a400-4149-9fa1-e3fba338222e">
     До свидания.
    </p>
    <p id="82ed59eb-e80f-48a9-b2d6-8663b80382e6" rend="right rightindent">
     Любящий вас
    </p>
    <p id="f320ace7-126a-4b5a-b28f-19dea7dafbb7" rend="right">
     <name placement="text" ref="13883" type="person">
      Л. Толстой
     </name>
     .
    </p>
    <lb/>
    <p id="053caa5d-4f83-4613-92e2-3c3950d64ab3">
     В случае ненапечатания пришлите мне назад рукопись.
    </p>
    <noteGrp type="comments">
     <note index="false" type="comments">
      <p id="cf2fcc3a-5522-4616-9a33-764b4f2890a4" rend="Textpetit_otstup left">
       Датируется по содержанию и на основании записей в дневнике С. А. Толстой 17 марта и Толстого 19 марта (см. ДСАТ, 1897—1909, стр. 41, и т. 53).
      </p>
     </note>
     <note index="false" type="comments">
      <p id="ee0d0846-37ec-4ecb-a1f6-3225d8c47da5" rend="petit">
       <name placement="comments" ref="9533" type="person">
        Илья Петрович Накашидзе
       </name>
       (1866—1923) — грузинский публицист и критик. См. т.
       <hi style="opdelimiter">
        70.
       </hi>
      </p>
     </note>
    </noteGrp>
   </div>
  </body>
 </text>
</TEI>
