<?xml version="1.0" encoding="utf-8"?>
<TEI xmlns="http://www.tei-c.org/ns/1.0" xmlns:xi="http://www.w3.org/2001/XInclude">
 <teiHeader>
  <fileDesc>
   <titleStmt>
    <title xml:id="v71_137_YA_P_Polonskomu">
     Письма и документы. Tolstoy Digital
    </title>
    <title type="main">
     Письмо Я. П. Полонскому от 20 мая 1898 г.
    </title>
    <title type="bibl">
     Толстой Л. Н. Письмо Я. П. Полонскому, 20 мая 1898 г. // Толстой Л. Н. Полное собрание сочинений: в 90 тт. Т. 71. М.: Гос. изд. «Художественная литература», 1954. С.
    </title>
    <respStmt>
     <resp>
      Идея, постановка задач, руководство:
     </resp>
     <name>
      Анастасия Бонч-Осмоловская, Фёкла Толстая, Борис Орехов, Тимофей Лукашевский
     </name>
    </respStmt>
    <respStmt>
     <resp>
      Подготовка TEI/XML:
     </resp>
     <name>
      Евгений Можаев, Даниил Скоринкин, Ирина Павлова, Матвей Колбасов, Елена Сидорова, Кирилл Милинцевич, Лев Буланов, Макар Федоров, Константин Петров
     </name>
    </respStmt>
    <respStmt>
     <resp>
      Подготовка метаданных:
     </resp>
     <name>
      Мария Картышева, Вероника Файнберг
     </name>
    </respStmt>
    <respStmt>
     <resp>
      Разметка имен собственных:
     </resp>
     <name>
      Никита Северин, Елена Северина
     </name>
    </respStmt>
    <respStmt>
     <resp>
      Исправление древнегреческого текста:
     </resp>
     <name>
      Ольга Алиева
     </name>
    </respStmt>
    <funder>
     Проект «Слово Толстого»
    </funder>
   </titleStmt>
   <publicationStmt>
    <publisher>
     <orgName>
      Tolstoy Digital, DH CLOUD, Научно-образовательный союз «Родное Слово» проект «Слово Толстого»
     </orgName>
    </publisher>
    <availability>
     <p id="8e990bac-a308-4504-a373-f192b90b4419">
      Тексты и метатекстовая разметка доступны для свободного использования и распространения по лицензии Creative Commons Attribution Share-Alike (cc by-sa)
     </p>
    </availability>
    <date from="2015" to="2022"/>
   </publicationStmt>
   <notesStmt>
    <note>
     Публикуемые документы был получены с сайта tolstoy.ru в формате html, переведены в формат TEI. Исправлены некоторые ошибки распознавания. Тексты, написанные в дореформенной орфографии, сопоставлены с их версиями в современной орфографии.
    </note>
   </notesStmt>
   <sourceDesc>
    <biblStruct>
     <analytic>
      <author>
       Толстой Лев Николаевич
      </author>
     </analytic>
     <monogr>
      <title level="m">
       Полное собрание сочинений. Том 71
      </title>
      <imprint>
       <pubPlace>
        Москва
       </pubPlace>
       <publisher>
        Государственное издательство «Художественная литература»
       </publisher>
       <date when="1954"/>
      </imprint>
      <biblScope unit="vol">
       71
      </biblScope>
      <biblScope unit="page">
       366-367
      </biblScope>
     </monogr>
     <series>
      <title level="s">
       Л. Н. Толстой. Полное собрание сочинений: в 90 тт.
      </title>
     </series>
    </biblStruct>
    <bibl/>
   </sourceDesc>
  </fileDesc>
  <encodingDesc>
   <classDecl>
    <xi:include href="../../reference/taxonomy.xml"/>
   </classDecl>
  </encodingDesc>
  <profileDesc>
   <correspDesc>
    <correspAction type="sending">
     <persName ref="13883">
      Л. Н. Толстой
     </persName>
     <placeName>
      Гриневка
     </placeName>
     <date when="1898-05-20"/>
    </correspAction>
    <correspAction type="receiving">
     <persName ref="10996">
      Полонский Яков Петрович
     </persName>
    </correspAction>
   </correspDesc>
   <langUsage>
    <language ident="ru"/>
   </langUsage>
   <textClass>
    <catRef ana="#tolstoy_heritage" target="library"/>
    <catRef ana="#letters" target="type"/>
    <catRef ana="#sent" target="sent"/>
   </textClass>
  </profileDesc>
 </teiHeader>
 <xenoData>
  <number type="in a volume">
   137
  </number>
 </xenoData>
 <text xml:id="YA.P.Polonskomu_137" xmlns="http://www.tei-c.org/ns/1.0" xmlns:xi="http://www.w3.org/2001/XInclude">
  <body>
   <div>
    <pb n="366"/>
    <opener index="false">
     137.
     <name placement="text" ref="10996" type="person">
      Я. П. Полонскому
     </name>
     .1898 г. Мая 20. Гриневка.
    </opener>
    <p id="2fb7d226-89a2-434b-9dc3-f55bb41a5a8a">
     Спасибо вам, дорогой
     <name placement="text" ref="10996" type="person">
      Яков Петрович
     </name>
     , за ваше доброе письмо. Я не был недоволен и тем письмом, но вы, как чуткий к доброте человек, захотели растопить последние остатки льда и вполне успели в этом. От души благодарю вас за это. Вы, верно, знаете, какое преобладающее перед всем другим [значение] приобретает в старости доброта. Я и всегда особенно ценил легенду об Иоанне
     <choice original_editorial_correction="Богосл[ове]">
      <sic>
       Богосл
      </sic>
      <corr>
       Богослове
      </corr>
     </choice>
     , под старость говорившем только: братья, любите друг друга; а теперь особенно умиляюсь перед нею. Это одно на потребу. —
    </p>
    <p id="01b81568-c7a5-43e7-9ad6-04e3e8090802">
     Живу я теперь у второго сына и занимаюсь распределением помощи нуждающимся крестьянам и Чернского и Мценского уезда, на границе
     <choice original_editorial_correction="кот[орого]">
      <sic>
       кот
      </sic>
      <corr>
       которого
      </corr>
     </choice>
     я живу в 7 верстах от Спасского, через
     <choice original_editorial_correction="к[оторое]">
      <sic>
       к
      </sic>
      <corr>
       которое
      </corr>
     </choice>
     часто проезжаю,
     <choice original_editorial_correction="т[ак]">
      <sic>
       т
      </sic>
      <corr>
       так
      </corr>
     </choice>
     <choice original_editorial_correction="к[ак]">
      <sic>
       к
      </sic>
      <corr>
       как
      </corr>
     </choice>
     самая большая нужда в деревнях, окружающих Спасское. Очень приятно было узнать, что крестьяне в имении нашего друга были так хорошо наделены землею, в особенности в сравнении с окружающими, что нужды там нет. Проехал я через сад, посмотрел на кособокий милый дом, в
     <choice original_editorial_correction="кот[ором]">
      <sic>
       кот
      </sic>
      <corr>
       котором
      </corr>
     </choice>
     виделся с вами последний раз,
     <ref target="#note1">
      1
     </ref>
     <note index="false" resp="volume_editor" xml:id="note1">
      Спасское, имение И. С. Тургенева (1818—1883), Мценского уезда Орловской губ., где Толстой и Полонский виделись 9—10 сентября 1881 г. О положении крестьян с. Спасского Толстой писал в статье «Голод или не голод?» См. т. 29.
     </note>
     и очень живо вспомнил Тургенева и пожалел, что его нет. Я уже лет на пять пережил его.
    </p>
    <p id="1733a59c-5b99-4720-a314-139e4a35720a">
     Вы говорите про старость. Я тоже чувствую и очень ее приближение, и мне кажется, что то ослабление жизнедеятельности,
     <choice original_editorial_correction="к[оторое]">
      <sic>
       к
      </sic>
      <corr>
       которое
      </corr>
     </choice>
     мы чувствуем здесь, не есть уменьшение жизни, а только начинающийся уже переход в ту жизнь,
     <choice original_editorial_correction="кот[орой]">
      <sic>
       кот
      </sic>
      <corr>
       которой
      </corr>
     </choice>
     мы еще не сознаем. Когда же мы умрем, мы вдруг сознаем
     <hi style="opdelimiter">
      ее.
     </hi>
    </p>
    <p id="2e6146c5-eb26-4d87-998c-e9f81d01031f">
     <pb n="367"/>
     <hi style="npdelimiter">
      Прощайте,
     </hi>
     дай бог спокойствия и любви и к другим и от других.
    </p>
    <p id="819fb221-05d8-4ddc-abd1-dad22c278aa1" rend="right">
     Ваш Л. Толстой.
    </p>
    <p id="ada98ce5-fdf4-424f-814a-c8fc47e1705b">
     20 мая 1898.
    </p>
    <lb/>
    <p id="d2577470-36da-4a45-93fa-de53e52c384e">
     Передайте привет вашей жене
     <ref target="#note2">
      2
     </ref>
     <note index="false" resp="volume_editor" xml:id="note2">
      Вторая жена Полонского,
      <name placement="note" ref="10993" type="person">
       Жозефина Антоновна
      </name>
      , рожд. Рюльман, скульптор-любительница.
     </note>
     и детям,
     <choice original_editorial_correction="к[оторых]">
      <sic>
       к
      </sic>
      <corr>
       которых
      </corr>
     </choice>
     не могу представить себе большими.
    </p>
    <noteGrp type="comments">
     <note index="false" type="comments">
      <p id="ec2ed6bb-7cb5-4512-af74-34a462d3b79b" rend="Textpetit_otstup left">
       Впервые опубликовано в «Сборнике Государственного Толстовского музея», М. 1937, стр. 231.
      </p>
     </note>
     <note index="false" type="comments">
      <p id="3fd6d4d4-8041-4d55-a940-c2333da2d613" rend="petit">
       Ответ на письма Полонского от 14 апреля и 5 мая. См. «Летописи», 12, стр. 220—222.
      </p>
     </note>
    </noteGrp>
   </div>
  </body>
 </text>
</TEI>
