<?xml version="1.0" encoding="utf-8"?>
<TEI xmlns="http://www.tei-c.org/ns/1.0" xmlns:xi="http://www.w3.org/2001/XInclude">
 <teiHeader>
  <fileDesc>
   <titleStmt>
    <title xml:id="v71_047_I_K_Diterixsu">
     Письма и документы. Tolstoy Digital
    </title>
    <title type="main">
     Письмо И. К. Дитерихсу от 25 февраля 1898 г.
    </title>
    <title type="bibl">
     Толстой Л. Н. Письмо И. К. Дитерихсу, 25 февраля 1898 г. // Толстой Л. Н. Полное собрание сочинений: в 90 тт. Т. 71. М.: Гос. изд. «Художественная литература», 1954. С.
    </title>
    <respStmt>
     <resp>
      Идея, постановка задач, руководство:
     </resp>
     <name>
      Анастасия Бонч-Осмоловская, Фёкла Толстая, Борис Орехов, Тимофей Лукашевский
     </name>
    </respStmt>
    <respStmt>
     <resp>
      Подготовка TEI/XML:
     </resp>
     <name>
      Евгений Можаев, Даниил Скоринкин, Ирина Павлова, Матвей Колбасов, Елена Сидорова, Кирилл Милинцевич, Лев Буланов, Макар Федоров, Константин Петров
     </name>
    </respStmt>
    <respStmt>
     <resp>
      Подготовка метаданных:
     </resp>
     <name>
      Мария Картышева, Вероника Файнберг
     </name>
    </respStmt>
    <respStmt>
     <resp>
      Разметка имен собственных:
     </resp>
     <name>
      Никита Северин, Елена Северина
     </name>
    </respStmt>
    <respStmt>
     <resp>
      Исправление древнегреческого текста:
     </resp>
     <name>
      Ольга Алиева
     </name>
    </respStmt>
    <funder>
     Проект «Слово Толстого»
    </funder>
   </titleStmt>
   <publicationStmt>
    <publisher>
     <orgName>
      Tolstoy Digital, DH CLOUD, Научно-образовательный союз «Родное Слово» проект «Слово Толстого»
     </orgName>
    </publisher>
    <availability>
     <p id="53cd7ffb-2f6a-427f-9505-ba0ee02b7551">
      Тексты и метатекстовая разметка доступны для свободного использования и распространения по лицензии Creative Commons Attribution Share-Alike (cc by-sa)
     </p>
    </availability>
    <date from="2015" to="2022"/>
   </publicationStmt>
   <notesStmt>
    <note>
     Публикуемые документы был получены с сайта tolstoy.ru в формате html, переведены в формат TEI. Исправлены некоторые ошибки распознавания. Тексты, написанные в дореформенной орфографии, сопоставлены с их версиями в современной орфографии.
    </note>
   </notesStmt>
   <sourceDesc>
    <biblStruct>
     <analytic>
      <author>
       Толстой Лев Николаевич
      </author>
     </analytic>
     <monogr>
      <title level="m">
       Полное собрание сочинений. Том 71
      </title>
      <imprint>
       <pubPlace>
        Москва
       </pubPlace>
       <publisher>
        Государственное издательство «Художественная литература»
       </publisher>
       <date when="1954"/>
      </imprint>
      <biblScope unit="vol">
       71
      </biblScope>
      <biblScope unit="page">
       286-287
      </biblScope>
     </monogr>
     <series>
      <title level="s">
       Л. Н. Толстой. Полное собрание сочинений: в 90 тт.
      </title>
     </series>
    </biblStruct>
    <bibl>
     Публикуется впервые
    </bibl>
   </sourceDesc>
  </fileDesc>
  <encodingDesc>
   <classDecl>
    <xi:include href="../../reference/taxonomy.xml"/>
   </classDecl>
  </encodingDesc>
  <profileDesc>
   <correspDesc>
    <correspAction type="sending">
     <persName ref="13883">
      Л. Н. Толстой
     </persName>
     <placeName>
      Москва
     </placeName>
     <date when="1898-02-25"/>
    </correspAction>
    <correspAction type="receiving">
     <persName ref="4417">
      Дитерихс Иосиф Константинович
     </persName>
    </correspAction>
   </correspDesc>
   <langUsage>
    <language ident="ru"/>
   </langUsage>
   <textClass>
    <catRef ana="#tolstoy_heritage" target="library"/>
    <catRef ana="#letters" target="type"/>
    <catRef ana="#sent" target="sent"/>
   </textClass>
  </profileDesc>
 </teiHeader>
 <xenoData>
  <number type="in a volume">
   47
  </number>
 </xenoData>
 <text xml:id="I.K.Diterixsu_47" xmlns="http://www.tei-c.org/ns/1.0" xmlns:xi="http://www.w3.org/2001/XInclude">
  <body>
   <div>
    <pb n="286"/>
    <opener index="false">
     * 47.
     <name placement="text" ref="4417" type="person">
      И. К. Дитерихсу
     </name>
     .1898 г. Февраля 25. Москва.
    </opener>
    <p id="be84d092-8948-4aa5-88f0-93f8ace914cd">
     Спасибо за вести, которые передаете, дорогой
     <choice original_editorial_correction="И[осиф]">
      <sic>
       И
      </sic>
      <corr>
       <name placement="text" ref="4417" type="person">
        Иосиф
       </name>
      </corr>
     </choice>
     <choice original_editorial_correction="К[онстантинович]">
      <sic>
       <name placement="text" ref="4417" type="person">
        К
       </name>
      </sic>
      <corr>
       <name placement="text" ref="4417" type="person">
        Константинович
       </name>
      </corr>
     </choice>
     , — кое-что я знал, кое-что было для меня ново. Про Кавказских я ничего не знаю за последнее время. О Синджоне же вчера получил известие, что его высылают, должно быть уже выслали, из России.
     <ref target="#note1">
      1
     </ref>
     <note index="false" resp="volume_editor" xml:id="note1">
      <name placement="note" ref="12655" type="person">
       Артур Карлович Син-Джон (Arthur St. John)
      </name>
      , англичанин, бывший офицер индийской службы. См. о нем в т. 68. Син-Джон приезжал в
      <hi style="opdelimiter">
       Россию
      </hi>
      <hi style="npdelimiter">
       для
      </hi>
      передачи пожертвований духоборам, собранных в Англии Чертковым. В 1897 г. он поехал на Кавказ, где был арестован и в начале февраля 1898 г. выслан с Кавказа и потом из России. Упоминаемые письма его неизвестны.
     </note>
     За ним следили там, его письма сюда, — два большие с его дневником — не доходили, а дошло только последнее. Его выслеживал там — по его письму, — какой-то молоканин, про которого
     <name placement="note" ref="9533" type="person">
      Накашидзе
     </name>
     <ref target="#note2">
      2
     </ref>
     <note index="false" resp="volume_editor" xml:id="note2">
      <name placement="note" ref="9533" type="person">
       Илья Петрович Накашидзе
      </name>
      . См. о нем в прим. к письму № 73.
     </note>
     говорил ему, что это шпион. Он, — Синджон, — поехал в Будапешт к Шмидту.
     <ref target="#note3">
      3
     </ref>
     <note index="false" resp="volume_editor" xml:id="note3">
      Еуген Шмит. См. о нем в прим. к письму № 56.
     </note>
     Деньги посылать надо, я думаю, через Накашидзе. Я так сделаю с теми, что у нас набрались. Привет всем вашим.
    </p>
    <p id="75228c19-bd2d-43e8-9e93-aad13a17a4c6" rend="right">
     Л. Т.
    </p>
    <noteGrp type="comments">
     <note index="false" type="comments">
      <p id="ab053c52-419c-405f-bbc3-bf9eaa5a5da5" rend="Textpetit_otstup left">
       Печатается по копии из АЧ. Дата копии.
      </p>
     </note>
     <note index="false" type="comments">
      <p id="2bd1a52f-c7c4-41c7-8364-b5dedd18669c" rend="petit">
       <name placement="comments" ref="4417" type="person">
        Иосиф Константинович Дитерихс
       </name>
       (1868—1932) — брат А. К. Чертковой и О. К. Толстой, бывший воспитанник Пажеского корпуса; до 1897 г. жил на Кавказе, занимая должность «начальника над горцами» в одном из горных уездов. В 1897 г. за сочувствие духоборам был выслан из пределов Кавказского края. Автор «Воспоминаний о Л. II. Толстом»— сборник «Толстой и о Толстом», М. 1926, стр. 113—123.
      </p>
     </note>
     <note index="false" type="comments">
      <p id="a0e27e9e-fafb-41c6-bbec-ddeb50e271af" rend="petit">
       Ответ на письмо Дитерихса от 20 февраля, в котором Дитерихс сообщал о получении им письма от духоборов из Иркутска и спрашивал о положении кавказских духоборов; просил сообщить адрес Син-Джона (см. прим. 1), чтобы переслать ему деньги, предназначенные для духоборов.
      </p>
     </note>
    </noteGrp>
   </div>
  </body>
 </text>
</TEI>
