<?xml version="1.0" encoding="utf-8"?>
<TEI xmlns="http://www.tei-c.org/ns/1.0" xmlns:xi="http://www.w3.org/2001/XInclude">
 <teiHeader>
  <fileDesc>
   <titleStmt>
    <title xml:id="v71_041_A_L_Flekseru">
     Письма и документы. Tolstoy Digital
    </title>
    <title type="main">
     Письмо А. Л. Флексеру от 17 февраля 1898 г.
    </title>
    <title type="bibl">
     Толстой Л. Н. Письмо А. Л. Флексеру, 17 февраля 1898 г. // Толстой Л. Н. Полное собрание сочинений: в 90 тт. Т. 71. М.: Гос. изд. «Художественная литература», 1954. С.
    </title>
    <respStmt>
     <resp>
      Идея, постановка задач, руководство:
     </resp>
     <name>
      Анастасия Бонч-Осмоловская, Фёкла Толстая, Борис Орехов, Тимофей Лукашевский
     </name>
    </respStmt>
    <respStmt>
     <resp>
      Подготовка TEI/XML:
     </resp>
     <name>
      Евгений Можаев, Даниил Скоринкин, Ирина Павлова, Матвей Колбасов, Елена Сидорова, Кирилл Милинцевич, Лев Буланов, Макар Федоров, Константин Петров
     </name>
    </respStmt>
    <respStmt>
     <resp>
      Подготовка метаданных:
     </resp>
     <name>
      Мария Картышева, Вероника Файнберг
     </name>
    </respStmt>
    <respStmt>
     <resp>
      Разметка имен собственных:
     </resp>
     <name>
      Никита Северин, Елена Северина
     </name>
    </respStmt>
    <respStmt>
     <resp>
      Исправление древнегреческого текста:
     </resp>
     <name>
      Ольга Алиева
     </name>
    </respStmt>
    <funder>
     Проект «Слово Толстого»
    </funder>
   </titleStmt>
   <publicationStmt>
    <publisher>
     <orgName>
      Tolstoy Digital, DH CLOUD, Научно-образовательный союз «Родное Слово» проект «Слово Толстого»
     </orgName>
    </publisher>
    <availability>
     <p id="103d1703-6731-4f43-9d17-d566dee87aef">
      Тексты и метатекстовая разметка доступны для свободного использования и распространения по лицензии Creative Commons Attribution Share-Alike (cc by-sa)
     </p>
    </availability>
    <date from="2015" to="2022"/>
   </publicationStmt>
   <notesStmt>
    <note>
     Публикуемые документы был получены с сайта tolstoy.ru в формате html, переведены в формат TEI. Исправлены некоторые ошибки распознавания. Тексты, написанные в дореформенной орфографии, сопоставлены с их версиями в современной орфографии.
    </note>
   </notesStmt>
   <sourceDesc>
    <biblStruct>
     <analytic>
      <author>
       Толстой Лев Николаевич
      </author>
     </analytic>
     <monogr>
      <title level="m">
       Полное собрание сочинений. Том 71
      </title>
      <imprint>
       <pubPlace>
        Москва
       </pubPlace>
       <publisher>
        Государственное издательство «Художественная литература»
       </publisher>
       <date when="1954"/>
      </imprint>
      <biblScope unit="vol">
       71
      </biblScope>
      <biblScope unit="page">
       281-281
      </biblScope>
     </monogr>
     <series>
      <title level="s">
       Л. Н. Толстой. Полное собрание сочинений: в 90 тт.
      </title>
     </series>
    </biblStruct>
    <bibl/>
   </sourceDesc>
  </fileDesc>
  <encodingDesc>
   <classDecl>
    <xi:include href="../../reference/taxonomy.xml"/>
   </classDecl>
  </encodingDesc>
  <profileDesc>
   <correspDesc>
    <correspAction type="sending">
     <persName ref="13883">
      Л. Н. Толстой
     </persName>
     <placeName>
      Москва
     </placeName>
     <date when="1898-02-17"/>
    </correspAction>
    <correspAction type="receiving">
     <persName ref="14606">
      Флекслер Аким Львович (псевдоним — А. Волынский)
     </persName>
    </correspAction>
   </correspDesc>
   <langUsage>
    <language ident="ru"/>
   </langUsage>
   <textClass>
    <catRef ana="#tolstoy_heritage" target="library"/>
    <catRef ana="#letters" target="type"/>
    <catRef ana="#sent" target="sent"/>
   </textClass>
  </profileDesc>
 </teiHeader>
 <xenoData>
  <number type="in a volume">
   41
  </number>
 </xenoData>
 <text xml:id="A.L.Flekseru_41" xmlns="http://www.tei-c.org/ns/1.0" xmlns:xi="http://www.w3.org/2001/XInclude">
  <body>
   <div>
    <pb n="281"/>
    <opener index="false">
     41.
     <name placement="text" ref="14606" type="person">
      А. Л. Флексеру
     </name>
     .1898 г. Февраля 17. Москва.
    </opener>
    <p id="cc73f5f3-9cb1-4783-9ccf-2fbe2f53ffeb" rend="Obrashenie">
     Дорогой
     <name placement="text" ref="14606" type="person">
      Аким Львович
     </name>
     ,
    </p>
    <p id="2ee62b23-8348-432f-8cce-3efa76c5ebce">
     Посылаю вам исправленную коректуру. То, что я послал вчера, включено здесь. Кое-что еще изменено и прибавлено.
     <ref target="#note1">
      1
     </ref>
     <note index="false" resp="volume_editor" xml:id="note1">
      См. прим. к письму № 40.
     </note>
    </p>
    <p id="91d32720-e09f-4b52-8718-2fa0e62b11bd">
     Пожалуйста, прокоректируйте так, чтобы вследствие неясностей калиграфических или рассеянности не было бы бессмыслицы.
    </p>
    <p id="a2592d06-c1e3-4503-86de-8c05bf5b4626">
     Очень обяжете. Когда будет набрано и исправлено, пришлите мне оттиск хоть в гранках.
    </p>
    <p id="ae1ae7e2-d6a6-4867-a720-ae494270dae7">
     Мне нужно для перевода за границу.
    </p>
    <p id="ad7e1a72-e1ab-462e-845c-2ee1df8beee4" rend="right">
     Ваш Л. Толстой.
    </p>
    <noteGrp type="comments">
     <note index="false" type="comments">
      <p id="dbaaca6f-c5e9-4ad5-9f46-9b1b1e553f66" rend="Textpetit_otstup left">
       Впервые опубликовано в сборнике «Летописи», 2, стр. 171. Датируется по содержанию.
      </p>
     </note>
    </noteGrp>
   </div>
  </body>
 </text>
</TEI>
