<?xml version="1.0" encoding="utf-8"?>
<TEI xmlns="http://www.tei-c.org/ns/1.0" xmlns:xi="http://www.w3.org/2001/XInclude">
 <teiHeader>
  <fileDesc>
   <titleStmt>
    <title xml:id="v71_164_M_O_Menshikovu">
     Письма и документы. Tolstoy Digital
    </title>
    <title type="main">
     Письмо М. О. Меньшикову от 24 июня 1898 г.
    </title>
    <title type="bibl">
     Толстой Л. Н. Письмо М. О. Меньшикову, 24 июня 1898 г. // Толстой Л. Н. Полное собрание сочинений: в 90 тт. Т. 71. М.: Гос. изд. «Художественная литература», 1954. С.
    </title>
    <respStmt>
     <resp>
      Идея, постановка задач, руководство:
     </resp>
     <name>
      Анастасия Бонч-Осмоловская, Фёкла Толстая, Борис Орехов, Тимофей Лукашевский
     </name>
    </respStmt>
    <respStmt>
     <resp>
      Подготовка TEI/XML:
     </resp>
     <name>
      Евгений Можаев, Даниил Скоринкин, Ирина Павлова, Матвей Колбасов, Елена Сидорова, Кирилл Милинцевич, Лев Буланов, Макар Федоров, Константин Петров
     </name>
    </respStmt>
    <respStmt>
     <resp>
      Подготовка метаданных:
     </resp>
     <name>
      Мария Картышева, Вероника Файнберг
     </name>
    </respStmt>
    <respStmt>
     <resp>
      Разметка имен собственных:
     </resp>
     <name>
      Никита Северин, Елена Северина
     </name>
    </respStmt>
    <respStmt>
     <resp>
      Исправление древнегреческого текста:
     </resp>
     <name>
      Ольга Алиева
     </name>
    </respStmt>
    <funder>
     Проект «Слово Толстого»
    </funder>
   </titleStmt>
   <publicationStmt>
    <publisher>
     <orgName>
      Tolstoy Digital, DH CLOUD, Научно-образовательный союз «Родное Слово» проект «Слово Толстого»
     </orgName>
    </publisher>
    <availability>
     <p id="3e7ae78f-032f-48b3-a5ec-dfd6b73ccc10">
      Тексты и метатекстовая разметка доступны для свободного использования и распространения по лицензии Creative Commons Attribution Share-Alike (cc by-sa)
     </p>
    </availability>
    <date from="2015" to="2022"/>
   </publicationStmt>
   <notesStmt>
    <note>
     Публикуемые документы был получены с сайта tolstoy.ru в формате html, переведены в формат TEI. Исправлены некоторые ошибки распознавания. Тексты, написанные в дореформенной орфографии, сопоставлены с их версиями в современной орфографии.
    </note>
   </notesStmt>
   <sourceDesc>
    <biblStruct>
     <analytic>
      <author>
       Толстой Лев Николаевич
      </author>
     </analytic>
     <monogr>
      <title level="m">
       Полное собрание сочинений. Том 71
      </title>
      <imprint>
       <pubPlace>
        Москва
       </pubPlace>
       <publisher>
        Государственное издательство «Художественная литература»
       </publisher>
       <date when="1954"/>
      </imprint>
      <biblScope unit="vol">
       71
      </biblScope>
      <biblScope unit="page">
       384-385
      </biblScope>
     </monogr>
     <series>
      <title level="s">
       Л. Н. Толстой. Полное собрание сочинений: в 90 тт.
      </title>
     </series>
    </biblStruct>
    <bibl>
     Публикуется впервые
    </bibl>
   </sourceDesc>
  </fileDesc>
  <encodingDesc>
   <classDecl>
    <xi:include href="../../reference/taxonomy.xml"/>
   </classDecl>
  </encodingDesc>
  <profileDesc>
   <correspDesc>
    <correspAction type="sending">
     <persName ref="13883">
      Л. Н. Толстой
     </persName>
     <placeName>
      Ясная Поляна
     </placeName>
     <date when="1898-06-24"/>
    </correspAction>
    <correspAction type="receiving">
     <persName ref="8809">
      Меньшиков Михаил Осипович
     </persName>
    </correspAction>
   </correspDesc>
   <langUsage>
    <language ident="ru"/>
   </langUsage>
   <textClass>
    <catRef ana="#tolstoy_heritage" target="library"/>
    <catRef ana="#letters" target="type"/>
    <catRef ana="#sent" target="sent"/>
   </textClass>
  </profileDesc>
 </teiHeader>
 <xenoData>
  <number type="in a volume">
   164
  </number>
 </xenoData>
 <text xml:id="M.O.Menshikovu_164" xmlns="http://www.tei-c.org/ns/1.0" xmlns:xi="http://www.w3.org/2001/XInclude">
  <body>
   <div>
    <pb n="384"/>
    <opener index="false">
     * 164.
     <name placement="text" ref="8809" type="person">
      М. О. Меньшикову
     </name>
     .1898 г. Июня 24. Я. П.
    </opener>
    <p id="9d874107-c16d-4804-b18f-3608fe0baddf">
     В случае отсутствия переслать. Спешная.
     <choice original_editorial_correction="Ухт[омский]">
      <sic>
       Ухт
      </sic>
      <corr>
       Ухтомский
      </corr>
     </choice>
     невозможен. Попытайте Стасюлевича
     <ref target="#note1">
      1
     </ref>
     <note index="false" resp="volume_editor" xml:id="note1">
      <name placement="note" ref="13134" type="person">
       Михаил Матвеевич Стасюлевич
      </name>
      (1826—1911), в 1865—1911 гг. редактор-издатель журнала «Вестник Европы». См. о нем в т. 62.
     </note>
     Шарапова
     <ref target="#note2">
      2
     </ref>
     <note index="false" resp="volume_editor" xml:id="note2">
      <name placement="note" ref="15449" type="person">
       Сергей Федорович Шарапов
      </name>
      (1855—1911), реакционный публицист, в 1897—1899 гг. издатель газеты «Русский труд», органа крупных помещиков дворян.
     </note>
     согласен на все урезки только напечатать теперь.
     <ref target="#note3">
      3
     </ref>
     <note index="false" resp="volume_editor" xml:id="note3">
      На телеграмме помета В. П. Гайдебурова: «С урезками напечатаю». См. прим. к письму № 144.
     </note>
    </p>
    <p id="021dd399-0401-452e-a648-c4d802326d0c" rend="right">
     Толстой.
    </p>
    <p id="c5bc0614-ca43-4bfc-97ca-72560d011f35">
     <hi>
      Адрес:
     </hi>
     Пбг. Литейный 9. Меньшикову
     <hi style="opdelimiter">
      24—6.
     </hi>
    </p>
    <noteGrp type="comments">
     <note index="false" type="comments">
      <p id="9da635bf-a8a8-45c6-aba7-a8bad399c389" rend="Textpetit_otstup left">
       <pb n="385"/>
       <hi style="npdelimiter">
        Печатается
       </hi>
       по телеграфному бланку.
      </p>
     </note>
    </noteGrp>
   </div>
  </body>
 </text>
</TEI>
