<?xml version="1.0" encoding="utf-8"?>
<TEI xmlns="http://www.tei-c.org/ns/1.0" xmlns:xi="http://www.w3.org/2001/XInclude">
 <teiHeader>
  <fileDesc>
   <titleStmt>
    <title xml:id="v71_329_S_L_Tolstomu">
     Письма и документы. Tolstoy Digital
    </title>
    <title type="main">
     Письмо С. Л. Толстому от 4 декабря 1898 г.
    </title>
    <title type="bibl">
     Толстой Л. Н. Письмо С. Л. Толстому, 4 декабря 1898 г. // Толстой Л. Н. Полное собрание сочинений: в 90 тт. Т. 71. М.: Гос. изд. «Художественная литература», 1954. С.
    </title>
    <respStmt>
     <resp>
      Идея, постановка задач, руководство:
     </resp>
     <name>
      Анастасия Бонч-Осмоловская, Фёкла Толстая, Борис Орехов, Тимофей Лукашевский
     </name>
    </respStmt>
    <respStmt>
     <resp>
      Подготовка TEI/XML:
     </resp>
     <name>
      Евгений Можаев, Даниил Скоринкин, Ирина Павлова, Матвей Колбасов, Елена Сидорова, Кирилл Милинцевич, Лев Буланов, Макар Федоров, Константин Петров
     </name>
    </respStmt>
    <respStmt>
     <resp>
      Подготовка метаданных:
     </resp>
     <name>
      Мария Картышева, Вероника Файнберг
     </name>
    </respStmt>
    <respStmt>
     <resp>
      Разметка имен собственных:
     </resp>
     <name>
      Никита Северин, Елена Северина
     </name>
    </respStmt>
    <respStmt>
     <resp>
      Исправление древнегреческого текста:
     </resp>
     <name>
      Ольга Алиева
     </name>
    </respStmt>
    <funder>
     Проект «Слово Толстого»
    </funder>
   </titleStmt>
   <publicationStmt>
    <publisher>
     <orgName>
      Tolstoy Digital, DH CLOUD, Научно-образовательный союз «Родное Слово» проект «Слово Толстого»
     </orgName>
    </publisher>
    <availability>
     <p id="bc10b966-6d86-4701-9e2a-02a11943850f">
      Тексты и метатекстовая разметка доступны для свободного использования и распространения по лицензии Creative Commons Attribution Share-Alike (cc by-sa)
     </p>
    </availability>
    <date from="2015" to="2022"/>
   </publicationStmt>
   <notesStmt>
    <note>
     Публикуемые документы был получены с сайта tolstoy.ru в формате html, переведены в формат TEI. Исправлены некоторые ошибки распознавания. Тексты, написанные в дореформенной орфографии, сопоставлены с их версиями в современной орфографии.
    </note>
   </notesStmt>
   <sourceDesc>
    <biblStruct>
     <analytic>
      <author>
       Толстой Лев Николаевич
      </author>
     </analytic>
     <monogr>
      <title level="m">
       Полное собрание сочинений. Том 71
      </title>
      <imprint>
       <pubPlace>
        Москва
       </pubPlace>
       <publisher>
        Государственное издательство «Художественная литература»
       </publisher>
       <date when="1954"/>
      </imprint>
      <biblScope unit="vol">
       71
      </biblScope>
      <biblScope unit="page">
       496-496
      </biblScope>
     </monogr>
     <series>
      <title level="s">
       Л. Н. Толстой. Полное собрание сочинений: в 90 тт.
      </title>
     </series>
    </biblStruct>
    <bibl>
     Публикуется впервые
    </bibl>
   </sourceDesc>
  </fileDesc>
  <encodingDesc>
   <classDecl>
    <xi:include href="../../reference/taxonomy.xml"/>
   </classDecl>
  </encodingDesc>
  <profileDesc>
   <correspDesc>
    <correspAction type="sending">
     <persName ref="13883">
      Л. Н. Толстой
     </persName>
     <placeName>
      Москва
     </placeName>
     <date when="1898-12-04"/>
    </correspAction>
    <correspAction type="receiving">
     <persName ref="13905">
      Толстой Сергей Львович
     </persName>
    </correspAction>
   </correspDesc>
   <langUsage>
    <language ident="ru"/>
   </langUsage>
   <textClass>
    <catRef ana="#tolstoy_heritage" target="library"/>
    <catRef ana="#letters" target="type"/>
    <catRef ana="#sent" target="sent"/>
   </textClass>
  </profileDesc>
 </teiHeader>
 <xenoData>
  <number type="in a volume">
   329
  </number>
 </xenoData>
 <text xml:id="S.L.Tolstomu_329" xmlns="http://www.tei-c.org/ns/1.0" xmlns:xi="http://www.w3.org/2001/XInclude">
  <body>
   <div>
    <pb n="496"/>
    <opener index="false">
     * 329.
     <name placement="text" ref="13905" type="person">
      С. Л. Толстому
     </name>
     .1898 г. Декабря 4. Москва.
    </opener>
    <p id="8a905bc9-f427-4bc0-9ead-19046e552f8a" rend="Obrashenie">
     Сережа,
    </p>
    <p id="406d3707-f388-4596-ad82-b74d2aaa1594">
     Хирьякова и ее подруга едут для сопровождения духоборов, первая или вторая партия. Хирьякова известна всем нашим друзьям своей выносливостью и самоотверженностью. Она была у Чертковых на время голода и холеры. Такова же и ее подруга. Женщины они совершенно порядочные, и во всем им можно и должно верить. Вопрос об их способности переносить море решится для них теперь переездом от Севастополя до Батума. Я передал им 200 р.
    </p>
    <p id="69ff5652-ad58-4dfa-be90-7eae8c23628d">
     Твои письма два — Тане
     <ref target="#note1">
      1
     </ref>
     <note index="false" resp="volume_editor" xml:id="note1">
      Письмо C. Л. Толстого к Т. Л. Толстой неизвестно.
     </note>
     — и вчера телеграмму
     <ref target="#note2">
      2
     </ref>
     <note index="false" resp="volume_editor" xml:id="note2">
      Телеграмма эта неизвестна. В письме от 3 декабря С. Л. Толстой сообщал, что будет телеграфировать С. А. Толстой, прося прислать одну тысячу рублей.
     </note>
     получил. Тысячу рублей тебе выслал. Я в Москве. Привет Сулеру. Целую тебя.
    </p>
    <p id="3d35e455-2555-4fdd-8b70-c399d73956fc" rend="right">
     Л. Т.
    </p>
    <lb/>
    <p id="0b200af1-9b8f-432e-8206-bfd77e8e5dec">
     <hi>
      На конверте:
     </hi>
     Батум. Hôtel Bellevue.
     <name placement="text" ref="13905" type="person">
      Сергею Львовичу Толстому
     </name>
     .
    </p>
    <noteGrp type="comments">
     <note index="false" type="comments">
      <p id="ee2704d0-143c-4260-b9ff-79f781e1177b" rend="Textpetit_otstup left">
       Отрывок впервые опубликован в книге: C. Л, Толстой, «Очерки былого», М. 1949, стр. 209. Датируется на основании упоминания о Хирьяковой и ее подруге. Е. Д. Хирьякова и М. А. Чехович были у Толстого 4 декабря, а 5 декабря выехали на
       <hi style="opdelimiter">
        Кавказ.
       </hi>
      </p>
     </note>
    </noteGrp>
   </div>
  </body>
 </text>
</TEI>
