<?xml version="1.0" encoding="utf-8"?>
<TEI xmlns="http://www.tei-c.org/ns/1.0" xmlns:xi="http://www.w3.org/2001/XInclude">
 <teiHeader>
  <fileDesc>
   <titleStmt>
    <title xml:id="v72_320_EduarduSineEdouardSinet">
     Письма и документы. Tolstoy Digital
    </title>
    <title type="main">
     Письмо Эдуарду Сине (Edouard Sinet) от 20 июня 1900 г.
    </title>
    <title type="bibl">
     Толстой Л. Н. Письмо Эдуарду Сине (Edouard Sinet), 20 июня 1900 г. // Толстой Л. Н. Полное собрание сочинений: в 90 тт. Т. 72. М.: Гос. изд. «Художественная литература», 1933. С.
    </title>
    <respStmt>
     <resp>
      Идея, постановка задач, руководство:
     </resp>
     <name>
      Анастасия Бонч-Осмоловская, Фёкла Толстая, Борис Орехов, Тимофей Лукашевский
     </name>
    </respStmt>
    <respStmt>
     <resp>
      Подготовка TEI/XML:
     </resp>
     <name>
      Евгений Можаев, Даниил Скоринкин, Ирина Павлова, Матвей Колбасов, Елена Сидорова, Кирилл Милинцевич, Лев Буланов, Макар Федоров, Константин Петров
     </name>
    </respStmt>
    <respStmt>
     <resp>
      Подготовка метаданных:
     </resp>
     <name>
      Мария Картышева, Вероника Файнберг
     </name>
    </respStmt>
    <respStmt>
     <resp>
      Разметка имен собственных:
     </resp>
     <name>
      Никита Северин, Елена Северина
     </name>
    </respStmt>
    <respStmt>
     <resp>
      Исправление древнегреческого текста:
     </resp>
     <name>
      Ольга Алиева
     </name>
    </respStmt>
    <funder>
     Проект «Слово Толстого»
    </funder>
   </titleStmt>
   <publicationStmt>
    <publisher>
     <orgName>
      Tolstoy Digital, DH CLOUD, Научно-образовательный союз «Родное Слово» проект «Слово Толстого»
     </orgName>
    </publisher>
    <availability>
     <p id="ef4e922f-66f4-4006-83c7-783df408cb90">
      Тексты и метатекстовая разметка доступны для свободного использования и распространения по лицензии Creative Commons Attribution Share-Alike (cc by-sa)
     </p>
    </availability>
    <date from="2015" to="2022"/>
   </publicationStmt>
   <notesStmt>
    <note>
     Публикуемые документы был получены с сайта tolstoy.ru в формате html, переведены в формат TEI. Исправлены некоторые ошибки распознавания. Тексты, написанные в дореформенной орфографии, сопоставлены с их версиями в современной орфографии.
    </note>
   </notesStmt>
   <sourceDesc>
    <biblStruct>
     <analytic>
      <author>
       Толстой Лев Николаевич
      </author>
     </analytic>
     <monogr>
      <title level="m">
       Полное собрание сочинений. Том 72
      </title>
      <imprint>
       <pubPlace>
        Москва
       </pubPlace>
       <publisher>
        Государственное издательство «Художественная литература»
       </publisher>
       <date when="1933"/>
      </imprint>
      <biblScope unit="vol">
       72
      </biblScope>
      <biblScope unit="page">
       394-395
      </biblScope>
     </monogr>
     <series>
      <title level="s">
       Л. Н. Толстой. Полное собрание сочинений: в 90 тт.
      </title>
     </series>
    </biblStruct>
    <bibl/>
   </sourceDesc>
  </fileDesc>
  <encodingDesc>
   <classDecl>
    <xi:include href="../../reference/taxonomy.xml"/>
   </classDecl>
  </encodingDesc>
  <profileDesc>
   <correspDesc>
    <correspAction type="sending">
     <persName ref="13883">
      Л. Н. Толстой
     </persName>
     <placeName>
      Ясная Поляна
     </placeName>
     <date when="1900-06-20"/>
    </correspAction>
    <correspAction type="receiving">
     <persName ref="12674">
      Синэ Эдуард (Sinet) (Edouard Sinet)
     </persName>
    </correspAction>
   </correspDesc>
   <langUsage>
    <language ident="ru"/>
   </langUsage>
   <textClass>
    <catRef ana="#tolstoy_heritage" target="library"/>
    <catRef ana="#letters" target="type"/>
    <catRef ana="#sent" target="sent"/>
   </textClass>
  </profileDesc>
 </teiHeader>
 <xenoData>
  <number type="in a volume">
   320
  </number>
 </xenoData>
 <text xml:id="EduarduSineEdouardSinet_320" xmlns="http://www.tei-c.org/ns/1.0" xmlns:xi="http://www.w3.org/2001/XInclude">
  <body>
   <div>
    <pb n="394"/>
    <opener index="false">
     320.
     <name placement="text" ref="12674" type="person">
      Эдуарду Сине (Edouard Sinet)
     </name>
     .1900г. Июня 20/июля 2. Я. П.
    </opener>
    <p id="138550f7-0896-4905-97fd-aac13bcdc860" rend="Obrashenie">
     Cher Sinet,
    </p>
    <p id="db56856f-98c1-4474-ac46-0304d0f2f675">
     J’ai reçu votre bonne lettre. Cela m’a été une joie de vous savoir en de bonnes dispositions. Je crois que si votre talent est capable de déveloper et produire des choses utiles aux hommes, cela peut se faire aussi bien au Canada — et même mieux au Canada — qu’à Paris. De sorte que je suis de l’avis de
     <choice original_editorial_correction="Plan[idine]">
      <sic>
       Plan
      </sic>
      <corr>
       Planidine
      </corr>
     </choice>
     <hi>
      l
     </hi>
     ou de
     <choice original_editorial_correction="Zib[arow]">
      <sic>
       Zib
      </sic>
      <corr>
       Zibarow
      </corr>
     </choice>
     .
     <ref target="#note1">
      1
     </ref>
     <note index="false" resp="volume_editor" xml:id="note1">
      <name placement="note" ref="5405" type="person">
       Николай Савельевич Зибаров
      </name>
      , духобор, автор брошюры «О сожжении оружия духоборами», рассказ, записанный со слов духобора Н. Зибарова В.
      <choice original_editorial_correction="Б[онч-Бруевиче]м">
       <sic>
        Бм
       </sic>
       <corr>
        Бонч-Бруевичем
       </corr>
      </choice>
      и А.
      <choice original_editorial_correction="Ч[ертков]ой">
       <sic>
        Чой
       </sic>
       <corr>
        Чертковой
       </corr>
      </choice>
      . Изд. «Свободное слово», Purleigh, 1899, № 28.
     </note>
     Saluez-les de ma part ainsi que tous les amis, frères et soeurs. Dites-leur que je n’oublie pas nos frères en Sibérie,
     <ref target="#note2">
      2
     </ref>
     <note index="false" resp="volume_editor" xml:id="note2">
      Духоборы, сосланные в Якутскую область.
     </note>
     et que je profiterai de toutes les occasions pour leur rendre la liberté.
    </p>
    <p id="75e5d350-73c7-436d-9efc-a44e68827841">
     Je suis toujours de l’avis qu’il ne faut jamais changer volontairement de milieu. Et je ne vous conseille pas — si ce n’est pour votre mère, de quitter le pays où vous êtes. Il n’y a pas d’endroit
     <choice original_editorial_correction="où[l’on]">
      <sic>
       où
      </sic>
      <corr>
       oùl’on
      </corr>
     </choice>
     ne puisse être bon et servir Dieu et son prochain. Le changement de lieu le plus souvent nous distrait de notre devoir. Il y a longtemps que je n’ai eu des nouvelles de Fontaine.
     <ref target="#note3">
      3
     </ref>
     <note index="false" resp="volume_editor" xml:id="note3">
      <ref target="file:///Volume_72_PolyuFontenuPaulFontaine_224.xml">
       См. письмо № 224
      </ref>
      .
     </note>
     Tous nos amis vous aiment et vous saluent. Adieu, je vous embrasse fraternellement.
    </p>
    <p id="b128cd09-d5b6-4a4b-ab21-41d56aa155ac" rend="right">
     Léon Tolstoy.
    </p>
    <p id="7fb657ec-aafa-4e1d-bb03-b08cb5db30cc">
     2 Juillet 1900.
    </p>
    <lb/>
    <p id="b5b66923-c207-4713-bed0-3e16de1cde94" rend="Obrashenie petit">
     Дорогой Сине,
    </p>
    <p id="c6ff182b-60e6-4ed2-a140-a072a4ade93b" rend="petit">
     Я получил ваше хорошее письмо. Мне было радостно узнать о ваших добрых намерениях. Я думаю, что если ваш талант способен развиваться и создавать что-либо полезное для людей, то этого можно достичь так же хорошо в Канаде — и даже лучше в Канаде — как и в Париже. Так что я того же мнения, что и
     <choice original_editorial_correction="План[идин]">
      <sic>
       План
      </sic>
      <corr>
       <name placement="note" ref="10847" type="person">
        Планидин
       </name>
      </corr>
     </choice>
     <ref target="#note4">
      4
     </ref>
     <note index="false" resp="volume_editor" xml:id="note4">
      <name placement="note" ref="10847" type="person">
       Павел Васильевич Планидин
      </name>
      , выдающийся духобор, организатор общины Терпение-карское в Канаде на южном участке. В апреле 1898 г. был у Толстого (см. письмо к В. Г. Черткову от 4 апреля 1898 г., т. 88 и в книге В. Д. Бонч-Бруевича «Духоборцы в канадских прериях», П. 1918, стр. 219—222).
     </note>
     или
     <choice original_editorial_correction="Зиб[аров]">
      <sic>
       Зиб
      </sic>
      <corr>
       Зибаров
      </corr>
     </choice>
     .
     <ref target="#note5">
      5
     </ref>
     <note index="false" resp="volume_editor" xml:id="note5">
      <name placement="note" ref="5405" type="person">
       Николай Савельевич Зибаров
      </name>
      , духобор, автор брошюры «О сожжении оружия духоборами», рассказ, записанный со слов духобора Н. Зибарова В.
      <choice original_editorial_correction="Б[онч-Бруевиче]м">
       <sic>
        Бм
       </sic>
       <corr>
        Бонч-Бруевичем
       </corr>
      </choice>
      и А.
      <choice original_editorial_correction="Ч[ертков]ой">
       <sic>
        Чой
       </sic>
       <corr>
        Чертковой
       </corr>
      </choice>
      . Изд. «Свободное слово», Purleigh, 1899, № 28.
     </note>
     Кланяйтесь им от меня, а также всем друзьям, братьям и сестрам. Передайте им, что я не забываю наших братьев в Сибири
     <ref target="#note6">
      6
     </ref>
     <note index="false" resp="volume_editor" xml:id="note6">
      Духоборы, сосланные в Якутскую область.
     </note>
     и что я воспользуюсь всяким случаем для их
     <hi style="opdelimiter">
      освобождения.
     </hi>
    </p>
    <p id="095ec8a3-48ae-4889-a442-5c90e5e5d490" rend="petit">
     <pb n="395"/>
     <hi style="npdelimiter">
      Я
     </hi>
     всегда того мнения, что никогда не следует менять обстановку жизни по своей воле. И я не советую вам покидать страну, в которой вы находитесь, если это только не ради вашей матери. Нет такого места, где нельзя бы быть добрым и служить богу и ближним. Перемена места большей частью отвлекает нас от исполнения нашего долга. Я уж давно не имею известий от Фонтена.
     <ref target="#note7">
      7
     </ref>
     <note index="false" resp="volume_editor" xml:id="note7">
      <ref target="file:///Volume_72_PolyuFontenuPaulFontaine_224.xml">
       См. письмо № 224
      </ref>
      .
     </note>
     Все наши друзья любят вас и кланяются вам. До свидания, братски целую вас.
    </p>
    <p id="31a2cadc-2c68-46a0-976c-d989edae28e2" rend="petit right">
     <name placement="text" ref="13883" type="person">
      Лев Толстой
     </name>
     .
    </p>
    <p id="4be1ef6e-7c81-4250-8a3a-612139d6c925" rend="petit">
     2 Июля 1900.
    </p>
    <noteGrp type="comments">
     <note index="false" type="comments">
      <p id="4603fe8a-8e80-420c-843d-bcd0200e6103" rend="Textpetit_otstup left">
       Печатается по копировальной книге № 3, л. 29, хранящейся в ГТМ. Местонахождение подлинника неизвестно. Дата Толстого нового стиля. Основание датировки см. в прим. к письму № 318. Впервые опубликовано во французском журнале «La plume» 1902 и перепечатано в переводе на русский язык в газете «Бакинские известия» 1902, № 45 от 18 сентября.
      </p>
     </note>
     <note index="false" type="comments">
      <p id="4609e0c5-eaaa-4380-a08e-f422806aa2bf" rend="petit">
       Об Эдуарде Сине, художнике, единомышленнике Толстого, см. письма №№ 1 и 243.
      </p>
     </note>
     <note index="false" type="comments">
      <p id="40d3117d-0d4a-4f66-a8a4-b6de3fc18d4d" rend="petit">
       Ответ на письмо Сине, от 24 мая н. ст. 1900 г. (почт, шт.: «Тула, 13 июня 1900») с описанием жизни духоборов в Канаде. В особенно дружеских отношениях Сине был с духоборами П. В. Планидиным и Н. С. Зибаровым. Он писал Толстому 24 мая (перевод с французского): «Планидин сперва огорчился, узнав, что я хочу вернуться в Европу, хотя бы на время, в виду желания моей матери повидаться со мной. Только этот довод и показался ему убедительным. Не представляя себе всех трудностей изучения искусства, он считает, что я мог бы изучать живопись один, и не учитывает того выигрыша во времени, которое дается опытом, черпаемым у великих мастеров. Здесь же, в Канаде, почти не представляется случая пользоваться их советами».
      </p>
     </note>
    </noteGrp>
   </div>
  </body>
 </text>
</TEI>
