<?xml version="1.0" encoding="utf-8"?>
<TEI xmlns="http://www.tei-c.org/ns/1.0" xmlns:xi="http://www.w3.org/2001/XInclude">
 <teiHeader>
  <fileDesc>
   <titleStmt>
    <title xml:id="v72_327_M_L_Obolenskoj">
     Письма и документы. Tolstoy Digital
    </title>
    <title type="main">
     Письмо М. Л. Оболенской от 11 июля 1900 г.
    </title>
    <title type="bibl">
     Толстой Л. Н. Письмо М. Л. Оболенской, 11 июля 1900 г. // Толстой Л. Н. Полное собрание сочинений: в 90 тт. Т. 72. М.: Гос. изд. «Художественная литература», 1933. С.
    </title>
    <respStmt>
     <resp>
      Идея, постановка задач, руководство:
     </resp>
     <name>
      Анастасия Бонч-Осмоловская, Фёкла Толстая, Борис Орехов, Тимофей Лукашевский
     </name>
    </respStmt>
    <respStmt>
     <resp>
      Подготовка TEI/XML:
     </resp>
     <name>
      Евгений Можаев, Даниил Скоринкин, Ирина Павлова, Матвей Колбасов, Елена Сидорова, Кирилл Милинцевич, Лев Буланов, Макар Федоров, Константин Петров
     </name>
    </respStmt>
    <respStmt>
     <resp>
      Подготовка метаданных:
     </resp>
     <name>
      Мария Картышева, Вероника Файнберг
     </name>
    </respStmt>
    <respStmt>
     <resp>
      Разметка имен собственных:
     </resp>
     <name>
      Никита Северин, Елена Северина
     </name>
    </respStmt>
    <respStmt>
     <resp>
      Исправление древнегреческого текста:
     </resp>
     <name>
      Ольга Алиева
     </name>
    </respStmt>
    <funder>
     Проект «Слово Толстого»
    </funder>
   </titleStmt>
   <publicationStmt>
    <publisher>
     <orgName>
      Tolstoy Digital, DH CLOUD, Научно-образовательный союз «Родное Слово» проект «Слово Толстого»
     </orgName>
    </publisher>
    <availability>
     <p id="ccf96df2-1395-4637-871e-dc4ba4c8e95e">
      Тексты и метатекстовая разметка доступны для свободного использования и распространения по лицензии Creative Commons Attribution Share-Alike (cc by-sa)
     </p>
    </availability>
    <date from="2015" to="2022"/>
   </publicationStmt>
   <notesStmt>
    <note>
     Публикуемые документы был получены с сайта tolstoy.ru в формате html, переведены в формат TEI. Исправлены некоторые ошибки распознавания. Тексты, написанные в дореформенной орфографии, сопоставлены с их версиями в современной орфографии.
    </note>
   </notesStmt>
   <sourceDesc>
    <biblStruct>
     <analytic>
      <author>
       Толстой Лев Николаевич
      </author>
     </analytic>
     <monogr>
      <title level="m">
       Полное собрание сочинений. Том 72
      </title>
      <imprint>
       <pubPlace>
        Москва
       </pubPlace>
       <publisher>
        Государственное издательство «Художественная литература»
       </publisher>
       <date when="1933"/>
      </imprint>
      <biblScope unit="vol">
       72
      </biblScope>
      <biblScope unit="page">
       407-409
      </biblScope>
     </monogr>
     <series>
      <title level="s">
       Л. Н. Толстой. Полное собрание сочинений: в 90 тт.
      </title>
     </series>
    </biblStruct>
    <bibl/>
   </sourceDesc>
  </fileDesc>
  <encodingDesc>
   <classDecl>
    <xi:include href="../../reference/taxonomy.xml"/>
   </classDecl>
  </encodingDesc>
  <profileDesc>
   <correspDesc>
    <correspAction type="sending">
     <persName ref="13883">
      Л. Н. Толстой
     </persName>
     <placeName>
      Ясная Поляна
     </placeName>
     <date when="1900-07-11"/>
    </correspAction>
    <correspAction type="receiving">
     <persName ref="9984">
      Оболенская Мария Львовна, рожд. Толстая
     </persName>
    </correspAction>
   </correspDesc>
   <langUsage>
    <language ident="ru"/>
    <language ident="ru-petr1708"/>
   </langUsage>
   <textClass>
    <catRef ana="#tolstoy_heritage" target="library"/>
    <catRef ana="#letters" target="type"/>
    <catRef ana="#sent" target="sent"/>
   </textClass>
  </profileDesc>
 </teiHeader>
 <xenoData>
  <number type="in a volume">
   327
  </number>
 </xenoData>
 <text xml:id="M.L.Obolenskoj_327" xmlns="http://www.tei-c.org/ns/1.0" xmlns:xi="http://www.w3.org/2001/XInclude">
  <body>
   <div>
    <pb n="407"/>
    <opener index="false">
     327.
     <name placement="text" ref="9984" type="person">
      М. Л. Оболенской
     </name>
     .1900 г. Июля 11. Я. П.
    </opener>
    <p id="9bfa74ba-6b20-427a-97df-afe06948c14d">
     Уже
     <choice>
      <reg>
       с
      </reg>
      <orig>
       съ
      </orig>
     </choice>
     <choice>
      <reg>
       недели
      </reg>
      <orig>
       недѣли
      </orig>
     </choice>
     <choice>
      <reg>
       две
      </reg>
      <orig>
       двѣ
      </orig>
     </choice>
     каждый день о
     <choice>
      <reg>
       тебе
      </reg>
      <orig>
       тебѣ
      </orig>
     </choice>
     думаю и собираюсь
     <choice>
      <reg>
       тебе
      </reg>
      <orig>
       тебѣ
      </orig>
     </choice>
     писать. Не думай, что я
     <choice>
      <reg>
       нездоров
      </reg>
      <orig>
       нездоровъ
      </orig>
     </choice>
     , если
     <choice>
      <reg>
       пишет
      </reg>
      <orig>
       пишетъ
      </orig>
     </choice>
     Таня, а не я, это оттого, что я играю
     <choice>
      <reg>
       в
      </reg>
      <orig>
       въ
      </orig>
     </choice>
     шахматы
     <choice>
      <reg>
       с
      </reg>
      <orig>
       съ
      </orig>
     </choice>
     <hi style="opdelimiter">
      <choice>
       <reg>
        Гольденвейзером
       </reg>
       <orig>
        Гольденвейзеромъ
       </orig>
      </choice>
      .
      <hi>
       1
      </hi>
     </hi>
    </p>
    <p id="8c2a512b-f0bf-45a1-86b4-b89157d4131c">
     <pb n="408"/>
     <hi style="npdelimiter">
      Пожалуйста,
     </hi>
     напиши, голубушка, чтò у
     <choice>
      <reg>
       вас
      </reg>
      <orig>
       васъ
      </orig>
     </choice>
     ,
     <choice>
      <reg>
       как
      </reg>
      <orig>
       какъ
      </orig>
     </choice>
     ты — не больна ли? все
     <choice>
      <reg>
       так
      </reg>
      <orig>
       такъ
      </orig>
     </choice>
     ли вы хороши
     <choice>
      <reg>
       с
      </reg>
      <orig>
       съ
      </orig>
     </choice>
     Колей? Главное, чтò Сережа
     <choice>
      <reg>
       брат
      </reg>
      <orig>
       братъ
      </orig>
     </choice>
     и его дочери?
     <hi>
      2
     </hi>
     Что тетя Маша?
     <hi>
      3
     </hi>
     <choice>
      <reg>
       Как
      </reg>
      <orig>
       Какъ
      </orig>
     </choice>
     это вы
     <choice>
      <reg>
       все
      </reg>
      <orig>
       всѣ
      </orig>
     </choice>
     затихли. Я
     <choice>
      <reg>
       рад
      </reg>
      <orig>
       радъ
      </orig>
     </choice>
     очень
     <choice>
      <reg>
       Тане
      </reg>
      <orig>
       Танѣ
      </orig>
     </choice>
     . У
     <choice>
      <reg>
       нас
      </reg>
      <orig>
       насъ
      </orig>
     </choice>
     хорошо. Я все
     <choice>
      <reg>
       переделывал
      </reg>
      <orig>
       передѣлывалъ
      </orig>
     </choice>
     свою статью,
     <choice original_editorial_correction="к[оторую]">
      <sic>
       к
      </sic>
      <corr>
       которую
      </corr>
     </choice>
     <choice>
      <reg>
       думал
      </reg>
      <orig>
       думалъ
      </orig>
     </choice>
     , что
     <choice>
      <reg>
       кончил
      </reg>
      <orig>
       кончилъ
      </orig>
     </choice>
     . И теперь еще поправляю и все
     <choice>
      <reg>
       делаю
      </reg>
      <orig>
       дѣлаю
      </orig>
     </choice>
     ее
     <choice>
      <reg>
       ядовитее
      </reg>
      <orig>
       ядовитѣе
      </orig>
     </choice>
     и
     <choice>
      <reg>
       ядовитее
      </reg>
      <orig>
       ядовитѣе
      </orig>
     </choice>
     .
     <hi>
      4
     </hi>
     Представь
     <choice>
      <reg>
       себе
      </reg>
      <orig>
       себѣ
      </orig>
     </choice>
     , что St.John взяли
     <choice>
      <reg>
       с
      </reg>
      <orig>
       съ
      </orig>
     </choice>
     дачи Буланже и отправили его
     <choice>
      <reg>
       с
      </reg>
      <orig>
       съ
      </orig>
     </choice>
     <choice>
      <reg>
       жандармом
      </reg>
      <orig>
       жандармомъ
      </orig>
     </choice>
     <choice>
      <reg>
       в
      </reg>
      <orig>
       въ
      </orig>
     </choice>
     <choice>
      <reg>
       Австрию
      </reg>
      <orig>
       Австрію
      </orig>
     </choice>
     .
     <hi>
      5
     </hi>
     Часто
     <choice>
      <reg>
       бывает
      </reg>
      <orig>
       бываетъ
      </orig>
     </choice>
     <choice>
      <reg>
       мне
      </reg>
      <orig>
       мнѣ
      </orig>
     </choice>
     одиноко, но
     <choice>
      <reg>
       утешаюсь
      </reg>
      <orig>
       утѣшаюсь
      </orig>
     </choice>
     и справляюсь
     <choice>
      <reg>
       тем
      </reg>
      <orig>
       тѣмъ
      </orig>
     </choice>
     , что это-то и надо.
     <choice>
      <reg>
       Беспокоюсь
      </reg>
      <orig>
       Безпокоюсь
      </orig>
     </choice>
     о
     <choice>
      <reg>
       тебе
      </reg>
      <orig>
       тебѣ
      </orig>
     </choice>
     и
     <choice original_editorial_correction="д[яде]">
      <sic>
       д
      </sic>
      <corr>
       <choice>
        <reg>
         дяде
        </reg>
        <orig>
         дядѣ
        </orig>
       </choice>
      </corr>
     </choice>
     <choice original_editorial_correction="Сер[еже]">
      <sic>
       Сер
      </sic>
      <corr>
       <choice>
        <reg>
         Сереже
        </reg>
        <orig>
         Сережѣ
        </orig>
       </choice>
      </corr>
     </choice>
     и, главное, хочется
     <choice>
      <reg>
       вас
      </reg>
      <orig>
       васъ
      </orig>
     </choice>
     <choice>
      <reg>
       обоих
      </reg>
      <orig>
       обоихъ
      </orig>
     </choice>
     <choice>
      <reg>
       видеть
      </reg>
      <orig>
       видѣть
      </orig>
     </choice>
     . Я бы
     <choice>
      <reg>
       приехал
      </reg>
      <orig>
       прiѣхалъ
      </orig>
     </choice>
     уже, да
     <choice>
      <reg>
       последнее
      </reg>
      <orig>
       послѣднее
      </orig>
     </choice>
     время не
     <choice>
      <reg>
       совсем
      </reg>
      <orig>
       совсѣмъ
      </orig>
     </choice>
     <choice>
      <reg>
       здоров
      </reg>
      <orig>
       здоровъ
      </orig>
     </choice>
     — не то, что
     <choice>
      <reg>
       нездоров
      </reg>
      <orig>
       нездоровъ
      </orig>
     </choice>
     , а
     <choice>
      <reg>
       в
      </reg>
      <orig>
       въ
      </orig>
     </choice>
     <choice>
      <reg>
       угрожающем
      </reg>
      <orig>
       угрожающемъ
      </orig>
     </choice>
     <choice>
      <reg>
       положении
      </reg>
      <orig>
       положеніи
      </orig>
     </choice>
     .
     <choice>
      <reg>
       Так
      </reg>
      <orig>
       Такъ
      </orig>
     </choice>
     напиши
     <choice>
      <reg>
       скорее
      </reg>
      <orig>
       скорѣе
      </orig>
     </choice>
     и
     <choice>
      <reg>
       поподробнее
      </reg>
      <orig>
       поподробнѣе
      </orig>
     </choice>
     .
    </p>
    <p id="cfec5292-f886-4f26-963d-562858c402f6">
     <choice>
      <reg>
       Целую
      </reg>
      <orig>
       Цѣлую
      </orig>
     </choice>
     тебя и Колю.
     <choice>
      <reg>
       Тете
      </reg>
      <orig>
       Тетѣ
      </orig>
     </choice>
     <choice original_editorial_correction="Ма[ше]">
      <sic>
       Ма
      </sic>
      <corr>
       <choice>
        <reg>
         Маше
        </reg>
        <orig>
         Машѣ
        </orig>
       </choice>
      </corr>
     </choice>
     скажи, что очень радуюсь увидать ее.
    </p>
    <p id="8502b016-51eb-4d6b-92fa-09a8529bab42" rend="right">
     Л. Т.
    </p>
    <p id="f8e11e3b-709a-4dda-b59f-7953bdf9ce62">
     11 Іюля 1900.
    </p>
    <noteGrp type="comments">
     <note index="false" type="comments">
      <p id="f9e7b5c1-8144-49d2-9dc2-dd27c458c87f" rend="Textpetit_otstup left">
       Печатается по автографу, хранящемуся в ГТМ (архив Н. Л. Оболенского). Первый абзац написан рукой Т. Л. Сухотиной, остальная часть письма и дата собственноручно. Впервые опубликовано по копии в «Современных записках» 1926, XXVII, стр. 256—257, где ошибочно датировано 15 июля. Напечатано Н. Н. Гусевым по автографу в журнале «Печать и революция» 1928, VI, стр. 114—115.
      </p>
     </note>
    </noteGrp>
   </div>
  </body>
 </text>
</TEI>
