<?xml version="1.0" encoding="utf-8"?>
<TEI xmlns="http://www.tei-c.org/ns/1.0" xmlns:xi="http://www.w3.org/2001/XInclude">
 <teiHeader>
  <fileDesc>
   <titleStmt>
    <title xml:id="v72_020_NeizvestnomuS_P">
     Письма и документы. Tolstoy Digital
    </title>
    <title type="main">
     Письмо Неизвестному (С. П.) от 23 января 1899 г.
    </title>
    <title type="bibl">
     Толстой Л. Н. Письмо неизвестному (С. П.), 23 января 1899 г. // Толстой Л. Н. Полное собрание сочинений: в 90 тт. Т. 72. М.: Гос. изд. «Художественная литература», 1933. С.
    </title>
    <respStmt>
     <resp>
      Идея, постановка задач, руководство:
     </resp>
     <name>
      Анастасия Бонч-Осмоловская, Фёкла Толстая, Борис Орехов, Тимофей Лукашевский
     </name>
    </respStmt>
    <respStmt>
     <resp>
      Подготовка TEI/XML:
     </resp>
     <name>
      Евгений Можаев, Даниил Скоринкин, Ирина Павлова, Матвей Колбасов, Елена Сидорова, Кирилл Милинцевич, Лев Буланов, Макар Федоров, Константин Петров
     </name>
    </respStmt>
    <respStmt>
     <resp>
      Подготовка метаданных:
     </resp>
     <name>
      Мария Картышева, Вероника Файнберг
     </name>
    </respStmt>
    <respStmt>
     <resp>
      Разметка имен собственных:
     </resp>
     <name>
      Никита Северин, Елена Северина
     </name>
    </respStmt>
    <respStmt>
     <resp>
      Исправление древнегреческого текста:
     </resp>
     <name>
      Ольга Алиева
     </name>
    </respStmt>
    <funder>
     Проект «Слово Толстого»
    </funder>
   </titleStmt>
   <publicationStmt>
    <publisher>
     <orgName>
      Tolstoy Digital, DH CLOUD, Научно-образовательный союз «Родное Слово» проект «Слово Толстого»
     </orgName>
    </publisher>
    <availability>
     <p id="14573678-04f2-4489-97a9-f5a1ecd04c54">
      Тексты и метатекстовая разметка доступны для свободного использования и распространения по лицензии Creative Commons Attribution Share-Alike (cc by-sa)
     </p>
    </availability>
    <date from="2015" to="2022"/>
   </publicationStmt>
   <notesStmt>
    <note>
     Публикуемые документы был получены с сайта tolstoy.ru в формате html, переведены в формат TEI. Исправлены некоторые ошибки распознавания. Тексты, написанные в дореформенной орфографии, сопоставлены с их версиями в современной орфографии.
    </note>
   </notesStmt>
   <sourceDesc>
    <biblStruct>
     <analytic>
      <author>
       Толстой Лев Николаевич
      </author>
     </analytic>
     <monogr>
      <title level="m">
       Полное собрание сочинений. Том 72
      </title>
      <imprint>
       <pubPlace>
        Москва
       </pubPlace>
       <publisher>
        Государственное издательство «Художественная литература»
       </publisher>
       <date when="1933"/>
      </imprint>
      <biblScope unit="vol">
       72
      </biblScope>
      <biblScope unit="page">
       47-47
      </biblScope>
     </monogr>
     <series>
      <title level="s">
       Л. Н. Толстой. Полное собрание сочинений: в 90 тт.
      </title>
     </series>
    </biblStruct>
    <bibl>
     Публикуется впервые
    </bibl>
   </sourceDesc>
  </fileDesc>
  <encodingDesc>
   <classDecl>
    <xi:include href="../../reference/taxonomy.xml"/>
   </classDecl>
  </encodingDesc>
  <profileDesc>
   <correspDesc>
    <correspAction type="sending">
     <persName ref="13883">
      Л. Н. Толстой
     </persName>
     <placeName>
      Москва
     </placeName>
     <date when="1899-01-23"/>
    </correspAction>
    <correspAction type="receiving">
     <persName/>
    </correspAction>
   </correspDesc>
   <langUsage>
    <language ident="ru"/>
    <language ident="ru-petr1708"/>
   </langUsage>
   <textClass>
    <catRef ana="#tolstoy_heritage" target="library"/>
    <catRef ana="#letters" target="type"/>
    <catRef ana="#sent" target="sent"/>
   </textClass>
  </profileDesc>
 </teiHeader>
 <xenoData>
  <number type="in a volume">
   20
  </number>
 </xenoData>
 <text xml:id="NeizvestnomuS.P._20" xmlns="http://www.tei-c.org/ns/1.0" xmlns:xi="http://www.w3.org/2001/XInclude">
  <body>
   <div>
    <pb n="47"/>
    <opener index="false">
     * 20. Неизвестному (С. П.).1899 г. Января 23. Москва.
    </opener>
    <p id="6a6014a9-a19e-4471-831d-91832409c810" rend="Obrashenie">
     Милостивый Государь С. П.,
    </p>
    <p id="0605aa11-393a-4c5c-b527-e2021589ebf9">
     Я не люблю
     <choice>
      <reg>
       стихов
      </reg>
      <orig>
       стиховъ
      </orig>
     </choice>
     и считаю стихотворство
     <choice>
      <reg>
       пустым
      </reg>
      <orig>
       пустымъ
      </orig>
     </choice>
     <choice>
      <reg>
       занятием
      </reg>
      <orig>
       занятіемъ
      </orig>
     </choice>
     .
    </p>
    <p id="b87af203-59e9-4a80-9020-a1cdf86ed040">
     Если
     <choice>
      <reg>
       человеку
      </reg>
      <orig>
       человѣку
      </orig>
     </choice>
     есть чтò сказать, то
     <choice>
      <reg>
       он
      </reg>
      <orig>
       онъ
      </orig>
     </choice>
     постарается сказать это
     <choice>
      <reg>
       как
      </reg>
      <orig>
       какъ
      </orig>
     </choice>
     можно
     <choice>
      <reg>
       явственнее
      </reg>
      <orig>
       явственнѣе
      </orig>
     </choice>
     и проще, а если нечего сказать, то лучше молчать. И потому не присылайте
     <choice>
      <reg>
       мне
      </reg>
      <orig>
       мнѣ
      </orig>
     </choice>
     <choice>
      <reg>
       стихов
      </reg>
      <orig>
       стиховъ
      </orig>
     </choice>
     и, пожалуйста, не
     <choice>
      <reg>
       сетуйте
      </reg>
      <orig>
       сѣтуйте
      </orig>
     </choice>
     на меня, что я прямо высказываю свое
     <choice>
      <reg>
       мнение
      </reg>
      <orig>
       мнѣніе
      </orig>
     </choice>
     .
    </p>
    <p id="ee8e5976-b1d3-46c2-9b42-9f072ee7cf69">
     Во
     <choice>
      <reg>
       всем
      </reg>
      <orig>
       всемъ
      </orig>
     </choice>
     <choice>
      <reg>
       другом
      </reg>
      <orig>
       другомъ
      </orig>
     </choice>
     <choice>
      <reg>
       с
      </reg>
      <orig>
       съ
      </orig>
     </choice>
     <choice>
      <reg>
       удовольствием
      </reg>
      <orig>
       удовольствіемъ
      </orig>
     </choice>
     <choice>
      <reg>
       готов
      </reg>
      <orig>
       готовъ
      </orig>
     </choice>
     служить
     <choice>
      <reg>
       вам
      </reg>
      <orig>
       вамъ
      </orig>
     </choice>
     .
    </p>
    <p id="b7b4cf91-4fe7-46f1-8100-7cb77d35c21e" rend="right">
     <choice>
      <reg>
       <name placement="text" ref="13883" type="person">
        Лев
       </name>
      </reg>
      <orig>
       <name placement="text" ref="13883" type="person">
        Левъ
       </name>
      </orig>
     </choice>
     <name placement="text" ref="13883" type="person">
      Толстой
     </name>
     .
    </p>
    <p id="c8b9e93c-9946-4f6a-88ee-c50f5a3f384b">
     23 Янв. 99.
    </p>
    <noteGrp type="comments">
     <note index="false" type="comments">
      <p id="3b13dcaf-12d9-40ec-93fd-1184fe4e1581" rend="Textpetit_otstup left">
       Печатается по листу копировальной книги, хранящемуся в АЧ. Местонахождение автографа неизвестно. Публикуется впервые.
      </p>
     </note>
     <note index="false" type="comments">
      <p id="e011f52b-9e14-4cda-9e4c-1d08a4718565" rend="petit">
       Кому адресовано письмо, редакцией не установлено.
      </p>
     </note>
    </noteGrp>
   </div>
  </body>
 </text>
</TEI>
