<?xml version="1.0" encoding="utf-8"?>
<TEI xmlns="http://www.tei-c.org/ns/1.0" xmlns:xi="http://www.w3.org/2001/XInclude">
 <teiHeader>
  <fileDesc>
   <titleStmt>
    <title xml:id="v72_319_ElizeReklyuEliseeReclus">
     Письма и документы. Tolstoy Digital
    </title>
    <title type="main">
     Письмо Элизэ Реклю (Elisée Reclus) от 20 июня 1900 г.
    </title>
    <title type="bibl">
     Толстой Л. Н. Письмо Элизэ Реклю (Elisée Reclus), 20 июня 1900 г. // Толстой Л. Н. Полное собрание сочинений: в 90 тт. Т. 72. М.: Гос. изд. «Художественная литература», 1933. С.
    </title>
    <respStmt>
     <resp>
      Идея, постановка задач, руководство:
     </resp>
     <name>
      Анастасия Бонч-Осмоловская, Фёкла Толстая, Борис Орехов, Тимофей Лукашевский
     </name>
    </respStmt>
    <respStmt>
     <resp>
      Подготовка TEI/XML:
     </resp>
     <name>
      Евгений Можаев, Даниил Скоринкин, Ирина Павлова, Матвей Колбасов, Елена Сидорова, Кирилл Милинцевич, Лев Буланов, Макар Федоров, Константин Петров
     </name>
    </respStmt>
    <respStmt>
     <resp>
      Подготовка метаданных:
     </resp>
     <name>
      Мария Картышева, Вероника Файнберг
     </name>
    </respStmt>
    <respStmt>
     <resp>
      Разметка имен собственных:
     </resp>
     <name>
      Никита Северин, Елена Северина
     </name>
    </respStmt>
    <respStmt>
     <resp>
      Исправление древнегреческого текста:
     </resp>
     <name>
      Ольга Алиева
     </name>
    </respStmt>
    <funder>
     Проект «Слово Толстого»
    </funder>
   </titleStmt>
   <publicationStmt>
    <publisher>
     <orgName>
      Tolstoy Digital, DH CLOUD, Научно-образовательный союз «Родное Слово» проект «Слово Толстого»
     </orgName>
    </publisher>
    <availability>
     <p id="18cfc995-4361-43a5-9697-f1751336d786">
      Тексты и метатекстовая разметка доступны для свободного использования и распространения по лицензии Creative Commons Attribution Share-Alike (cc by-sa)
     </p>
    </availability>
    <date from="2015" to="2022"/>
   </publicationStmt>
   <notesStmt>
    <note>
     Публикуемые документы был получены с сайта tolstoy.ru в формате html, переведены в формат TEI. Исправлены некоторые ошибки распознавания. Тексты, написанные в дореформенной орфографии, сопоставлены с их версиями в современной орфографии.
    </note>
   </notesStmt>
   <sourceDesc>
    <biblStruct>
     <analytic>
      <author>
       Толстой Лев Николаевич
      </author>
     </analytic>
     <monogr>
      <title level="m">
       Полное собрание сочинений. Том 72
      </title>
      <imprint>
       <pubPlace>
        Москва
       </pubPlace>
       <publisher>
        Государственное издательство «Художественная литература»
       </publisher>
       <date when="1933"/>
      </imprint>
      <biblScope unit="vol">
       72
      </biblScope>
      <biblScope unit="page">
       393-394
      </biblScope>
     </monogr>
     <series>
      <title level="s">
       Л. Н. Толстой. Полное собрание сочинений: в 90 тт.
      </title>
     </series>
    </biblStruct>
    <bibl>
     Публикуется впервые
    </bibl>
   </sourceDesc>
  </fileDesc>
  <encodingDesc>
   <classDecl>
    <xi:include href="../../reference/taxonomy.xml"/>
   </classDecl>
  </encodingDesc>
  <profileDesc>
   <correspDesc>
    <correspAction type="sending">
     <persName ref="13883">
      Л. Н. Толстой
     </persName>
     <placeName>
      Ясная Поляна
     </placeName>
     <date when="1900-06-20"/>
    </correspAction>
    <correspAction type="receiving">
     <persName ref="11634">
      Реклю Элиза (Elisée Reclus)
     </persName>
    </correspAction>
   </correspDesc>
   <langUsage>
    <language ident="ru"/>
   </langUsage>
   <textClass>
    <catRef ana="#tolstoy_heritage" target="library"/>
    <catRef ana="#letters" target="type"/>
    <catRef ana="#sent" target="sent"/>
   </textClass>
  </profileDesc>
 </teiHeader>
 <xenoData>
  <number type="in a volume">
   319
  </number>
 </xenoData>
 <text xml:id="ElizeReklyuEliséeReclus_319" xmlns="http://www.tei-c.org/ns/1.0" xmlns:xi="http://www.w3.org/2001/XInclude">
  <body>
   <div>
    <pb n="393"/>
    <opener index="false">
     * 319.
     <name placement="text" ref="11634" type="person">
      Элизэ Реклю (Elisée Reclus)
     </name>
     .1900г. Июня 20/июля 2. Я. П.
    </opener>
    <p id="8b8e35bf-14fc-48da-96e7-43c6c9c5ab05" rend="Obrashenie">
     Cher Monsieur,
    </p>
    <p id="124cbc67-c4b8-4bee-866e-972d3c417bd7">
     J’ai donné une fois pour toutes l’autorisation de publier mes écrits à tous ceux qui peuvent vouloir le faire. La traduction de Kaminsky est, je suppose, la plus
     <choice original_editorial_correction="com[p]lète">
      <sic>
       comlète
      </sic>
      <corr>
       complète
      </corr>
     </choice>
     et la plus exacte.
     <ref target="#note1">
      1
     </ref>
     <note index="false" resp="volume_editor" xml:id="note1">
      «Résurrection». Traduit du russe par Е. Halpérine-Kaminsky. Edition définitive, revue par l’Auteur. Illustrations de L. Pasternak. Paris, Ernest Flammarion, Editeur, s. a. Об И. Д. Гальперин-Каминском
      <ref target="file:///Volume_72_I.D.Galperinu-Kaminskomu_329.xml">
       см. письмо № 329
      </ref>
      .
     </note>
    </p>
    <p id="806dcdf6-4e61-41b0-8446-fc78fbe87004">
     Ce m’est un plaisir de pouvoir vous être agréable.
    </p>
    <p id="c0521d47-9bfb-473e-a14b-ffe24a3e2edf">
     Recevez, cher Monsieur, l’assurance de ma parfaite considération.
    </p>
    <p id="ffe743a2-60c9-455b-b1a7-1c01782e736b" rend="right">
     Léon Tolstoy.
    </p>
    <p id="35fced3e-e35a-4cc5-89fd-5d8c68af7628">
     2 Juillet 1900.
    </p>
    <lb/>
    <p id="145c3b01-c022-46f1-b97b-042f8a64c403" rend="Obrashenie petit">
     Милостивый государь,
    </p>
    <p id="309f8a0c-6925-4ead-bf39-211dfc63a0c3" rend="petit">
     Я раз навсегда дал право на издание моих писаний всем, кто пожелал бы их издавать. Перевод Каминского, я полагаю, наиболее полный и точный.
     <ref target="#note2">
      2
     </ref>
     <note index="false" resp="volume_editor" xml:id="note2">
      «Résurrection». Traduit du russe par Е. Halpérine-Kaminsky. Edition définitive, revue par l’Auteur. Illustrations de L. Pasternak. Paris, Ernest Flammarion, Editeur, s. a. Об И. Д. Гальперин-Каминском
      <ref target="file:///Volume_72_I.D.Galperinu-Kaminskomu_329.xml">
       см. письмо № 329
      </ref>
      .
     </note>
     Мне приятно, что я могу быть вам полезным.
    </p>
    <p id="c0d1a27d-e3b5-47ef-89d4-1767a09a50ce" rend="petit">
     Примите, милостивый государь, уверение в моем совершенном уважении.
    </p>
    <p id="445623e1-e21e-4562-959c-83a557110708" rend="petit right">
     <name placement="text" ref="13883" type="person">
      Лев Толстой
     </name>
     .
    </p>
    <p id="7388d6bf-840c-4faa-b273-80ecdefbd430" rend="petit">
     2 Июля 1900.
    </p>
    <noteGrp type="comments">
     <note index="false" type="comments">
      <p id="aa75147e-39e5-4b18-958d-bdc2a3d45042" rend="Textpetit_otstup left">
       Печатается по копировальной книге № 3, л. 28, хранящейся в ГТМ. Местонахождение автографа неизвестно. Основание датировки см. в прим. к письму № 318. В России публикуется впервые, о публикации за границей сведений не имеется.
      </p>
     </note>
     <note index="false" type="comments">
      <p id="e0f3b8e8-acb5-4867-8d16-3fc4169bc09e" rend="petit">
       Элизе Реклю (Elisée Reclus) (1830—1905)) — французский географ и теоретик анархизма, профессор географии в Брюсселе.
      </p>
     </note>
     <note index="false" type="comments">
      <p id="39c0b1e8-7a56-45ae-8c56-6eaf30ab2f11" rend="petit">
       Толстой ответил на его обращение от 20 июня н. ст. 1900 г. Письмо и подпись Реклю отпечатаны на пишущей машинке на бланке: «Université Nouvelle. Institut géographique» [«Новый университет. Географический институт»]. Текст письма (перевод с французского): «Дорогой и глубокоуважаемый граф [Cher et très honoré Monsieur], кое-кто из моих друзей хотели бы напечатать здесь, в целях пропаганды, несколько отрывков из Вашей книги “Воскресение” под тем же заглавием или под другим, аналогичным ему: “Процесс в России”. Мы обращаемся к вам прежде всего с просьбой о вашем разрешении, а затем, если Вы в нем не откажете, мы хотели бы знать, какой именно из французских переводов Вы посоветовали бы взять, причем нам придется дополнить его вставками из английского издания, так как мы знаем, что, к сожалению, ни один из французских переводов не вполне точен, а мы, разумеется, стремимся
       <hi style="opdelimiter">
        как
       </hi>
       <pb n="394"/>
       <hi style="npdelimiter">
        можно
       </hi>
       более приблизиться к Вашему тексту. В надежде, что Вы удостоите нас ответом, шлем Вам наш самый сердечный и почтительный привет. Элизе Реклю» (письмо не датировано; почт. шт. «Брюссель, 20 июня 1900»).
      </p>
     </note>
    </noteGrp>
   </div>
  </body>
 </text>
</TEI>
