<?xml version="1.0" encoding="utf-8"?>
<TEI xmlns="http://www.tei-c.org/ns/1.0" xmlns:xi="http://www.w3.org/2001/XInclude">
 <teiHeader>
  <fileDesc>
   <titleStmt>
    <title xml:id="v72_373_V_N_Davydovu">
     Письма и документы. Tolstoy Digital
    </title>
    <title type="main">
     Письмо В. Н. Давыдову от 28 сентября 1900 г.
    </title>
    <title type="bibl">
     Толстой Л. Н. Письмо В. Н. Давыдову, 28 сентября 1900 г. // Толстой Л. Н. Полное собрание сочинений: в 90 тт. Т. 72. М.: Гос. изд. «Художественная литература», 1933. С.
    </title>
    <respStmt>
     <resp>
      Идея, постановка задач, руководство:
     </resp>
     <name>
      Анастасия Бонч-Осмоловская, Фёкла Толстая, Борис Орехов, Тимофей Лукашевский
     </name>
    </respStmt>
    <respStmt>
     <resp>
      Подготовка TEI/XML:
     </resp>
     <name>
      Евгений Можаев, Даниил Скоринкин, Ирина Павлова, Матвей Колбасов, Елена Сидорова, Кирилл Милинцевич, Лев Буланов, Макар Федоров, Константин Петров
     </name>
    </respStmt>
    <respStmt>
     <resp>
      Подготовка метаданных:
     </resp>
     <name>
      Мария Картышева, Вероника Файнберг
     </name>
    </respStmt>
    <respStmt>
     <resp>
      Разметка имен собственных:
     </resp>
     <name>
      Никита Северин, Елена Северина
     </name>
    </respStmt>
    <respStmt>
     <resp>
      Исправление древнегреческого текста:
     </resp>
     <name>
      Ольга Алиева
     </name>
    </respStmt>
    <funder>
     Проект «Слово Толстого»
    </funder>
   </titleStmt>
   <publicationStmt>
    <publisher>
     <orgName>
      Tolstoy Digital, DH CLOUD, Научно-образовательный союз «Родное Слово» проект «Слово Толстого»
     </orgName>
    </publisher>
    <availability>
     <p id="aa4d16aa-c51f-4de3-b382-792cad1b3c55">
      Тексты и метатекстовая разметка доступны для свободного использования и распространения по лицензии Creative Commons Attribution Share-Alike (cc by-sa)
     </p>
    </availability>
    <date from="2015" to="2022"/>
   </publicationStmt>
   <notesStmt>
    <note>
     Публикуемые документы был получены с сайта tolstoy.ru в формате html, переведены в формат TEI. Исправлены некоторые ошибки распознавания. Тексты, написанные в дореформенной орфографии, сопоставлены с их версиями в современной орфографии.
    </note>
   </notesStmt>
   <sourceDesc>
    <biblStruct>
     <analytic>
      <author>
       Толстой Лев Николаевич
      </author>
     </analytic>
     <monogr>
      <title level="m">
       Полное собрание сочинений. Том 72
      </title>
      <imprint>
       <pubPlace>
        Москва
       </pubPlace>
       <publisher>
        Государственное издательство «Художественная литература»
       </publisher>
       <date when="1933"/>
      </imprint>
      <biblScope unit="vol">
       72
      </biblScope>
      <biblScope unit="page">
       458-460
      </biblScope>
     </monogr>
     <series>
      <title level="s">
       Л. Н. Толстой. Полное собрание сочинений: в 90 тт.
      </title>
     </series>
    </biblStruct>
    <bibl>
     Публикуется впервые
    </bibl>
   </sourceDesc>
  </fileDesc>
  <encodingDesc>
   <classDecl>
    <xi:include href="../../reference/taxonomy.xml"/>
   </classDecl>
  </encodingDesc>
  <profileDesc>
   <correspDesc>
    <correspAction type="sending">
     <persName ref="13883">
      Л. Н. Толстой
     </persName>
     <placeName>
      Ясная Поляна
     </placeName>
     <date when="1900-09-28"/>
    </correspAction>
    <correspAction type="receiving">
     <persName ref="4106">
      Давыдов Владимир Николаевич (псевдоним Горелова Ивана Николаевича)
     </persName>
    </correspAction>
   </correspDesc>
   <langUsage>
    <language ident="ru"/>
    <language ident="ru-petr1708"/>
   </langUsage>
   <textClass>
    <catRef ana="#tolstoy_heritage" target="library"/>
    <catRef ana="#letters" target="type"/>
    <catRef ana="#sent" target="sent"/>
   </textClass>
  </profileDesc>
 </teiHeader>
 <xenoData>
  <number type="in a volume">
   373
  </number>
 </xenoData>
 <text xml:id="V.N.Davydovu_373" xmlns="http://www.tei-c.org/ns/1.0" xmlns:xi="http://www.w3.org/2001/XInclude">
  <body>
   <div>
    <pb n="458"/>
    <opener index="false">
     * 373.
     <name placement="text" ref="4106" type="person">
      В. Н. Давыдову
     </name>
     .1900 г. Сентября 28. Я. П.
    </opener>
    <p id="5cc20dc0-50f5-4a8e-bcbf-9340eb0ccae3" rend="Obrashenie">
     Многоуважаемый
    </p>
    <p id="339ef893-ebab-40d6-b2e8-101a09279a7c" rend="Obrashenie1">
     <choice>
      <reg>
       <name placement="text" ref="4105" type="person">
        Владимир
       </name>
      </reg>
      <orig>
       <name placement="text" ref="4105" type="person">
        Владиміръ
       </name>
      </orig>
     </choice>
     <choice>
      <reg>
       <name placement="text" ref="4105" type="person">
        Николаевич
       </name>
      </reg>
      <orig>
       Николаевичъ
      </orig>
     </choice>
     ,
    </p>
    <p id="7d6c2171-557a-459a-847e-afec75ee8f73">
     Если я
     <choice>
      <reg>
       неверно
      </reg>
      <orig>
       невѣрно
      </orig>
     </choice>
     <choice>
      <reg>
       написал
      </reg>
      <orig>
       написалъ
      </orig>
     </choice>
     ваше отчество, пожалуйста, простите меня.
     <choice>
      <reg>
       Получил
      </reg>
      <orig>
       Получилъ
      </orig>
     </choice>
     ваше письмо
     <choice>
      <reg>
       с
      </reg>
      <orig>
       съ
      </orig>
     </choice>
     <choice>
      <reg>
       кратким
      </reg>
      <orig>
       краткимъ
      </orig>
     </choice>
     <choice>
      <reg>
       изложением
      </reg>
      <orig>
       изложеніемъ
      </orig>
     </choice>
     вашего проекта
     <hi>
      1
     </hi>
     и
     <choice>
      <reg>
       выражением
      </reg>
      <orig>
       выраженіемъ
      </orig>
     </choice>
     вашего недовольства
     <choice>
      <reg>
       моим
      </reg>
      <orig>
       моимъ
      </orig>
     </choice>
     <choice>
      <reg>
       другом
      </reg>
      <orig>
       другомъ
      </orig>
     </choice>
     П. И.
     <choice>
      <reg>
       Бирюковым
      </reg>
      <orig>
       Бирюковымъ
      </orig>
     </choice>
     .
     <hi>
      2
     </hi>
     Это меня очень
     <choice>
      <reg>
       огорчает
      </reg>
      <orig>
       огорчаетъ
      </orig>
     </choice>
     .
     <choice original_editorial_correction="Пав[ел]">
      <sic>
       Пав
      </sic>
      <corr>
       <choice>
        <reg>
         <name placement="text" ref="1444" type="person">
          Павел
         </name>
        </reg>
        <orig>
         <name placement="text" ref="1444" type="person">
          Павелъ
         </name>
        </orig>
       </choice>
      </corr>
     </choice>
     <choice original_editorial_correction="Иван[ович]">
      <sic>
       <name placement="text" ref="1444" type="person">
        Иван
       </name>
      </sic>
      <corr>
       <choice>
        <reg>
         <name placement="text" ref="1444" type="person">
          Иванович
         </name>
        </reg>
        <orig>
         Ивановичъ
        </orig>
       </choice>
      </corr>
     </choice>
     ничего не
     <choice>
      <reg>
       писал
      </reg>
      <orig>
       писалъ
      </orig>
     </choice>
     <choice>
      <reg>
       мне
      </reg>
      <orig>
       мнѣ
      </orig>
     </choice>
     <choice>
      <reg>
       об
      </reg>
      <orig>
       объ
      </orig>
     </choice>
     <choice>
      <reg>
       этом
      </reg>
      <orig>
       этомъ
      </orig>
     </choice>
     <choice>
      <reg>
       деле
      </reg>
      <orig>
       дѣлѣ
      </orig>
     </choice>
     , но, сколько я знаю его и его обстоятельства, я
     <choice>
      <reg>
       уверен
      </reg>
      <orig>
       увѣренъ
      </orig>
     </choice>
     , что если
     <choice>
      <reg>
       он
      </reg>
      <orig>
       онъ
      </orig>
     </choice>
     отказывается исполнить все, чтò вы
     <choice>
      <reg>
       от
      </reg>
      <orig>
       отъ
      </orig>
     </choice>
     него желаете, то,
     <choice>
      <reg>
       вероятно
      </reg>
      <orig>
       вѣроятно
      </orig>
     </choice>
     ,
     <choice original_editorial_correction="п[отому]">
      <sic>
       п
      </sic>
      <corr>
       потому
      </corr>
     </choice>
     ,
     <choice original_editorial_correction="ч[то]">
      <sic>
       ч
      </sic>
      <corr>
       что
      </corr>
     </choice>
     <hi>
      не
      <choice>
       <reg>
        может
       </reg>
       <orig>
        можетъ
       </orig>
      </choice>
     </hi>
     поступить иначе.
     <choice>
      <reg>
       <name placement="text" ref="1444" type="person">
        Павел
       </name>
      </reg>
      <orig>
       <name placement="text" ref="1444" type="person">
        Павелъ
       </name>
      </orig>
     </choice>
     <choice>
      <reg>
       <name placement="text" ref="1444" type="person">
        Иванович
       </name>
      </reg>
      <orig>
       Ивановичъ
      </orig>
     </choice>
     <choice>
      <reg>
       взял
      </reg>
      <orig>
       взялъ
      </orig>
     </choice>
     на себя это
     <choice>
      <reg>
       дело
      </reg>
      <orig>
       дѣло
      </orig>
     </choice>
     только
     <choice>
      <reg>
       из
      </reg>
      <orig>
       изъ
      </orig>
     </choice>
     <choice>
      <reg>
       желания
      </reg>
      <orig>
       желанія
      </orig>
     </choice>
     <choice>
      <reg>
       сделать
      </reg>
      <orig>
       сдѣлать
      </orig>
     </choice>
     <choice>
      <reg>
       мне
      </reg>
      <orig>
       мнѣ
      </orig>
     </choice>
     и
     <choice>
      <reg>
       вам
      </reg>
      <orig>
       вамъ
      </orig>
     </choice>
     ,
     <choice>
      <reg>
       общий
      </reg>
      <orig>
       общій
      </orig>
     </choice>
     строй мыслей
     <choice>
      <reg>
       которого
      </reg>
      <orig>
       котораго
      </orig>
     </choice>
     <choice>
      <reg>
       он
      </reg>
      <orig>
       онъ
      </orig>
     </choice>
     <choice>
      <reg>
       уважает
      </reg>
      <orig>
       уважаетъ
      </orig>
     </choice>
     ,
     <choice>
      <reg>
       приятное
      </reg>
      <orig>
       пріятное
      </orig>
     </choice>
     или,
     <choice>
      <reg>
       скорее
      </reg>
      <orig>
       скорѣе
      </orig>
     </choice>
     , исполнить ваше
     <choice>
      <reg>
       желание
      </reg>
      <orig>
       желаніе
      </orig>
     </choice>
     .
    </p>
    <p id="691e1637-c768-4564-9160-cb25b5d6e477">
     Особенное свойство
     <name placement="text" ref="1444" type="person">
      Павла Ивановича
     </name>
     <choice>
      <reg>
       состоит
      </reg>
      <orig>
       состоитъ
      </orig>
     </choice>
     <choice>
      <reg>
       в
      </reg>
      <orig>
       въ
      </orig>
     </choice>
     <choice>
      <reg>
       том
      </reg>
      <orig>
       томъ
      </orig>
     </choice>
     , что
     <choice>
      <reg>
       он
      </reg>
      <orig>
       онъ
      </orig>
     </choice>
     , всегда забывая себя,
     <choice>
      <reg>
       готов
      </reg>
      <orig>
       готовъ
      </orig>
     </choice>
     служить
     <choice>
      <reg>
       другим
      </reg>
      <orig>
       другимъ
      </orig>
     </choice>
     . Поэтому
     <hi style="opdelimiter">
      я
     </hi>
     <pb n="459"/>
     <hi style="npdelimiter">
      очень
     </hi>
     прошу
     <choice>
      <reg>
       вас
      </reg>
      <orig>
       васъ
      </orig>
     </choice>
     <choice>
      <reg>
       иметь
      </reg>
      <orig>
       имѣть
      </orig>
     </choice>
     это
     <choice>
      <reg>
       в
      </reg>
      <orig>
       въ
      </orig>
     </choice>
     виду и не сердиться на него, а найти
     <choice>
      <reg>
       с
      </reg>
      <orig>
       съ
      </orig>
     </choice>
     <choice>
      <reg>
       ним
      </reg>
      <orig>
       нимъ
      </orig>
     </choice>
     точку
     <choice>
      <reg>
       соглашения
      </reg>
      <orig>
       соглашенія
      </orig>
     </choice>
     , чтò
     <choice>
      <reg>
       с
      </reg>
      <orig>
       съ
      </orig>
     </choice>
     <choice>
      <reg>
       таким
      </reg>
      <orig>
       такимъ
      </orig>
     </choice>
     <choice>
      <reg>
       человеком
      </reg>
      <orig>
       человѣкомъ
      </orig>
     </choice>
     ,
     <choice>
      <reg>
       как
      </reg>
      <orig>
       какъ
      </orig>
     </choice>
     <choice>
      <reg>
       он
      </reg>
      <orig>
       онъ
      </orig>
     </choice>
     , и для
     <choice>
      <reg>
       вас
      </reg>
      <orig>
       васъ
      </orig>
     </choice>
     ,
     <choice>
      <reg>
       человека
      </reg>
      <orig>
       человѣка
      </orig>
     </choice>
     идеи, должно быть легко.
    </p>
    <p id="a220487b-ff66-43b4-b494-bb2407d525d3">
     Книга ваша, какъ я понялъ изъ вашего письма, будетъ напечатана, а это главное. Если бы даже она не была напечатана, она, т. е. мысли, въ ней выраженныя, не пропадутъ и принесутъ свой плодъ. Въ этомъ свойство мысли и ея выраженія. Повторю то, что мнѣ ужасно грустно, что такой человѣкъ, какъ вы, можетъ сердиться и упрекать такого человѣка, какъ всегда самоотверженный и готовый служить другимъ Пав[елъ] Ив[ановичъ].
    </p>
    <p id="debc756f-ab6f-458e-9dc0-c30e32489c9c">
     <choice>
      <reg>
       В
      </reg>
      <orig>
       Въ
      </orig>
     </choice>
     <choice>
      <reg>
       надежде
      </reg>
      <orig>
       надеждѣ
      </orig>
     </choice>
     на то, что все это уладится, прошу принять мою благодарность за ваши
     <choice>
      <reg>
       добрые
      </reg>
      <orig>
       добрыя
      </orig>
     </choice>
     слова и
     <choice>
      <reg>
       уверении
      </reg>
      <orig>
       увѣреніи
      </orig>
     </choice>
     <hi>
      3
     </hi>
     <choice>
      <reg>
       в
      </reg>
      <orig>
       въ
      </orig>
     </choice>
     <choice>
      <reg>
       истинном
      </reg>
      <orig>
       истинномъ
      </orig>
     </choice>
     <choice>
      <reg>
       уважении
      </reg>
      <orig>
       уваженіи
      </orig>
     </choice>
     .
    </p>
    <p id="29578580-2ebb-4319-a48b-b30aaaa129be" rend="right">
     <choice>
      <reg>
       Лев
      </reg>
      <orig>
       Левъ
      </orig>
     </choice>
     Толстой.
    </p>
    <p id="ee99987d-bf74-444e-8e82-7b62d957d7fc">
     28 Сент.
    </p>
    <noteGrp type="comments">
     <note index="false" type="comments">
      <p id="ccdead61-17f9-4d87-beeb-e4d53444e252" rend="Textpetit_otstup left">
       Печатается по копировальной книге № 3, лл. 89—90, хранящейся в ГТМ. Местонахождение автографа неизвестно. Публикуется впервые.
      </p>
     </note>
     <note index="false" type="comments">
      <p id="80cde1b6-12fb-4841-ac07-80ff61a7ee79" rend="petit">
       Переписка с
       <name placement="comments" ref="4105" type="person">
        Владимиром Николаевичем Давыдовым
       </name>
       в 1899—1900 гг. касалась опубликования в Женеве философского сочинения Давыдова. Осуществление издания взял на себя П. И. Бирюков.
       <ref target="file:///Volume_72_V.N.Davydovu_108.xml">
        См. письмо № 108
       </ref>
       .
      </p>
     </note>
    </noteGrp>
   </div>
  </body>
 </text>
</TEI>
