<?xml version="1.0" encoding="utf-8"?>
<TEI xmlns="http://www.tei-c.org/ns/1.0" xmlns:xi="http://www.w3.org/2001/XInclude">
 <teiHeader>
  <fileDesc>
   <titleStmt>
    <title xml:id="v72_435a_T_L_SuxotinojTolstoj">
     Письма и документы. Tolstoy Digital
    </title>
    <title type="main">
     Письмо Т. Л. Сухотиной (Толстой) от 20 декабря 1900 г.
    </title>
    <title type="bibl">
     Толстой Л. Н. Письмо Т. Л. Сухотиной (Толстой), 20 декабря 1900 г. // Толстой Л. Н. Полное собрание сочинений: в 90 тт. Т. 72. М.: Гос. изд. «Художественная литература», 1933. С.
    </title>
    <respStmt>
     <resp>
      Идея, постановка задач, руководство:
     </resp>
     <name>
      Анастасия Бонч-Осмоловская, Фёкла Толстая, Борис Орехов, Тимофей Лукашевский
     </name>
    </respStmt>
    <respStmt>
     <resp>
      Подготовка TEI/XML:
     </resp>
     <name>
      Евгений Можаев, Даниил Скоринкин, Ирина Павлова, Матвей Колбасов, Елена Сидорова, Кирилл Милинцевич, Лев Буланов, Макар Федоров, Константин Петров
     </name>
    </respStmt>
    <respStmt>
     <resp>
      Подготовка метаданных:
     </resp>
     <name>
      Мария Картышева, Вероника Файнберг
     </name>
    </respStmt>
    <respStmt>
     <resp>
      Разметка имен собственных:
     </resp>
     <name>
      Никита Северин, Елена Северина
     </name>
    </respStmt>
    <respStmt>
     <resp>
      Исправление древнегреческого текста:
     </resp>
     <name>
      Ольга Алиева
     </name>
    </respStmt>
    <funder>
     Проект «Слово Толстого»
    </funder>
   </titleStmt>
   <publicationStmt>
    <publisher>
     <orgName>
      Tolstoy Digital, DH CLOUD, Научно-образовательный союз «Родное Слово» проект «Слово Толстого»
     </orgName>
    </publisher>
    <availability>
     <p id="6088525b-db88-419c-8982-9bc844549947">
      Тексты и метатекстовая разметка доступны для свободного использования и распространения по лицензии Creative Commons Attribution Share-Alike (cc by-sa)
     </p>
    </availability>
    <date from="2015" to="2022"/>
   </publicationStmt>
   <notesStmt>
    <note>
     Публикуемые документы был получены с сайта tolstoy.ru в формате html, переведены в формат TEI. Исправлены некоторые ошибки распознавания. Тексты, написанные в дореформенной орфографии, сопоставлены с их версиями в современной орфографии.
    </note>
   </notesStmt>
   <sourceDesc>
    <biblStruct>
     <analytic>
      <author>
       Толстой Лев Николаевич
      </author>
     </analytic>
     <monogr>
      <title level="m">
       Полное собрание сочинений. Том 72
      </title>
      <imprint>
       <pubPlace>
        Москва
       </pubPlace>
       <publisher>
        Государственное издательство «Художественная литература»
       </publisher>
       <date when="1933"/>
      </imprint>
      <biblScope unit="vol">
       72
      </biblScope>
      <biblScope unit="page">
       535-536
      </biblScope>
     </monogr>
     <series>
      <title level="s">
       Л. Н. Толстой. Полное собрание сочинений: в 90 тт.
      </title>
     </series>
    </biblStruct>
    <bibl>
     Публикуется впервые
    </bibl>
   </sourceDesc>
  </fileDesc>
  <encodingDesc>
   <classDecl>
    <xi:include href="../../reference/taxonomy.xml"/>
   </classDecl>
  </encodingDesc>
  <profileDesc>
   <correspDesc>
    <correspAction type="sending">
     <persName ref="13883">
      Л. Н. Толстой
     </persName>
     <placeName>
      Москва
     </placeName>
     <date when="1900-12-20"/>
    </correspAction>
    <correspAction type="receiving">
     <persName ref="13413">
      Сухотина Татьяна Львовна, рожд. Толстая
     </persName>
    </correspAction>
   </correspDesc>
   <langUsage>
    <language ident="ru"/>
    <language ident="ru-petr1708"/>
   </langUsage>
   <textClass>
    <catRef ana="#tolstoy_heritage" target="library"/>
    <catRef ana="#letters" target="type"/>
    <catRef ana="#sent" target="sent"/>
   </textClass>
  </profileDesc>
 </teiHeader>
 <xenoData>
  <number type="in a volume">
   435a
  </number>
 </xenoData>
 <text xml:id="T.L.SuxotinojTolstoj_435а" xmlns="http://www.tei-c.org/ns/1.0" xmlns:xi="http://www.w3.org/2001/XInclude">
  <body>
   <div>
    <pb n="535"/>
    <opener index="false">
     * 435а.
     <name placement="text" ref="13413" type="person">
      Т. Л. Сухотиной (Толстой
     </name>
     ).1900 г. Декабря 20. Москва.
    </opener>
    <p id="5e186806-52e5-4871-88c3-1fb46c899a4e">
     Посылаю
     <choice>
      <reg>
       тебе
      </reg>
      <orig>
       тебѣ
      </orig>
     </choice>
     , голубушка Таничка, письма Маши о
     <choice>
      <reg>
       Вере
      </reg>
      <orig>
       Вѣрѣ
      </orig>
     </choice>
     ,
     <ref target="#note1">
      1
     </ref>
     <note index="false" resp="volume_editor" xml:id="note1">
      Толстой переслал письма М. Л. Оболенской и гр. С. Н. Толстого, касающиеся рождения ребенка у
      <name placement="note" ref="13824" type="person">
       Веры Сергеевны Толстой
      </name>
      , дочери гр. С. Н. Толстого. Родственники В. С. Толстой тяжело переносили это событие. См. письма 1901 г., т. 73.
     </note>
     <choice>
      <reg>
       над
      </reg>
      <orig>
       надъ
      </orig>
     </choice>
     <choice original_editorial_correction="кот[орыми]">
      <sic>
       кот
      </sic>
      <corr>
       которыми
      </corr>
     </choice>
     я
     <choice>
      <reg>
       плакал
      </reg>
      <orig>
       плакалъ
      </orig>
     </choice>
     и всегда плачу, когда
     <choice>
      <reg>
       их
      </reg>
      <orig>
       ихъ
      </orig>
     </choice>
     перечитываю. Я не
     <choice>
      <reg>
       хотел
      </reg>
      <orig>
       хотѣлъ
      </orig>
     </choice>
     тебя
     <choice>
      <reg>
       расстраивать
      </reg>
      <orig>
       разстраивать
      </orig>
     </choice>
     , давая
     <choice>
      <reg>
       их
      </reg>
      <orig>
       ихъ
      </orig>
     </choice>
     <choice>
      <reg>
       тебе
      </reg>
      <orig>
       тебѣ
      </orig>
     </choice>
     . Теперь же, когда ты знаешь, посылаю. Я ничего больше того, чтò
     <choice>
      <reg>
       в
      </reg>
      <orig>
       въ
      </orig>
     </choice>
     <choice>
      <reg>
       письмах
      </reg>
      <orig>
       письмахъ
      </orig>
     </choice>
     , не знаю. И, странное
     <choice>
      <reg>
       дело
      </reg>
      <orig>
       дѣло
      </orig>
     </choice>
     , не хочется знать. Много
     <choice>
      <reg>
       тут
      </reg>
      <orig>
       тутъ
      </orig>
     </choice>
     <choice original_editorial_correction="хороше[го]">
      <sic>
       хороше
      </sic>
      <corr>
       хорошего
      </corr>
     </choice>
     вызвано
     <choice>
      <reg>
       этим
      </reg>
      <orig>
       этимъ
      </orig>
     </choice>
     <choice>
      <reg>
       страшным
      </reg>
      <orig>
       страшнымъ
      </orig>
     </choice>
     <choice>
      <reg>
       делом
      </reg>
      <orig>
       дѣломъ
      </orig>
     </choice>
     .
     <choice>
      <reg>
       Как
      </reg>
      <orig>
       Какъ
      </orig>
     </choice>
     однако
     <choice>
      <reg>
       благодетельно
      </reg>
      <orig>
       благодѣтельно
      </orig>
     </choice>
     <choice>
      <reg>
       несчастие
      </reg>
      <orig>
       несчастіе
      </orig>
     </choice>
     !
    </p>
    <p id="7b12f7b0-dd72-4904-a57d-fea9787e4d5a">
     <choice original_editorial_correction="М[ихаил]">
      <sic>
       М
      </sic>
      <corr>
       <choice>
        <reg>
         <name placement="text" ref="13404" type="person">
          Михаил
         </name>
        </reg>
        <orig>
         <name placement="text" ref="13404" type="person">
          Михаилъ
         </name>
        </orig>
       </choice>
      </corr>
     </choice>
     <choice original_editorial_correction="С[ергеевич]">
      <sic>
       <name placement="text" ref="13404" type="person">
        С
       </name>
      </sic>
      <corr>
       <choice>
        <reg>
         <name placement="text" ref="13404" type="person">
          Сергеевич
         </name>
        </reg>
        <orig>
         Сергѣевичъ
        </orig>
       </choice>
      </corr>
     </choice>
     <choice original_editorial_correction="б[ыл]">
      <sic>
       б
      </sic>
      <corr>
       <choice>
        <reg>
         был
        </reg>
        <orig>
         былъ
        </orig>
       </choice>
      </corr>
     </choice>
     очень
     <choice>
      <reg>
       мил
      </reg>
      <orig>
       милъ
      </orig>
     </choice>
     и
     <choice>
      <reg>
       здоров
      </reg>
      <orig>
       здоровъ
      </orig>
     </choice>
     .
     <hi style="opdelimiter">
      Только
     </hi>
     <pb n="536"/>
     <hi style="npdelimiter">
      жаль,
     </hi>
     что мало
     <choice>
      <reg>
       видели
      </reg>
      <orig>
       видѣли
      </orig>
     </choice>
     .
     <ref target="#note2">
      2
     </ref>
     <note index="false" resp="volume_editor" xml:id="note2">
      <hi/>
      <name placement="note" ref="13404" type="person">
       Михаил Сергеевич Сухотин
      </name>
      , муж Т. Л. Сухотиной, пробыл в Москве несколько дней. Уехал в Рим.
     </note>
     О
     <choice>
      <reg>
       твоем
      </reg>
      <orig>
       твоемъ
      </orig>
     </choice>
     нездоровьи не
     <choice>
      <reg>
       беспокоюсь
      </reg>
      <orig>
       безпокоюсь
      </orig>
     </choice>
     ,
     <choice original_editorial_correction="п[отому]">
      <sic>
       п
      </sic>
      <corr>
       потому
      </corr>
     </choice>
     <choice original_editorial_correction="ч[то]">
      <sic>
       ч
      </sic>
      <corr>
       что
      </corr>
     </choice>
     <choice>
      <reg>
       верю
      </reg>
      <orig>
       вѣрю
      </orig>
     </choice>
     Богу, а не
     <choice>
      <reg>
       докторам
      </reg>
      <orig>
       докторамъ
      </orig>
     </choice>
     , а радуюсь, что ты раньше
     <choice>
      <reg>
       приедешь
      </reg>
      <orig>
       прiѣдешь
      </orig>
     </choice>
     .
     <ref target="#note3">
      3
     </ref>
     <note index="false" resp="volume_editor" xml:id="note3">
      <ref target="file:///Volume_72_T.L.SuxotinojTolstoj_439a.xml">
       См. письмо № 439а.
      </ref>
     </note>
    </p>
    <p id="53749176-96dd-4d41-b3fd-cd75f2860402">
     Прощай, милая, весели людей
     <choice>
      <reg>
       вокруг
      </reg>
      <orig>
       вокругъ
      </orig>
     </choice>
     себя и сама радуйся.
    </p>
    <noteGrp type="comments">
     <note index="false" type="comments">
      <p id="d4e90a23-2b77-4385-9ba8-39e5b4ddff1f" rend="Textpetit_otstup left">
       Печатается по автографу, находящемуся в архиве адресата. Датируется по отметке на подлиннике. Публикуется впервые.
      </p>
     </note>
    </noteGrp>
   </div>
  </body>
 </text>
</TEI>
