<?xml version="1.0" encoding="utf-8"?>
<TEI xmlns="http://www.tei-c.org/ns/1.0" xmlns:xi="http://www.w3.org/2001/XInclude">
 <teiHeader>
  <fileDesc>
   <titleStmt>
    <title xml:id="v72_063_A_S_Prugavinu">
     Письма и документы. Tolstoy Digital
    </title>
    <title type="main">
     Письмо А. С. Пругавину от 10 марта 1899 г.
    </title>
    <title type="bibl">
     Толстой Л. Н. Письмо А. С. Пругавину, 10 марта 1899 г. // Толстой Л. Н. Полное собрание сочинений: в 90 тт. Т. 72. М.: Гос. изд. «Художественная литература», 1933. С.
    </title>
    <respStmt>
     <resp>
      Идея, постановка задач, руководство:
     </resp>
     <name>
      Анастасия Бонч-Осмоловская, Фёкла Толстая, Борис Орехов, Тимофей Лукашевский
     </name>
    </respStmt>
    <respStmt>
     <resp>
      Подготовка TEI/XML:
     </resp>
     <name>
      Евгений Можаев, Даниил Скоринкин, Ирина Павлова, Матвей Колбасов, Елена Сидорова, Кирилл Милинцевич, Лев Буланов, Макар Федоров, Константин Петров
     </name>
    </respStmt>
    <respStmt>
     <resp>
      Подготовка метаданных:
     </resp>
     <name>
      Мария Картышева, Вероника Файнберг
     </name>
    </respStmt>
    <respStmt>
     <resp>
      Разметка имен собственных:
     </resp>
     <name>
      Никита Северин, Елена Северина
     </name>
    </respStmt>
    <respStmt>
     <resp>
      Исправление древнегреческого текста:
     </resp>
     <name>
      Ольга Алиева
     </name>
    </respStmt>
    <funder>
     Проект «Слово Толстого»
    </funder>
   </titleStmt>
   <publicationStmt>
    <publisher>
     <orgName>
      Tolstoy Digital, DH CLOUD, Научно-образовательный союз «Родное Слово» проект «Слово Толстого»
     </orgName>
    </publisher>
    <availability>
     <p id="2e2a82b8-51c3-454c-9616-6351daa4f029">
      Тексты и метатекстовая разметка доступны для свободного использования и распространения по лицензии Creative Commons Attribution Share-Alike (cc by-sa)
     </p>
    </availability>
    <date from="2015" to="2022"/>
   </publicationStmt>
   <notesStmt>
    <note>
     Публикуемые документы был получены с сайта tolstoy.ru в формате html, переведены в формат TEI. Исправлены некоторые ошибки распознавания. Тексты, написанные в дореформенной орфографии, сопоставлены с их версиями в современной орфографии.
    </note>
   </notesStmt>
   <sourceDesc>
    <biblStruct>
     <analytic>
      <author>
       Толстой Лев Николаевич
      </author>
     </analytic>
     <monogr>
      <title level="m">
       Полное собрание сочинений. Том 72
      </title>
      <imprint>
       <pubPlace>
        Москва
       </pubPlace>
       <publisher>
        Государственное издательство «Художественная литература»
       </publisher>
       <date when="1933"/>
      </imprint>
      <biblScope unit="vol">
       72
      </biblScope>
      <biblScope unit="page">
       91-91
      </biblScope>
     </monogr>
     <series>
      <title level="s">
       Л. Н. Толстой. Полное собрание сочинений: в 90 тт.
      </title>
     </series>
    </biblStruct>
    <bibl/>
   </sourceDesc>
  </fileDesc>
  <encodingDesc>
   <classDecl>
    <xi:include href="../../reference/taxonomy.xml"/>
   </classDecl>
  </encodingDesc>
  <profileDesc>
   <correspDesc>
    <correspAction type="sending">
     <persName ref="13883">
      Л. Н. Толстой
     </persName>
     <placeName>
      Москва
     </placeName>
     <date when="1899-03-10"/>
    </correspAction>
    <correspAction type="receiving">
     <persName ref="11342">
      Пругавин Александр Степанович
     </persName>
    </correspAction>
   </correspDesc>
   <langUsage>
    <language ident="ru"/>
    <language ident="ru-petr1708"/>
   </langUsage>
   <textClass>
    <catRef ana="#tolstoy_heritage" target="library"/>
    <catRef ana="#letters" target="type"/>
    <catRef ana="#sent" target="sent"/>
   </textClass>
  </profileDesc>
 </teiHeader>
 <xenoData>
  <number type="in a volume">
   63
  </number>
 </xenoData>
 <text xml:id="A.S.Prugavinu_63" xmlns="http://www.tei-c.org/ns/1.0" xmlns:xi="http://www.w3.org/2001/XInclude">
  <body>
   <div>
    <pb n="91"/>
    <opener index="false">
     63.
     <name placement="text" ref="11342" type="person">
      А. С. Пругавину
     </name>
     .1899 г. Марта 10. Москва.
    </opener>
    <p id="dbf13a15-43f4-4328-8d7f-31df5cc437d9" rend="Obrashenie">
     Дорогой
     <choice>
      <reg>
       <name placement="text" ref="11342" type="person">
        Александр
       </name>
      </reg>
      <orig>
       <name placement="text" ref="11342" type="person">
        Александръ
       </name>
      </orig>
     </choice>
     <choice>
      <reg>
       <name placement="text" ref="11342" type="person">
        Степанович
       </name>
      </reg>
      <orig>
       Степановичъ
      </orig>
     </choice>
     ,
    </p>
    <p id="4f4d4003-548e-4f77-8613-e090cea8477a">
     Письмо это
     <choice>
      <reg>
       вам
      </reg>
      <orig>
       вамъ
      </orig>
     </choice>
     <choice>
      <reg>
       передаст
      </reg>
      <orig>
       передастъ
      </orig>
     </choice>
     <choice>
      <reg>
       <name placement="text" ref="6762" type="person">
        Юлия
       </name>
      </reg>
      <orig>
       <name placement="text" ref="6762" type="person">
        Юлія
       </name>
      </orig>
     </choice>
     <name placement="text" ref="6762" type="person">
      Михайловна Комарова
     </name>
     . Эта молодая
     <choice>
      <reg>
       девушка
      </reg>
      <orig>
       дѣвушка
      </orig>
     </choice>
     <choice>
      <reg>
       желает
      </reg>
      <orig>
       желаетъ
      </orig>
     </choice>
     работать
     <choice>
      <reg>
       в
      </reg>
      <orig>
       въ
      </orig>
     </choice>
     <choice>
      <reg>
       деле
      </reg>
      <orig>
       дѣлѣ
      </orig>
     </choice>
     помощи народу. Я знаю по опыту,
     <choice>
      <reg>
       как
      </reg>
      <orig>
       какъ
      </orig>
     </choice>
     <choice>
      <reg>
       бывает
      </reg>
      <orig>
       бываетъ
      </orig>
     </choice>
     <choice>
      <reg>
       хорош
      </reg>
      <orig>
       хорошъ
      </orig>
     </choice>
     ,
     <choice>
      <reg>
       самоотвержен
      </reg>
      <orig>
       самоотверженъ
      </orig>
     </choice>
     и
     <choice>
      <reg>
       полезен
      </reg>
      <orig>
       полезенъ
      </orig>
     </choice>
     <choice>
      <reg>
       труд
      </reg>
      <orig>
       трудъ
      </orig>
     </choice>
     <choice>
      <reg>
       таких
      </reg>
      <orig>
       такихъ
      </orig>
     </choice>
     <choice>
      <reg>
       особ
      </reg>
      <orig>
       особъ
      </orig>
     </choice>
     , и потому
     <choice>
      <reg>
       надеюсь
      </reg>
      <orig>
       надѣюсь
      </orig>
     </choice>
     , что она
     <choice>
      <reg>
       будет
      </reg>
      <orig>
       будетъ
      </orig>
     </choice>
     нужна
     <choice>
      <reg>
       в
      </reg>
      <orig>
       въ
      </orig>
     </choice>
     <choice>
      <reg>
       том
      </reg>
      <orig>
       томъ
      </orig>
     </choice>
     <choice>
      <reg>
       деле
      </reg>
      <orig>
       дѣлѣ
      </orig>
     </choice>
     , на которое вы ее направите.
    </p>
    <p id="05ae4360-162d-41f6-9d2e-9d3646b65817" rend="right">
     <choice>
      <reg>
       Ваш
      </reg>
      <orig>
       Вашъ
      </orig>
     </choice>
     <choice>
      <reg>
       Лев
      </reg>
      <orig>
       Левъ
      </orig>
     </choice>
     Толстой.
    </p>
    <p id="5c68dbea-0e52-4279-af15-b5c55f9f468c">
     10 Марта.
    </p>
    <lb/>
    <p id="1697f05c-e17e-4abf-9ca5-40e8f001bcc5">
     <hi>
      На конверте:
     </hi>
     <name placement="text" ref="11342" type="person">
      Александру Степановичу Пругавину
     </name>
     . Самара.
    </p>
    <noteGrp type="comments">
     <note index="false" type="comments">
      <p id="48c4e97c-4034-460e-8135-d2c9dcb82882" rend="Textpetit_otstup left">
       Печатается по автографу, хранящемуся в ИЛ. Впервые опубликовано в статье А. С. Пругавина «Письма и записочки
       <name placement="comments" ref="13883" type="person">
        Л. Н. Толстого
       </name>
       » — «Вестник Европы» 1911, 2, стр. 279. Дата дополняется по этой статье.
      </p>
     </note>
     <note index="false" type="comments">
      <p id="6fd6936e-c0e9-4712-b6ac-818b93030a12" rend="petit">
       Призыв Толстого о помощи пострадавшим от неурожая в Поволжье, напечатанный 4 марта 1899 г. в «Русских ведомостях», вызвал большой приток пожертвований, а также предложений личных услуг. Ю. М. Комарова была принята Пругавиным и работала на голоде в Самарской губернии. Пругавин писал: «Я должен сказать, что если вообще молодежь обоего пола, являвшаяся к нам на голод, работала прекрасно, то деятельность людей, которых направлял к нам Толстой, прямо поражала своей полной самоотверженностью и той сердечной, беззаветной любовью, которую эти люди вкладывали в дело помощи обнищавшему и голодавшему населению сел и деревень» («О Льве Толстом и о толстовцах», стр. 118—119). О личности и судьбе Ю. М. Комаровой редакция сведений не имеет.
      </p>
     </note>
    </noteGrp>
   </div>
  </body>
 </text>
</TEI>
