<?xml version="1.0" encoding="utf-8"?>
<TEI xmlns="http://www.tei-c.org/ns/1.0" xmlns:xi="http://www.w3.org/2001/XInclude">
 <teiHeader>
  <fileDesc>
   <titleStmt>
    <title xml:id="v72_166_N_I_Timkovskomu">
     Письма и документы. Tolstoy Digital
    </title>
    <title type="main">
     Письмо Н. И. Тимковскому от 3 сентября 1899 г.
    </title>
    <title type="bibl">
     Толстой Л. Н. Письмо Н. И. Тимковскому, 3 сентября 1899 г. // Толстой Л. Н. Полное собрание сочинений: в 90 тт. Т. 72. М.: Гос. изд. «Художественная литература», 1933. С.
    </title>
    <respStmt>
     <resp>
      Идея, постановка задач, руководство:
     </resp>
     <name>
      Анастасия Бонч-Осмоловская, Фёкла Толстая, Борис Орехов, Тимофей Лукашевский
     </name>
    </respStmt>
    <respStmt>
     <resp>
      Подготовка TEI/XML:
     </resp>
     <name>
      Евгений Можаев, Даниил Скоринкин, Ирина Павлова, Матвей Колбасов, Елена Сидорова, Кирилл Милинцевич, Лев Буланов, Макар Федоров, Константин Петров
     </name>
    </respStmt>
    <respStmt>
     <resp>
      Подготовка метаданных:
     </resp>
     <name>
      Мария Картышева, Вероника Файнберг
     </name>
    </respStmt>
    <respStmt>
     <resp>
      Разметка имен собственных:
     </resp>
     <name>
      Никита Северин, Елена Северина
     </name>
    </respStmt>
    <respStmt>
     <resp>
      Исправление древнегреческого текста:
     </resp>
     <name>
      Ольга Алиева
     </name>
    </respStmt>
    <funder>
     Проект «Слово Толстого»
    </funder>
   </titleStmt>
   <publicationStmt>
    <publisher>
     <orgName>
      Tolstoy Digital, DH CLOUD, Научно-образовательный союз «Родное Слово» проект «Слово Толстого»
     </orgName>
    </publisher>
    <availability>
     <p id="f408c124-91fe-4ba5-a80f-2e0660f507c9">
      Тексты и метатекстовая разметка доступны для свободного использования и распространения по лицензии Creative Commons Attribution Share-Alike (cc by-sa)
     </p>
    </availability>
    <date from="2015" to="2022"/>
   </publicationStmt>
   <notesStmt>
    <note>
     Публикуемые документы был получены с сайта tolstoy.ru в формате html, переведены в формат TEI. Исправлены некоторые ошибки распознавания. Тексты, написанные в дореформенной орфографии, сопоставлены с их версиями в современной орфографии.
    </note>
   </notesStmt>
   <sourceDesc>
    <biblStruct>
     <analytic>
      <author>
       Толстой Лев Николаевич
      </author>
     </analytic>
     <monogr>
      <title level="m">
       Полное собрание сочинений. Том 72
      </title>
      <imprint>
       <pubPlace>
        Москва
       </pubPlace>
       <publisher>
        Государственное издательство «Художественная литература»
       </publisher>
       <date when="1933"/>
      </imprint>
      <biblScope unit="vol">
       72
      </biblScope>
      <biblScope unit="page">
       181-183
      </biblScope>
     </monogr>
     <series>
      <title level="s">
       Л. Н. Толстой. Полное собрание сочинений: в 90 тт.
      </title>
     </series>
    </biblStruct>
    <bibl>
     Публикуется впервые
    </bibl>
   </sourceDesc>
  </fileDesc>
  <encodingDesc>
   <classDecl>
    <xi:include href="../../reference/taxonomy.xml"/>
   </classDecl>
  </encodingDesc>
  <profileDesc>
   <correspDesc>
    <correspAction type="sending">
     <persName ref="13883">
      Л. Н. Толстой
     </persName>
     <placeName>
      Ясная Поляна
     </placeName>
     <date when="1899-09-03"/>
    </correspAction>
    <correspAction type="receiving">
     <persName ref="13714">
      Тимковский Николай Иванович
     </persName>
    </correspAction>
   </correspDesc>
   <langUsage>
    <language ident="ru"/>
    <language ident="ru-petr1708"/>
   </langUsage>
   <textClass>
    <catRef ana="#tolstoy_heritage" target="library"/>
    <catRef ana="#letters" target="type"/>
    <catRef ana="#sent" target="sent"/>
   </textClass>
  </profileDesc>
 </teiHeader>
 <xenoData>
  <number type="in a volume">
   166
  </number>
 </xenoData>
 <text xml:id="N.I.Timkovskomu_166" xmlns="http://www.tei-c.org/ns/1.0" xmlns:xi="http://www.w3.org/2001/XInclude">
  <body>
   <div>
    <pb n="181"/>
    <opener index="false">
     * 166.
     <name placement="text" ref="13714" type="person">
      Н. И. Тимковскому
     </name>
     .1899 г. Сентября 3. Я. П.
    </opener>
    <p id="700b5786-56cd-4970-9c72-ba622d0850a6" rend="Obrashenie">
     Дорогой
     <name placement="text" ref="13714" type="person">
      Николай
     </name>
     <choice original_editorial_correction="Иванов[ич]">
      <sic>
       <name placement="text" ref="13714" type="person">
        Иванов
       </name>
      </sic>
      <corr>
       <choice>
        <reg>
         <name placement="text" ref="13714" type="person">
          Иванович
         </name>
        </reg>
        <orig>
         Ивановичъ
        </orig>
       </choice>
      </corr>
     </choice>
     ,
    </p>
    <p id="c79a9291-79ee-43be-9619-f9612f86437e">
     Я знаю
     <choice>
      <reg>
       дело
      </reg>
      <orig>
       дѣло
      </orig>
     </choice>
     Малова и очень
     <choice>
      <reg>
       рад
      </reg>
      <orig>
       радъ
      </orig>
     </choice>
     бы быль, если бы
     <choice>
      <reg>
       мог
      </reg>
      <orig>
       могъ
      </orig>
     </choice>
     <choice>
      <reg>
       содействовать
      </reg>
      <orig>
       содѣйствовать
      </orig>
     </choice>
     <choice>
      <reg>
       избавлению
      </reg>
      <orig>
       избавленію
      </orig>
     </choice>
     его
     <choice>
      <reg>
       от
      </reg>
      <orig>
       отъ
      </orig>
     </choice>
     <choice>
      <reg>
       новых
      </reg>
      <orig>
       новыхъ
      </orig>
     </choice>
     <choice>
      <reg>
       страданий
      </reg>
      <orig>
       страданій
      </orig>
     </choice>
     . Я
     <choice>
      <reg>
       написал
      </reg>
      <orig>
       написалъ
      </orig>
     </choice>
     Кузминскому
     <ref target="#note1">
      1
     </ref>
     <note index="false" resp="volume_editor" xml:id="note1">
      <ref target="file:///Volume_72_A.M.Kuzminskomu_167.xml">
       См. письмо № 167
      </ref>
      .
     </note>
     <choice>
      <reg>
       как
      </reg>
      <orig>
       какъ
      </orig>
     </choice>
     <choice>
      <reg>
       мог
      </reg>
      <orig>
       могъ
      </orig>
     </choice>
     <choice>
      <reg>
       убедительно
      </reg>
      <orig>
       убѣдительно
      </orig>
     </choice>
     .
    </p>
    <p id="94915dbb-4140-4f02-824e-d504fa5b5958" rend="right rightindent">
     Дружески жму
     <choice>
      <reg>
       вам
      </reg>
      <orig>
       вамъ
      </orig>
     </choice>
     руку.
    </p>
    <p id="94e1d2f1-1530-4aeb-b132-5c28e8b6e179" rend="right">
     <name placement="text" ref="13883" type="person">
      Л. Толстой
     </name>
     .
    </p>
    <p id="cbc01954-7d8e-4747-b927-583d1294d6fa">
     3 Сент. 99.
    </p>
    <p id="61d7788f-62af-44cc-96eb-198b33cb7f25">
     Москва. Берсеневка, д. Зубова. Н. Тимковскому.
    </p>
    <noteGrp type="comments">
     <note index="false" type="comments">
      <p id="45232f97-2151-4cf7-bba8-135c4335058f" rend="Textpetit_otstup left">
       Печатается по листу копировальной книги, хранящемуся в АЧ. Автограф утерян семьей адресата. Публикуется впервые.
      </p>
     </note>
     <note index="false" type="comments">
      <p id="58698cf9-0ee6-4715-9ea7-cba149eca419" rend="petit">
       <name placement="comments" ref="13714" type="person">
        Николай Иванович Тимковский
       </name>
       (1863—1922) — писатель, автор многих повестей и рассказов. Познакомился с Толстым в 1880-х годах. Первая встреча произошла в Хамовническом доме, беседа касалась поэмы Тимковского «Вопросы жизни», которую Толстой, заинтересовавшись, читал всю ночь. «Меня приятно поразил, — пишет Тимковский, — тот простой, почти товарищеский и чрезвычайно серьезный тон, каким не часто разговаривают прославленные писатели с начинающими. — “Если для вас важно знать, стоит ли вам заниматься литературной деятельностью, то вот мое мнение: да, стоит... Только всё-таки прозой лучше...”. Потом он перешел к другим темам, рассказал об издательстве “Посредник”, о мерах к упорядочению лубочной литературы, убеждал меня поработать в этом направлении» («Мои первые свидания с Л. Н. Толстым»). Тимковский написал несколько статей и воспоминаний, переизданных отдельной книгой, под заглавием: «Душа Л. H. Толстого», книгоиздательство писателей в Москве, М. 1913.
      </p>
     </note>
     <note index="false" type="comments">
      <p id="5b8e34f2-5e8f-442b-b58a-96548f596d1b" rend="petit">
       Ответ на письмо Тимковского от 1 сентября 1899 г.: «Дорогой Лев Николаевич. Простите, что утруждаю Вас просьбой, но дело, о котором я хочу просить Вас, очень близко моему сердцу. Оно касается Малова, который убил Рощина-Инсарова. Малов — мой хороший знакомый, вполне честный и порядочный человек, на редкость добрый. Как и почему произошло убийство, рассказывать не стану, скажу только, что Малов здесь не менее, чем Рощин, стал жертвой колеса, которое вертело и ломало его целые годы. Судебная экспертиза признала его невменяемым в момент убийства и освободила от суда. Министр юстиции, не удовлетворившись этим, требует пересмотра. Малову предстоит вторая экспертиза: она или подтвердит результаты первой или потребует, чтобы Малова отдали на испытание в лечебницу для душевно больных, т. е. попросту в сумасшедший дом, где держат испытываемых очень долго (года по два, как говорят), во всяком случае столько времени, сколько надо, чтобы здравомыслящий человек сошел с ума. Вот этой-то перспективы не без оснований боится Малов, его мать и сестра. Они просят меня сделать что-нибудь для предотвращения этой отвратительной операции и пишут мне,
       <hi style="opdelimiter">
        что
       </hi>
       <pb n="182"/>
       <hi style="npdelimiter">
        председателем
       </hi>
       судебной палаты по этому делу назначен Кузминский, женатый на Вашей сестре [sic!]. Нельзя ли воздействовать на Кузминского? Нельзя ли что-нибудь сделать для спасения Малова от духовной смерти? Лично я и все общие мне с Маловым друзья и знакомые знают его за здорового умственно человека и все в то же время считают очень вероятным, что в сумасшедшем доме Малов потеряет это умственное здоровье. Зимой, за несколько дней до экспертизы, я был в Киеве и виделся с Маловым в тюрьме в течение недели ежедневно: это человек с ясным и здоровым умом (конечно, с расстроенными нервами), и ему менее всего место в психиатрической лечебнице. Если можете что-нибудь сделать, не откажите. Будьте добры, ответьте мне, чтобы я мог в свою очередь ответить Малову и его родным; они все измучились».
      </p>
     </note>
     <note index="false" type="comments">
      <p id="284e4d8a-9ec9-4895-8125-1741ea23ae64" rend="petit">
       Александр Константинович Малов (186.—1909), художник, декоратор петербургских императорских театров, 8 января 1899 г. убил из ревности артиста
       <name placement="comments" ref="11894" type="person">
        Николая Петровича Рощина-Инсарова
       </name>
       (р. 186. г.). Малов в течение одиннадцати лет был женат на артистке Пасхаловой, служившей последнее время в Киеве, вместе с Рощиным-Инсаровым. Познакомился с ним Малов в 1897 г. Пробудившаяся в Малове ревность не была заметной окружающим, но доходившие до него слухи возбуждали это чувство.— Малов приехал к жене в Киев 28 декабря 1898 г. Утром 8 января он пришел к Рощину-Инсарову. «Артист еще не вставал. Малов вошел прямо в галошах и требовал, чтобы он впустил его в спальню. Артист вышел к нему в гостиную. Здесь они беседовали, резкого разговора не было. Присутствовала еще девочка Евфросинья Васильева. Затем артист пошел умываться за перегородку, и девочка удостоверяет, что перед умыванием сказал: “подожди, я оденусь и сейчас поеду с тобой”. Малов спросил: “Сколько платишь за квартиру?” — “Шестьдесят рублей”. Девочка зачем-то вышла. Раздался выстрел. Выбежал Малов и крикнул: “Я разбил вазу”. Швейцар услышал из квартиры женские крики, увидел Малова с револьвером, крикнул остановиться. Но Малов не послушал его, а только ответил: “я отомстил за жену”. Выскочил на улицу, сел на дрожки и поехал. Швейцар на других дрожках погнался за ним. Вместе с городовым они задержали его. Когда городовой сел с ним, он передал ему револьвер. — “На тебе это — я убил человека”. Отвезли в Старокиевский участок» («Тульские губернские ведомости» 1899, № 10 от 14 января). Малов выстрелил в голову, смерть наступила моментально. Малов был очень взволнован, пил много воды и всё спрашивал: «Чтò с ним? Он жив?». Первый вопрос следователя — Вы убили Рощина-Инсарова? — ошеломил Малова: «Как, разве я его убил?!!». Будучи чрезвычайно изнурен и взволнован, он просил следователя отложить допрос до следующего дня. По дороге из участка в тюрьму Малов говорил: «Жаль Рощина, жаль жены и детей. Я хотел защитить свою честь и впал еще в большее бесчестье». Он просил заключить его в отдельную камеру и просил разрешения курить (см. «Киевское слово» 1899, № 3952 от 10 января). Состоявшаяся в середине мая судебная экспертиза признала Малова не ответственным за совершенное преступление. В середине августа киевская судебная палата постановила подвергнуть его вторичному освидетельствованию.
      </p>
     </note>
    </noteGrp>
   </div>
  </body>
 </text>
</TEI>
