<?xml version="1.0" encoding="utf-8"?>
<TEI xmlns="http://www.tei-c.org/ns/1.0" xmlns:xi="http://www.w3.org/2001/XInclude">
 <teiHeader>
  <fileDesc>
   <titleStmt>
    <title xml:id="v73_179_V_A_Maklakovu">
     Письма и документы. Tolstoy Digital
    </title>
    <title type="main">
     Письмо В. А. Маклакову от 22 ноября 1901 г.
    </title>
    <title type="bibl">
     Толстой Л. Н. Письмо В. А. Маклакову, 22 ноября 1901 г. // Толстой Л. Н. Полное собрание сочинений: в 90 тт. Т. 73. М.: Гос. изд. «Художественная литература», 1954. С.
    </title>
    <respStmt>
     <resp>
      Идея, постановка задач, руководство:
     </resp>
     <name>
      Анастасия Бонч-Осмоловская, Фёкла Толстая, Борис Орехов, Тимофей Лукашевский
     </name>
    </respStmt>
    <respStmt>
     <resp>
      Подготовка TEI/XML:
     </resp>
     <name>
      Евгений Можаев, Даниил Скоринкин, Ирина Павлова, Матвей Колбасов, Елена Сидорова, Кирилл Милинцевич, Лев Буланов, Макар Федоров, Константин Петров
     </name>
    </respStmt>
    <respStmt>
     <resp>
      Подготовка метаданных:
     </resp>
     <name>
      Мария Картышева, Вероника Файнберг
     </name>
    </respStmt>
    <respStmt>
     <resp>
      Разметка имен собственных:
     </resp>
     <name>
      Никита Северин, Елена Северина
     </name>
    </respStmt>
    <respStmt>
     <resp>
      Исправление древнегреческого текста:
     </resp>
     <name>
      Ольга Алиева
     </name>
    </respStmt>
    <funder>
     Проект «Слово Толстого»
    </funder>
   </titleStmt>
   <publicationStmt>
    <publisher>
     <orgName>
      Tolstoy Digital, DH CLOUD, Научно-образовательный союз «Родное Слово» проект «Слово Толстого»
     </orgName>
    </publisher>
    <availability>
     <p id="36911a5d-fbc7-4ab7-910b-7ffbf0f61e95">
      Тексты и метатекстовая разметка доступны для свободного использования и распространения по лицензии Creative Commons Attribution Share-Alike (cc by-sa)
     </p>
    </availability>
    <date from="2015" to="2022"/>
   </publicationStmt>
   <notesStmt>
    <note>
     Публикуемые документы был получены с сайта tolstoy.ru в формате html, переведены в формат TEI. Исправлены некоторые ошибки распознавания. Тексты, написанные в дореформенной орфографии, сопоставлены с их версиями в современной орфографии.
    </note>
   </notesStmt>
   <sourceDesc>
    <biblStruct>
     <analytic>
      <author>
       Толстой Лев Николаевич
      </author>
     </analytic>
     <monogr>
      <title level="m">
       Полное собрание сочинений. Том 73
      </title>
      <imprint>
       <pubPlace>
        Москва
       </pubPlace>
       <publisher>
        Государственное издательство «Художественная литература»
       </publisher>
       <date when="1954"/>
      </imprint>
      <biblScope unit="vol">
       73
      </biblScope>
      <biblScope unit="page">
       162-163
      </biblScope>
     </monogr>
     <series>
      <title level="s">
       Л. Н. Толстой. Полное собрание сочинений: в 90 тт.
      </title>
     </series>
    </biblStruct>
    <bibl>
     Публикуется впервые
    </bibl>
   </sourceDesc>
  </fileDesc>
  <encodingDesc>
   <classDecl>
    <xi:include href="../../reference/taxonomy.xml"/>
   </classDecl>
  </encodingDesc>
  <profileDesc>
   <correspDesc>
    <correspAction type="sending">
     <persName ref="13883">
      Л. Н. Толстой
     </persName>
     <placeName>
      Гаспра
     </placeName>
     <date when="1901-11-22"/>
    </correspAction>
    <correspAction type="receiving">
     <persName ref="8358">
      Маклаков Василий Алексеевич
     </persName>
    </correspAction>
   </correspDesc>
   <langUsage>
    <language ident="ru"/>
   </langUsage>
   <textClass>
    <catRef ana="#tolstoy_heritage" target="library"/>
    <catRef ana="#letters" target="type"/>
    <catRef ana="#sent" target="sent"/>
   </textClass>
  </profileDesc>
 </teiHeader>
 <xenoData>
  <number type="in a volume">
   179
  </number>
 </xenoData>
 <text xml:id="V.A.Maklakovu_179" xmlns="http://www.tei-c.org/ns/1.0" xmlns:xi="http://www.w3.org/2001/XInclude">
  <body>
   <div>
    <pb n="162"/>
    <opener index="false">
     1901 г. Ноября 22. Гаспра.
    </opener>
    <p id="a649a1f3-e156-4aed-9d07-83c6368e9f58" rend="Obrashenie">
     Дорогой Василий Алексеич,
    </p>
    <p id="4c61c5b5-2dae-4d11-95cf-12d4f3a6b260">
     Михайлов передаст вам подробности дела Павловских. Я надеюсь, что вы не откажетесь защищать их. Дело не только важное, но очень интересное. Если бы это было нужно, не пригласить
     <pb n="163"/>
     ли Карабчевского? Решите, нужно ли это в интересах дела. Решайте скорее,
     <choice original_editorial_correction="п[отому]">
      <sic>
       п
      </sic>
      <corr>
       потому
      </corr>
     </choice>
     <choice original_editorial_correction="ч[то]">
      <sic>
       ч
      </sic>
      <corr>
       что
      </corr>
     </choice>
     на днях им выдадут
     <choice original_editorial_correction="обвинит[ельный]">
      <sic>
       обвинит
      </sic>
      <corr>
       обвинительный
      </corr>
     </choice>
     акт.
    </p>
    <p id="3c19df1d-e75d-454d-83d4-be7414f87f4a" rend="right rightindent">
     Дружески жму вам руку.
    </p>
    <p id="5d7c063a-b4fe-4133-830f-3d5227f94f85" rend="right">
     <name placement="text" ref="13883" type="person">
      Лев Толстой
     </name>
     .
    </p>
    <noteGrp type="comments">
     <note index="false" type="comments">
      <p id="fcf6aadc-151a-45dc-81f3-f8d5e263b637" rend="petit">
       22 ноября 1901.
      </p>
     </note>
     <note index="false" type="comments">
      <p id="d7627792-2722-4897-84e7-56a077185982" rend="petit">
       О
       <name placement="comments" ref="8358" type="person">
        Василии Алексеевиче Маклакове
       </name>
       (р. 1869) см. т. 71.
      </p>
     </note>
    </noteGrp>
   </div>
  </body>
 </text>
</TEI>
