<?xml version="1.0" encoding="utf-8"?>
<TEI xmlns="http://www.tei-c.org/ns/1.0" xmlns:xi="http://www.w3.org/2001/XInclude">
 <teiHeader>
  <fileDesc>
   <titleStmt>
    <title xml:id="v73_047_EjlmeruMooduAylmerMaude">
     Письма и документы. Tolstoy Digital
    </title>
    <title type="main">
     Письмо Эйльмеру Мооду (Aylmer Maude) с 1 марта 1901 г. по 31 марта 1901 г.
    </title>
    <title type="bibl">
     Толстой Л. Н. Письмо Эйльмеру Мооду (Aylmer Maude), 1 марта 1901 г. — 31 марта 1901 г. // Толстой Л. Н. Полное собрание сочинений: в 90 тт. Т. 73. М.: Гос. изд. «Художественная литература», 1954. С.
    </title>
    <respStmt>
     <resp>
      Идея, постановка задач, руководство:
     </resp>
     <name>
      Анастасия Бонч-Осмоловская, Фёкла Толстая, Борис Орехов, Тимофей Лукашевский
     </name>
    </respStmt>
    <respStmt>
     <resp>
      Подготовка TEI/XML:
     </resp>
     <name>
      Евгений Можаев, Даниил Скоринкин, Ирина Павлова, Матвей Колбасов, Елена Сидорова, Кирилл Милинцевич, Лев Буланов, Макар Федоров, Константин Петров
     </name>
    </respStmt>
    <respStmt>
     <resp>
      Подготовка метаданных:
     </resp>
     <name>
      Мария Картышева, Вероника Файнберг
     </name>
    </respStmt>
    <respStmt>
     <resp>
      Разметка имен собственных:
     </resp>
     <name>
      Никита Северин, Елена Северина
     </name>
    </respStmt>
    <respStmt>
     <resp>
      Исправление древнегреческого текста:
     </resp>
     <name>
      Ольга Алиева
     </name>
    </respStmt>
    <funder>
     Проект «Слово Толстого»
    </funder>
   </titleStmt>
   <publicationStmt>
    <publisher>
     <orgName>
      Tolstoy Digital, DH CLOUD, Научно-образовательный союз «Родное Слово» проект «Слово Толстого»
     </orgName>
    </publisher>
    <availability>
     <p id="ddcdc6eb-57a1-4524-b3e2-6845ffc8a0c6">
      Тексты и метатекстовая разметка доступны для свободного использования и распространения по лицензии Creative Commons Attribution Share-Alike (cc by-sa)
     </p>
    </availability>
    <date from="2015" to="2022"/>
   </publicationStmt>
   <notesStmt>
    <note>
     Публикуемые документы был получены с сайта tolstoy.ru в формате html, переведены в формат TEI. Исправлены некоторые ошибки распознавания. Тексты, написанные в дореформенной орфографии, сопоставлены с их версиями в современной орфографии.
    </note>
   </notesStmt>
   <sourceDesc>
    <biblStruct>
     <analytic>
      <author>
       Толстой Лев Николаевич
      </author>
     </analytic>
     <monogr>
      <title level="m">
       Полное собрание сочинений. Том 73
      </title>
      <imprint>
       <pubPlace>
        Москва
       </pubPlace>
       <publisher>
        Государственное издательство «Художественная литература»
       </publisher>
       <date when="1954"/>
      </imprint>
      <biblScope unit="vol">
       73
      </biblScope>
      <biblScope unit="page">
       48-49
      </biblScope>
     </monogr>
     <series>
      <title level="s">
       Л. Н. Толстой. Полное собрание сочинений: в 90 тт.
      </title>
     </series>
    </biblStruct>
    <bibl>
     Публикуется впервые
    </bibl>
   </sourceDesc>
  </fileDesc>
  <encodingDesc>
   <classDecl>
    <xi:include href="../../reference/taxonomy.xml"/>
   </classDecl>
  </encodingDesc>
  <profileDesc>
   <correspDesc>
    <correspAction type="sending">
     <persName ref="13883">
      Л. Н. Толстой
     </persName>
     <placeName>
      Москва
     </placeName>
     <date notAfter="1901-03-31" notBefore="1901-03-01"/>
    </correspAction>
    <correspAction type="receiving">
     <persName ref="9220">
      Моод Эльмер (Алексей Францевич) (Aylmer Maude)
     </persName>
    </correspAction>
   </correspDesc>
   <langUsage>
    <language ident="ru"/>
   </langUsage>
   <textClass>
    <catRef ana="#tolstoy_heritage" target="library"/>
    <catRef ana="#letters" target="type"/>
    <catRef ana="#sent" target="sent"/>
   </textClass>
  </profileDesc>
 </teiHeader>
 <xenoData>
  <number type="in a volume">
   47
  </number>
 </xenoData>
 <text xml:id="EjlmeruMooduAylmerMaude_47" xmlns="http://www.tei-c.org/ns/1.0" xmlns:xi="http://www.w3.org/2001/XInclude">
  <body>
   <div>
    <pb n="48"/>
    <opener index="false">
     * 47. Эйльмеру Мооду (Aylmer Maude).1901 г. Марта начало. Москва.
    </opener>
    <p id="fd4123c2-0908-4e90-878a-d5d3ab558041" rend="Obrashenie">
     Dear friend,
     <ref target="#note1">
      1
     </ref>
     <note index="false" resp="volume_editor" xml:id="note1">
      <hi rend="italic">
       Дорогой друг,
      </hi>
     </note>
    </p>
    <p id="6bb3b85a-a519-494b-b233-fcf29708d988">
     Получил ваше хорошее письмо.
    </p>
    <p id="9baceea9-9110-4bce-8403-d741a1a1b865">
     Все-таки жалко не то, что вы не работаете с
     <choice original_editorial_correction="Ч[ертковым]">
      <sic>
       Ч
      </sic>
      <corr>
       Чертковым
      </corr>
     </choice>
     , а то, что между вами недоброе чувство и с вашей стороны
     <hi style="opdelimiter">
      чувство
     </hi>
     <pb n="49"/>
     <hi style="npdelimiter">
      собственного
     </hi>
     достоинства, граничащего с гордостью. Но не мне судить вас.
    </p>
    <p id="c40599c4-590f-4ff9-ba59-3e8484d449a3">
     Насчет денег,
     <choice original_editorial_correction="кот[орые]">
      <sic>
       кот
      </sic>
      <corr>
       которые
      </corr>
     </choice>
     ваша жена хочет передать на полезное людям дело, я ничего не могу присоветовать.
     <ref target="#note2">
      2
     </ref>
     <note index="false" resp="volume_editor" xml:id="note2">
      Моод спрашивал, как распорядиться теми деньгами, которые получила его жена
      <name placement="note" ref="9218" type="person">
       Луиза Моод
      </name>
      за переводы «Воскресения», изданного в Америке. Весь гонорар она передавала в духоборческий фонд.
     </note>
     Духоборам, слава богу, хорошо в Канаде и в Якутске, кажется, нет особенной нужды. И есть назначенные на их помощь деньги,
     <choice original_editorial_correction="кот[орые]">
      <sic>
       кот
      </sic>
      <corr>
       которые
      </corr>
     </choice>
     до сих пор не требуются. Есть и на переезд жен.
     <ref target="#note3">
      3
     </ref>
     <note index="false" resp="volume_editor" xml:id="note3">
      <ref target="file:///Volume_73_I.E.Konkinu_38.xml">
       См. письмо № 38
      </ref>
      .
     </note>
     И потому распорядитесь с деньгами, как вам бог положит на сердце.
    </p>
    <p id="5fb5d56e-3f31-491c-ba4a-3b2e183b434a" rend="right">
     Любящий вас
     <name placement="text" ref="13883" type="person">
      Л. Толстой
     </name>
     .
    </p>
    <noteGrp type="comments">
     <note index="false" type="comments">
      <p id="33851d1c-4a25-4837-9eb9-fac769db944f" rend="Textpetit_otstup left">
       Печатается по фотокопии с автографа. Датируется письмом Моода от 9 марта н. ст. 1901 г. и временем получения комментируемого письма адресатом: 25 марта н. ст. Опубликовано в переводе на английский язык в книге Моода «The Life of Tolstoy. Later Years», стр. 573.
      </p>
     </note>
     <note index="false" type="comments">
      <p id="72bdcc28-494b-4667-b5d4-1b40ec93c114" rend="petit">
       Ответ на письмо Моода от 9 марта н. ст. 1901 г.
      </p>
     </note>
    </noteGrp>
   </div>
  </body>
 </text>
</TEI>
