<?xml version="1.0" encoding="utf-8"?>
<TEI xmlns="http://www.tei-c.org/ns/1.0" xmlns:xi="http://www.w3.org/2001/XInclude">
 <teiHeader>
  <fileDesc>
   <titleStmt>
    <title xml:id="v73_267_M_L_Obolenskoj">
     Письма и документы. Tolstoy Digital
    </title>
    <title type="main">
     Письмо М. Л. Оболенской от 28 мая 1902 г.
    </title>
    <title type="bibl">
     Толстой Л. Н. Письмо М. Л. Оболенской, 28 мая 1902 г. // Толстой Л. Н. Полное собрание сочинений: в 90 тт. Т. 73. М.: Гос. изд. «Художественная литература», 1954. С.
    </title>
    <respStmt>
     <resp>
      Идея, постановка задач, руководство:
     </resp>
     <name>
      Анастасия Бонч-Осмоловская, Фёкла Толстая, Борис Орехов, Тимофей Лукашевский
     </name>
    </respStmt>
    <respStmt>
     <resp>
      Подготовка TEI/XML:
     </resp>
     <name>
      Евгений Можаев, Даниил Скоринкин, Ирина Павлова, Матвей Колбасов, Елена Сидорова, Кирилл Милинцевич, Лев Буланов, Макар Федоров, Константин Петров
     </name>
    </respStmt>
    <respStmt>
     <resp>
      Подготовка метаданных:
     </resp>
     <name>
      Мария Картышева, Вероника Файнберг
     </name>
    </respStmt>
    <respStmt>
     <resp>
      Разметка имен собственных:
     </resp>
     <name>
      Никита Северин, Елена Северина
     </name>
    </respStmt>
    <respStmt>
     <resp>
      Исправление древнегреческого текста:
     </resp>
     <name>
      Ольга Алиева
     </name>
    </respStmt>
    <funder>
     Проект «Слово Толстого»
    </funder>
   </titleStmt>
   <publicationStmt>
    <publisher>
     <orgName>
      Tolstoy Digital, DH CLOUD, Научно-образовательный союз «Родное Слово» проект «Слово Толстого»
     </orgName>
    </publisher>
    <availability>
     <p id="0d87146a-22d8-4ce8-8489-419113cfd73e">
      Тексты и метатекстовая разметка доступны для свободного использования и распространения по лицензии Creative Commons Attribution Share-Alike (cc by-sa)
     </p>
    </availability>
    <date from="2015" to="2022"/>
   </publicationStmt>
   <notesStmt>
    <note>
     Публикуемые документы был получены с сайта tolstoy.ru в формате html, переведены в формат TEI. Исправлены некоторые ошибки распознавания. Тексты, написанные в дореформенной орфографии, сопоставлены с их версиями в современной орфографии.
    </note>
   </notesStmt>
   <sourceDesc>
    <biblStruct>
     <analytic>
      <author>
       Толстой Лев Николаевич
      </author>
     </analytic>
     <monogr>
      <title level="m">
       Полное собрание сочинений. Том 73
      </title>
      <imprint>
       <pubPlace>
        Москва
       </pubPlace>
       <publisher>
        Государственное издательство «Художественная литература»
       </publisher>
       <date when="1954"/>
      </imprint>
      <biblScope unit="vol">
       73
      </biblScope>
      <biblScope unit="page">
       251-251
      </biblScope>
     </monogr>
     <series>
      <title level="s">
       Л. Н. Толстой. Полное собрание сочинений: в 90 тт.
      </title>
     </series>
    </biblStruct>
    <bibl/>
   </sourceDesc>
  </fileDesc>
  <encodingDesc>
   <classDecl>
    <xi:include href="../../reference/taxonomy.xml"/>
   </classDecl>
  </encodingDesc>
  <profileDesc>
   <correspDesc>
    <correspAction type="sending">
     <persName ref="13883">
      Л. Н. Толстой
     </persName>
     <placeName>
      Гаспра
     </placeName>
     <date when="1902-05-28"/>
    </correspAction>
    <correspAction type="receiving">
     <persName ref="9984">
      Оболенская Мария Львовна, рожд. Толстая
     </persName>
    </correspAction>
   </correspDesc>
   <langUsage>
    <language ident="ru"/>
   </langUsage>
   <textClass>
    <catRef ana="#tolstoy_heritage" target="library"/>
    <catRef ana="#letters" target="type"/>
    <catRef ana="#sent" target="sent"/>
   </textClass>
  </profileDesc>
 </teiHeader>
 <xenoData>
  <number type="in a volume">
   267
  </number>
 </xenoData>
 <text xml:id="M.L.Obolenskoj_267" xmlns="http://www.tei-c.org/ns/1.0" xmlns:xi="http://www.w3.org/2001/XInclude">
  <body>
   <div>
    <pb n="251"/>
    <opener index="false">
     267.
     <name placement="text" ref="9984" type="person">
      М. Л. Оболенской
     </name>
     .1902 г. Мая 28. Гаспра.
    </opener>
    <p id="51047e27-2c19-42af-8b37-0f4026a9b761" rend="right">
     28 мая.
    </p>
    <p id="3a0dac09-fa46-406d-bc59-97744b197b7c">
     Не могу тебе сказать, милая Машенька, как мне тебя жалко и как я боюсь за тебя.
     <ref target="#note1">
      1
     </ref>
     <note index="false" resp="volume_editor" xml:id="note1">
      См. прим. 4 к письму № 263.
     </note>
     Жаль, что вы немного рано уехали. С 25 начались удивительные дни. Я нынче в 8
     <hi>
      1
     </hi>
     /
     <sub>
      2
     </sub>
     был уж в саду и пил кофе. Мое здоровье улучшается, но я не верю этому, чтоб не привязаться опять к жизни и не разочароваться. Мне кажется, что, как в родах, эти мои болезни были потуги, и потом дана передышка. Я столько написал, что уже надо переписывать, и милая Саша с излишним усердием работает.
     <ref target="#note3">
      3
     </ref>
     <note index="false" resp="volume_editor" xml:id="note3">
      Толстой работал в то время над статьей «К рабочему народу».
     </note>
     Я целые дни сижу в полутени, катаюсь по парку и не могу придумать, что бы еще нужно для матерьяльного блага. Вчера получил от
     <choice original_editorial_correction="П[авла]">
      <sic>
       П
      </sic>
      <corr>
       <name placement="text" ref="2006" type="person">
        Павла
       </name>
      </corr>
     </choice>
     <choice original_editorial_correction="А[лександровича]">
      <sic>
       <name placement="text" ref="2006" type="person">
        А
       </name>
      </sic>
      <corr>
       <name placement="text" ref="2006" type="person">
        Александровича
       </name>
      </corr>
     </choice>
     очень огорчившее меня известие, что Суллер арестован.
    </p>
    <p id="d7adb8b5-fad5-4ad3-8bac-f37ddda94e2b">
     Мужайся, милая девочка. Будем надеяться, что всё будет хорошо.
    </p>
    <noteGrp type="comments">
     <note index="false" type="comments">
      <p id="27be6d95-bb0b-4d5b-9575-2ada173f1418" rend="Textpetit_otstup left">
       <ref id="sekretka" target="slovar">
        Секретка
       </ref>
       . Впервые опубликовано по копии в «Современных записках» 1926, XXVII, стр. 266.
      </p>
     </note>
    </noteGrp>
   </div>
  </body>
 </text>
</TEI>
