<?xml version="1.0" encoding="utf-8"?>
<TEI xmlns="http://www.tei-c.org/ns/1.0" xmlns:xi="http://www.w3.org/2001/XInclude">
 <teiHeader>
  <fileDesc>
   <titleStmt>
    <title xml:id="v73_018_I_I_Petrozhickomu">
     Письма и документы. Tolstoy Digital
    </title>
    <title type="main">
     Письмо И. И. Петрожицкому от 28 января 1901 г.
    </title>
    <title type="bibl">
     Толстой Л. Н. Письмо И. И. Петрожицкому, 28 января 1901 г. // Толстой Л. Н. Полное собрание сочинений: в 90 тт. Т. 73. М.: Гос. изд. «Художественная литература», 1954. С.
    </title>
    <respStmt>
     <resp>
      Идея, постановка задач, руководство:
     </resp>
     <name>
      Анастасия Бонч-Осмоловская, Фёкла Толстая, Борис Орехов, Тимофей Лукашевский
     </name>
    </respStmt>
    <respStmt>
     <resp>
      Подготовка TEI/XML:
     </resp>
     <name>
      Евгений Можаев, Даниил Скоринкин, Ирина Павлова, Матвей Колбасов, Елена Сидорова, Кирилл Милинцевич, Лев Буланов, Макар Федоров, Константин Петров
     </name>
    </respStmt>
    <respStmt>
     <resp>
      Подготовка метаданных:
     </resp>
     <name>
      Мария Картышева, Вероника Файнберг
     </name>
    </respStmt>
    <respStmt>
     <resp>
      Разметка имен собственных:
     </resp>
     <name>
      Никита Северин, Елена Северина
     </name>
    </respStmt>
    <respStmt>
     <resp>
      Исправление древнегреческого текста:
     </resp>
     <name>
      Ольга Алиева
     </name>
    </respStmt>
    <funder>
     Проект «Слово Толстого»
    </funder>
   </titleStmt>
   <publicationStmt>
    <publisher>
     <orgName>
      Tolstoy Digital, DH CLOUD, Научно-образовательный союз «Родное Слово» проект «Слово Толстого»
     </orgName>
    </publisher>
    <availability>
     <p id="5039b800-3bce-495a-9bda-028c59c2b259">
      Тексты и метатекстовая разметка доступны для свободного использования и распространения по лицензии Creative Commons Attribution Share-Alike (cc by-sa)
     </p>
    </availability>
    <date from="2015" to="2022"/>
   </publicationStmt>
   <notesStmt>
    <note>
     Публикуемые документы был получены с сайта tolstoy.ru в формате html, переведены в формат TEI. Исправлены некоторые ошибки распознавания. Тексты, написанные в дореформенной орфографии, сопоставлены с их версиями в современной орфографии.
    </note>
   </notesStmt>
   <sourceDesc>
    <biblStruct>
     <analytic>
      <author>
       Толстой Лев Николаевич
      </author>
     </analytic>
     <monogr>
      <title level="m">
       Полное собрание сочинений. Том 73
      </title>
      <imprint>
       <pubPlace>
        Москва
       </pubPlace>
       <publisher>
        Государственное издательство «Художественная литература»
       </publisher>
       <date when="1954"/>
      </imprint>
      <biblScope unit="vol">
       73
      </biblScope>
      <biblScope unit="page">
       27-28
      </biblScope>
     </monogr>
     <series>
      <title level="s">
       Л. Н. Толстой. Полное собрание сочинений: в 90 тт.
      </title>
     </series>
    </biblStruct>
    <bibl>
     Публикуется впервые
    </bibl>
   </sourceDesc>
  </fileDesc>
  <encodingDesc>
   <classDecl>
    <xi:include href="../../reference/taxonomy.xml"/>
   </classDecl>
  </encodingDesc>
  <profileDesc>
   <correspDesc>
    <correspAction type="sending">
     <persName ref="13883">
      Л. Н. Толстой
     </persName>
     <placeName>
      Москва
     </placeName>
     <date when="1901-01-28"/>
    </correspAction>
    <correspAction type="receiving">
     <persName/>
    </correspAction>
   </correspDesc>
   <langUsage>
    <language ident="ru"/>
   </langUsage>
   <textClass>
    <catRef ana="#tolstoy_heritage" target="library"/>
    <catRef ana="#letters" target="type"/>
    <catRef ana="#sent" target="sent"/>
   </textClass>
  </profileDesc>
 </teiHeader>
 <xenoData>
  <number type="in a volume">
   18
  </number>
 </xenoData>
 <text xml:id="I.I.Petrozhickomu_18" xmlns="http://www.tei-c.org/ns/1.0" xmlns:xi="http://www.w3.org/2001/XInclude">
  <body>
   <div>
    <pb n="27"/>
    <opener index="false">
     * 18. И. И. Петрожицкому.1901 г. Января 28. Москва.
    </opener>
    <p id="3ab99e20-98fe-4e6c-9299-d78593358025">
     Простите,
     <name placement="text" ref="-5" type="person">
      Иосиф Иванович
     </name>
     , что не отвечаю. Этому мешает и нездоровье, и слабость, и то, что на ваши вопросы я много раз уже отвечал и словесно, и письменно, и печатно. На
     <hi style="opdelimiter">
      этот
     </hi>
     <pb n="28"/>
     <hi style="npdelimiter">
      же
     </hi>
     вопрос прекрасно отвечает Юшко
     <ref target="#note1">
      1
     </ref>
     <note index="false" resp="volume_editor" xml:id="note1">
      <ref target="file:///Volume_73_A.V.YUshko_19.xml">
       См. письмо № 19
      </ref>
      .
     </note>
     и Буланже,
     <ref target="#note2">
      2
     </ref>
     <note index="false" resp="volume_editor" xml:id="note2">
      Текст письма П. А. Буланже неизвестен.
     </note>
     и на этот же вопрос всегда находится самый простой и ясный ответ в душе человека, верящего в бога и живущего для исполнения его воли.
    </p>
    <p id="ca073250-3e69-43a7-b213-99b4cfcf0659">
     Мне уже некогда и не к чему спорить и рассуждать о том, чем я живу в этой и с чем готовлюсь вступить в другую форму жизни, а хочется только получше исполнить то, что считаю истиной. — Если же я ошибаюсь, то будьте снисходительны к моему заблуждению так же, как я стараюсь быть снисходительным к тем,
     <choice original_editorial_correction="кот[орые]">
      <sic>
       кот
      </sic>
      <corr>
       которые
      </corr>
     </choice>
     заблуждаются в обратную сторону и от дел
     <choice original_editorial_correction="кот[орых]">
      <sic>
       кот
      </sic>
      <corr>
       которых
      </corr>
     </choice>
     стонет мир и залит кровью.
    </p>
    <p id="ee7de0a2-4574-4976-8bd2-f7923cc335bf" rend="right">
     <name placement="text" ref="13883" type="person">
      Лев Толстой
     </name>
     .
    </p>
    <noteGrp type="comments">
     <note index="false" type="comments">
      <p id="a1a9fb14-87b8-4e84-be28-2533dc14cc29" rend="Textpetit_otstup left">
       Печатается по копировальной книге № 4, л. 14. Очевидно, приписка к письму П. А. Буланже. Датируется по отметке на письме Петрожицкого.
      </p>
     </note>
     <note index="false" type="comments">
      <p id="be158087-318d-4b5e-a866-1bec88d88c1c" rend="petit">
       <name placement="comments" ref="-5" type="person">
        Иосиф Иванович Петрожицкий
       </name>
       (1851—1910) — бывший народный учитель, народоволец. Отбывал тюремное наказание в середине 1870-х гг. и в 1906 г. В 1888 г. под влиянием религиозно-нравственных взглядов Толстого оставил службу и переехал с семьей на Кавказ, где первое время был учителем, затем бухгалтером, а потом занимался сельским хозяйством на собственном небольшом участке земли близ Майкопа.
      </p>
     </note>
     <note index="false" type="comments">
      <p id="85493d28-a54d-4624-ad10-d0a202e792c8" rend="petit">
       В письме от 18 января 1901 г. (почт. шт.) Петрожицкий спрашивал: «Почему я должен не противиться?.. Противление злу составляет частицу нашей природы, одно из ее средств самосохранения».
      </p>
     </note>
    </noteGrp>
   </div>
  </body>
 </text>
</TEI>
