<?xml version="1.0" encoding="utf-8"?>
<TEI xmlns="http://www.tei-c.org/ns/1.0" xmlns:xi="http://www.w3.org/2001/XInclude">
 <teiHeader>
  <fileDesc>
   <titleStmt>
    <title xml:id="v73_404_S_P_Dyagilevu">
     Письма и документы. Tolstoy Digital
    </title>
    <title type="main">
     Письмо С. П. Дягилеву от 9 декабря 1902 г.
    </title>
    <title type="bibl">
     Толстой Л. Н. Письмо С. П. Дягилеву, 9 декабря 1902 г. // Толстой Л. Н. Полное собрание сочинений: в 90 тт. Т. 73. М.: Гос. изд. «Художественная литература», 1954. С.
    </title>
    <respStmt>
     <resp>
      Идея, постановка задач, руководство:
     </resp>
     <name>
      Анастасия Бонч-Осмоловская, Фёкла Толстая, Борис Орехов, Тимофей Лукашевский
     </name>
    </respStmt>
    <respStmt>
     <resp>
      Подготовка TEI/XML:
     </resp>
     <name>
      Евгений Можаев, Даниил Скоринкин, Ирина Павлова, Матвей Колбасов, Елена Сидорова, Кирилл Милинцевич, Лев Буланов, Макар Федоров, Константин Петров
     </name>
    </respStmt>
    <respStmt>
     <resp>
      Подготовка метаданных:
     </resp>
     <name>
      Мария Картышева, Вероника Файнберг
     </name>
    </respStmt>
    <respStmt>
     <resp>
      Разметка имен собственных:
     </resp>
     <name>
      Никита Северин, Елена Северина
     </name>
    </respStmt>
    <respStmt>
     <resp>
      Исправление древнегреческого текста:
     </resp>
     <name>
      Ольга Алиева
     </name>
    </respStmt>
    <funder>
     Проект «Слово Толстого»
    </funder>
   </titleStmt>
   <publicationStmt>
    <publisher>
     <orgName>
      Tolstoy Digital, DH CLOUD, Научно-образовательный союз «Родное Слово» проект «Слово Толстого»
     </orgName>
    </publisher>
    <availability>
     <p id="30776dee-c3a7-4140-bc91-49d5f5013bd4">
      Тексты и метатекстовая разметка доступны для свободного использования и распространения по лицензии Creative Commons Attribution Share-Alike (cc by-sa)
     </p>
    </availability>
    <date from="2015" to="2022"/>
   </publicationStmt>
   <notesStmt>
    <note>
     Публикуемые документы был получены с сайта tolstoy.ru в формате html, переведены в формат TEI. Исправлены некоторые ошибки распознавания. Тексты, написанные в дореформенной орфографии, сопоставлены с их версиями в современной орфографии.
    </note>
   </notesStmt>
   <sourceDesc>
    <biblStruct>
     <analytic>
      <author>
       Толстой Лев Николаевич
      </author>
     </analytic>
     <monogr>
      <title level="m">
       Полное собрание сочинений. Том 73
      </title>
      <imprint>
       <pubPlace>
        Москва
       </pubPlace>
       <publisher>
        Государственное издательство «Художественная литература»
       </publisher>
       <date when="1954"/>
      </imprint>
      <biblScope unit="vol">
       73
      </biblScope>
      <biblScope unit="page">
       341-342
      </biblScope>
     </monogr>
     <series>
      <title level="s">
       Л. Н. Толстой. Полное собрание сочинений: в 90 тт.
      </title>
     </series>
    </biblStruct>
    <bibl>
     Публикуется впервые
    </bibl>
   </sourceDesc>
  </fileDesc>
  <encodingDesc>
   <classDecl>
    <xi:include href="../../reference/taxonomy.xml"/>
   </classDecl>
  </encodingDesc>
  <profileDesc>
   <correspDesc>
    <correspAction type="sending">
     <persName ref="13883">
      Л. Н. Толстой
     </persName>
     <placeName>
      Ясная Поляна
     </placeName>
     <date when="1902-12-09"/>
    </correspAction>
    <correspAction type="receiving">
     <persName ref="4781">
      Дягилев Сергей Павлович
     </persName>
    </correspAction>
   </correspDesc>
   <langUsage>
    <language ident="ru"/>
   </langUsage>
   <textClass>
    <catRef ana="#tolstoy_heritage" target="library"/>
    <catRef ana="#letters" target="type"/>
    <catRef ana="#sent" target="sent"/>
   </textClass>
  </profileDesc>
 </teiHeader>
 <xenoData>
  <number type="in a volume">
   404
  </number>
 </xenoData>
 <text xml:id="S.P.Dyagilevu_404" xmlns="http://www.tei-c.org/ns/1.0" xmlns:xi="http://www.w3.org/2001/XInclude">
  <body>
   <div>
    <pb n="341"/>
    <opener index="false">
     * 404.
     <name placement="text" ref="4781" type="person">
      С. П. Дягилеву
     </name>
     .1902 г. Декабря 9. Я. П.
    </opener>
    <p id="19676e1d-19c2-4525-a950-a4fd4e5dcc17" rend="right">
     Ясная Поляна, 9 дек. 1902.
    </p>
    <p id="8d727d29-8ac0-436d-95c6-bb680a8d0042" rend="Obrashenie_">
     В редакцию журнала
    </p>
    <p id="7a782a2f-8bf0-4725-80ad-747283ff4da1" rend="Obrashenie1_ left">
     «Мир Искусства».
    </p>
    <p id="d7243eb6-2cc7-47ed-8525-7e8c932351d1">
     Я дал свое согласие на то, что препятствий с моей стороны к печатанию моих писем не имею, но так как вижу, что письма эти принадлежат частным лицам, между прочим
     <hi style="opdelimiter">
      <choice original_editorial_correction="Ч[ерткову]">
       <sic>
        Ч
       </sic>
       <corr>
        Черткову
       </corr>
      </choice>
      ,
     </hi>
     <pb n="342"/>
     <hi style="npdelimiter">
      и
     </hi>
     я боюсь, чтобы эти лица не имели чего-либо против их напечатания, то лучше было бы испросить на печатание их согласие.
    </p>
    <p id="d42090ac-1fb5-43b7-9743-87990201dd27" rend="right">
     <name placement="text" ref="13883" type="person">
      Лев Толстой
     </name>
     .
    </p>
    <noteGrp type="comments">
     <note index="false" type="comments">
      <p id="d21c22f5-355c-40d8-8583-88bda375b18e" rend="Textpetit_otstup left">
       Печатается по копировальной книге № 4, л. 193. Подлинник написан и датирован рукой П. А. Буланже, подпись собственноручная.
      </p>
     </note>
     <note index="false" type="comments">
      <p id="e5b57b8c-dddb-4b02-a245-ec221c75dad3" rend="petit">
       Письма Толстого в журнале «Мир искусства» напечатаны не были.
      </p>
     </note>
    </noteGrp>
   </div>
  </body>
 </text>
</TEI>
