<?xml version="1.0" encoding="utf-8"?>
<TEI xmlns="http://www.tei-c.org/ns/1.0" xmlns:xi="http://www.w3.org/2001/XInclude">
 <teiHeader>
  <fileDesc>
   <titleStmt>
    <title xml:id="v73_056_NikolayuII">
     Письма и документы. Tolstoy Digital
    </title>
    <title type="main">
     Письмо Николаю II от 26 марта 1901 г.
    </title>
    <title type="bibl">
     Толстой Л. Н. Письмо Николаю II, 26 марта 1901 г. // Толстой Л. Н. Полное собрание сочинений: в 90 тт. Т. 73. М.: Гос. изд. «Художественная литература», 1954. С.
    </title>
    <respStmt>
     <resp>
      Идея, постановка задач, руководство:
     </resp>
     <name>
      Анастасия Бонч-Осмоловская, Фёкла Толстая, Борис Орехов, Тимофей Лукашевский
     </name>
    </respStmt>
    <respStmt>
     <resp>
      Подготовка TEI/XML:
     </resp>
     <name>
      Евгений Можаев, Даниил Скоринкин, Ирина Павлова, Матвей Колбасов, Елена Сидорова, Кирилл Милинцевич, Лев Буланов, Макар Федоров, Константин Петров
     </name>
    </respStmt>
    <respStmt>
     <resp>
      Подготовка метаданных:
     </resp>
     <name>
      Мария Картышева, Вероника Файнберг
     </name>
    </respStmt>
    <respStmt>
     <resp>
      Разметка имен собственных:
     </resp>
     <name>
      Никита Северин, Елена Северина
     </name>
    </respStmt>
    <respStmt>
     <resp>
      Исправление древнегреческого текста:
     </resp>
     <name>
      Ольга Алиева
     </name>
    </respStmt>
    <funder>
     Проект «Слово Толстого»
    </funder>
   </titleStmt>
   <publicationStmt>
    <publisher>
     <orgName>
      Tolstoy Digital, DH CLOUD, Научно-образовательный союз «Родное Слово» проект «Слово Толстого»
     </orgName>
    </publisher>
    <availability>
     <p id="70e0cc77-6791-47e1-a13b-0df1e837601b">
      Тексты и метатекстовая разметка доступны для свободного использования и распространения по лицензии Creative Commons Attribution Share-Alike (cc by-sa)
     </p>
    </availability>
    <date from="2015" to="2022"/>
   </publicationStmt>
   <notesStmt>
    <note>
     Публикуемые документы был получены с сайта tolstoy.ru в формате html, переведены в формат TEI. Исправлены некоторые ошибки распознавания. Тексты, написанные в дореформенной орфографии, сопоставлены с их версиями в современной орфографии.
    </note>
   </notesStmt>
   <sourceDesc>
    <biblStruct>
     <analytic>
      <author>
       Толстой Лев Николаевич
      </author>
     </analytic>
     <monogr>
      <title level="m">
       Полное собрание сочинений. Том 73
      </title>
      <imprint>
       <pubPlace>
        Москва
       </pubPlace>
       <publisher>
        Государственное издательство «Художественная литература»
       </publisher>
       <date when="1954"/>
      </imprint>
      <biblScope unit="vol">
       73
      </biblScope>
      <biblScope unit="page">
       55-56
      </biblScope>
     </monogr>
     <series>
      <title level="s">
       Л. Н. Толстой. Полное собрание сочинений: в 90 тт.
      </title>
     </series>
    </biblStruct>
    <bibl>
     Публикуется впервые
    </bibl>
   </sourceDesc>
  </fileDesc>
  <encodingDesc>
   <classDecl>
    <xi:include href="../../reference/taxonomy.xml"/>
   </classDecl>
  </encodingDesc>
  <profileDesc>
   <correspDesc>
    <correspAction type="sending">
     <persName ref="13883">
      Л. Н. Толстой
     </persName>
     <placeName>
      Москва
     </placeName>
     <date when="1901-03-26"/>
    </correspAction>
    <correspAction type="receiving">
     <persName ref="9800">
      Николай II Александрович
     </persName>
    </correspAction>
   </correspDesc>
   <langUsage>
    <language ident="ru"/>
   </langUsage>
   <textClass>
    <catRef ana="#tolstoy_heritage" target="library"/>
    <catRef ana="#letters" target="type"/>
    <catRef ana="#sent" target="sent"/>
   </textClass>
  </profileDesc>
 </teiHeader>
 <xenoData>
  <number type="in a volume">
   56
  </number>
 </xenoData>
 <text xml:id="NikolayuII._56" xmlns="http://www.tei-c.org/ns/1.0" xmlns:xi="http://www.w3.org/2001/XInclude">
  <body>
   <div>
    <pb n="55"/>
    <opener index="false">
     * 56.
     <name placement="text" ref="9800" type="person">
      Николаю II
     </name>
     .1901г. Марта 26. Москва.
    </opener>
    <p id="59b83ce4-5571-4d62-b8de-326065d2fefe" rend="Obrashenie">
     Ваше императорское величество,
    </p>
    <p id="f88a3775-9aca-452c-835f-b2203f0fbd63">
     Прилагая при сем мое обращение к Вам и Вашим помощникам, прошу вас верить, что я сделал это только потому, что считал себя обязанным к этому своей совестью, и руководило мною только желание истинного блага русскому народу и Вашему величеству.
    </p>
    <p id="101eb245-ab2c-4ef8-b152-6a95a44ca804" rend="right">
     <name placement="text" ref="13883" type="person">
      Лев Толстой
     </name>
     .
    </p>
    <noteGrp type="comments">
     <note index="false" type="comments">
      <p id="a07dc1da-d96d-44dc-9266-01cc020e1615" rend="Textpetit_otstup left">
       Печатается по рукописной копии, приложенной к письму Толстого В. Г. Черткову от 26 марта 1901 г. Датируется по тому же письму.
      </p>
     </note>
     <note index="false" type="comments">
      <p id="e91a6002-16f4-4af7-93bf-e81b53a0b3af" rend="petit">
       Препроводительное письмо к экземпляру открытого обращения Толстого «Царю и его помощникам». См. т. 34 и письма к В. Г. Черткову от 26 и 30 марта 1901 г., т. 88.
      </p>
     </note>
     <note index="false" type="comments">
      <p id="27cd3ec6-dc4e-4da6-94cc-2ba02824f837" rend="emptyline">
       <pb n="56"/>
      </p>
     </note>
    </noteGrp>
   </div>
  </body>
 </text>
</TEI>
