<?xml version="1.0" encoding="utf-8"?>
<TEI xmlns="http://www.tei-c.org/ns/1.0" xmlns:xi="http://www.w3.org/2001/XInclude">
 <teiHeader>
  <fileDesc>
   <titleStmt>
    <title xml:id="v73_128_EjlmeruMooduAylmerMaude">
     Письма и документы. Tolstoy Digital
    </title>
    <title type="main">
     Письмо Эйльмеру Мооду (Aylmer Maude) от 28 июля 1901 г.
    </title>
    <title type="bibl">
     Толстой Л. Н. Письмо Эйльмеру Мооду (Aylmer Maude), 28 июля 1901 г. // Толстой Л. Н. Полное собрание сочинений: в 90 тт. Т. 73. М.: Гос. изд. «Художественная литература», 1954. С.
    </title>
    <respStmt>
     <resp>
      Идея, постановка задач, руководство:
     </resp>
     <name>
      Анастасия Бонч-Осмоловская, Фёкла Толстая, Борис Орехов, Тимофей Лукашевский
     </name>
    </respStmt>
    <respStmt>
     <resp>
      Подготовка TEI/XML:
     </resp>
     <name>
      Евгений Можаев, Даниил Скоринкин, Ирина Павлова, Матвей Колбасов, Елена Сидорова, Кирилл Милинцевич, Лев Буланов, Макар Федоров, Константин Петров
     </name>
    </respStmt>
    <respStmt>
     <resp>
      Подготовка метаданных:
     </resp>
     <name>
      Мария Картышева, Вероника Файнберг
     </name>
    </respStmt>
    <respStmt>
     <resp>
      Разметка имен собственных:
     </resp>
     <name>
      Никита Северин, Елена Северина
     </name>
    </respStmt>
    <respStmt>
     <resp>
      Исправление древнегреческого текста:
     </resp>
     <name>
      Ольга Алиева
     </name>
    </respStmt>
    <funder>
     Проект «Слово Толстого»
    </funder>
   </titleStmt>
   <publicationStmt>
    <publisher>
     <orgName>
      Tolstoy Digital, DH CLOUD, Научно-образовательный союз «Родное Слово» проект «Слово Толстого»
     </orgName>
    </publisher>
    <availability>
     <p id="838f7be9-e21e-4631-811d-d6c7ab0268bc">
      Тексты и метатекстовая разметка доступны для свободного использования и распространения по лицензии Creative Commons Attribution Share-Alike (cc by-sa)
     </p>
    </availability>
    <date from="2015" to="2022"/>
   </publicationStmt>
   <notesStmt>
    <note>
     Публикуемые документы был получены с сайта tolstoy.ru в формате html, переведены в формат TEI. Исправлены некоторые ошибки распознавания. Тексты, написанные в дореформенной орфографии, сопоставлены с их версиями в современной орфографии.
    </note>
   </notesStmt>
   <sourceDesc>
    <biblStruct>
     <analytic>
      <author>
       Толстой Лев Николаевич
      </author>
     </analytic>
     <monogr>
      <title level="m">
       Полное собрание сочинений. Том 73
      </title>
      <imprint>
       <pubPlace>
        Москва
       </pubPlace>
       <publisher>
        Государственное издательство «Художественная литература»
       </publisher>
       <date when="1954"/>
      </imprint>
      <biblScope unit="vol">
       73
      </biblScope>
      <biblScope unit="page">
       111-112
      </biblScope>
     </monogr>
     <series>
      <title level="s">
       Л. Н. Толстой. Полное собрание сочинений: в 90 тт.
      </title>
     </series>
    </biblStruct>
    <bibl>
     Публикуется впервые
    </bibl>
   </sourceDesc>
  </fileDesc>
  <encodingDesc>
   <classDecl>
    <xi:include href="../../reference/taxonomy.xml"/>
   </classDecl>
  </encodingDesc>
  <profileDesc>
   <correspDesc>
    <correspAction type="sending">
     <persName ref="13883">
      Л. Н. Толстой
     </persName>
     <placeName>
      Ясная Поляна
     </placeName>
     <date when="1901-07-28"/>
    </correspAction>
    <correspAction type="receiving">
     <persName ref="9220">
      Моод Эльмер (Алексей Францевич) (Aylmer Maude)
     </persName>
    </correspAction>
   </correspDesc>
   <langUsage>
    <language ident="ru"/>
   </langUsage>
   <textClass>
    <catRef ana="#tolstoy_heritage" target="library"/>
    <catRef ana="#letters" target="type"/>
    <catRef ana="#sent" target="sent"/>
   </textClass>
  </profileDesc>
 </teiHeader>
 <xenoData>
  <number type="in a volume">
   128
  </number>
 </xenoData>
 <text xml:id="EjlmeruMooduAylmerMaude_128" xmlns="http://www.tei-c.org/ns/1.0" xmlns:xi="http://www.w3.org/2001/XInclude">
  <body>
   <div>
    <pb n="111"/>
    <opener index="false">
     * 128. Эйльмеру Мооду (Aylmer Maude).1901 г. Июля 28? Я. П.
    </opener>
    <p id="f39ed0e2-00df-48eb-b8ee-5786eb274554" rend="Obrashenie">
     Любезный друг Моод,
    </p>
    <p id="599372b2-47cf-43ab-afc0-9b691de2ccc9">
     Немного помедлил отвечать вам на ваше первое письмо от слабости нездоровья. (Ничего серьезного. Я поправляюсь.) А пока получил ваше второе, очень приятное мне письмо, из
     <choice original_editorial_correction="кот[орого]">
      <sic>
       кот
      </sic>
      <corr>
       которого
      </corr>
     </choice>
     вижу, что ваше несогласие и недоброжелательство к В.
     <choice original_editorial_correction="Ч[ерткову]">
      <sic>
       Ч
      </sic>
      <corr>
       Черткову
      </corr>
     </choice>
     , с которым (недоброжелательством) вы усердно боретесь, уменьшилось или даже совсем прошло, что и должно быть,
     <choice original_editorial_correction="п[отому]">
      <sic>
       п
      </sic>
      <corr>
       потому
      </corr>
     </choice>
     <choice original_editorial_correction="ч[то]">
      <sic>
       ч
      </sic>
      <corr>
       что
      </corr>
     </choice>
     не могут два человека, искренно ищущие добра и правды, быть в разногласии. Это также невозможно, чтобы две величины, равные третьей, были неравны между собой. Я забыл, что написал вам о Рёскине, боюсь, что это неверно.
     <ref target="#note1">
      1
     </ref>
     <note index="false" resp="volume_editor" xml:id="note1">
      <ref target="file:///Volume_73_EjlmeruMooduAylmerMaude_104.xml">
       См. письмо № 104
      </ref>
      .
     </note>
     На днях я прочел прекрасную книгу о нем: Ruskin et la Bible, кажется, Hugues.
     <ref target="#note2">
      2
     </ref>
     <note index="false" resp="volume_editor" xml:id="note2">
      Ошибка: H. J. Brunhes, «Ruskin et la Bible», Paris
      <hi rend="italic">
       Брун, «Рёскин и библия», Париж
      </hi>
      , 1901. Книга сохранилась в яснополянской библиотеке.
     </note>
     Главная черта Рёскина это то, что он никогда не мог вполне освободиться от церковно-христианского мировоззрения. Во время начала его работ по социальным вопросам, когда он писал «Unto this last»,
     <ref target="#note3">
      3
     </ref>
     <note index="false" resp="volume_editor" xml:id="note3">
      John Ruskin, «Unto this last. Four essays on the first principles of Political Economy». Fourth edition, 1884. Русский перевод Л. П. Никифорова: «Последнему, что и первому. Четыре основных принципа политической экономии». М. 1900. Книга сохранилась в яснополянской библиотеке.
     </note>
     он освободился от догматического предания, но туманно-церковно-христианское понимание требований жизни,
     <choice original_editorial_correction="кот[орое]">
      <sic>
       кот
      </sic>
      <corr>
       которое
      </corr>
     </choice>
     давало ему возможность соединить этические идеалы с эстетическими, оставалось у него до конца и ослабляло его проповедь; ослабляло ее также искусственность и потому неясность поэтического языка. Не думайте, чтобы я денигрировал (denigrer
     <ref target="#note4">
      4
     </ref>
     <note index="false" resp="volume_editor" xml:id="note4">
      <hi rend="italic">
       унижать, умалять значение
      </hi>
     </note>
     ) деятельность этого великого человека, совершенно верно называемого пророком; я всегда восхищаюсь и восхищался им, но я указываю на пятна,
     <choice original_editorial_correction="к[оторые]">
      <sic>
       к
      </sic>
      <corr>
       которые
      </corr>
     </choice>
     есть и в солнце. Он особенно хорош, когда умный и одинаково с ним настроенный писатель делает из него выписки, как в книге Ruskin et la Bible. (Прочтите ее, — но читать всего Рёскина, как я читал, подряд, очень ослабляет
     <hi style="opdelimiter">
      впечатление.)
     </hi>
    </p>
    <p id="9de04979-00ac-46ba-8019-341760154598">
     <pb n="112"/>
     <hi style="npdelimiter">
      Сейчас
     </hi>
     поправлю, что нужно, в ваших вопросах и приложу к этому письму.
     <ref target="#note5">
      5
     </ref>
     <note index="false" resp="volume_editor" xml:id="note5">
      Текст этой записки неизвестен. Вопросы касались перевода «Севастопольских рассказов» и других произведений, вошедших в первый том подготовлявшегося Моодом к печати собрания сочинений Толстого.
      <ref target="file:///Volume_73_EjlmeruMooduAylmerMaude_190.xml">
       См. письмо № 190
      </ref>
      .
     </note>
     Спасибо за извещение про ваших детей. Прощайте. Мой дружеский привет всем вам.
    </p>
    <p id="dd0247cb-7355-40f2-b7a9-03d0d8868fc8" rend="right">
     <name placement="text" ref="13883" type="person">
      Л. Толстой
     </name>
     .
    </p>
    <noteGrp type="comments">
     <note index="false" type="comments">
      <p id="f51f849e-febd-4571-8013-9e27153f50e3" rend="Textpetit_otstup left">
       Печатается по фотокопии с автографа. Датируется по расположению в копировальной книге. Отрывок в переводе на английский язык опубликован в книге Моода «Tolstoy and his Problems» [«Толстой и его учение»], 1901. На русском языке отрывок напечатан, без указания даты, в Б, IV, стр. 45—46.
      </p>
     </note>
     <note index="false" type="comments">
      <p id="c49787c7-099f-43e9-9e2f-d9192e1b1eb5" rend="petit">
       Ответ на письма Эйльмера Моода от 29 июля и 3 августа н. ст. 1901 г.
      </p>
     </note>
    </noteGrp>
   </div>
  </body>
 </text>
</TEI>
