<?xml version="1.0" encoding="utf-8"?>
<TEI xmlns="http://www.tei-c.org/ns/1.0" xmlns:xi="http://www.w3.org/2001/XInclude">
 <teiHeader>
  <fileDesc>
   <titleStmt>
    <title xml:id="v73_089_L_A_ZHerveL_A_Gervais">
     Письма и документы. Tolstoy Digital
    </title>
    <title type="main">
     Письмо Л. A. Жерве (L. A. Gervais) от 21 мая 1901 г.
    </title>
    <title type="bibl">
     Толстой Л. Н. Письмо Л. A. Жерве (L. A. Gervais), 21 мая 1901 г. // Толстой Л. Н. Полное собрание сочинений: в 90 тт. Т. 73. М.: Гос. изд. «Художественная литература», 1954. С.
    </title>
    <respStmt>
     <resp>
      Идея, постановка задач, руководство:
     </resp>
     <name>
      Анастасия Бонч-Осмоловская, Фёкла Толстая, Борис Орехов, Тимофей Лукашевский
     </name>
    </respStmt>
    <respStmt>
     <resp>
      Подготовка TEI/XML:
     </resp>
     <name>
      Евгений Можаев, Даниил Скоринкин, Ирина Павлова, Матвей Колбасов, Елена Сидорова, Кирилл Милинцевич, Лев Буланов, Макар Федоров, Константин Петров
     </name>
    </respStmt>
    <respStmt>
     <resp>
      Подготовка метаданных:
     </resp>
     <name>
      Мария Картышева, Вероника Файнберг
     </name>
    </respStmt>
    <respStmt>
     <resp>
      Разметка имен собственных:
     </resp>
     <name>
      Никита Северин, Елена Северина
     </name>
    </respStmt>
    <respStmt>
     <resp>
      Исправление древнегреческого текста:
     </resp>
     <name>
      Ольга Алиева
     </name>
    </respStmt>
    <funder>
     Проект «Слово Толстого»
    </funder>
   </titleStmt>
   <publicationStmt>
    <publisher>
     <orgName>
      Tolstoy Digital, DH CLOUD, Научно-образовательный союз «Родное Слово» проект «Слово Толстого»
     </orgName>
    </publisher>
    <availability>
     <p id="19a77e8a-5129-493e-9b6b-348f009f4d12">
      Тексты и метатекстовая разметка доступны для свободного использования и распространения по лицензии Creative Commons Attribution Share-Alike (cc by-sa)
     </p>
    </availability>
    <date from="2015" to="2022"/>
   </publicationStmt>
   <notesStmt>
    <note>
     Публикуемые документы был получены с сайта tolstoy.ru в формате html, переведены в формат TEI. Исправлены некоторые ошибки распознавания. Тексты, написанные в дореформенной орфографии, сопоставлены с их версиями в современной орфографии.
    </note>
   </notesStmt>
   <sourceDesc>
    <biblStruct>
     <analytic>
      <author>
       Толстой Лев Николаевич
      </author>
     </analytic>
     <monogr>
      <title level="m">
       Полное собрание сочинений. Том 73
      </title>
      <imprint>
       <pubPlace>
        Москва
       </pubPlace>
       <publisher>
        Государственное издательство «Художественная литература»
       </publisher>
       <date when="1954"/>
      </imprint>
      <biblScope unit="vol">
       73
      </biblScope>
      <biblScope unit="page">
       80-80
      </biblScope>
     </monogr>
     <series>
      <title level="s">
       Л. Н. Толстой. Полное собрание сочинений: в 90 тт.
      </title>
     </series>
    </biblStruct>
    <bibl>
     Публикуется впервые
    </bibl>
   </sourceDesc>
  </fileDesc>
  <encodingDesc>
   <classDecl>
    <xi:include href="../../reference/taxonomy.xml"/>
   </classDecl>
  </encodingDesc>
  <profileDesc>
   <correspDesc>
    <correspAction type="sending">
     <persName ref="13883">
      Л. Н. Толстой
     </persName>
     <placeName>
      Ясная Поляна
     </placeName>
     <date when="1901-05-21"/>
    </correspAction>
    <correspAction type="receiving">
     <persName ref="5102">
      Жерве Л. А. (Gervais L. A.)
     </persName>
    </correspAction>
   </correspDesc>
   <langUsage>
    <language ident="ru"/>
   </langUsage>
   <textClass>
    <catRef ana="#tolstoy_heritage" target="library"/>
    <catRef ana="#letters" target="type"/>
    <catRef ana="#sent" target="sent"/>
   </textClass>
  </profileDesc>
 </teiHeader>
 <xenoData>
  <number type="in a volume">
   89
  </number>
 </xenoData>
 <text xml:id="L.A.ZHerveL.A.Gervais_89" xmlns="http://www.tei-c.org/ns/1.0" xmlns:xi="http://www.w3.org/2001/XInclude">
  <body>
   <div>
    <pb n="80"/>
    <opener index="false">
     * 89.
     <name placement="text" ref="5102" type="person">
      Л. А. Жерве (L. А. Gervais)
     </name>
     .1901г. Мая 21/июня 3. Я. П.
    </opener>
    <p id="2e599188-0f4a-4b6c-bd29-6d5349bff289" rend="Obrashenie">
     Cher Monsieur,
    </p>
    <p id="59a37592-0e2e-44d0-92af-76445443f240">
     J'ai reçu votre lettre et j'ai lu avec une vive joie.
    </p>
    <p id="4c4de72e-d0df-4248-a22c-851db7ecf140">
     Je crois que les gens sincères ne peuvent pas différer dans leurs opinions ou plutôt leurs croyances religieuses. La rélation le l'homme à Dieu est partout la même. Et plus nous serons sincères plus nous serons unis.
    </p>
    <p id="3d47d197-9958-4a73-b63e-5532e84e159a">
     Je vous remercie pour votre bonne lettre et me dis votre frère en Dieu.
    </p>
    <p id="b3d7fc5e-3efb-4dd8-86ca-dac9e79563ac" rend="right">
     Léon Tolstoy.
    </p>
    <p id="032a853e-8481-4908-929a-17be2b13a0d9">
     2 Juin 1901.
    </p>
    <lb/>
    <p id="6d6f09b0-73b5-4a8e-87ed-cafeacbf0ea6" rend="Obrashenie petit">
     Милостивый государь,
    </p>
    <p id="e6162799-65c4-4f2d-a730-e44dc58e3bb9" rend="petit">
     Я получил ваше письмо и прочел его с живейшей радостью. Думаю, что люди искренние не могут расходиться во взглядах или, вернее, в своих религиозных верованиях. Отношение человека к богу повсюду одно и то же. И чем искреннее мы будем, тем теснее мы будем связаны.
    </p>
    <p id="3e0ea35b-a680-4d94-b713-a9a10bceeb3c" rend="petit">
     Благодарю вас за ваше доброе письмо и называю себя вашим братом в боге.
    </p>
    <p id="6e360026-a695-45d1-8cbd-f352fa6f0010" rend="petit right">
     <name placement="text" ref="13883" type="person">
      Лев Толстой
     </name>
     .
    </p>
    <p id="d2333bd1-60ce-4edd-bd40-47ba55fd52d8" rend="petit">
     2 июня 1901.
    </p>
    <noteGrp type="comments">
     <note index="false" type="comments">
      <p id="5ceff620-97a7-47cc-8d9a-dbc48667df05" rend="Textpetit_otstup left">
       Печатается по копировальной книге № 4, л. 80. Основание редакторской даты см. в прим. к письму № 88.
      </p>
     </note>
     <note index="false" type="comments">
      <p id="aeb1f2f1-12d1-47c1-88a0-cf7f70f77d2a" rend="petit">
       Ответ пастору реформатской церкви Л. А. Жерве, на его сочувственное письмо по поводу «Ответа синоду» Толстого.
      </p>
     </note>
    </noteGrp>
   </div>
  </body>
 </text>
</TEI>
