<?xml version="1.0" encoding="utf-8"?>
<TEI xmlns="http://www.tei-c.org/ns/1.0" xmlns:xi="http://www.w3.org/2001/XInclude">
 <teiHeader>
  <fileDesc>
   <titleStmt>
    <title xml:id="v73_157_T_L_Suxotinoj">
     Письма и документы. Tolstoy Digital
    </title>
    <title type="main">
     Письмо Т. Л. Сухотиной от 16 сентября 1901 г.
    </title>
    <title type="bibl">
     Толстой Л. Н. Письмо Т. Л. Сухотиной, 16 сентября 1901 г. // Толстой Л. Н. Полное собрание сочинений: в 90 тт. Т. 73. М.: Гос. изд. «Художественная литература», 1954. С.
    </title>
    <respStmt>
     <resp>
      Идея, постановка задач, руководство:
     </resp>
     <name>
      Анастасия Бонч-Осмоловская, Фёкла Толстая, Борис Орехов, Тимофей Лукашевский
     </name>
    </respStmt>
    <respStmt>
     <resp>
      Подготовка TEI/XML:
     </resp>
     <name>
      Евгений Можаев, Даниил Скоринкин, Ирина Павлова, Матвей Колбасов, Елена Сидорова, Кирилл Милинцевич, Лев Буланов, Макар Федоров, Константин Петров
     </name>
    </respStmt>
    <respStmt>
     <resp>
      Подготовка метаданных:
     </resp>
     <name>
      Мария Картышева, Вероника Файнберг
     </name>
    </respStmt>
    <respStmt>
     <resp>
      Разметка имен собственных:
     </resp>
     <name>
      Никита Северин, Елена Северина
     </name>
    </respStmt>
    <respStmt>
     <resp>
      Исправление древнегреческого текста:
     </resp>
     <name>
      Ольга Алиева
     </name>
    </respStmt>
    <funder>
     Проект «Слово Толстого»
    </funder>
   </titleStmt>
   <publicationStmt>
    <publisher>
     <orgName>
      Tolstoy Digital, DH CLOUD, Научно-образовательный союз «Родное Слово» проект «Слово Толстого»
     </orgName>
    </publisher>
    <availability>
     <p id="747d5de4-9b01-4dfe-aed4-dc64099073ce">
      Тексты и метатекстовая разметка доступны для свободного использования и распространения по лицензии Creative Commons Attribution Share-Alike (cc by-sa)
     </p>
    </availability>
    <date from="2015" to="2022"/>
   </publicationStmt>
   <notesStmt>
    <note>
     Публикуемые документы был получены с сайта tolstoy.ru в формате html, переведены в формат TEI. Исправлены некоторые ошибки распознавания. Тексты, написанные в дореформенной орфографии, сопоставлены с их версиями в современной орфографии.
    </note>
   </notesStmt>
   <sourceDesc>
    <biblStruct>
     <analytic>
      <author>
       Толстой Лев Николаевич
      </author>
     </analytic>
     <monogr>
      <title level="m">
       Полное собрание сочинений. Том 73
      </title>
      <imprint>
       <pubPlace>
        Москва
       </pubPlace>
       <publisher>
        Государственное издательство «Художественная литература»
       </publisher>
       <date when="1954"/>
      </imprint>
      <biblScope unit="vol">
       73
      </biblScope>
      <biblScope unit="page">
       146-146
      </biblScope>
     </monogr>
     <series>
      <title level="s">
       Л. Н. Толстой. Полное собрание сочинений: в 90 тт.
      </title>
     </series>
    </biblStruct>
    <bibl>
     Публикуется впервые
    </bibl>
   </sourceDesc>
  </fileDesc>
  <encodingDesc>
   <classDecl>
    <xi:include href="../../reference/taxonomy.xml"/>
   </classDecl>
  </encodingDesc>
  <profileDesc>
   <correspDesc>
    <correspAction type="sending">
     <persName ref="13883">
      Л. Н. Толстой
     </persName>
     <placeName>
      Гаспра
     </placeName>
     <date when="1901-09-16"/>
    </correspAction>
    <correspAction type="receiving">
     <persName ref="13413">
      Сухотина Татьяна Львовна, рожд. Толстая
     </persName>
    </correspAction>
   </correspDesc>
   <langUsage>
    <language ident="ru"/>
   </langUsage>
   <textClass>
    <catRef ana="#tolstoy_heritage" target="library"/>
    <catRef ana="#letters" target="type"/>
    <catRef ana="#sent" target="sent"/>
   </textClass>
  </profileDesc>
 </teiHeader>
 <xenoData>
  <number type="in a volume">
   157
  </number>
 </xenoData>
 <text xml:id="T.L.Suxotinoj_157" xmlns="http://www.tei-c.org/ns/1.0" xmlns:xi="http://www.w3.org/2001/XInclude">
  <body>
   <div>
    <pb n="146"/>
    <opener index="false">
     * 157. T. Л. Сухотиной.1901 г. Сентября 16. Гаспра.
    </opener>
    <p id="537d892e-65ab-4da1-8643-1b457678f74a">
     Хотел тебе нарочно писать, милая Таня, но главное сказать успею здесь.
     <hi>
      Ты себя не бережешь
     </hi>
     ,
     <ref target="#note1">
      1
     </ref>
     <note index="false" resp="volume_editor" xml:id="note1">
      T. Л. Сухотина была беременна.
     </note>
     и это меня постоянно беспокоит. Пожалуйста, пожалуйста напусти на себя хоть половину того страха,
     <choice original_editorial_correction="к[оторый]">
      <sic>
       к
      </sic>
      <corr>
       который
      </corr>
     </choice>
     я за тебя испытываю. Привет милому
     <choice original_editorial_correction="М[ихаилу]">
      <sic>
       М
      </sic>
      <corr>
       <name placement="text" ref="13404" type="person">
        Михаилу
       </name>
      </corr>
     </choice>
     <choice original_editorial_correction="С[ергеевичу]">
      <sic>
       <name placement="text" ref="13404" type="person">
        С
       </name>
      </sic>
      <corr>
       <name placement="text" ref="13404" type="person">
        Сергеевичу
       </name>
      </corr>
     </choice>
     и всем вашим. Мне очень, слишком хорошо — стыдно даже. И здоровье как будто справляется.
    </p>
    <p id="54c7eb13-1307-4a90-9f34-e801c030a9c3" rend="right">
     Л. Т.
    </p>
    <noteGrp type="comments">
     <note index="false" type="comments">
      <p id="5a8d65d7-e5f7-4d80-9d92-6cb24d9951f4" rend="Textpetit_otstup left">
       Приписка к письму С. А. Толстой. Дата проставлена в ее письме.
      </p>
     </note>
    </noteGrp>
   </div>
  </body>
 </text>
</TEI>
