<?xml version="1.0" encoding="utf-8"?>
<TEI xmlns="http://www.tei-c.org/ns/1.0" xmlns:xi="http://www.w3.org/2001/XInclude">
 <teiHeader>
  <fileDesc>
   <titleStmt>
    <title xml:id="v73_049_Vredakciigazet">
     Письма и документы. Tolstoy Digital
    </title>
    <title type="main">
     Письмо В редакции газет. с 1 марта 1901 г. по 31 марта 1901 г.
    </title>
    <title type="bibl">
     Толстой Л. Н. Письмо в редакции газет., 1 марта 1901 г. — 31 марта 1901 г. // Толстой Л. Н. Полное собрание сочинений: в 90 тт. Т. 73. М.: Гос. изд. «Художественная литература», 1954. С.
    </title>
    <respStmt>
     <resp>
      Идея, постановка задач, руководство:
     </resp>
     <name>
      Анастасия Бонч-Осмоловская, Фёкла Толстая, Борис Орехов, Тимофей Лукашевский
     </name>
    </respStmt>
    <respStmt>
     <resp>
      Подготовка TEI/XML:
     </resp>
     <name>
      Евгений Можаев, Даниил Скоринкин, Ирина Павлова, Матвей Колбасов, Елена Сидорова, Кирилл Милинцевич, Лев Буланов, Макар Федоров, Константин Петров
     </name>
    </respStmt>
    <respStmt>
     <resp>
      Подготовка метаданных:
     </resp>
     <name>
      Мария Картышева, Вероника Файнберг
     </name>
    </respStmt>
    <respStmt>
     <resp>
      Разметка имен собственных:
     </resp>
     <name>
      Никита Северин, Елена Северина
     </name>
    </respStmt>
    <respStmt>
     <resp>
      Исправление древнегреческого текста:
     </resp>
     <name>
      Ольга Алиева
     </name>
    </respStmt>
    <funder>
     Проект «Слово Толстого»
    </funder>
   </titleStmt>
   <publicationStmt>
    <publisher>
     <orgName>
      Tolstoy Digital, DH CLOUD, Научно-образовательный союз «Родное Слово» проект «Слово Толстого»
     </orgName>
    </publisher>
    <availability>
     <p id="eeb47e7c-23ee-4ad7-88fd-f7d0680361b3">
      Тексты и метатекстовая разметка доступны для свободного использования и распространения по лицензии Creative Commons Attribution Share-Alike (cc by-sa)
     </p>
    </availability>
    <date from="2015" to="2022"/>
   </publicationStmt>
   <notesStmt>
    <note>
     Публикуемые документы был получены с сайта tolstoy.ru в формате html, переведены в формат TEI. Исправлены некоторые ошибки распознавания. Тексты, написанные в дореформенной орфографии, сопоставлены с их версиями в современной орфографии.
    </note>
   </notesStmt>
   <sourceDesc>
    <biblStruct>
     <analytic>
      <author>
       Толстой Лев Николаевич
      </author>
     </analytic>
     <monogr>
      <title level="m">
       Полное собрание сочинений. Том 73
      </title>
      <imprint>
       <pubPlace>
        Москва
       </pubPlace>
       <publisher>
        Государственное издательство «Художественная литература»
       </publisher>
       <date when="1954"/>
      </imprint>
      <biblScope unit="vol">
       73
      </biblScope>
      <biblScope unit="page">
       50-51
      </biblScope>
     </monogr>
     <series>
      <title level="s">
       Л. Н. Толстой. Полное собрание сочинений: в 90 тт.
      </title>
     </series>
    </biblStruct>
    <bibl/>
   </sourceDesc>
  </fileDesc>
  <encodingDesc>
   <classDecl>
    <xi:include href="../../reference/taxonomy.xml"/>
   </classDecl>
  </encodingDesc>
  <profileDesc>
   <correspDesc>
    <correspAction type="sending">
     <persName ref="13883">
      Л. Н. Толстой
     </persName>
     <placeName>
      Москва
     </placeName>
     <date notAfter="1901-03-31" notBefore="1901-03-01"/>
    </correspAction>
    <correspAction type="receiving">
     <persName/>
    </correspAction>
   </correspDesc>
   <langUsage>
    <language ident="ru"/>
   </langUsage>
   <textClass>
    <catRef ana="#tolstoy_heritage" target="library"/>
    <catRef ana="#letters" target="type"/>
    <catRef ana="#sent" target="sent"/>
   </textClass>
  </profileDesc>
 </teiHeader>
 <xenoData>
  <number type="in a volume">
   49
  </number>
 </xenoData>
 <text xml:id="Vredakciigazet._49" xmlns="http://www.tei-c.org/ns/1.0" xmlns:xi="http://www.w3.org/2001/XInclude">
  <body>
   <div>
    <pb n="50"/>
    <opener index="false">
     49. В редакции газет.1901 г. Марта середина. Москва.
    </opener>
    <p id="65c236b2-8337-493f-a771-50c0ecfe5e40" rend="Obrashenie">
     Г. Редактор,
    </p>
    <p id="b0b54e3b-4ff8-478f-a376-a65ea05dcdac">
     Не имея возможности лично поблагодарить всех тех лиц, от сановников до простых рабочих, выразивших мне, как лично, так и по почте и по телеграфу свое сочувствие по поводу постановления св. Синода от 20—22 февраля, покорнейше прошу вашу уважаемую газету поблагодарить всех этих лиц, причем сочувствие, высказанное мне, я приписываю не столько значению своей деятельности, сколько остроумию и благовременности постановления св. Синода.
    </p>
    <p id="e41bce08-3f62-44f6-aaee-6dde2ba355ff" rend="right">
     <name placement="text" ref="13883" type="person">
      Лев Толстой
     </name>
     .
    </p>
    <noteGrp type="comments">
     <note index="false" type="comments">
      <p id="92af224f-783f-49dc-8235-2ee824619bf8" rend="Textpetit_otstup left">
       Перепечатывается из «Листков Свободного слова», 23, Christchurch, 1901, стр. 24. Датируется по письму к В. Г. Черткову от 20 марта 1901 г. (см. т. 88).
      </p>
     </note>
     <note index="false" type="comments">
      <p id="468dc4bb-7cf1-4edf-8294-648535aabe09" rend="petit">
       24 февраля 1901 г. в «Церковных ведомостях» было опубликовано «Определение» святейшего синода от 20—22 февраля 1901 г. об отлучении Толстого от церкви. См. т. 54, стр. 457—458. Одновременно Главное управление по делам печати разослало циркуляр от 24 февраля 1901 г., № 1579, запрещающий «обсуждение определения святейшего синода». В начале марта был новый циркуляр о запрещении помещать в газетах «телеграммы и известия о выражении сочувствия отлученному от церкви гр. Л. Н. Толстому». Но циркуляры не могли остановить общественного возбуждения. 24 февраля в Москве состоялась грандиозная
       <hi style="opdelimiter">
        демонстрация.
       </hi>
      </p>
     </note>
     <note index="false" type="comments">
      <p id="1a1043e4-08a2-4cdb-a7b6-49b0c68d419b" rend="petit">
       <pb n="51"/>
       <hi style="npdelimiter">
        «В
       </hi>
       этот день и в следующие мы получили столько сочувствия и депутациями, и письмами, адресами, телеграммами, корзинами цветов и проч.», — писала 2 марта 1901 г. С. А. Толстая Т. А. Кузминской. Сочувственные письма и адреса получались в течение нескольких месяцев. Писали рабочие, крестьяне, политические эмигранты, иностранцы, студенты, даже священники и аббаты. Под некоторыми адресами и телеграммами собирались сотни подписей.
      </p>
     </note>
     <note index="false" type="comments">
      <p id="27c15288-95b3-449a-86c6-2e561a237dda" rend="petit">
       Спустя девять лет В. И. Ленин в статье «Л. Н. Толстой», написанной в связи со смертью великого писателя, так оценил это событие: «Святейший синод отлучил Толстого от церкви. Тем лучше. Этот подвиг зачтется ему в час народной расправы с чиновниками в рясах, жандармами во Христе, с темными инквизиторами, которые поддерживали еврейские погромы и прочие подвиги черносотенной царской шайки» (Сочинения, т. 16, стр. 296).
      </p>
     </note>
    </noteGrp>
   </div>
  </body>
 </text>
</TEI>
