<?xml version="1.0" encoding="utf-8"?>
<TEI xmlns="http://www.tei-c.org/ns/1.0" xmlns:xi="http://www.w3.org/2001/XInclude">
 <teiHeader>
  <fileDesc>
   <titleStmt>
    <title xml:id="v73_384_D_P_Silchevskomu">
     Письма и документы. Tolstoy Digital
    </title>
    <title type="main">
     Письмо Д. П. Сильчевскому от 17 ноября 1902 г.
    </title>
    <title type="bibl">
     Толстой Л. Н. Письмо Д. П. Сильчевскому, 17 ноября 1902 г. // Толстой Л. Н. Полное собрание сочинений: в 90 тт. Т. 73. М.: Гос. изд. «Художественная литература», 1954. С.
    </title>
    <respStmt>
     <resp>
      Идея, постановка задач, руководство:
     </resp>
     <name>
      Анастасия Бонч-Осмоловская, Фёкла Толстая, Борис Орехов, Тимофей Лукашевский
     </name>
    </respStmt>
    <respStmt>
     <resp>
      Подготовка TEI/XML:
     </resp>
     <name>
      Евгений Можаев, Даниил Скоринкин, Ирина Павлова, Матвей Колбасов, Елена Сидорова, Кирилл Милинцевич, Лев Буланов, Макар Федоров, Константин Петров
     </name>
    </respStmt>
    <respStmt>
     <resp>
      Подготовка метаданных:
     </resp>
     <name>
      Мария Картышева, Вероника Файнберг
     </name>
    </respStmt>
    <respStmt>
     <resp>
      Разметка имен собственных:
     </resp>
     <name>
      Никита Северин, Елена Северина
     </name>
    </respStmt>
    <respStmt>
     <resp>
      Исправление древнегреческого текста:
     </resp>
     <name>
      Ольга Алиева
     </name>
    </respStmt>
    <funder>
     Проект «Слово Толстого»
    </funder>
   </titleStmt>
   <publicationStmt>
    <publisher>
     <orgName>
      Tolstoy Digital, DH CLOUD, Научно-образовательный союз «Родное Слово» проект «Слово Толстого»
     </orgName>
    </publisher>
    <availability>
     <p id="47d40cb8-382d-44a2-86d2-2ff90843ec0c">
      Тексты и метатекстовая разметка доступны для свободного использования и распространения по лицензии Creative Commons Attribution Share-Alike (cc by-sa)
     </p>
    </availability>
    <date from="2015" to="2022"/>
   </publicationStmt>
   <notesStmt>
    <note>
     Публикуемые документы был получены с сайта tolstoy.ru в формате html, переведены в формат TEI. Исправлены некоторые ошибки распознавания. Тексты, написанные в дореформенной орфографии, сопоставлены с их версиями в современной орфографии.
    </note>
   </notesStmt>
   <sourceDesc>
    <biblStruct>
     <analytic>
      <author>
       Толстой Лев Николаевич
      </author>
     </analytic>
     <monogr>
      <title level="m">
       Полное собрание сочинений. Том 73
      </title>
      <imprint>
       <pubPlace>
        Москва
       </pubPlace>
       <publisher>
        Государственное издательство «Художественная литература»
       </publisher>
       <date when="1954"/>
      </imprint>
      <biblScope unit="vol">
       73
      </biblScope>
      <biblScope unit="page">
       328-329
      </biblScope>
     </monogr>
     <series>
      <title level="s">
       Л. Н. Толстой. Полное собрание сочинений: в 90 тт.
      </title>
     </series>
    </biblStruct>
    <bibl>
     Публикуется впервые
    </bibl>
   </sourceDesc>
  </fileDesc>
  <encodingDesc>
   <classDecl>
    <xi:include href="../../reference/taxonomy.xml"/>
   </classDecl>
  </encodingDesc>
  <profileDesc>
   <correspDesc>
    <correspAction type="sending">
     <persName ref="13883">
      Л. Н. Толстой
     </persName>
     <placeName>
      Ясная Поляна
     </placeName>
     <date when="1902-11-17"/>
    </correspAction>
    <correspAction type="receiving">
     <persName ref="12633">
      Сильчевский Дмитрий Петрович
     </persName>
    </correspAction>
   </correspDesc>
   <langUsage>
    <language ident="ru"/>
   </langUsage>
   <textClass>
    <catRef ana="#tolstoy_heritage" target="library"/>
    <catRef ana="#letters" target="type"/>
    <catRef ana="#sent" target="sent"/>
   </textClass>
  </profileDesc>
 </teiHeader>
 <xenoData>
  <number type="in a volume">
   384
  </number>
 </xenoData>
 <text xml:id="D.P.Silchevskomu_384" xmlns="http://www.tei-c.org/ns/1.0" xmlns:xi="http://www.w3.org/2001/XInclude">
  <body>
   <div>
    <pb n="328"/>
    <opener index="false">
     * 384.
     <name placement="text" ref="12633" type="person">
      Д. П. Сильчевскому
     </name>
     .1902 г. Ноября 17. Я. П.
    </opener>
    <p id="5316a1b6-8658-4d04-a64a-5174a11d434e">
     Очень благодарен вам,
     <name placement="text" ref="12633" type="person">
      Дмитрий Петрович
     </name>
     , за ваше доброе расположение ко мне и желание помочь мне. Я имел уже
     <hi style="opdelimiter">
      все
     </hi>
     <pb n="329"/>
     <hi style="npdelimiter">
      те
     </hi>
     матерьялы, о
     <choice original_editorial_correction="кот[орых]">
      <sic>
       кот
      </sic>
      <corr>
       которых
      </corr>
     </choice>
     вы пишете, и воспользовался ими.
     <ref target="#note1">
      1
     </ref>
     <note index="false" resp="volume_editor" xml:id="note1">
      По поручению В. В. Стасова Сильчевский разыскал и послал Толстому выписки из «Воспоминаний В. А. Полторацкого» — «Исторический вестник» 1893, I, стр. 72—73; 2, стр. 85, и «Очерков военных событий на Кавказе, 1818—1850 гг.» (составил И. А. Гржегоржевский, сообщил Н. Ф. Клюки фон Клугенау) — «Русская старина» 1876, XVI, стр. 357—365. См. письмо В. В. Стасова к Толстому от 4 ноября 1902 г. в ТС, стр. 292—293.
     </note>
     Пожалуйста, не утруждайте свои больные глаза для меня, во-1-х
     <choice original_editorial_correction="п[отому]">
      <sic>
       п
      </sic>
      <corr>
       потому
      </corr>
     </choice>
     ,
     <choice original_editorial_correction="ч[то]">
      <sic>
       ч
      </sic>
      <corr>
       что
      </corr>
     </choice>
     моя работа не стоит ваших глаз, а во-2-х
     <choice original_editorial_correction="п[отому]">
      <sic>
       п
      </sic>
      <corr>
       потому
      </corr>
     </choice>
     ,
     <choice original_editorial_correction="ч[то]">
      <sic>
       ч
      </sic>
      <corr>
       что
      </corr>
     </choice>
     я теперь отложил занятие над
     <choice original_editorial_correction="Х[аджи]-М[уратом">
      <sic>
       Х-М[уратом
      </sic>
      <corr>
       Хаджи-Муратом
      </corr>
     </choice>
     ] и работаю другое.
     <ref target="#note2">
      2
     </ref>
     <note index="false" resp="volume_editor" xml:id="note2">
      Легенда «Разрушение ада и восстановление его».
     </note>
     Прощайте, еще раз благодарю вас и желаю вам всего лучшего.
    </p>
    <p id="b741858f-b461-41ca-bb88-a19e3712e4ae" rend="right">
     <name placement="text" ref="13883" type="person">
      Лев Толстой
     </name>
     .
    </p>
    <p id="0fdf1b5e-fdf6-4546-a496-a8321ef6ada2">
     17 нояб. 1902.
    </p>
    <lb/>
    <p id="5436d7f0-b220-4723-9f70-328e569a0374">
     Выписки вашего племянника получил и благодарю.
     <choice original_editorial_correction="Рус[скую]">
      <sic>
       Рус
      </sic>
      <corr>
       Русскую
      </corr>
     </choice>
     <choice original_editorial_correction="Ст[арину]">
      <sic>
       Ст
      </sic>
      <corr>
       Старину
      </corr>
     </choice>
     возвращаю.
    </p>
    <noteGrp type="comments">
     <note index="false" type="comments">
      <p id="0d449ebf-dd9c-4a24-a850-944f43f82f4c" rend="Textpetit_otstup left">
       <name placement="comments" ref="12633" type="person">
        Дмитрий Петрович Сильчевский
       </name>
       (1851—1915) — библиограф. В газете «Новости» 1902, № 239 от 31 августа, помещена его статья о пятидесятилетнем юбилее литературной деятельности Толстого.
      </p>
     </note>
     <note index="false" type="comments">
      <p id="ce581212-10ce-4bff-baf3-2c1b4854bccf" rend="petit">
       Ответ на письмо Сильчевского от 1 ноября 1902 г.
      </p>
     </note>
    </noteGrp>
   </div>
  </body>
 </text>
</TEI>
