<?xml version="1.0" encoding="utf-8"?>
<TEI xmlns="http://www.tei-c.org/ns/1.0" xmlns:xi="http://www.w3.org/2001/XInclude">
 <teiHeader>
  <fileDesc>
   <titleStmt>
    <title xml:id="v73_330_P_I_Bartenevu">
     Письма и документы. Tolstoy Digital
    </title>
    <title type="main">
     Письмо П. И. Бартеневу от 11 сентября 1902 г.
    </title>
    <title type="bibl">
     Толстой Л. Н. Письмо П. И. Бартеневу, 11 сентября 1902 г. // Толстой Л. Н. Полное собрание сочинений: в 90 тт. Т. 73. М.: Гос. изд. «Художественная литература», 1954. С.
    </title>
    <respStmt>
     <resp>
      Идея, постановка задач, руководство:
     </resp>
     <name>
      Анастасия Бонч-Осмоловская, Фёкла Толстая, Борис Орехов, Тимофей Лукашевский
     </name>
    </respStmt>
    <respStmt>
     <resp>
      Подготовка TEI/XML:
     </resp>
     <name>
      Евгений Можаев, Даниил Скоринкин, Ирина Павлова, Матвей Колбасов, Елена Сидорова, Кирилл Милинцевич, Лев Буланов, Макар Федоров, Константин Петров
     </name>
    </respStmt>
    <respStmt>
     <resp>
      Подготовка метаданных:
     </resp>
     <name>
      Мария Картышева, Вероника Файнберг
     </name>
    </respStmt>
    <respStmt>
     <resp>
      Разметка имен собственных:
     </resp>
     <name>
      Никита Северин, Елена Северина
     </name>
    </respStmt>
    <respStmt>
     <resp>
      Исправление древнегреческого текста:
     </resp>
     <name>
      Ольга Алиева
     </name>
    </respStmt>
    <funder>
     Проект «Слово Толстого»
    </funder>
   </titleStmt>
   <publicationStmt>
    <publisher>
     <orgName>
      Tolstoy Digital, DH CLOUD, Научно-образовательный союз «Родное Слово» проект «Слово Толстого»
     </orgName>
    </publisher>
    <availability>
     <p id="f43bf32a-87aa-486d-8bdc-3420234ef76d">
      Тексты и метатекстовая разметка доступны для свободного использования и распространения по лицензии Creative Commons Attribution Share-Alike (cc by-sa)
     </p>
    </availability>
    <date from="2015" to="2022"/>
   </publicationStmt>
   <notesStmt>
    <note>
     Публикуемые документы был получены с сайта tolstoy.ru в формате html, переведены в формат TEI. Исправлены некоторые ошибки распознавания. Тексты, написанные в дореформенной орфографии, сопоставлены с их версиями в современной орфографии.
    </note>
   </notesStmt>
   <sourceDesc>
    <biblStruct>
     <analytic>
      <author>
       Толстой Лев Николаевич
      </author>
     </analytic>
     <monogr>
      <title level="m">
       Полное собрание сочинений. Том 73
      </title>
      <imprint>
       <pubPlace>
        Москва
       </pubPlace>
       <publisher>
        Государственное издательство «Художественная литература»
       </publisher>
       <date when="1954"/>
      </imprint>
      <biblScope unit="vol">
       73
      </biblScope>
      <biblScope unit="page">
       287-288
      </biblScope>
     </monogr>
     <series>
      <title level="s">
       Л. Н. Толстой. Полное собрание сочинений: в 90 тт.
      </title>
     </series>
    </biblStruct>
    <bibl/>
   </sourceDesc>
  </fileDesc>
  <encodingDesc>
   <classDecl>
    <xi:include href="../../reference/taxonomy.xml"/>
   </classDecl>
  </encodingDesc>
  <profileDesc>
   <correspDesc>
    <correspAction type="sending">
     <persName ref="13883">
      Л. Н. Толстой
     </persName>
     <placeName>
      Ясная Поляна
     </placeName>
     <date when="1902-09-11"/>
    </correspAction>
    <correspAction type="receiving">
     <persName ref="999">
      Бартенев Петр Иванович
     </persName>
    </correspAction>
   </correspDesc>
   <langUsage>
    <language ident="ru"/>
   </langUsage>
   <textClass>
    <catRef ana="#tolstoy_heritage" target="library"/>
    <catRef ana="#letters" target="type"/>
    <catRef ana="#sent" target="sent"/>
   </textClass>
  </profileDesc>
 </teiHeader>
 <xenoData>
  <number type="in a volume">
   330
  </number>
 </xenoData>
 <text xml:id="P.I.Bartenevu_330" xmlns="http://www.tei-c.org/ns/1.0" xmlns:xi="http://www.w3.org/2001/XInclude">
  <body>
   <div>
    <pb n="287"/>
    <opener index="false">
     330.
     <name placement="text" ref="999" type="person">
      П. И. Бартеневу
     </name>
     .1902 г. Сентября 11. Я. П.
    </opener>
    <p id="ab2f39ca-952f-4821-b89e-b5a277235474">
     Спасибо за письмецо, любезный
     <name placement="text" ref="999" type="person">
      Петр Иванович
     </name>
     . Мне нужен
     <choice original_editorial_correction="Ник[олай]">
      <sic>
       Ник
      </sic>
      <corr>
       <name placement="text" ref="9799" type="person">
        Николай
       </name>
      </corr>
     </choice>
     <choice original_editorial_correction="Павлов[ич]">
      <sic>
       <name placement="text" ref="9799" type="person">
        Павлов
       </name>
      </sic>
      <corr>
       <name placement="text" ref="9799" type="person">
        Павлович
       </name>
      </corr>
     </choice>
     1852 года и его отношения к Воронцову во время его наместничества на Кавказе. Нет ли этого в Архиве
     <choice original_editorial_correction="Воронц[ова]">
      <sic>
       Воронц
      </sic>
      <corr>
       Воронцова
      </corr>
     </choice>
     ? У меня есть письма
     <choice original_editorial_correction="Воронц[ова]">
      <sic>
       Воронц
      </sic>
      <corr>
       Воронцова
      </corr>
     </choice>
     к Чернышеву о Хаджи Мурате в русском переводе,
     <ref target="#note1">
      1
     </ref>
     <note index="false" resp="volume_editor" xml:id="note1">
      Письма М. С. Воронцова к А. И. Чернышеву напечатаны в русском переводе в «Русской старине» 1885, март.
     </note>
     а писаны они были
     <choice original_editorial_correction="по-фран[цузски]">
      <sic>
       по-фран
      </sic>
      <corr>
       по-французски
      </corr>
     </choice>
     . Где бы их достать в оригинале?
    </p>
    <p id="a55f6b12-5c2d-4595-9fe4-2257e3206aff">
     Как бы хотел дать что-либо в
     <choice original_editorial_correction="Р[усский]">
      <sic>
       Р
      </sic>
      <corr>
       Русский
      </corr>
     </choice>
     <choice original_editorial_correction="А[рхив]">
      <sic>
       А
      </sic>
      <corr>
       Архив
      </corr>
     </choice>
     , но, если бы вы видели мою жизнь, вы бы поняли, что до сих пор не мог этого сделать.
    </p>
    <p id="5e9fd46a-aa6a-4634-923e-a04d75c6d86e">
     Желаю вам всего хорошего.
    </p>
    <p id="7c1fd499-754f-41b2-85c1-d011b8bcdefe" rend="right">
     <name placement="text" ref="13883" type="person">
      Л. Толстой
     </name>
     .
    </p>
    <p id="70ef35e0-fd90-4a7c-9df8-dd549e7d7c57">
     Еще великая к вам просьба, дорогой
     <name placement="text" ref="999" type="person">
      Петр Иванович
     </name>
     . Как-то мы говорили с вами о том, как
     <choice original_editorial_correction="Нико[лай]">
      <sic>
       Нико
      </sic>
      <corr>
       <name placement="text" ref="9799" type="person">
        Николай
       </name>
      </corr>
     </choice>
     <choice original_editorial_correction="Павло[вич]">
      <sic>
       <name placement="text" ref="9799" type="person">
        Павло
       </name>
      </sic>
      <corr>
       <name placement="text" ref="9799" type="person">
        Павлович
       </name>
      </corr>
     </choice>
     перечислил сколько-то, кажется 200000 или 2 миллиона крестьян из государственных в удельные и заботился о том, чтобы это оставалось тайной.
    </p>
    <p id="04194526-766d-4617-8931-4bb3627e7e21">
     Где сведения об этом? И в каком году и при каком министре это было?
    </p>
    <p id="46e7b8b6-ffe8-42d2-881e-a33463b3f51f" rend="right">
     Л. Т.
    </p>
    <p id="94f04df2-2297-4f0b-a149-374ba1f13355">
     11 сентября 1902
    </p>
    <lb/>
    <p id="d433026f-e077-4b09-b75b-669d38faa130">
     Очень буду благодарен за эти
     <hi style="opdelimiter">
      сведения.
     </hi>
    </p>
    <noteGrp type="comments">
     <note index="false" type="comments">
      <p id="5afa0a0f-633d-4c81-aafe-b0acc18b9edd" rend="Textpetit_otstup left">
       <pb n="288"/>
       <hi style="npdelimiter">
        Автограф
       </hi>
       находится у И. С. Зильберштейна. Отрывок впервые опубликован в статье П. А. Буланже «Как Л. Н. Толстой писал “Хаджи-Мурата”». Неполностью опубликовано в «Сборнике Государственного Толстовского музея» 1937, стр. 184.
      </p>
     </note>
     <note index="false" type="comments">
      <p id="42f81018-5c0f-4bd5-b6b3-36c6b2ef1746" rend="petit">
       Ответ на письмо П. И. Бартенева (см. т. 60) от 31 августа с указанием ряда публикаций в «Русском архиве» материалов о Николае I.
      </p>
     </note>
    </noteGrp>
   </div>
  </body>
 </text>
</TEI>
