<?xml version="1.0" encoding="utf-8"?>
<TEI xmlns="http://www.tei-c.org/ns/1.0" xmlns:xi="http://www.w3.org/2001/XInclude">
 <teiHeader>
  <fileDesc>
   <titleStmt>
    <title xml:id="v74_311_M_L_Obolenskoj">
     Письма и документы. Tolstoy Digital
    </title>
    <title type="main">
     Письмо М. Л. Оболенской от 15 ноября 1903 г.
    </title>
    <title type="bibl">
     Толстой Л. Н. Письмо М. Л. Оболенской, 15 ноября 1903 г. // Толстой Л. Н. Полное собрание сочинений: в 90 тт. Т. 74. М.: Гос. изд. «Художественная литература», 1954. С.
    </title>
    <respStmt>
     <resp>
      Идея, постановка задач, руководство:
     </resp>
     <name>
      Анастасия Бонч-Осмоловская, Фёкла Толстая, Борис Орехов, Тимофей Лукашевский
     </name>
    </respStmt>
    <respStmt>
     <resp>
      Подготовка TEI/XML:
     </resp>
     <name>
      Евгений Можаев, Даниил Скоринкин, Ирина Павлова, Матвей Колбасов, Елена Сидорова, Кирилл Милинцевич, Лев Буланов, Макар Федоров, Константин Петров
     </name>
    </respStmt>
    <respStmt>
     <resp>
      Подготовка метаданных:
     </resp>
     <name>
      Мария Картышева, Вероника Файнберг
     </name>
    </respStmt>
    <respStmt>
     <resp>
      Разметка имен собственных:
     </resp>
     <name>
      Никита Северин, Елена Северина
     </name>
    </respStmt>
    <respStmt>
     <resp>
      Исправление древнегреческого текста:
     </resp>
     <name>
      Ольга Алиева
     </name>
    </respStmt>
    <funder>
     Проект «Слово Толстого»
    </funder>
   </titleStmt>
   <publicationStmt>
    <publisher>
     <orgName>
      Tolstoy Digital, DH CLOUD, Научно-образовательный союз «Родное Слово» проект «Слово Толстого»
     </orgName>
    </publisher>
    <availability>
     <p id="dd61b937-f1f0-41d1-953a-d733c6dbf75a">
      Тексты и метатекстовая разметка доступны для свободного использования и распространения по лицензии Creative Commons Attribution Share-Alike (cc by-sa)
     </p>
    </availability>
    <date from="2015" to="2022"/>
   </publicationStmt>
   <notesStmt>
    <note>
     Публикуемые документы был получены с сайта tolstoy.ru в формате html, переведены в формат TEI. Исправлены некоторые ошибки распознавания. Тексты, написанные в дореформенной орфографии, сопоставлены с их версиями в современной орфографии.
    </note>
   </notesStmt>
   <sourceDesc>
    <biblStruct>
     <analytic>
      <author>
       Толстой Лев Николаевич
      </author>
     </analytic>
     <monogr>
      <title level="m">
       Полное собрание сочинений. Том 74
      </title>
      <imprint>
       <pubPlace>
        Москва
       </pubPlace>
       <publisher>
        Государственное издательство «Художественная литература»
       </publisher>
       <date when="1954"/>
      </imprint>
      <biblScope unit="vol">
       74
      </biblScope>
      <biblScope unit="page">
       234-234
      </biblScope>
     </monogr>
     <series>
      <title level="s">
       Л. Н. Толстой. Полное собрание сочинений: в 90 тт.
      </title>
     </series>
    </biblStruct>
    <bibl/>
   </sourceDesc>
  </fileDesc>
  <encodingDesc>
   <classDecl>
    <xi:include href="../../reference/taxonomy.xml"/>
   </classDecl>
  </encodingDesc>
  <profileDesc>
   <correspDesc>
    <correspAction type="sending">
     <persName ref="13883">
      Л. Н. Толстой
     </persName>
     <placeName>
      Ясная Поляна
     </placeName>
     <date when="1903-11-15"/>
    </correspAction>
    <correspAction type="receiving">
     <persName ref="9984">
      Оболенская Мария Львовна, рожд. Толстая
     </persName>
    </correspAction>
   </correspDesc>
   <langUsage>
    <language ident="ru"/>
   </langUsage>
   <textClass>
    <catRef ana="#tolstoy_heritage" target="library"/>
    <catRef ana="#letters" target="type"/>
    <catRef ana="#sent" target="sent"/>
   </textClass>
  </profileDesc>
 </teiHeader>
 <xenoData>
  <number type="in a volume">
   311
  </number>
 </xenoData>
 <text xml:id="M.L.Obolenskoj_311" xmlns="http://www.tei-c.org/ns/1.0" xmlns:xi="http://www.w3.org/2001/XInclude">
  <body>
   <div>
    <pb n="234"/>
    <opener index="false">
     311. M. Л. Оболенской.1903 г. Ноября 15. Я. П.
    </opener>
    <p id="74396e39-0ce8-4ab4-9de5-3ed8f8e220c6">
     Спасибо за письмо, милая Маша. Мне хорошо всячески, и телесно и духовно. Нынче была
     <choice original_editorial_correction="М[арья]">
      <sic>
       М
      </sic>
      <corr>
       Марья
      </corr>
     </choice>
     <choice original_editorial_correction="А[лександровна]">
      <sic>
       А
      </sic>
      <corr>
       Александровна
      </corr>
     </choice>
     . Так хорошо с ней. Саша всё хворает, худеет, но хорошо живет и чувствует. Тебе было плохо со мной
     <ref target="#note1">
      1
     </ref>
     <note index="false" resp="volume_editor" xml:id="note1">
      Толстой имеет в виду свое пребывание в Пирогове 5—8 ноября.
     </note>
     — я был мрачен, но зато мне хорошо. Прощай, целую вас.
    </p>
    <p id="bb077a8e-8a6b-4ade-a340-620120f6fdad" rend="right">
     Л. Т.
    </p>
    <noteGrp type="comments">
     <note index="false" type="comments">
      <p id="f8f9ee72-92ac-49a3-95d9-ccbdd0339038" rend="Textpetit_otstup left">
       Впервые опубликовано по копии в «Современных записках» 1926, XXVII, стр. 278. Основание датировки: впервые по возвращении Толстого из Пирогова М. А. Шмидт была в Ясной Поляне 15 ноября.
      </p>
     </note>
    </noteGrp>
   </div>
  </body>
 </text>
</TEI>
