<?xml version="1.0" encoding="utf-8"?>
<TEI xmlns="http://www.tei-c.org/ns/1.0" xmlns:xi="http://www.w3.org/2001/XInclude">
 <teiHeader>
  <fileDesc>
   <titleStmt>
    <title xml:id="v74_281_A_YA_Ostrogorskomu">
     Письма и документы. Tolstoy Digital
    </title>
    <title type="main">
     Письмо А. Я. Острогорскому от 22 октября 1903 г.
    </title>
    <title type="bibl">
     Толстой Л. Н. Письмо А. Я. Острогорскому, 22 октября 1903 г. // Толстой Л. Н. Полное собрание сочинений: в 90 тт. Т. 74. М.: Гос. изд. «Художественная литература», 1954. С.
    </title>
    <respStmt>
     <resp>
      Идея, постановка задач, руководство:
     </resp>
     <name>
      Анастасия Бонч-Осмоловская, Фёкла Толстая, Борис Орехов, Тимофей Лукашевский
     </name>
    </respStmt>
    <respStmt>
     <resp>
      Подготовка TEI/XML:
     </resp>
     <name>
      Евгений Можаев, Даниил Скоринкин, Ирина Павлова, Матвей Колбасов, Елена Сидорова, Кирилл Милинцевич, Лев Буланов, Макар Федоров, Константин Петров
     </name>
    </respStmt>
    <respStmt>
     <resp>
      Подготовка метаданных:
     </resp>
     <name>
      Мария Картышева, Вероника Файнберг
     </name>
    </respStmt>
    <respStmt>
     <resp>
      Разметка имен собственных:
     </resp>
     <name>
      Никита Северин, Елена Северина
     </name>
    </respStmt>
    <respStmt>
     <resp>
      Исправление древнегреческого текста:
     </resp>
     <name>
      Ольга Алиева
     </name>
    </respStmt>
    <funder>
     Проект «Слово Толстого»
    </funder>
   </titleStmt>
   <publicationStmt>
    <publisher>
     <orgName>
      Tolstoy Digital, DH CLOUD, Научно-образовательный союз «Родное Слово» проект «Слово Толстого»
     </orgName>
    </publisher>
    <availability>
     <p id="21a761d1-0a4a-4798-900b-9bc07d9f7638">
      Тексты и метатекстовая разметка доступны для свободного использования и распространения по лицензии Creative Commons Attribution Share-Alike (cc by-sa)
     </p>
    </availability>
    <date from="2015" to="2022"/>
   </publicationStmt>
   <notesStmt>
    <note>
     Публикуемые документы был получены с сайта tolstoy.ru в формате html, переведены в формат TEI. Исправлены некоторые ошибки распознавания. Тексты, написанные в дореформенной орфографии, сопоставлены с их версиями в современной орфографии.
    </note>
   </notesStmt>
   <sourceDesc>
    <biblStruct>
     <analytic>
      <author>
       Толстой Лев Николаевич
      </author>
     </analytic>
     <monogr>
      <title level="m">
       Полное собрание сочинений. Том 74
      </title>
      <imprint>
       <pubPlace>
        Москва
       </pubPlace>
       <publisher>
        Государственное издательство «Художественная литература»
       </publisher>
       <date when="1954"/>
      </imprint>
      <biblScope unit="vol">
       74
      </biblScope>
      <biblScope unit="page">
       209-210
      </biblScope>
     </monogr>
     <series>
      <title level="s">
       Л. Н. Толстой. Полное собрание сочинений: в 90 тт.
      </title>
     </series>
    </biblStruct>
    <bibl>
     Публикуется впервые
    </bibl>
   </sourceDesc>
  </fileDesc>
  <encodingDesc>
   <classDecl>
    <xi:include href="../../reference/taxonomy.xml"/>
   </classDecl>
  </encodingDesc>
  <profileDesc>
   <correspDesc>
    <correspAction type="sending">
     <persName ref="13883">
      Л. Н. Толстой
     </persName>
     <placeName>
      Ясная Поляна
     </placeName>
     <date when="1903-10-22"/>
    </correspAction>
    <correspAction type="receiving">
     <persName ref="10335">
      Острогорский Александр Яковлевич
     </persName>
    </correspAction>
   </correspDesc>
   <langUsage>
    <language ident="ru"/>
   </langUsage>
   <textClass>
    <catRef ana="#tolstoy_heritage" target="library"/>
    <catRef ana="#letters" target="type"/>
    <catRef ana="#sent" target="sent"/>
   </textClass>
  </profileDesc>
 </teiHeader>
 <xenoData>
  <number type="in a volume">
   281
  </number>
 </xenoData>
 <text xml:id="A.YA.Ostrogorskomu_281" xmlns="http://www.tei-c.org/ns/1.0" xmlns:xi="http://www.w3.org/2001/XInclude">
  <body>
   <div>
    <pb n="209"/>
    <opener index="false">
     * 281.
     <name placement="text" ref="10335" type="person">
      А. Я. Острогорскому
     </name>
     .1903 г. Октября 22. Я. П.
    </opener>
    <p id="3a0fac61-534d-490a-9853-67cbb56d0672" rend="Obrashenie">
     <name placement="text" ref="10335" type="person">
      Александр Яковлевич
     </name>
     ,
    </p>
    <p id="0bd510ff-bc10-4491-9a35-ddf5da4da538">
     Прошу вас, если найдете удобным и возможным, поместить в вашем журнале прилагаемый мой перевод весьма интересной и важной статьи Джемса.
    </p>
    <p id="8944c228-beee-4450-965c-91f204e6e4fd">
     Желаю вам успеха в этом деле и всего лучшего.
    </p>
    <p id="e41dfa47-47a6-425f-aaf2-00b0347ebe50" rend="right">
     <name placement="text" ref="13883" type="person">
      Лев Толстой
     </name>
     .
    </p>
    <p id="6ae22e58-2e53-4578-9662-407238649086">
     1903. 22
     <hi style="opdelimiter">
      окт.
     </hi>
    </p>
    <noteGrp type="comments">
     <note index="false" type="comments">
      <p id="b15731ff-5455-4e1d-b4bf-23cca0743eec" rend="Textpetit_otstup left">
       <pb n="210"/>
       <hi style="npdelimiter">
        Печатается
       </hi>
       по копировальной книге № 5, л. 309.
      </p>
     </note>
     <note index="false" type="comments">
      <p id="458d0a4d-535e-462c-bc8b-7778c5c5d175" rend="petit">
       О статье
       <name placement="comments" ref="4352" type="person">
        Эдуарда Джемса
       </name>
       <ref target="file:///Volume_74_EduarduDzhemsuEdwardJames_275.xml">
        см. письмо № 275
       </ref>
       . Публикация перевода Толстого в журнале «Образование» была запрещена цензурой, о чем уведомил Толстого П. А. Буланже. Где находится оригинал перевода, не установлено.
      </p>
     </note>
    </noteGrp>
   </div>
  </body>
 </text>
</TEI>
