<?xml version="1.0" encoding="utf-8"?>
<TEI xmlns="http://www.tei-c.org/ns/1.0" xmlns:xi="http://www.w3.org/2001/XInclude">
 <teiHeader>
  <fileDesc>
   <titleStmt>
    <title xml:id="v74_113_UolteruStivensonuWalterStewenson">
     Письма и документы. Tolstoy Digital
    </title>
    <title type="main">
     Письмо Уолтеру Стивенсону (Walter Stewenson) от 1 апреля 1903 г.
    </title>
    <title type="bibl">
     Толстой Л. Н. Письмо Уолтеру Стивенсону (Walter Stewenson), 1 апреля 1903 г. // Толстой Л. Н. Полное собрание сочинений: в 90 тт. Т. 74. М.: Гос. изд. «Художественная литература», 1954. С.
    </title>
    <respStmt>
     <resp>
      Идея, постановка задач, руководство:
     </resp>
     <name>
      Анастасия Бонч-Осмоловская, Фёкла Толстая, Борис Орехов, Тимофей Лукашевский
     </name>
    </respStmt>
    <respStmt>
     <resp>
      Подготовка TEI/XML:
     </resp>
     <name>
      Евгений Можаев, Даниил Скоринкин, Ирина Павлова, Матвей Колбасов, Елена Сидорова, Кирилл Милинцевич, Лев Буланов, Макар Федоров, Константин Петров
     </name>
    </respStmt>
    <respStmt>
     <resp>
      Подготовка метаданных:
     </resp>
     <name>
      Мария Картышева, Вероника Файнберг
     </name>
    </respStmt>
    <respStmt>
     <resp>
      Разметка имен собственных:
     </resp>
     <name>
      Никита Северин, Елена Северина
     </name>
    </respStmt>
    <respStmt>
     <resp>
      Исправление древнегреческого текста:
     </resp>
     <name>
      Ольга Алиева
     </name>
    </respStmt>
    <funder>
     Проект «Слово Толстого»
    </funder>
   </titleStmt>
   <publicationStmt>
    <publisher>
     <orgName>
      Tolstoy Digital, DH CLOUD, Научно-образовательный союз «Родное Слово» проект «Слово Толстого»
     </orgName>
    </publisher>
    <availability>
     <p id="53d1ab77-792b-489c-9522-33589b52a596">
      Тексты и метатекстовая разметка доступны для свободного использования и распространения по лицензии Creative Commons Attribution Share-Alike (cc by-sa)
     </p>
    </availability>
    <date from="2015" to="2022"/>
   </publicationStmt>
   <notesStmt>
    <note>
     Публикуемые документы был получены с сайта tolstoy.ru в формате html, переведены в формат TEI. Исправлены некоторые ошибки распознавания. Тексты, написанные в дореформенной орфографии, сопоставлены с их версиями в современной орфографии.
    </note>
   </notesStmt>
   <sourceDesc>
    <biblStruct>
     <analytic>
      <author>
       Толстой Лев Николаевич
      </author>
     </analytic>
     <monogr>
      <title level="m">
       Полное собрание сочинений. Том 74
      </title>
      <imprint>
       <pubPlace>
        Москва
       </pubPlace>
       <publisher>
        Государственное издательство «Художественная литература»
       </publisher>
       <date when="1954"/>
      </imprint>
      <biblScope unit="vol">
       74
      </biblScope>
      <biblScope unit="page">
       95-95
      </biblScope>
     </monogr>
     <series>
      <title level="s">
       Л. Н. Толстой. Полное собрание сочинений: в 90 тт.
      </title>
     </series>
    </biblStruct>
    <bibl>
     Публикуется впервые
    </bibl>
   </sourceDesc>
  </fileDesc>
  <encodingDesc>
   <classDecl>
    <xi:include href="../../reference/taxonomy.xml"/>
   </classDecl>
  </encodingDesc>
  <profileDesc>
   <correspDesc>
    <correspAction type="sending">
     <persName ref="13883">
      Л. Н. Толстой
     </persName>
     <placeName>
      Ясная Поляна
     </placeName>
     <date when="1903-04-01"/>
    </correspAction>
    <correspAction type="receiving">
     <persName ref="13221">
      Стивенсон Уолтер (Walter Stewenson)
     </persName>
    </correspAction>
   </correspDesc>
   <langUsage>
    <language ident="ru"/>
   </langUsage>
   <textClass>
    <catRef ana="#tolstoy_heritage" target="library"/>
    <catRef ana="#letters" target="type"/>
    <catRef ana="#sent" target="sent"/>
   </textClass>
  </profileDesc>
 </teiHeader>
 <xenoData>
  <number type="in a volume">
   113
  </number>
 </xenoData>
 <text xml:id="UolteruStivensonuWalterStewenson_113" xmlns="http://www.tei-c.org/ns/1.0" xmlns:xi="http://www.w3.org/2001/XInclude">
  <body>
   <div>
    <pb n="95"/>
    <opener index="false">
     * 113.
     <name placement="text" ref="13221" type="person">
      Уолтеру Стивенсону (Walter Stewenson)
     </name>
     .1903 г. Апреля 1/14. Я. П.
    </opener>
    <p id="6e67357f-7649-4b81-90a7-21173dfccc49" rend="Obrashenie">
     Dear Sir,
    </p>
    <p id="894f874e-9087-49cc-9f0f-ee01a023588c">
     I have sent you back your M. S. because I have a longtime ago given my Authorisation to translate, print, dramatize and do all what they whish with my writings and now have nor leisure nor interest to review the translations or dramatizations of my works.
    </p>
    <p id="6be9f020-4955-4cf8-98bf-6311887c5a41">
     Please excuse me for not fulfilling your wish, but truly I can not do it.
    </p>
    <p id="d58c0727-1547-4cac-99bb-cbf376cbcca5" rend="right rightindent">
     Yours truly
    </p>
    <p id="55b8ed8d-2a84-4aa0-93ea-829508861078" rend="right">
     Leo Tolstoy.
    </p>
    <p id="1404acdb-9032-4fcf-97fc-12b39db60380">
     14 April 1903.
    </p>
    <lb/>
    <p id="fcc2017a-6d6d-438a-b411-f8f1c349b526" rend="Obrashenie petit">
     Милостивый государь,
    </p>
    <p id="fc80eca1-dab1-4bd9-aaa7-ee2053c8815c" rend="petit">
     Я отослал вам вашу рукопись потому, что уже давно разрешил всем желающим переводить, печатать, обрабатывать для сцены и вообще делать всё, что им угодно, с моими писаниями и теперь не имею ни времени, ни интереса просматривать переводы или переделки для сцены моих произведений.
    </p>
    <p id="dc7dc6e0-d08e-44ab-80d5-882def2b7ed7" rend="petit">
     Извините, пожалуйста, что не исполняю вашей просьбы, но я, право, не могу этого сделать.
    </p>
    <p id="ab41b74c-69e8-4214-ac6e-3b6ec2101c2c" rend="petit right rightindent">
     Искренно ваш
    </p>
    <p id="7b85e569-020f-4dad-b4bc-dfc100a4bc62" rend="petit right">
     <name placement="text" ref="13883" type="person">
      Лев Толстой
     </name>
     .
    </p>
    <p id="42335384-884a-4465-b05c-6348a62e4055" rend="petit">
     14 апреля
    </p>
    <p id="63b33e12-8e1c-4e26-ad05-71c6b187d8be" rend="petit">
     1903.
    </p>
    <noteGrp type="comments">
     <note index="false" type="comments">
      <p id="051dc21d-cf27-4a6e-ab7b-c3ece0272e0c" rend="Textpetit_otstup left">
       Печатается по копировальной книге № 5, л. 147. Дата Толстого нового стиля: в копировальной книге письмо отпечатано среди русских писем от 1 апреля.
      </p>
     </note>
     <note index="false" type="comments">
      <p id="18f74b13-b46f-47e9-a598-5a1fa1607fa9" rend="petit">
       <name placement="comments" ref="13221" type="person">
        Уолтер Стивенсон
       </name>
       — драматург, автор нескольких инсценировок, ставившихся в театре лондонского предместья.
      </p>
     </note>
     <note index="false" type="comments">
      <p id="72476461-8b60-4fb0-ad3e-58fa2fae32c1" rend="petit">
       Ответ на письмо Стивенсона от 7 апреля н. ст. 1903 г. по поводу его переделки для сцены повести Толстого «Ходите в свете, пока есть свет».
      </p>
     </note>
    </noteGrp>
   </div>
  </body>
 </text>
</TEI>
