<?xml version="1.0" encoding="utf-8"?>
<TEI xmlns="http://www.tei-c.org/ns/1.0" xmlns:xi="http://www.w3.org/2001/XInclude">
 <teiHeader>
  <fileDesc>
   <titleStmt>
    <title xml:id="v74_085_A_A_Volkenshtejnu">
     Письма и документы. Tolstoy Digital
    </title>
    <title type="main">
     Письмо А. А. Волкенштейну от 20 марта 1903 г.
    </title>
    <title type="bibl">
     Толстой Л. Н. Письмо А. А. Волкенштейну, 20 марта 1903 г. // Толстой Л. Н. Полное собрание сочинений: в 90 тт. Т. 74. М.: Гос. изд. «Художественная литература», 1954. С.
    </title>
    <respStmt>
     <resp>
      Идея, постановка задач, руководство:
     </resp>
     <name>
      Анастасия Бонч-Осмоловская, Фёкла Толстая, Борис Орехов, Тимофей Лукашевский
     </name>
    </respStmt>
    <respStmt>
     <resp>
      Подготовка TEI/XML:
     </resp>
     <name>
      Евгений Можаев, Даниил Скоринкин, Ирина Павлова, Матвей Колбасов, Елена Сидорова, Кирилл Милинцевич, Лев Буланов, Макар Федоров, Константин Петров
     </name>
    </respStmt>
    <respStmt>
     <resp>
      Подготовка метаданных:
     </resp>
     <name>
      Мария Картышева, Вероника Файнберг
     </name>
    </respStmt>
    <respStmt>
     <resp>
      Разметка имен собственных:
     </resp>
     <name>
      Никита Северин, Елена Северина
     </name>
    </respStmt>
    <respStmt>
     <resp>
      Исправление древнегреческого текста:
     </resp>
     <name>
      Ольга Алиева
     </name>
    </respStmt>
    <funder>
     Проект «Слово Толстого»
    </funder>
   </titleStmt>
   <publicationStmt>
    <publisher>
     <orgName>
      Tolstoy Digital, DH CLOUD, Научно-образовательный союз «Родное Слово» проект «Слово Толстого»
     </orgName>
    </publisher>
    <availability>
     <p id="77d67abd-a099-4c0e-a7d9-f4ffbd5b6e09">
      Тексты и метатекстовая разметка доступны для свободного использования и распространения по лицензии Creative Commons Attribution Share-Alike (cc by-sa)
     </p>
    </availability>
    <date from="2015" to="2022"/>
   </publicationStmt>
   <notesStmt>
    <note>
     Публикуемые документы был получены с сайта tolstoy.ru в формате html, переведены в формат TEI. Исправлены некоторые ошибки распознавания. Тексты, написанные в дореформенной орфографии, сопоставлены с их версиями в современной орфографии.
    </note>
   </notesStmt>
   <sourceDesc>
    <biblStruct>
     <analytic>
      <author>
       Толстой Лев Николаевич
      </author>
     </analytic>
     <monogr>
      <title level="m">
       Полное собрание сочинений. Том 74
      </title>
      <imprint>
       <pubPlace>
        Москва
       </pubPlace>
       <publisher>
        Государственное издательство «Художественная литература»
       </publisher>
       <date when="1954"/>
      </imprint>
      <biblScope unit="vol">
       74
      </biblScope>
      <biblScope unit="page">
       76-77
      </biblScope>
     </monogr>
     <series>
      <title level="s">
       Л. Н. Толстой. Полное собрание сочинений: в 90 тт.
      </title>
     </series>
    </biblStruct>
    <bibl>
     Публикуется впервые
    </bibl>
   </sourceDesc>
  </fileDesc>
  <encodingDesc>
   <classDecl>
    <xi:include href="../../reference/taxonomy.xml"/>
   </classDecl>
  </encodingDesc>
  <profileDesc>
   <correspDesc>
    <correspAction type="sending">
     <persName ref="13883">
      Л. Н. Толстой
     </persName>
     <placeName>
      Ясная Поляна
     </placeName>
     <date when="1903-03-20"/>
    </correspAction>
    <correspAction type="receiving">
     <persName ref="2736">
      Волкенштейн Александр Александрович
     </persName>
    </correspAction>
   </correspDesc>
   <langUsage>
    <language ident="ru"/>
   </langUsage>
   <textClass>
    <catRef ana="#tolstoy_heritage" target="library"/>
    <catRef ana="#letters" target="type"/>
    <catRef ana="#sent" target="sent"/>
   </textClass>
  </profileDesc>
 </teiHeader>
 <xenoData>
  <number type="in a volume">
   85
  </number>
 </xenoData>
 <text xml:id="A.A.Volkenshtejnu_85" xmlns="http://www.tei-c.org/ns/1.0" xmlns:xi="http://www.w3.org/2001/XInclude">
  <body>
   <div>
    <pb n="76"/>
    <opener index="false">
     * 85.
     <name placement="text" ref="2736" type="person">
      А. А. Волкенштейну
     </name>
     .1903 г. Марта 20. Я. П.
    </opener>
    <p id="eb2440b4-2ff3-492a-881a-d6a0b7e01745">
     На о. Сахалин. Врачу
     <name placement="text" ref="2736" type="person">
      Александру Александровичу Волкенштейну
     </name>
     .
    </p>
    <p id="abcb1bcc-35e2-4355-a14b-7cc3fadcc1b7">
     Дорогой
     <choice original_editorial_correction="Алекс[андр]">
      <sic>
       Алекс
      </sic>
      <corr>
       <name placement="text" ref="2736" type="person">
        Александр
       </name>
      </corr>
     </choice>
     <choice original_editorial_correction="Алекс[андрович]">
      <sic>
       <name placement="text" ref="2736" type="person">
        Алекс
       </name>
      </sic>
      <corr>
       <name placement="text" ref="2736" type="person">
        Александрович
       </name>
      </corr>
     </choice>
     . Очень рад случаю написать вам и вызвать вас на ответ, хотя в мои года и с моим здоровьем получить ответ с Сахалина очень сомнительно. Спасибо вам за ваше длинное письмо к Тане. Это
     <choice original_editorial_correction="б[ыло]">
      <sic>
       б
      </sic>
      <corr>
       было
      </corr>
     </choice>
     очень давно, И это последнее, что я знал о вас. Судя по вашему бодрому,
     <hi style="opdelimiter">
      твердому
     </hi>
     <pb n="77"/>
     <hi style="npdelimiter">
      и
     </hi>
     доброму душевному состоянию, думаю, что вам с вашей женой,
     <choice original_editorial_correction="к[оторой]">
      <sic>
       к
      </sic>
      <corr>
       которой
      </corr>
     </choice>
     передайте мой привет, и в борьбе с злом в самом его страшном виде, вам живется хорошо, лучше нашего. Я жаловаться на жизнь свою не могу. Думаю, что живу чем дальше, тем более
     <choice original_editorial_correction="полн[ою]">
      <sic>
       полн
      </sic>
      <corr>
       полною
      </corr>
     </choice>
     жизнью, и чем ближе к переходу в другую, тем серьезнее и строже к самому себе. То, что написал за это время, думаю, вам известно; теперь работаю над многими вещами одновременно, зная вперед, что не кончу
     <hi>
      1
     </hi>
     /
     <sub>
      10
     </sub>
     начатого. Здоровье теперь, к весне, получше, но на болезнь не жалуюсь, она дала мне много хорошего.
    </p>
    <p id="efcf39c9-d448-46ce-b80c-94ead050ca27">
     Просить я вас хочу вот о чем. К вам на Сахалин в каторгу отправлены на каторгу павловские сектанты за разгром церкви.
     <ref target="#note2">
      2
     </ref>
     <note index="false" resp="volume_editor" xml:id="note2">
      Крестьяне-сектанты с. Павловки Харьковской губ., в 1901 г. разгромившие местную церковь. Пятнадцать человек из них были приговорены к каторжным работам и отправлены на Сахалин. См. в т. 73 письмо № 175.
     </note>
     Это люди очень почтенные. Помогите им. Пишу и знаю, что вы и без меня всё, что можете, для них сделаете, но я обещал написать
     <ref target="#note3">
      3
     </ref>
     <note index="false" resp="volume_editor" xml:id="note3">
      X. Н. Абрикосов, принимавший близкое участие в судьбе павловских сектантов, просил Толстого написать о них Волкенштейну.
      <ref target="file:///Volume_74_X.N.Abrikosovu_73.xml">
       См. письмо № 73
      </ref>
      .
     </note>
     и рад случаю общения с вами.
    </p>
    <p id="8e10ee7f-b4f3-4f4b-a37f-f3d063be3436" rend="right">
     Любящий вас
     <name placement="text" ref="13883" type="person">
      Лев Толстой
     </name>
     .
    </p>
    <p id="25662048-417e-408a-beb3-cb2183783ea9">
     1903. 20 марта.
    </p>
    <noteGrp type="comments">
     <note index="false" type="comments">
      <p id="70ed34d9-f0f4-410b-85dd-5d5974dfded0" rend="Textpetit_otstup left">
       Печатается по копировальной книге № 4, лл. 274—275.
      </p>
     </note>
     <note index="false" type="comments">
      <p id="8d62bc7f-9fcd-4dfd-9116-1fb3a87dd620" rend="petit">
       <name placement="comments" ref="2736" type="person">
        Александр Александрович Волкенштейн
       </name>
       (1852—1925)—земский врач, неоднократно подвергавшийся репрессиям, участник «процесса 193-х». В 1898 г. уехал на о. Сахалин к сосланной туда своей первой жене,
       <name placement="comments" ref="2738" type="person">
        Людмиле Александровне Волкенштейн
       </name>
       (1857—1906). В 1903 г. вместе с женой переехал во Владивосток, где служил санитарным врачом. См. тт. 71 и 72.
      </p>
     </note>
    </noteGrp>
   </div>
  </body>
 </text>
</TEI>
