<?xml version="1.0" encoding="utf-8"?>
<TEI xmlns="http://www.tei-c.org/ns/1.0" xmlns:xi="http://www.w3.org/2001/XInclude">
 <teiHeader>
  <fileDesc>
   <titleStmt>
    <title xml:id="v74_320_H_N_Gesynu">
     Письма и документы. Tolstoy Digital
    </title>
    <title type="main">
     Письмо Н. Н. Ге (сыну) от 27 ноября 1903 г.
    </title>
    <title type="bibl">
     Толстой Л. Н. Письмо Н. Н. Ге (сыну), 27 ноября 1903 г. // Толстой Л. Н. Полное собрание сочинений: в 90 тт. Т. 74. М.: Гос. изд. «Художественная литература», 1954. С.
    </title>
    <respStmt>
     <resp>
      Идея, постановка задач, руководство:
     </resp>
     <name>
      Анастасия Бонч-Осмоловская, Фёкла Толстая, Борис Орехов, Тимофей Лукашевский
     </name>
    </respStmt>
    <respStmt>
     <resp>
      Подготовка TEI/XML:
     </resp>
     <name>
      Евгений Можаев, Даниил Скоринкин, Ирина Павлова, Матвей Колбасов, Елена Сидорова, Кирилл Милинцевич, Лев Буланов, Макар Федоров, Константин Петров
     </name>
    </respStmt>
    <respStmt>
     <resp>
      Подготовка метаданных:
     </resp>
     <name>
      Мария Картышева, Вероника Файнберг
     </name>
    </respStmt>
    <respStmt>
     <resp>
      Разметка имен собственных:
     </resp>
     <name>
      Никита Северин, Елена Северина
     </name>
    </respStmt>
    <respStmt>
     <resp>
      Исправление древнегреческого текста:
     </resp>
     <name>
      Ольга Алиева
     </name>
    </respStmt>
    <funder>
     Проект «Слово Толстого»
    </funder>
   </titleStmt>
   <publicationStmt>
    <publisher>
     <orgName>
      Tolstoy Digital, DH CLOUD, Научно-образовательный союз «Родное Слово» проект «Слово Толстого»
     </orgName>
    </publisher>
    <availability>
     <p id="29c8a70f-5607-4a28-82a7-58367742dab9">
      Тексты и метатекстовая разметка доступны для свободного использования и распространения по лицензии Creative Commons Attribution Share-Alike (cc by-sa)
     </p>
    </availability>
    <date from="2015" to="2022"/>
   </publicationStmt>
   <notesStmt>
    <note>
     Публикуемые документы был получены с сайта tolstoy.ru в формате html, переведены в формат TEI. Исправлены некоторые ошибки распознавания. Тексты, написанные в дореформенной орфографии, сопоставлены с их версиями в современной орфографии.
    </note>
   </notesStmt>
   <sourceDesc>
    <biblStruct>
     <analytic>
      <author>
       Толстой Лев Николаевич
      </author>
     </analytic>
     <monogr>
      <title level="m">
       Полное собрание сочинений. Том 74
      </title>
      <imprint>
       <pubPlace>
        Москва
       </pubPlace>
       <publisher>
        Государственное издательство «Художественная литература»
       </publisher>
       <date when="1954"/>
      </imprint>
      <biblScope unit="vol">
       74
      </biblScope>
      <biblScope unit="page">
       240-241
      </biblScope>
     </monogr>
     <series>
      <title level="s">
       Л. Н. Толстой. Полное собрание сочинений: в 90 тт.
      </title>
     </series>
    </biblStruct>
    <bibl>
     Публикуется впервые
    </bibl>
   </sourceDesc>
  </fileDesc>
  <encodingDesc>
   <classDecl>
    <xi:include href="../../reference/taxonomy.xml"/>
   </classDecl>
  </encodingDesc>
  <profileDesc>
   <correspDesc>
    <correspAction type="sending">
     <persName ref="13883">
      Л. Н. Толстой
     </persName>
     <placeName>
      Ясная Поляна
     </placeName>
     <date when="1903-11-27"/>
    </correspAction>
    <correspAction type="receiving">
     <persName ref="3191">
      Ге Николай Николаевич (сын художника)
     </persName>
    </correspAction>
   </correspDesc>
   <langUsage>
    <language ident="ru"/>
   </langUsage>
   <textClass>
    <catRef ana="#tolstoy_heritage" target="library"/>
    <catRef ana="#letters" target="type"/>
    <catRef ana="#sent" target="sent"/>
   </textClass>
  </profileDesc>
 </teiHeader>
 <xenoData>
  <number type="in a volume">
   320
  </number>
 </xenoData>
 <text xml:id="H.N.Gesynu_320" xmlns="http://www.tei-c.org/ns/1.0" xmlns:xi="http://www.w3.org/2001/XInclude">
  <body>
   <div>
    <pb n="240"/>
    <opener index="false">
     * 320. H. Н. Ге (сыну).1903 г. Ноября 27. Я. П.
    </opener>
    <p id="366f39ee-fe8e-4edd-9709-67a6a7234aa7" rend="Obrashenie">
     Милый друг Количка,
    </p>
    <p id="065efc65-8669-4177-85eb-73c31228d17e">
     Начинаю писать вам, и почерк мой становится похож на ваш. Это я хвастаюсь, но это значит, что я люблю вас.
    </p>
    <p id="0d886440-2ec5-4699-ab17-ed180caf47b4">
     Разумеется, оставьте у себя письма. Таня очень хорошо написала свои воспоминания.
     <ref target="#note1">
      1
     </ref>
     <note index="false" resp="volume_editor" xml:id="note1">
      Воспоминания T. Л. Сухотиной о художнике Н. Н. Ге напечатаны в «Вестнике Европы» 1904, И. Переизданы в ее книге «Друзья и гости Ясной Поляны», М. 1923.
     </note>
     Как вы, милый друг, живете? Вы хороший, но всегда боюсь за вас, чтоб вам не попала возжа под хвост. Вы к этому склонны, и Париж к этому располагает. Смотрите, держитесь, голубчик. Вы так хорошо устроили свою жизнь. Только не переменяйте ничего.
    </p>
    <p id="a3807490-fd4a-4d95-ba9c-2138d6b339d0">
     Я здоров, бодр, доволен жизнью, приближающей меня к смерти, и ничего не желаю, кроме того, чтобы получше употребить остающиеся силы и время.
    </p>
    <p id="6dabd7d2-ae32-4ce0-87a4-f95aee7e1e76">
     Прощайте, голубчик. Целую вас. Привет
     <choice original_editorial_correction="Д[митрию]">
      <sic>
       Д
      </sic>
      <corr>
       Дмитрию
      </corr>
     </choice>
     <choice original_editorial_correction="В[асильевичу]">
      <sic>
       В
      </sic>
      <corr>
       Васильевичу
      </corr>
     </choice>
     ,
     <ref target="#note2">
      2
     </ref>
     <note index="false" resp="volume_editor" xml:id="note2">
      <name placement="note" ref="9742" type="person">
       Дмитрий Васильевич Никитин
      </name>
      .
     </note>
     Саломону и Байе.
     <ref target="#note3">
      3
     </ref>
     <note index="false" resp="volume_editor" xml:id="note3">
      <name placement="note" ref="1951" type="person">
       Поль Буайе
      </name>
      .
     </note>
    </p>
    <p id="1203bef2-2ec5-476a-aa21-7d045e3512a5" rend="right">
     <name placement="text" ref="13883" type="person">
      Л. Толстой
     </name>
     .
    </p>
    <p id="46d514b2-db75-46e0-9a53-e0843625008c">
     27 ноября
     <hi style="opdelimiter">
      1903.
     </hi>
    </p>
    <noteGrp type="comments">
     <note index="false" type="comments">
      <p id="7b20e1e1-0831-4c06-8028-7c4d78f3e35c" rend="Textpetit_otstup left">
       <pb n="241"/>
       <hi style="npdelimiter">
        В
       </hi>
       переводе на итальянский язык опубликовано в книге: Nicola Gay. 1 miei rapporti con Tolstoi e la sua famiglia. Firenze, S. G. Sansoni-editore, 1936, стр. 129—130.
      </p>
     </note>
     <note index="false" type="comments">
      <p id="99442b04-e21f-4001-82b9-aa57ca74faaa" rend="petit">
       Ответ на письмо от 30 ноября н. ст. 1903 г. из Парижа, в котором H. Н. Ге (сын) просил разрешения оставить у себя автографы писем отца к Толстому, а ему прислать копии с них. Письма эти находились у Н. Н. Ге в связи с его работой над биографией отца. Копий с них в архиве Толстого нет.
      </p>
     </note>
    </noteGrp>
   </div>
  </body>
 </text>
</TEI>
