<?xml version="1.0" encoding="utf-8"?>
<TEI xmlns="http://www.tei-c.org/ns/1.0" xmlns:xi="http://www.w3.org/2001/XInclude">
 <teiHeader>
  <fileDesc>
   <titleStmt>
    <title xml:id="v74_348_A_A_Tolstoj">
     Письма и документы. Tolstoy Digital
    </title>
    <title type="main">
     Письмо А. А. Толстой от 22 декабря 1903 г.
    </title>
    <title type="bibl">
     Толстой Л. Н. Письмо А. А. Толстой, 22 декабря 1903 г. // Толстой Л. Н. Полное собрание сочинений: в 90 тт. Т. 74. М.: Гос. изд. «Художественная литература», 1954. С.
    </title>
    <respStmt>
     <resp>
      Идея, постановка задач, руководство:
     </resp>
     <name>
      Анастасия Бонч-Осмоловская, Фёкла Толстая, Борис Орехов, Тимофей Лукашевский
     </name>
    </respStmt>
    <respStmt>
     <resp>
      Подготовка TEI/XML:
     </resp>
     <name>
      Евгений Можаев, Даниил Скоринкин, Ирина Павлова, Матвей Колбасов, Елена Сидорова, Кирилл Милинцевич, Лев Буланов, Макар Федоров, Константин Петров
     </name>
    </respStmt>
    <respStmt>
     <resp>
      Подготовка метаданных:
     </resp>
     <name>
      Мария Картышева, Вероника Файнберг
     </name>
    </respStmt>
    <respStmt>
     <resp>
      Разметка имен собственных:
     </resp>
     <name>
      Никита Северин, Елена Северина
     </name>
    </respStmt>
    <respStmt>
     <resp>
      Исправление древнегреческого текста:
     </resp>
     <name>
      Ольга Алиева
     </name>
    </respStmt>
    <funder>
     Проект «Слово Толстого»
    </funder>
   </titleStmt>
   <publicationStmt>
    <publisher>
     <orgName>
      Tolstoy Digital, DH CLOUD, Научно-образовательный союз «Родное Слово» проект «Слово Толстого»
     </orgName>
    </publisher>
    <availability>
     <p id="717150e6-f2a7-41b2-bd75-9b139057797c">
      Тексты и метатекстовая разметка доступны для свободного использования и распространения по лицензии Creative Commons Attribution Share-Alike (cc by-sa)
     </p>
    </availability>
    <date from="2015" to="2022"/>
   </publicationStmt>
   <notesStmt>
    <note>
     Публикуемые документы был получены с сайта tolstoy.ru в формате html, переведены в формат TEI. Исправлены некоторые ошибки распознавания. Тексты, написанные в дореформенной орфографии, сопоставлены с их версиями в современной орфографии.
    </note>
   </notesStmt>
   <sourceDesc>
    <biblStruct>
     <analytic>
      <author>
       Толстой Лев Николаевич
      </author>
     </analytic>
     <monogr>
      <title level="m">
       Полное собрание сочинений. Том 74
      </title>
      <imprint>
       <pubPlace>
        Москва
       </pubPlace>
       <publisher>
        Государственное издательство «Художественная литература»
       </publisher>
       <date when="1954"/>
      </imprint>
      <biblScope unit="vol">
       74
      </biblScope>
      <biblScope unit="page">
       264-266
      </biblScope>
     </monogr>
     <series>
      <title level="s">
       Л. Н. Толстой. Полное собрание сочинений: в 90 тт.
      </title>
     </series>
    </biblStruct>
    <bibl>
     Публикуется впервые
    </bibl>
   </sourceDesc>
  </fileDesc>
  <encodingDesc>
   <classDecl>
    <xi:include href="../../reference/taxonomy.xml"/>
   </classDecl>
  </encodingDesc>
  <profileDesc>
   <correspDesc>
    <correspAction type="sending">
     <persName ref="13883">
      Л. Н. Толстой
     </persName>
     <placeName>
      Ясная Поляна
     </placeName>
     <date when="1903-12-22"/>
    </correspAction>
    <correspAction type="receiving">
     <persName ref="13812">
      Толстая Александра Андреевна
     </persName>
    </correspAction>
   </correspDesc>
   <langUsage>
    <language ident="ru"/>
   </langUsage>
   <textClass>
    <catRef ana="#tolstoy_heritage" target="library"/>
    <catRef ana="#letters" target="type"/>
    <catRef ana="#sent" target="sent"/>
   </textClass>
  </profileDesc>
 </teiHeader>
 <xenoData>
  <number type="in a volume">
   348
  </number>
 </xenoData>
 <text xml:id="A.A.Tolstoj_348" xmlns="http://www.tei-c.org/ns/1.0" xmlns:xi="http://www.w3.org/2001/XInclude">
  <body>
   <div>
    <pb n="264"/>
    <opener index="false">
     * 348. А. А. Толстой.1903 г. Декабря 22. Я. П.
    </opener>
    <p id="84e3846b-a934-44b5-83ff-c0504929d89f" rend="Obrashenie">
     Милый, добрый, старый друг Alexandrine,
    </p>
    <p id="6da234c7-9d15-4b11-952f-77bcc3e336fb">
     Таня Кузминская написала мне, спасибо ей, о вас, о вашей болезни, что вы очень слабы и, по нашим человеческим суждениям, как будто близки к смерти. Я тоже был совсем близок, а вот еще не умер и иногда жалею об этом — так хорошо мне было умирать
     <hi style="opdelimiter">
      —
     </hi>
     <pb n="265"/>
     <hi style="npdelimiter">
      удастся
     </hi>
     ли так другой раз? — а иногда рад,
     <choice original_editorial_correction="п[отому]">
      <sic>
       п
      </sic>
      <corr>
       потому
      </corr>
     </choice>
     <choice original_editorial_correction="ч[то]">
      <sic>
       ч
      </sic>
      <corr>
       что
      </corr>
     </choice>
     думаю, что наша старческая жизнь не только не бесполезна, как думают часто, а, напротив, самая значительная по тому влиянию,
     <choice original_editorial_correction="к[оторое]">
      <sic>
       к
      </sic>
      <corr>
       которое
      </corr>
     </choice>
     могут оказывать на других старые люди. Вы, с вашим горячим религиозным чувством и золотым сердцем, вероятно, испытали и испытываете то просветление, которое дает болезнь, и не только вероятно, но наверное теперь и еще больше, чем прежде, разливаете вокруг себя доброту и любовь. Пишу это письмо только затем, чтобы сказать вам, как часто я в моих отношениях с вами чувствовал эту вашу доброту и любовь и, чувствуя ее, сам становился лучше. Еще хочется мне сказать вам, что вы напрасно думаете — если думаете — что мы с вами разъединены верою. Вера моя и ваша и всех добрых людей (простите за нескромность, что причисляю себя к ним) одна и та же
     <hi>
      :
     </hi>
     вера в бога-отца, пославшего нас в мир, чтобы делать его волю. Воля же его в том, чтобы мы любили друг друга и поступали с другими, как хотим, чтобы они поступали с нами. То же, что я плохо исполнял его волю и теперь еще плохо исполняю ее, не пугает меня,
     <choice original_editorial_correction="т[ак]">
      <sic>
       т
      </sic>
      <corr>
       так
      </corr>
     </choice>
     <choice original_editorial_correction="к[ак]">
      <sic>
       к
      </sic>
      <corr>
       как
      </corr>
     </choice>
     я знаю, что бог есть любовь и он знает, что я старался, особенно последнее время, исполнять его волю и не из страха наказания, а
     <choice original_editorial_correction="п[отому]">
      <sic>
       п
      </sic>
      <corr>
       потому
      </corr>
     </choice>
     ,
     <choice original_editorial_correction="ч[то]">
      <sic>
       ч
      </sic>
      <corr>
       что
      </corr>
     </choice>
     мне всегда тем лучше было жить, чем больше я делал его волю. И я уверен, что вы точно так же верите. Если же я не верю некоторым частностям, в
     <choice original_editorial_correction="к[оторые]">
      <sic>
       к
      </sic>
      <corr>
       которые
      </corr>
     </choice>
     вы верите, то я думаю, что в виду самого важного, что соединяет нас, это не важно и не может разъединить нас.
    </p>
    <p id="994ddc34-e18e-45d7-bf1d-6bf8667aa199">
     Помню, когда я был очень близок к смерти, и мысль отказывалась работать, и я старался выразить мое отношение к предстоящему переходу из этой жизни в другую, я находил только одну мысль, чувство, одно обращение к богу; я говорил себе:
     <hi>
      От тебя исшел и к тебе иду.
     </hi>
     И это выражало всё, что я чувствовал, и успокаивало, радовало меня. Я уверен, что вы то же чувствуете, и это чувство опять соединяет нас.
    </p>
    <p id="e617003a-ec61-4043-b9de-a7b91bfb8151">
     Если вам прочтут это мое письмо, скажите, чтобы мне написали два слова о том, как вы себя чувствуете и хорошо ли вам.
    </p>
    <p id="b82be941-6ae1-475f-a783-b28b78a3204a">
     Прощайте пока, милый друг, верьте моей искренней любви к вам и благодарности за всё то доброе, что вы мне дали во время нашей полувековой дружбы.
    </p>
    <p id="2e96c143-bdc8-4428-ab62-fec1064a392a" rend="right">
     <name placement="text" ref="13883" type="person">
      Лев Толстой
     </name>
     .
    </p>
    <p id="0dae35d7-7f1a-4181-ae29-52fb1839904c">
     22
     <hi style="opdelimiter">
      дек.
     </hi>
    </p>
    <noteGrp type="comments">
     <note index="false" type="comments">
      <p id="6beccb54-d4d0-437e-9894-2305cabcfbfd" rend="Textpetit_otstup left">
       <pb n="266"/>
       <hi style="npdelimiter">
        Печатается
       </hi>
       по копировальной книге № 6, лл. 22—23.
      </p>
     </note>
    </noteGrp>
   </div>
  </body>
 </text>
</TEI>
