<?xml version="1.0" encoding="utf-8"?>
<TEI xmlns="http://www.tei-c.org/ns/1.0" xmlns:xi="http://www.w3.org/2001/XInclude">
 <teiHeader>
  <fileDesc>
   <titleStmt>
    <title xml:id="v74_106_D_N_ZHbankovu">
     Письма и документы. Tolstoy Digital
    </title>
    <title type="main">
     Письмо Д. Н. Жбанкову от 1 апреля 1903 г.
    </title>
    <title type="bibl">
     Толстой Л. Н. Письмо Д. Н. Жбанкову, 1 апреля 1903 г. // Толстой Л. Н. Полное собрание сочинений: в 90 тт. Т. 74. М.: Гос. изд. «Художественная литература», 1954. С.
    </title>
    <respStmt>
     <resp>
      Идея, постановка задач, руководство:
     </resp>
     <name>
      Анастасия Бонч-Осмоловская, Фёкла Толстая, Борис Орехов, Тимофей Лукашевский
     </name>
    </respStmt>
    <respStmt>
     <resp>
      Подготовка TEI/XML:
     </resp>
     <name>
      Евгений Можаев, Даниил Скоринкин, Ирина Павлова, Матвей Колбасов, Елена Сидорова, Кирилл Милинцевич, Лев Буланов, Макар Федоров, Константин Петров
     </name>
    </respStmt>
    <respStmt>
     <resp>
      Подготовка метаданных:
     </resp>
     <name>
      Мария Картышева, Вероника Файнберг
     </name>
    </respStmt>
    <respStmt>
     <resp>
      Разметка имен собственных:
     </resp>
     <name>
      Никита Северин, Елена Северина
     </name>
    </respStmt>
    <respStmt>
     <resp>
      Исправление древнегреческого текста:
     </resp>
     <name>
      Ольга Алиева
     </name>
    </respStmt>
    <funder>
     Проект «Слово Толстого»
    </funder>
   </titleStmt>
   <publicationStmt>
    <publisher>
     <orgName>
      Tolstoy Digital, DH CLOUD, Научно-образовательный союз «Родное Слово» проект «Слово Толстого»
     </orgName>
    </publisher>
    <availability>
     <p id="3484465f-d8f2-4695-ae44-8871aa86f56d">
      Тексты и метатекстовая разметка доступны для свободного использования и распространения по лицензии Creative Commons Attribution Share-Alike (cc by-sa)
     </p>
    </availability>
    <date from="2015" to="2022"/>
   </publicationStmt>
   <notesStmt>
    <note>
     Публикуемые документы был получены с сайта tolstoy.ru в формате html, переведены в формат TEI. Исправлены некоторые ошибки распознавания. Тексты, написанные в дореформенной орфографии, сопоставлены с их версиями в современной орфографии.
    </note>
   </notesStmt>
   <sourceDesc>
    <biblStruct>
     <analytic>
      <author>
       Толстой Лев Николаевич
      </author>
     </analytic>
     <monogr>
      <title level="m">
       Полное собрание сочинений. Том 74
      </title>
      <imprint>
       <pubPlace>
        Москва
       </pubPlace>
       <publisher>
        Государственное издательство «Художественная литература»
       </publisher>
       <date when="1954"/>
      </imprint>
      <biblScope unit="vol">
       74
      </biblScope>
      <biblScope unit="page">
       89-90
      </biblScope>
     </monogr>
     <series>
      <title level="s">
       Л. Н. Толстой. Полное собрание сочинений: в 90 тт.
      </title>
     </series>
    </biblStruct>
    <bibl>
     Публикуется впервые
    </bibl>
   </sourceDesc>
  </fileDesc>
  <encodingDesc>
   <classDecl>
    <xi:include href="../../reference/taxonomy.xml"/>
   </classDecl>
  </encodingDesc>
  <profileDesc>
   <correspDesc>
    <correspAction type="sending">
     <persName ref="13883">
      Л. Н. Толстой
     </persName>
     <placeName>
      Ясная Поляна
     </placeName>
     <date when="1903-04-01"/>
    </correspAction>
    <correspAction type="receiving">
     <persName ref="5050">
      Жбанков Дмитрий Николаевич
     </persName>
    </correspAction>
   </correspDesc>
   <langUsage>
    <language ident="ru"/>
   </langUsage>
   <textClass>
    <catRef ana="#tolstoy_heritage" target="library"/>
    <catRef ana="#letters" target="type"/>
    <catRef ana="#sent" target="sent"/>
   </textClass>
  </profileDesc>
 </teiHeader>
 <xenoData>
  <number type="in a volume">
   106
  </number>
 </xenoData>
 <text xml:id="D.N.ZHbankovu_106" xmlns="http://www.tei-c.org/ns/1.0" xmlns:xi="http://www.w3.org/2001/XInclude">
  <body>
   <div>
    <pb n="89"/>
    <opener index="false">
     * 106.
     <name placement="text" ref="5050" type="person">
      Д. Н. Жбанкову
     </name>
     .1903 г. Апреля 1. Я. П.
    </opener>
    <p id="97807e76-29d0-454c-9a99-003287235171" rend="right">
     Д. Жбанкову.
    </p>
    <p id="31b720aa-b4cf-4c51-bc0a-aa2fab845ad9">
     Простите, не знаю вашего имени и отчества.
    </p>
    <p id="96c30188-b759-4efc-a576-49091b7027c5">
     Благодарю вас за присылку книги. Не имел еще времени прочесть ее, но непременно прочту,
     <choice original_editorial_correction="п[отому]">
      <sic>
       п
      </sic>
      <corr>
       потому
      </corr>
     </choice>
     <choice original_editorial_correction="ч[то]">
      <sic>
       ч
      </sic>
      <corr>
       что
      </corr>
     </choice>
     уверен, что в ней много хорошего.
     <ref target="#note1">
      1
     </ref>
     <note index="false" resp="volume_editor" xml:id="note1">
      Жбанков прислал свою книгу «О врачах», М. 1903, 181 стр. Имеющийся в яснополянской библиотеке экземпляр разрезан до восемнадцатой страницы.
     </note>
    </p>
    <p id="c1db27f9-fa7a-4778-8040-4cc6e4661ef5">
     <pb n="90"/>
    </p>
    <p id="6c0da9e3-4e6d-4425-b2cc-883760dffc92">
     Простите, что не исполняю просьбы о сборнике. Это совершенно невозможно. И я истинно сожалею об этом,
     <choice original_editorial_correction="п[отому]">
      <sic>
       п
      </sic>
      <corr>
       потому
      </corr>
     </choice>
     <choice original_editorial_correction="ч[то]">
      <sic>
       ч
      </sic>
      <corr>
       что
      </corr>
     </choice>
     , уважая вас, желал бы сделать вам приятное.
    </p>
    <p id="c22a1d61-89ee-449e-856e-e3d8cdb086e0" rend="right">
     <name placement="text" ref="13883" type="person">
      Лев Толстой
     </name>
     .
    </p>
    <p id="92e78b9d-3714-461e-9df0-c340e4258fe5">
     1 апреля 1903.
    </p>
    <noteGrp type="comments">
     <note index="false" type="comments">
      <p id="3552f14e-808e-4bbb-95ed-efcdf9649c00" rend="Textpetit_otstup left">
       Печатается по копировальной книге № 5, л. 149. Автограф сожжен адресатом перед обыском.
      </p>
     </note>
     <note index="false" type="comments">
      <p id="988dc937-86df-4156-a0aa-bb4f5f162872" rend="petit">
       О
       <name placement="comments" ref="5050" type="person">
        Дмитрии Николаевиче Жбанкове
       </name>
       (1853—1932) см. т. 72, стр. 43.
      </p>
     </note>
     <note index="false" type="comments">
      <p id="15527b99-3b2f-4041-83b4-1eb0a7118093" rend="petit">
       В письме от 21 марта Жбанков от имени «Общества взаимного вспомоществования учащим и учившим в начальных, низших и средних учебных заведениях Смоленской губернии» просил предоставить какой-нибудь «отрывок» для «Литературного сборника», намеченного к изданию в пользу Общества.
      </p>
     </note>
    </noteGrp>
   </div>
  </body>
 </text>
</TEI>
