<?xml version="1.0" encoding="utf-8"?>
<TEI xmlns="http://www.tei-c.org/ns/1.0" xmlns:xi="http://www.w3.org/2001/XInclude">
 <teiHeader>
  <fileDesc>
   <titleStmt>
    <title xml:id="v74_071_S_N_Tolstomu">
     Письма и документы. Tolstoy Digital
    </title>
    <title type="main">
     Письмо С. Н. Толстому от 10 марта 1903 г.
    </title>
    <title type="bibl">
     Толстой Л. Н. Письмо С. Н. Толстому, 10 марта 1903 г. // Толстой Л. Н. Полное собрание сочинений: в 90 тт. Т. 74. М.: Гос. изд. «Художественная литература», 1954. С.
    </title>
    <respStmt>
     <resp>
      Идея, постановка задач, руководство:
     </resp>
     <name>
      Анастасия Бонч-Осмоловская, Фёкла Толстая, Борис Орехов, Тимофей Лукашевский
     </name>
    </respStmt>
    <respStmt>
     <resp>
      Подготовка TEI/XML:
     </resp>
     <name>
      Евгений Можаев, Даниил Скоринкин, Ирина Павлова, Матвей Колбасов, Елена Сидорова, Кирилл Милинцевич, Лев Буланов, Макар Федоров, Константин Петров
     </name>
    </respStmt>
    <respStmt>
     <resp>
      Подготовка метаданных:
     </resp>
     <name>
      Мария Картышева, Вероника Файнберг
     </name>
    </respStmt>
    <respStmt>
     <resp>
      Разметка имен собственных:
     </resp>
     <name>
      Никита Северин, Елена Северина
     </name>
    </respStmt>
    <respStmt>
     <resp>
      Исправление древнегреческого текста:
     </resp>
     <name>
      Ольга Алиева
     </name>
    </respStmt>
    <funder>
     Проект «Слово Толстого»
    </funder>
   </titleStmt>
   <publicationStmt>
    <publisher>
     <orgName>
      Tolstoy Digital, DH CLOUD, Научно-образовательный союз «Родное Слово» проект «Слово Толстого»
     </orgName>
    </publisher>
    <availability>
     <p id="da50cf78-c5f5-4aaa-865f-ab710ae2a057">
      Тексты и метатекстовая разметка доступны для свободного использования и распространения по лицензии Creative Commons Attribution Share-Alike (cc by-sa)
     </p>
    </availability>
    <date from="2015" to="2022"/>
   </publicationStmt>
   <notesStmt>
    <note>
     Публикуемые документы был получены с сайта tolstoy.ru в формате html, переведены в формат TEI. Исправлены некоторые ошибки распознавания. Тексты, написанные в дореформенной орфографии, сопоставлены с их версиями в современной орфографии.
    </note>
   </notesStmt>
   <sourceDesc>
    <biblStruct>
     <analytic>
      <author>
       Толстой Лев Николаевич
      </author>
     </analytic>
     <monogr>
      <title level="m">
       Полное собрание сочинений. Том 74
      </title>
      <imprint>
       <pubPlace>
        Москва
       </pubPlace>
       <publisher>
        Государственное издательство «Художественная литература»
       </publisher>
       <date when="1954"/>
      </imprint>
      <biblScope unit="vol">
       74
      </biblScope>
      <biblScope unit="page">
       67-68
      </biblScope>
     </monogr>
     <series>
      <title level="s">
       Л. Н. Толстой. Полное собрание сочинений: в 90 тт.
      </title>
     </series>
    </biblStruct>
    <bibl>
     Публикуется впервые
    </bibl>
   </sourceDesc>
  </fileDesc>
  <encodingDesc>
   <classDecl>
    <xi:include href="../../reference/taxonomy.xml"/>
   </classDecl>
  </encodingDesc>
  <profileDesc>
   <correspDesc>
    <correspAction type="sending">
     <persName ref="13883">
      Л. Н. Толстой
     </persName>
     <placeName>
      Ясная Поляна
     </placeName>
     <date when="1903-03-10"/>
    </correspAction>
    <correspAction type="receiving">
     <persName ref="13906">
      Толстой Сергей Николаевич
     </persName>
    </correspAction>
   </correspDesc>
   <langUsage>
    <language ident="ru"/>
   </langUsage>
   <textClass>
    <catRef ana="#tolstoy_heritage" target="library"/>
    <catRef ana="#letters" target="type"/>
    <catRef ana="#sent" target="sent"/>
   </textClass>
  </profileDesc>
 </teiHeader>
 <xenoData>
  <number type="in a volume">
   71
  </number>
 </xenoData>
 <text xml:id="S.N.Tolstomu_71" xmlns="http://www.tei-c.org/ns/1.0" xmlns:xi="http://www.w3.org/2001/XInclude">
  <body>
   <div>
    <pb n="67"/>
    <opener index="false">
     * 71.
     <name placement="text" ref="13906" type="person">
      С. Н. Толстому
     </name>
     .1903 г. Марта 10. Я. П.
    </opener>
    <p id="e1c6e68d-d119-4700-bf8f-33a0032f4c1b">
     Новости наши такие. Маша едет в Montreux,
     <ref target="#note1">
      1
     </ref>
     <note index="false" resp="volume_editor" xml:id="note1">
      Монтре и Веве (па берегу Женевского озера).
     </note>
     но последнее письмо еще из Цюриха, где она немного заболела — устала. Таня тоже едет в Швейцарию, в Vеvеу.
     <ref target="#note2">
      2
     </ref>
     <note index="false" resp="volume_editor" xml:id="note2">
      Монтре и Веве (па берегу Женевского озера).
     </note>
     Эти места в версте друг от друга. Должно быть, они уж теперь съехались. Письма их последние бодрые. Вчера к нам приехал Лева. Он свез жену больную с детьми к тестю в Швецию и сам приехал. Он строгий вегетарьянец, гигиенист, спит зимой с открытым окном и здоров. Но хорошо, главное, то, что он очень добродушен и мягок, и мне с ним хорошо. Сейчас приехала Варенька с сыном (Колей,
     <ref target="#note3">
      3
     </ref>
     <note index="false" resp="volume_editor" xml:id="note3">
      Варвара Валерьяновна Нагорнова (1850—1921), дочь М. И. Толстой, и ее сын
      <name placement="note" ref="9494" type="person">
       Николай Николаевич Нагорнов
      </name>
      (р. 1884).
     </note>
     кажется). Она всё жила в деревне. Моё здоровье последнее время поправляется, разумеется, в общем продолжая идти к низу. Почти не пишу — нет охоты. Записываю только мысли,
     <choice original_editorial_correction="кот[орые]">
      <sic>
       кот
      </sic>
      <corr>
       которые
      </corr>
     </choice>
     кажутся мне интересными. То join the majority
     <ref target="#note4">
      4
     </ref>
     <note index="false" resp="volume_editor" xml:id="note4">
      <hi rend="italic">
       Присоединиться к большинству
      </hi>
     </note>
     очень хорошо. Я не знал этого. Все-таки радостно очень, что
     <name placement="note" ref="13822" type="person">
      Варя
     </name>
     <ref target="#note5">
      5
     </ref>
     <note index="false" resp="volume_editor" xml:id="note5">
      <name placement="note" ref="13822" type="person">
       Варвара Сергеевна Толстая
      </name>
      , дочь C. И. Толстого.
     </note>
     была у вас и что между вами добрые чувства. Это дороже всего. Был у меня на днях Розанов. Мало интересен. Нынче Саша говорит, что она с Наташей
     <ref target="#note6">
      6
     </ref>
     <note index="false" resp="volume_editor" xml:id="note6">
      <name placement="note" ref="50" type="person">
       Наталья Леонидовна Оболенская
      </name>
      .
     </note>
     всё собирались в Пирогово и, такие дуры, довели до ростепели. Теперь самое
     <hi style="opdelimiter">
      непроездное
     </hi>
     <pb n="68"/>
     <hi style="npdelimiter">
      время.
     </hi>
     Дал мне знакомый Маслов две книжечки: одна Alphonse Каrr’а
     <ref target="#note7">
      7
     </ref>
     <note index="false" resp="volume_editor" xml:id="note7">
      <hi>
       В подлиннике фамилия ошибочно по-русски:
      </hi>
      Карр’а
     </note>
     Les gaietés romaines
     <ref target="#note8">
      8
     </ref>
     <note index="false" resp="volume_editor" xml:id="note8">
      Alphonse Karr, «Les gaietés romaines», Paris, 1870.
     </note>
     о нелепости религии католической — очень хорошо. И другую Буренина
     <hi>
      Стрелы
     </hi>
     <ref target="#note9">
      9
     </ref>
     <note index="false" resp="volume_editor" xml:id="note9">
      В. Буренин, «Стрелы». Первое изд. 1880 г., второе дополненное — 1889 г. См. Л. Л. Толстой, «Отрывок из моего дневника 1903 г.» — «Столица и усадьба» 1914, 4.
     </note>
     — шуточные стихи, тоже очень остроумно. Хотелось бы тебе их сообщить, да они не мои.
     <choice original_editorial_correction="Мож[ет]">
      <sic>
       Мож
      </sic>
      <corr>
       Может
      </corr>
     </choice>
     быть, и пришлю. А что за нелепость Репина картина.
     <ref target="#note10">
      10
     </ref>
     <note index="false" resp="volume_editor" xml:id="note10">
      И. Е. Репин, «Какой простор». Картина находится в Русском музее в Ленинграде. Толстой видел фотографию с картины в приложении к «Новому времени» 1903, № 9698 от 5 марта.
     </note>
    </p>
    <p id="7f1c248a-bdf9-42a4-8f90-90f640d23e59">
     Сегодня далеко ездили кататься, и я устал — теперь вечер — и потому кончаю письмо. Поклон всем твоим:
     <choice original_editorial_correction="Мар[ье]">
      <sic>
       Мар
      </sic>
      <corr>
       Марье
      </corr>
     </choice>
     Михайловне], Верочке.
    </p>
    <p id="cfe70bb8-7b30-409e-868d-a487911c136c" rend="right">
     Л. Т.
    </p>
    <noteGrp type="comments">
     <note index="false" type="comments">
      <p id="971f287b-0c80-4239-9d76-9b75c6c8de7f" rend="Textpetit_otstup left">
       Основание датировки: Л. Л. Толстой приехал в Ясную Поляну 9 марта.
      </p>
     </note>
    </noteGrp>
   </div>
  </body>
 </text>
</TEI>
