<?xml version="1.0" encoding="utf-8"?>
<TEI xmlns="http://www.tei-c.org/ns/1.0" xmlns:xi="http://www.w3.org/2001/XInclude">
 <teiHeader>
  <fileDesc>
   <titleStmt>
    <title xml:id="v75_176_L_L_Tolstomu">
     Письма и документы. Tolstoy Digital
    </title>
    <title type="main">
     Письмо Л. Л. Толстому от 1 июля 1904 г.
    </title>
    <title type="bibl">
     Толстой Л. Н. Письмо Л. Л. Толстому, 1 июля 1904 г. // Толстой Л. Н. Полное собрание сочинений: в 90 тт. Т. 75. М.: Гос. изд. «Художественная литература», 1956. С.
    </title>
    <respStmt>
     <resp>
      Идея, постановка задач, руководство:
     </resp>
     <name>
      Анастасия Бонч-Осмоловская, Фёкла Толстая, Борис Орехов, Тимофей Лукашевский
     </name>
    </respStmt>
    <respStmt>
     <resp>
      Подготовка TEI/XML:
     </resp>
     <name>
      Евгений Можаев, Даниил Скоринкин, Ирина Павлова, Матвей Колбасов, Елена Сидорова, Кирилл Милинцевич, Лев Буланов, Макар Федоров, Константин Петров
     </name>
    </respStmt>
    <respStmt>
     <resp>
      Подготовка метаданных:
     </resp>
     <name>
      Мария Картышева, Вероника Файнберг
     </name>
    </respStmt>
    <respStmt>
     <resp>
      Разметка имен собственных:
     </resp>
     <name>
      Никита Северин, Елена Северина
     </name>
    </respStmt>
    <respStmt>
     <resp>
      Исправление древнегреческого текста:
     </resp>
     <name>
      Ольга Алиева
     </name>
    </respStmt>
    <funder>
     Проект «Слово Толстого»
    </funder>
   </titleStmt>
   <publicationStmt>
    <publisher>
     <orgName>
      Tolstoy Digital, DH CLOUD, Научно-образовательный союз «Родное Слово» проект «Слово Толстого»
     </orgName>
    </publisher>
    <availability>
     <p id="b2427cae-8d0b-4733-9d34-c646564bbc1a">
      Тексты и метатекстовая разметка доступны для свободного использования и распространения по лицензии Creative Commons Attribution Share-Alike (cc by-sa)
     </p>
    </availability>
    <date from="2015" to="2022"/>
   </publicationStmt>
   <notesStmt>
    <note>
     Публикуемые документы был получены с сайта tolstoy.ru в формате html, переведены в формат TEI. Исправлены некоторые ошибки распознавания. Тексты, написанные в дореформенной орфографии, сопоставлены с их версиями в современной орфографии.
    </note>
   </notesStmt>
   <sourceDesc>
    <biblStruct>
     <analytic>
      <author>
       Толстой Лев Николаевич
      </author>
     </analytic>
     <monogr>
      <title level="m">
       Полное собрание сочинений. Том 75
      </title>
      <imprint>
       <pubPlace>
        Москва
       </pubPlace>
       <publisher>
        Государственное издательство «Художественная литература»
       </publisher>
       <date when="1956"/>
      </imprint>
      <biblScope unit="vol">
       75
      </biblScope>
      <biblScope unit="page">
       133-134
      </biblScope>
     </monogr>
     <series>
      <title level="s">
       Л. Н. Толстой. Полное собрание сочинений: в 90 тт.
      </title>
     </series>
    </biblStruct>
    <bibl>
     Публикуется впервые
    </bibl>
   </sourceDesc>
  </fileDesc>
  <encodingDesc>
   <classDecl>
    <xi:include href="../../reference/taxonomy.xml"/>
   </classDecl>
  </encodingDesc>
  <profileDesc>
   <correspDesc>
    <correspAction type="sending">
     <persName ref="13883">
      Л. Н. Толстой
     </persName>
     <placeName>
      Ясная Поляна
     </placeName>
     <date when="1904-07-01"/>
    </correspAction>
    <correspAction type="receiving">
     <persName ref="13881">
      Толстой Лев Львович
     </persName>
    </correspAction>
   </correspDesc>
   <langUsage>
    <language ident="ru"/>
   </langUsage>
   <textClass>
    <catRef ana="#tolstoy_heritage" target="library"/>
    <catRef ana="#letters" target="type"/>
    <catRef ana="#sent" target="sent"/>
   </textClass>
  </profileDesc>
 </teiHeader>
 <xenoData>
  <number type="in a volume">
   176
  </number>
 </xenoData>
 <text xml:id="L.L.Tolstomu_176" xmlns="http://www.tei-c.org/ns/1.0" xmlns:xi="http://www.w3.org/2001/XInclude">
  <body>
   <div>
    <pb n="133"/>
    <opener index="false">
     * 176.
     <name placement="text" ref="13881" type="person">
      Л. Л. Толстому
     </name>
     .1904 г. Июля 1. Я. П.
    </opener>
    <p id="f589921a-58fa-479c-825d-e792f4dadcd6">
     Милый Лева, пожалуйста не осуди меня за то, что долго не отвечал на твое письмо и теперь отвечаю только несколько слов. Твое письмо хорошее, умное, и мне приятно было читать его. Не писал я и теперь пишу мало только
     <choice original_editorial_correction="п[отому]">
      <sic>
       п
      </sic>
      <corr>
       потому
      </corr>
     </choice>
     ,
     <choice original_editorial_correction="ч[то]">
      <sic>
       ч
      </sic>
      <corr>
       что
      </corr>
     </choice>
     всё это летнее время чувствую себя особенно умственно
     <hi style="opdelimiter">
      неподвижным
     </hi>
     <pb n="134"/>
     <hi style="npdelimiter">
      и
     </hi>
     для малейшей
     <choice original_editorial_correction="умствен[ной]">
      <sic>
       умствен
      </sic>
      <corr>
       умственной
      </corr>
     </choice>
     деятельности нужно усилие. Сегодня чувствую себя проснувшись и пишу кучу ответов на залежавшиеся письма. У нас Маша
     <ref target="#note1">
      1
     </ref>
     <note index="false" resp="volume_editor" xml:id="note1">
      М. Л. Оболенская, приехала в Ясную Поляну 27 июня 1904 г.
     </note>
     теперь. Была Таня
     <ref target="#note2">
      2
     </ref>
     <note index="false" resp="volume_editor" xml:id="note2">
      Т. Л. Сухотина, приехала в Ясную Поляну 15-го, уехала 21 июня 1904 г.
     </note>
     . Быть с ними мне всегда радость. Радуюсь тому, что Доре лучше, и верю, что она совсем поправится и поживет с нами, она и милые внучата. Прощай, голубчик. Всегда с любовью вспоминаю тебя.
    </p>
    <p id="9e66ccfc-11b1-41c6-ada5-ec84cd1d21c5" rend="right">
     Л. Т.
    </p>
    <p id="1626e701-d01d-48f9-82df-79d8c23636cc">
     1904. 1 июля.
    </p>
    <noteGrp type="comments">
     <note index="false" type="comments">
      <p id="c922f533-b330-4f06-8f56-7ac3ed14ddf3" rend="Textpetit_otstup left">
       Печатается по копировальной книге № 6, лл. 195—196.
      </p>
     </note>
     <note index="false" type="comments">
      <p id="05ffe215-10d8-4515-8540-abeb10883105" rend="petit">
       Ответ на письмо
       <name placement="comments" ref="13881" type="person">
        Льва Львовича
       </name>
       от 16 июня 1904 г.
      </p>
     </note>
    </noteGrp>
   </div>
  </body>
 </text>
</TEI>
