<?xml version="1.0" encoding="utf-8"?>
<TEI xmlns="http://www.tei-c.org/ns/1.0" xmlns:xi="http://www.w3.org/2001/XInclude">
 <teiHeader>
  <fileDesc>
   <titleStmt>
    <title xml:id="v75_225_V_S_Tolstoj">
     Письма и документы. Tolstoy Digital
    </title>
    <title type="main">
     Письмо В. С. Толстой от 21 августа 1904 г.
    </title>
    <title type="bibl">
     Толстой Л. Н. Письмо В. С. Толстой, 21 августа 1904 г. // Толстой Л. Н. Полное собрание сочинений: в 90 тт. Т. 75. М.: Гос. изд. «Художественная литература», 1956. С.
    </title>
    <respStmt>
     <resp>
      Идея, постановка задач, руководство:
     </resp>
     <name>
      Анастасия Бонч-Осмоловская, Фёкла Толстая, Борис Орехов, Тимофей Лукашевский
     </name>
    </respStmt>
    <respStmt>
     <resp>
      Подготовка TEI/XML:
     </resp>
     <name>
      Евгений Можаев, Даниил Скоринкин, Ирина Павлова, Матвей Колбасов, Елена Сидорова, Кирилл Милинцевич, Лев Буланов, Макар Федоров, Константин Петров
     </name>
    </respStmt>
    <respStmt>
     <resp>
      Подготовка метаданных:
     </resp>
     <name>
      Мария Картышева, Вероника Файнберг
     </name>
    </respStmt>
    <respStmt>
     <resp>
      Разметка имен собственных:
     </resp>
     <name>
      Никита Северин, Елена Северина
     </name>
    </respStmt>
    <respStmt>
     <resp>
      Исправление древнегреческого текста:
     </resp>
     <name>
      Ольга Алиева
     </name>
    </respStmt>
    <funder>
     Проект «Слово Толстого»
    </funder>
   </titleStmt>
   <publicationStmt>
    <publisher>
     <orgName>
      Tolstoy Digital, DH CLOUD, Научно-образовательный союз «Родное Слово» проект «Слово Толстого»
     </orgName>
    </publisher>
    <availability>
     <p id="f8a34f8f-feaa-4124-89b5-2eab5888fba0">
      Тексты и метатекстовая разметка доступны для свободного использования и распространения по лицензии Creative Commons Attribution Share-Alike (cc by-sa)
     </p>
    </availability>
    <date from="2015" to="2022"/>
   </publicationStmt>
   <notesStmt>
    <note>
     Публикуемые документы был получены с сайта tolstoy.ru в формате html, переведены в формат TEI. Исправлены некоторые ошибки распознавания. Тексты, написанные в дореформенной орфографии, сопоставлены с их версиями в современной орфографии.
    </note>
   </notesStmt>
   <sourceDesc>
    <biblStruct>
     <analytic>
      <author>
       Толстой Лев Николаевич
      </author>
     </analytic>
     <monogr>
      <title level="m">
       Полное собрание сочинений. Том 75
      </title>
      <imprint>
       <pubPlace>
        Москва
       </pubPlace>
       <publisher>
        Государственное издательство «Художественная литература»
       </publisher>
       <date when="1956"/>
      </imprint>
      <biblScope unit="vol">
       75
      </biblScope>
      <biblScope unit="page">
       159-160
      </biblScope>
     </monogr>
     <series>
      <title level="s">
       Л. Н. Толстой. Полное собрание сочинений: в 90 тт.
      </title>
     </series>
    </biblStruct>
    <bibl>
     Публикуется впервые
    </bibl>
   </sourceDesc>
  </fileDesc>
  <encodingDesc>
   <classDecl>
    <xi:include href="../../reference/taxonomy.xml"/>
   </classDecl>
  </encodingDesc>
  <profileDesc>
   <correspDesc>
    <correspAction type="sending">
     <persName ref="13883">
      Л. Н. Толстой
     </persName>
     <placeName>
      Ясная Поляна
     </placeName>
     <date when="1904-08-21"/>
    </correspAction>
    <correspAction type="receiving">
     <persName ref="13824">
      Толстая Вера Сергеевна
     </persName>
    </correspAction>
   </correspDesc>
   <langUsage>
    <language ident="ru"/>
   </langUsage>
   <textClass>
    <catRef ana="#tolstoy_heritage" target="library"/>
    <catRef ana="#letters" target="type"/>
    <catRef ana="#sent" target="sent"/>
   </textClass>
  </profileDesc>
 </teiHeader>
 <xenoData>
  <number type="in a volume">
   225
  </number>
 </xenoData>
 <text xml:id="V.S.Tolstoj_225" xmlns="http://www.tei-c.org/ns/1.0" xmlns:xi="http://www.w3.org/2001/XInclude">
  <body>
   <div>
    <pb n="159"/>
    <opener index="false">
     *225.
     <name placement="text" ref="13824" type="person">
      В. С. Толстой
     </name>
     .1904 г. Августа 21. Я. П.
    </opener>
    <p id="a7dbb106-33f4-4ec2-9052-bdfb18a203a0">
     Скажи папа,
     <ref target="#note1">
      1
     </ref>
     <note index="false" resp="volume_editor" xml:id="note1">
      С. Н. Толстой, умер 23 августа 1904 г.
     </note>
     что он мне сказал, чтобы я молился об его смерти, а я дорогой
     <ref target="#note2">
      2
     </ref>
     <note index="false" resp="volume_editor" xml:id="note2">
      Толстой имеет в виду свою поездку к умирающему брату. Из Ясной Поляны в Пирогово он выехал 11-го, возвратился 21 августа 1904 г.
     </note>
     думал, что если бы я молился, то молился бы о том, чтобы бог ему дал не смерть, а ту духовную силу, при которой страдания переносятся если не радостно, то без противления, и что я уверен, что сила эта есть в нем и без моей молитвы проявится в нем.
    </p>
    <p id="2834a95e-dbf0-4f38-82e1-202a2b412021">
     Прощай пока.
    </p>
    <p id="a9534234-9914-4a3a-b736-bdf40e6f1300" rend="right">
     Л. Т.
    </p>
    <p id="6e041d0b-0441-4e6f-ae53-d3738f2ab25c" rend="petit">
     Датируется по содержанию.
    </p>
    <p id="8d076cce-2b9b-4071-9635-3db5b85adcfc" rend="petit">
     <name placement="text" ref="13824" type="person">
      Вера Сергеевна Толстая
     </name>
     (1864—1923) — старшая дочь С. Н. Толстого.
    </p>
    <noteGrp type="comments"/>
   </div>
  </body>
 </text>
</TEI>
