<?xml version="1.0" encoding="utf-8"?>
<TEI xmlns="http://www.tei-c.org/ns/1.0" xmlns:xi="http://www.w3.org/2001/XInclude">
 <teiHeader>
  <fileDesc>
   <titleStmt>
    <title xml:id="v75_112_ErnestuKrosbiErnestCrosby">
     Письма и документы. Tolstoy Digital
    </title>
    <title type="main">
     Письмо Э. Кросби (Е. Crosby) от 30 апреля 1904 г.
    </title>
    <title type="bibl">
     Толстой Л. Н. Письмо Э. Кросби (Е. Crosby), 30 апреля 1904 г. // Толстой Л. Н. Полное собрание сочинений: в 90 тт. Т. 75. М.: Гос. изд. «Художественная литература», 1956. С.
    </title>
    <respStmt>
     <resp>
      Идея, постановка задач, руководство:
     </resp>
     <name>
      Анастасия Бонч-Осмоловская, Фёкла Толстая, Борис Орехов, Тимофей Лукашевский
     </name>
    </respStmt>
    <respStmt>
     <resp>
      Подготовка TEI/XML:
     </resp>
     <name>
      Евгений Можаев, Даниил Скоринкин, Ирина Павлова, Матвей Колбасов, Елена Сидорова, Кирилл Милинцевич, Лев Буланов, Макар Федоров, Константин Петров
     </name>
    </respStmt>
    <respStmt>
     <resp>
      Подготовка метаданных:
     </resp>
     <name>
      Мария Картышева, Вероника Файнберг
     </name>
    </respStmt>
    <respStmt>
     <resp>
      Разметка имен собственных:
     </resp>
     <name>
      Никита Северин, Елена Северина
     </name>
    </respStmt>
    <respStmt>
     <resp>
      Исправление древнегреческого текста:
     </resp>
     <name>
      Ольга Алиева
     </name>
    </respStmt>
    <funder>
     Проект «Слово Толстого»
    </funder>
   </titleStmt>
   <publicationStmt>
    <publisher>
     <orgName>
      Tolstoy Digital, DH CLOUD, Научно-образовательный союз «Родное Слово» проект «Слово Толстого»
     </orgName>
    </publisher>
    <availability>
     <p id="10ea8e11-a7a3-49ef-bb2e-983e34a8928f">
      Тексты и метатекстовая разметка доступны для свободного использования и распространения по лицензии Creative Commons Attribution Share-Alike (cc by-sa)
     </p>
    </availability>
    <date from="2015" to="2022"/>
   </publicationStmt>
   <notesStmt>
    <note>
     Публикуемые документы был получены с сайта tolstoy.ru в формате html, переведены в формат TEI. Исправлены некоторые ошибки распознавания. Тексты, написанные в дореформенной орфографии, сопоставлены с их версиями в современной орфографии.
    </note>
   </notesStmt>
   <sourceDesc>
    <biblStruct>
     <analytic>
      <author>
       Толстой Лев Николаевич
      </author>
     </analytic>
     <monogr>
      <title level="m">
       Полное собрание сочинений. Том 75
      </title>
      <imprint>
       <pubPlace>
        Москва
       </pubPlace>
       <publisher>
        Государственное издательство «Художественная литература»
       </publisher>
       <date when="1956"/>
      </imprint>
      <biblScope unit="vol">
       75
      </biblScope>
      <biblScope unit="page">
       89-90
      </biblScope>
     </monogr>
     <series>
      <title level="s">
       Л. Н. Толстой. Полное собрание сочинений: в 90 тт.
      </title>
     </series>
    </biblStruct>
    <bibl>
     Публикуется впервые
    </bibl>
   </sourceDesc>
  </fileDesc>
  <encodingDesc>
   <classDecl>
    <xi:include href="../../reference/taxonomy.xml"/>
   </classDecl>
  </encodingDesc>
  <profileDesc>
   <correspDesc>
    <correspAction type="sending">
     <persName ref="13883">
      Л. Н. Толстой
     </persName>
     <placeName>
      Ясная Поляна
     </placeName>
     <date when="1904-04-30"/>
    </correspAction>
    <correspAction type="receiving">
     <persName ref="7195">
      Кросби Эрнест Говард (Ernest Crosby)
     </persName>
    </correspAction>
   </correspDesc>
   <langUsage>
    <language ident="ru"/>
   </langUsage>
   <textClass>
    <catRef ana="#tolstoy_heritage" target="library"/>
    <catRef ana="#letters" target="type"/>
    <catRef ana="#sent" target="sent"/>
   </textClass>
  </profileDesc>
 </teiHeader>
 <xenoData>
  <number type="in a volume">
   112
  </number>
 </xenoData>
 <text xml:id="ErnestuKrosbiErnestCrosby_112" xmlns="http://www.tei-c.org/ns/1.0" xmlns:xi="http://www.w3.org/2001/XInclude">
  <body>
   <div>
    <pb n="89"/>
    <opener index="false">
     * 112.
     <name placement="text" ref="7195" type="person">
      Эрнесту Кросби (Ernest Crosby)
     </name>
     .1904 г. Апреля 30. Я. П.
    </opener>
    <p id="a8aa1fde-b417-4fa1-b1e8-85ff2a662966" rend="Obrashenie">
     Dear friend,
    </p>
    <p id="1c3c6cd9-87ec-4fef-a61c-6fda62d2e53f">
     I was glad to have news from you, but am sorry not to be able to give any article to Mr. Wheeler.
     <ref target="#note1">
      1
     </ref>
     <note index="false" resp="volume_editor" xml:id="note1">
      Сведении об Уилере нет.
     </note>
     I am anxious to finish the writings that I have began
     <ref target="#note2">
      2
     </ref>
     <note index="false" resp="volume_editor" xml:id="note2">
      В апреле 1904 г. Толстой работал над статьей «Одумайтесь!». Кроме того, он начал писать «Камень главы угла».
     </note>
     and have no leisure to write something else. I thank you for sending me «The Whim».
     <ref target="#note3">
      3
     </ref>
     <note index="false" resp="volume_editor" xml:id="note3">
      «The Whim. A Periodical without a tendency» — журнал, издававшийся в Нью-Йорке Кросби и Бенедиктом Притом (Benedict Prieth). Толстой поместил в «Круге чтения» одно изречение из этого журнала.
     </note>
     I am glad to find there your verses. I have taken lately one of your verses as an epigraph to my article
     <ref target="#note4">
      4
     </ref>
     <note index="false" resp="volume_editor" xml:id="note4">
      Стихотворение Кросби, которое начинается словами: «Я сознаю в себе силу, которая со временем преобразит мир», помещено эпиграфом к X главе статьи «Одумайтесь!» и в «Круге чтения» под 27 января. Стихотворение это взято из книги: «Plain Talk in Psalm and Parable». By Ernest Crosby. The Brotherhood Publishing Company, London, 1899.
     </note>
     on this abominable war which I have already sent to Tchertkoff.
    </p>
    <p id="2a27d49c-e2e9-4f2d-9bd1-fc1871e7823d" rend="right">
     Your friend Leo Tolstoy.
    </p>
    <lb/>
    <p id="5a6d9fe6-abc1-4067-8971-dda9d3c83436" rend="Obrashenie petit">
     Дорогой друг,
    </p>
    <p id="4c443eeb-18d2-4bce-a2e0-00bfbd0e342b" rend="petit">
     Рад был получить от вас известия, но, к сожалению, не могу дать никакой статьи г. Уилеру.
     <ref target="#note5">
      5
     </ref>
     <note index="false" resp="volume_editor" xml:id="note5">
      Сведении об Уилере нет.
     </note>
     Я стремлюсь окончить уже начатое писание
     <ref target="#note6">
      6
     </ref>
     <note index="false" resp="volume_editor" xml:id="note6">
      В апреле 1904 г. Толстой работал над статьей «Одумайтесь!». Кроме того, он начал писать «Камень главы угла».
     </note>
     и не имею времени писать еще и другое. Благодарю вас за присылку «The Whim».
     <ref target="#note7">
      7
     </ref>
     <note index="false" resp="volume_editor" xml:id="note7">
      «The Whim. A Periodical without a tendency» — журнал, издававшийся в Нью-Йорке Кросби и Бенедиктом Притом (Benedict Prieth). Толстой поместил в «Круге чтения» одно изречение из этого журнала.
     </note>
     Мне приятно было найти там ваши стихотворения. Недавно я взял одно из ваших стихотворений эпиграфом к моей, посланной уже к Черткову, статье
     <ref target="#note8">
      8
     </ref>
     <note index="false" resp="volume_editor" xml:id="note8">
      Стихотворение Кросби, которое начинается словами: «Я сознаю в себе силу, которая со временем преобразит мир», помещено эпиграфом к X главе статьи «Одумайтесь!» и в «Круге чтения» под 27 января. Стихотворение это взято из книги: «Plain Talk in Psalm and Parable». By Ernest Crosby. The Brotherhood Publishing Company, London, 1899.
     </note>
     по поводу этой отвратительной войны.
    </p>
    <p id="66e635e1-624c-4257-8040-dd746091027b" rend="petit right">
     Ваш друг
     <name placement="text" ref="13883" type="person">
      Лев Толстой
     </name>
     .
    </p>
    <noteGrp type="comments">
     <note index="false" type="comments">
      <p id="8efce008-6935-4a96-a045-9905bd7150bc" rend="Textpetit_otstup left">
       Печатается по копировальной книге № 6, л. 132.
      </p>
     </note>
     <note index="false" type="comments">
      <p id="e44659b2-ad75-4a90-b50a-8a5310e4d4bb" rend="petit">
       Датируется по копировальной книге (письмо скопировано между письмом к А. Ф. Марксу и письмом к А. Кларку от 30 апреля 1904
       <hi style="opdelimiter">
        г.).
       </hi>
      </p>
     </note>
     <note index="false" type="comments">
      <p id="9bf06c23-f839-49f3-a6b8-7c99f5207c35" rend="petit">
       <pb n="90"/>
       <hi style="npdelimiter">
        <name placement="comments" ref="7195" type="person">
         Эрнест
        </name>
       </hi>
       <name placement="comments" ref="7195" type="person">
        Кросби
       </name>
       — американец, последователь учения Толстого. См. т. 67, стр. 212.
      </p>
     </note>
     <note index="false" type="comments">
      <p id="fd561ba0-9d47-4358-b590-d2257380b33c" rend="petit">
       Ответ на несохранившееся письмо Кросби.
      </p>
     </note>
    </noteGrp>
   </div>
  </body>
 </text>
</TEI>
