<?xml version="1.0" encoding="utf-8"?>
<TEI xmlns="http://www.tei-c.org/ns/1.0" xmlns:xi="http://www.w3.org/2001/XInclude">
 <teiHeader>
  <fileDesc>
   <titleStmt>
    <title xml:id="v75_061_I_K_Petrovskomu">
     Письма и документы. Tolstoy Digital
    </title>
    <title type="main">
     Письмо И. К. Петровскому от 27 февраля 1904 г.
    </title>
    <title type="bibl">
     Толстой Л. Н. Письмо И. К. Петровскому, 27 февраля 1904 г. // Толстой Л. Н. Полное собрание сочинений: в 90 тт. Т. 75. М.: Гос. изд. «Художественная литература», 1956. С.
    </title>
    <respStmt>
     <resp>
      Идея, постановка задач, руководство:
     </resp>
     <name>
      Анастасия Бонч-Осмоловская, Фёкла Толстая, Борис Орехов, Тимофей Лукашевский
     </name>
    </respStmt>
    <respStmt>
     <resp>
      Подготовка TEI/XML:
     </resp>
     <name>
      Евгений Можаев, Даниил Скоринкин, Ирина Павлова, Матвей Колбасов, Елена Сидорова, Кирилл Милинцевич, Лев Буланов, Макар Федоров, Константин Петров
     </name>
    </respStmt>
    <respStmt>
     <resp>
      Подготовка метаданных:
     </resp>
     <name>
      Мария Картышева, Вероника Файнберг
     </name>
    </respStmt>
    <respStmt>
     <resp>
      Разметка имен собственных:
     </resp>
     <name>
      Никита Северин, Елена Северина
     </name>
    </respStmt>
    <respStmt>
     <resp>
      Исправление древнегреческого текста:
     </resp>
     <name>
      Ольга Алиева
     </name>
    </respStmt>
    <funder>
     Проект «Слово Толстого»
    </funder>
   </titleStmt>
   <publicationStmt>
    <publisher>
     <orgName>
      Tolstoy Digital, DH CLOUD, Научно-образовательный союз «Родное Слово» проект «Слово Толстого»
     </orgName>
    </publisher>
    <availability>
     <p id="329d2786-b525-4c41-b541-9fb2cdb61ea0">
      Тексты и метатекстовая разметка доступны для свободного использования и распространения по лицензии Creative Commons Attribution Share-Alike (cc by-sa)
     </p>
    </availability>
    <date from="2015" to="2022"/>
   </publicationStmt>
   <notesStmt>
    <note>
     Публикуемые документы был получены с сайта tolstoy.ru в формате html, переведены в формат TEI. Исправлены некоторые ошибки распознавания. Тексты, написанные в дореформенной орфографии, сопоставлены с их версиями в современной орфографии.
    </note>
   </notesStmt>
   <sourceDesc>
    <biblStruct>
     <analytic>
      <author>
       Толстой Лев Николаевич
      </author>
     </analytic>
     <monogr>
      <title level="m">
       Полное собрание сочинений. Том 75
      </title>
      <imprint>
       <pubPlace>
        Москва
       </pubPlace>
       <publisher>
        Государственное издательство «Художественная литература»
       </publisher>
       <date when="1956"/>
      </imprint>
      <biblScope unit="vol">
       75
      </biblScope>
      <biblScope unit="page">
       52-52
      </biblScope>
     </monogr>
     <series>
      <title level="s">
       Л. Н. Толстой. Полное собрание сочинений: в 90 тт.
      </title>
     </series>
    </biblStruct>
    <bibl>
     Публикуется впервые
    </bibl>
   </sourceDesc>
  </fileDesc>
  <encodingDesc>
   <classDecl>
    <xi:include href="../../reference/taxonomy.xml"/>
   </classDecl>
  </encodingDesc>
  <profileDesc>
   <correspDesc>
    <correspAction type="sending">
     <persName ref="13883">
      Л. Н. Толстой
     </persName>
     <placeName>
      Ясная Поляна
     </placeName>
     <date when="1904-02-27"/>
    </correspAction>
    <correspAction type="receiving">
     <persName ref="10749">
      Петровский Ипполит Константинович
     </persName>
    </correspAction>
   </correspDesc>
   <langUsage>
    <language ident="ru"/>
   </langUsage>
   <textClass>
    <catRef ana="#tolstoy_heritage" target="library"/>
    <catRef ana="#letters" target="type"/>
    <catRef ana="#sent" target="sent"/>
   </textClass>
  </profileDesc>
 </teiHeader>
 <xenoData>
  <number type="in a volume">
   61
  </number>
 </xenoData>
 <text xml:id="I.K.Petrovskomu_61" xmlns="http://www.tei-c.org/ns/1.0" xmlns:xi="http://www.w3.org/2001/XInclude">
  <body>
   <div>
    <pb n="52"/>
    <opener index="false">
     * 61.
     <name placement="text" ref="10749" type="person">
      И. К. Петровскому
     </name>
     .1904 г. Февраля 27. Я. П.
    </opener>
    <p id="81f19961-e1d1-41be-909f-ec167f0165fb">
     Получил хорошее, радостное письмо ваше. Исполняя ваше желание, посылаю вам то, что писано мною о рабочем вопросе.
     <ref target="#note1">
      1
     </ref>
     <note index="false" resp="volume_editor" xml:id="note1">
      Произведения Толстого о рабочем вопросе: «Где выход?», «К рабочему народу» и «Неужели это так надо?». См. тт. 34 и 35.
     </note>
    </p>
    <p id="2fb1bee5-27b2-4c1c-b20d-0c8f33594f40" rend="right">
     <name placement="text" ref="13883" type="person">
      Лев Толстой
     </name>
     .
    </p>
    <p id="3e493d84-c82a-4f61-86cc-41ae08198e06">
     27 февр. 1904.
    </p>
    <noteGrp type="comments">
     <note index="false" type="comments">
      <p id="ac540d97-2160-4bba-9202-41ccb523551d" rend="Textpetit_otstup left">
       Печатается по копировальной книге № 6, л. 80.
      </p>
     </note>
     <note index="false" type="comments">
      <p id="57c2a4e9-42e7-4c58-9bb1-4ab8f2eeb093" rend="petit">
       Ипполит Константинович Петровский. См. прим. к письму № 24.
      </p>
     </note>
     <note index="false" type="comments">
      <p id="60c64872-55b9-431e-9811-4f08fa22b013" rend="petit">
       Ответ на письмо Петровского от 2 феврали 1904 г.
      </p>
     </note>
    </noteGrp>
   </div>
  </body>
 </text>
</TEI>
