<?xml version="1.0" encoding="utf-8"?>
<TEI xmlns="http://www.tei-c.org/ns/1.0" xmlns:xi="http://www.w3.org/2001/XInclude">
 <teiHeader>
  <fileDesc>
   <titleStmt>
    <title xml:id="v75_117_A_F_Marksu">
     Письма и документы. Tolstoy Digital
    </title>
    <title type="main">
     Письмо А. Ф. Марксу от 30 апреля 1904 г.
    </title>
    <title type="bibl">
     Толстой Л. Н. Письмо А. Ф. Марксу, 30 апреля 1904 г. // Толстой Л. Н. Полное собрание сочинений: в 90 тт. Т. 75. М.: Гос. изд. «Художественная литература», 1956. С.
    </title>
    <respStmt>
     <resp>
      Идея, постановка задач, руководство:
     </resp>
     <name>
      Анастасия Бонч-Осмоловская, Фёкла Толстая, Борис Орехов, Тимофей Лукашевский
     </name>
    </respStmt>
    <respStmt>
     <resp>
      Подготовка TEI/XML:
     </resp>
     <name>
      Евгений Можаев, Даниил Скоринкин, Ирина Павлова, Матвей Колбасов, Елена Сидорова, Кирилл Милинцевич, Лев Буланов, Макар Федоров, Константин Петров
     </name>
    </respStmt>
    <respStmt>
     <resp>
      Подготовка метаданных:
     </resp>
     <name>
      Мария Картышева, Вероника Файнберг
     </name>
    </respStmt>
    <respStmt>
     <resp>
      Разметка имен собственных:
     </resp>
     <name>
      Никита Северин, Елена Северина
     </name>
    </respStmt>
    <respStmt>
     <resp>
      Исправление древнегреческого текста:
     </resp>
     <name>
      Ольга Алиева
     </name>
    </respStmt>
    <funder>
     Проект «Слово Толстого»
    </funder>
   </titleStmt>
   <publicationStmt>
    <publisher>
     <orgName>
      Tolstoy Digital, DH CLOUD, Научно-образовательный союз «Родное Слово» проект «Слово Толстого»
     </orgName>
    </publisher>
    <availability>
     <p id="7850a67e-ef9e-463b-b7dd-2ccce8a6b8b3">
      Тексты и метатекстовая разметка доступны для свободного использования и распространения по лицензии Creative Commons Attribution Share-Alike (cc by-sa)
     </p>
    </availability>
    <date from="2015" to="2022"/>
   </publicationStmt>
   <notesStmt>
    <note>
     Публикуемые документы был получены с сайта tolstoy.ru в формате html, переведены в формат TEI. Исправлены некоторые ошибки распознавания. Тексты, написанные в дореформенной орфографии, сопоставлены с их версиями в современной орфографии.
    </note>
   </notesStmt>
   <sourceDesc>
    <biblStruct>
     <analytic>
      <author>
       Толстой Лев Николаевич
      </author>
     </analytic>
     <monogr>
      <title level="m">
       Полное собрание сочинений. Том 75
      </title>
      <imprint>
       <pubPlace>
        Москва
       </pubPlace>
       <publisher>
        Государственное издательство «Художественная литература»
       </publisher>
       <date when="1956"/>
      </imprint>
      <biblScope unit="vol">
       75
      </biblScope>
      <biblScope unit="page">
       95-95
      </biblScope>
     </monogr>
     <series>
      <title level="s">
       Л. Н. Толстой. Полное собрание сочинений: в 90 тт.
      </title>
     </series>
    </biblStruct>
    <bibl>
     Публикуется впервые
    </bibl>
   </sourceDesc>
  </fileDesc>
  <encodingDesc>
   <classDecl>
    <xi:include href="../../reference/taxonomy.xml"/>
   </classDecl>
  </encodingDesc>
  <profileDesc>
   <correspDesc>
    <correspAction type="sending">
     <persName ref="13883">
      Л. Н. Толстой
     </persName>
     <placeName>
      Ясная Поляна
     </placeName>
     <date when="1904-04-30"/>
    </correspAction>
    <correspAction type="receiving">
     <persName ref="8559">
      Маркс Адольф Федорович
     </persName>
    </correspAction>
   </correspDesc>
   <langUsage>
    <language ident="ru"/>
   </langUsage>
   <textClass>
    <catRef ana="#tolstoy_heritage" target="library"/>
    <catRef ana="#letters" target="type"/>
    <catRef ana="#sent" target="sent"/>
   </textClass>
  </profileDesc>
 </teiHeader>
 <xenoData>
  <number type="in a volume">
   117
  </number>
 </xenoData>
 <text xml:id="A.F.Marksu_117" xmlns="http://www.tei-c.org/ns/1.0" xmlns:xi="http://www.w3.org/2001/XInclude">
  <body>
   <div>
    <pb n="95"/>
    <opener index="false">
     * 117.
     <name placement="text" ref="8559" type="person">
      А. Ф. Марксу
     </name>
     .1904 г. Апреля 30. Я. П.
    </opener>
    <p id="33e120b0-4cea-4739-86b0-1c8dd8b19f81">
     Очень благодарен вам, любезный
     <name placement="text" ref="8559" type="person">
      Адольф Федорович
     </name>
     , за присылку прекрасного издания Гааза.
     <ref target="#note1">
      1
     </ref>
     <note index="false" resp="volume_editor" xml:id="note1">
      Присланная Марксом книга А. Ф. Кони «Федор Петрович Гааз. По новым материалам» имеется в яснополянской библиотеке.
     </note>
    </p>
    <p id="d7205ea3-1703-4e86-9e5e-c2bd96c70b0a">
     Желаю вам всего лучшего и успеха в вашем деле.
    </p>
    <p id="47f27ef5-193e-4932-995e-847ae77982ab" rend="right">
     Ваш Л. Толстой.
    </p>
    <p id="3332c8c2-4c85-485d-bf19-cf57f9a189eb">
     30 апреля 1904.
    </p>
    <noteGrp type="comments">
     <note index="false" type="comments">
      <p id="1d58d88a-2b66-4f85-a45a-b391ff7faeb9" rend="Textpetit_otstup left">
       Печатается по копировальной книге № 6, л. 132.
      </p>
     </note>
     <note index="false" type="comments">
      <p id="9c7c9107-8aa2-4f58-a3d5-045f94a8a988" rend="petit">
       <name placement="comments" ref="8559" type="person">
        Адольф Федорович Маркс
       </name>
       (1838—1904) — издатель журнала «Нива» и глава издательской фирмы «А. Ф. Маркс».
      </p>
     </note>
     <note index="false" type="comments">
      <p id="aadea870-b462-4df0-bcf6-13b7ffaec7b0" rend="petit">
       Ответ на письмо Маркса от 16 апреля 1904 г.
      </p>
     </note>
    </noteGrp>
   </div>
  </body>
 </text>
</TEI>
