<?xml version="1.0" encoding="utf-8"?>
<TEI xmlns="http://www.tei-c.org/ns/1.0" xmlns:xi="http://www.w3.org/2001/XInclude">
 <teiHeader>
  <fileDesc>
   <titleStmt>
    <title xml:id="v75_051_T_L_Suxotinoj">
     Письма и документы. Tolstoy Digital
    </title>
    <title type="main">
     Письмо Т. Л. Сухотиной от 19 февраля 1904 г.
    </title>
    <title type="bibl">
     Толстой Л. Н. Письмо Т. Л. Сухотиной, 19 февраля 1904 г. // Толстой Л. Н. Полное собрание сочинений: в 90 тт. Т. 75. М.: Гос. изд. «Художественная литература», 1956. С.
    </title>
    <respStmt>
     <resp>
      Идея, постановка задач, руководство:
     </resp>
     <name>
      Анастасия Бонч-Осмоловская, Фёкла Толстая, Борис Орехов, Тимофей Лукашевский
     </name>
    </respStmt>
    <respStmt>
     <resp>
      Подготовка TEI/XML:
     </resp>
     <name>
      Евгений Можаев, Даниил Скоринкин, Ирина Павлова, Матвей Колбасов, Елена Сидорова, Кирилл Милинцевич, Лев Буланов, Макар Федоров, Константин Петров
     </name>
    </respStmt>
    <respStmt>
     <resp>
      Подготовка метаданных:
     </resp>
     <name>
      Мария Картышева, Вероника Файнберг
     </name>
    </respStmt>
    <respStmt>
     <resp>
      Разметка имен собственных:
     </resp>
     <name>
      Никита Северин, Елена Северина
     </name>
    </respStmt>
    <respStmt>
     <resp>
      Исправление древнегреческого текста:
     </resp>
     <name>
      Ольга Алиева
     </name>
    </respStmt>
    <funder>
     Проект «Слово Толстого»
    </funder>
   </titleStmt>
   <publicationStmt>
    <publisher>
     <orgName>
      Tolstoy Digital, DH CLOUD, Научно-образовательный союз «Родное Слово» проект «Слово Толстого»
     </orgName>
    </publisher>
    <availability>
     <p id="7cc01ce6-0052-4241-a348-59754b5cdfb5">
      Тексты и метатекстовая разметка доступны для свободного использования и распространения по лицензии Creative Commons Attribution Share-Alike (cc by-sa)
     </p>
    </availability>
    <date from="2015" to="2022"/>
   </publicationStmt>
   <notesStmt>
    <note>
     Публикуемые документы был получены с сайта tolstoy.ru в формате html, переведены в формат TEI. Исправлены некоторые ошибки распознавания. Тексты, написанные в дореформенной орфографии, сопоставлены с их версиями в современной орфографии.
    </note>
   </notesStmt>
   <sourceDesc>
    <biblStruct>
     <analytic>
      <author>
       Толстой Лев Николаевич
      </author>
     </analytic>
     <monogr>
      <title level="m">
       Полное собрание сочинений. Том 75
      </title>
      <imprint>
       <pubPlace>
        Москва
       </pubPlace>
       <publisher>
        Государственное издательство «Художественная литература»
       </publisher>
       <date when="1956"/>
      </imprint>
      <biblScope unit="vol">
       75
      </biblScope>
      <biblScope unit="page">
       44-46
      </biblScope>
     </monogr>
     <series>
      <title level="s">
       Л. Н. Толстой. Полное собрание сочинений: в 90 тт.
      </title>
     </series>
    </biblStruct>
    <bibl>
     Публикуется впервые
    </bibl>
   </sourceDesc>
  </fileDesc>
  <encodingDesc>
   <classDecl>
    <xi:include href="../../reference/taxonomy.xml"/>
   </classDecl>
  </encodingDesc>
  <profileDesc>
   <correspDesc>
    <correspAction type="sending">
     <persName ref="13883">
      Л. Н. Толстой
     </persName>
     <placeName>
      Ясная Поляна
     </placeName>
     <date when="1904-02-19"/>
    </correspAction>
    <correspAction type="receiving">
     <persName ref="13413">
      Сухотина Татьяна Львовна, рожд. Толстая
     </persName>
    </correspAction>
   </correspDesc>
   <langUsage>
    <language ident="ru"/>
   </langUsage>
   <textClass>
    <catRef ana="#tolstoy_heritage" target="library"/>
    <catRef ana="#letters" target="type"/>
    <catRef ana="#sent" target="sent"/>
   </textClass>
  </profileDesc>
 </teiHeader>
 <xenoData>
  <number type="in a volume">
   51
  </number>
 </xenoData>
 <text xml:id="T.L.Suxotinoj_51" xmlns="http://www.tei-c.org/ns/1.0" xmlns:xi="http://www.w3.org/2001/XInclude">
  <body>
   <div>
    <pb n="44"/>
    <opener index="false">
     * 51. T. Л. Сухотиной.1904 г. Февраля 19. Я. П.
    </opener>
    <p id="7870a6ab-a9ef-4401-8beb-7e4d964b411d">
     Здравствуй, милая Таничка. Только что покончил с кипой писем,
     <choice original_editorial_correction="к[оторые]">
      <sic>
       к
      </sic>
      <corr>
       которые
      </corr>
     </choice>
     надо
     <choice original_editorial_correction="б[ыло]">
      <sic>
       б
      </sic>
      <corr>
       было
      </corr>
     </choice>
     отвечать. И твое оказалось последним, но я не устал и мне радостно побеседовать с тобой. Просмотрел твои два письма. Отвечать тебе нечего, так что могу писать, что вздумается и что мне ближе к сердцу. Как осенью сухие листья, сыпятся в могилу друзья сверстники, и предчувствую, что братний
     <ref target="#note1">
      1
     </ref>
     <note index="false" resp="volume_editor" xml:id="note1">
      <name placement="note" ref="13906" type="person">
       Сергей Николаевич Толстой
      </name>
      .
      <ref target="file:///Volume_75_S.N.Tolstomu_33.xml">
       См. письмо № 33
      </ref>
      .
     </note>
     листок чуть держится и мой еще слабее, хотя я чувствую себя хорошо и бодро. Боюсь, что у брата Сережи рак, ему трудно становится глотать. Это мне пишет Маша,
     <ref target="#note2">
      2
     </ref>
     <note index="false" resp="volume_editor" xml:id="note2">
      Марья Михайловна Толстая (1829—1919), с 1867 г. жена
      <name placement="note" ref="13906" type="person">
       Сергея Николаевича Толстого
      </name>
      .
     </note>
     а я всё собираюсь съездить, да никак не соберусь: то живот, то погода, то гости. Главное, его мучает Гриша,
     <ref target="#note3">
      3
     </ref>
     <note index="false" resp="volume_editor" xml:id="note3">
      <name placement="note" ref="13864" type="person">
       Григорий Сергеевич Толстой
      </name>
      (1853—1928), сын С. Н. Толстого.
     </note>
     который], как Балацкий,
     <ref target="#note4">
      4
     </ref>
     <note index="false" resp="volume_editor" xml:id="note4">
      <name placement="note" ref="913" type="person">
       Андрей Яковлевич Балацкий
      </name>
      , рядовой 3-й роты, 273-го Дунайского полка, стоявшего в Одессе, шантажист, полусумасшедший. Забрасывал Толстого письмами поучительного, обличительного, бранного, а чаще непонятного содержания. За 1904—1905 гг. Балацкий прислал Толстому 37 писем, оставленных Толстым без ответа и частью нераспечатанных. См. А. Б. Гольденвейзер, «Вблизи Толстого», т. 1, М. 1922, стр. 159—160.
     </note>
     пишет глупые и
     <choice original_editorial_correction="недоброжелат[ельные]">
      <sic>
       недоброжелат
      </sic>
      <corr>
       недоброжелательные
      </corr>
     </choice>
     письма, грусть и стыд за дочерей,
     <ref target="#note5">
      5
     </ref>
     <note index="false" resp="volume_editor" xml:id="note5">
      Варвара Сергеевна Толстая (1871—1920) и Вера Сергеевна Толстая (1865 — 1923). Личная жизнь обеих сложилась очень несчастливо. См. т. 73.
     </note>
     и страдания, и, боюсь, страх смерти, больший, чем следует и можно ее бояться. Подумаю об нем, и тяжело. Радует только его любовь ко мне. Как любовь всё исправляет. Дома у нас всё хорошо. Саша и физически и нравственно радует. Илюша,
     <ref target="#note6">
      6
     </ref>
     <note index="false" resp="volume_editor" xml:id="note6">
      Илья Львович Толстой.
     </note>
     как я слышу, да как я заметил, нехорош. Нет у молодого, у вашего, поколения
     <hi>
      табу
     </hi>
     , т. е. такой области, в
     <choice original_editorial_correction="кот[орую]">
      <sic>
       кот
      </sic>
      <corr>
       которую
      </corr>
     </choice>
     так же нельзя
     <hi>
      нравственно
     </hi>
     вступать, как нельзя физически пройти через стену. У них всё можно, и боюсь, что ничего не должно. Андрюша
     <ref target="#note7">
      7
     </ref>
     <note index="false" resp="volume_editor" xml:id="note7">
      <name placement="note" ref="13860" type="person">
       Андрей Львович Толстой
      </name>
      .
     </note>
     вчера был здесь. Едет в
     <choice original_editorial_correction="Пет[ербург]">
      <sic>
       Пет
      </sic>
      <corr>
       Петербург
      </corr>
     </choice>
     , хочет устроиться на войну при Куропаткине.
     <ref target="#note8">
      8
     </ref>
     <note index="false" resp="volume_editor" xml:id="note8">
      <name placement="note" ref="7456" type="person">
       Алексей Николаевич Куропаткин
      </name>
      . См. прим. 1 к письму № 44.
     </note>
     С дамой
     <ref target="#note9">
      9
     </ref>
     <note index="false" resp="volume_editor" xml:id="note9">
      <name placement="note" ref="13809" type="person">
       Анна Леонидовна Толмачева
      </name>
      . См. прим. 2 к письму № 8.
     </note>
     разошелся. Она написала ему, что не любит его, и он тотчас же перестал любить ее. На него сердиться за его безнравственность всё равно, как сердиться на глухонемого, что он не отвечает. Когда знаешь, что он глухонемой, то легче с ним. Даже есть что-то приятное, новое в отношениях, как это испытываешь с глухонемыми, общаясь с ними забавными знаками. Ольга
     <ref target="#note10">
      10
     </ref>
     <note index="false" resp="volume_editor" xml:id="note10">
      Ольга Константиновна Толстая уехала со своими детьми в Англию, в Пэрлей, к Чертковым 15 марта 1904 г.
     </note>
     едет в Англию. Я советовал ему во всяком случае проститься с ней и разлучиться, но сделать, как будто нет разрыва,
     <choice original_editorial_correction="к[оторого]">
      <sic>
       к
      </sic>
      <corr>
       которого
      </corr>
     </choice>
     действительно нет. Сережа
     <ref target="#note11">
      11
     </ref>
     <note index="false" resp="volume_editor" xml:id="note11">
      <name placement="note" ref="13905" type="person">
       Сергей Львович Толстой
      </name>
      .
     </note>
     весь горит интересом к войне и к внутренним неурядицам. — Был Саломон,
     <ref target="#note12">
      12
     </ref>
     <note index="false" resp="volume_editor" xml:id="note12">
      <name placement="note" ref="12185" type="person">
       Шарль Саломон (Charles Salomon
      </name>
      , p. 1862), француз, доктор права, литератор, автор ряда статей о Толстом и переводчик его произведений на французский язык. Знакомый Толстого. См. т. 67. Саломон приехал в Ясную Поляну 12-го и уехал 14 февраля 1904 г.
     </note>
     Бутурлин,
     <ref target="#note13">
      13
     </ref>
     <note index="false" resp="volume_editor" xml:id="note13">
      <name placement="note" ref="2115" type="person">
       Александр Сергеевич Бутурлин
      </name>
      . См. прим. 1 к письму № 36. Бутурлин пробыл в Ясной Поляне с 13-го по 15 февраля.
     </note>
     <choice original_editorial_correction="Гольденвейз[ер]">
      <sic>
       Гольденвейз
      </sic>
      <corr>
       Гольденвейзер
      </corr>
     </choice>
     <ref target="#note14">
      14
     </ref>
     <note index="false" resp="volume_editor" xml:id="note14">
      Об
      <name placement="note" ref="3589" type="person">
       Александре Борисовиче Гольденвейзере
      </name>
      (р. 1875) см.т.72, стр.446. Жена его —
      <name placement="note" ref="3591" type="person">
       Анна Алексеевна
      </name>
      , рожд. Софиано (1881—1929). Гольденвейзеры приезжали в Ясную Поляну 15 февраля.
     </note>
     с женой,
     <choice original_editorial_correction="Дмитр[ий]">
      <sic>
       Дмитр
      </sic>
      <corr>
       <name placement="text" ref="9742" type="person">
        Дмитрий
       </name>
      </corr>
     </choice>
     <choice original_editorial_correction="Вас[ильевич]">
      <sic>
       <name placement="text" ref="9742" type="person">
        Вас
       </name>
      </sic>
      <corr>
       <name placement="text" ref="9742" type="person">
        Васильевич
       </name>
      </corr>
     </choice>
     ,
     <ref target="#note15">
      15
     </ref>
     <note index="false" resp="volume_editor" xml:id="note15">
      <name placement="note" ref="9742" type="person">
       Дмитрий Васильевич Никитин
      </name>
      (р. 1870), врач, живший в Ясной Поляне в 1902—1904
      <hi style="opdelimiter">
       гг.
      </hi>
     </note>
     все в одно время. Мама уехала в Москву, выдумала себе дело музей «земли русской»,
     <ref target="#note16">
      16
     </ref>
     <note index="false" resp="volume_editor" xml:id="note16">
      Мария Львовна Оболенская.
     </note>
     что собственно при моей жизни выходит очень нескромно и потому мне неприятно, но это так неважно. — Что сказать о главных двух лицах: о
     <hi style="opdelimiter">
      тебе
     </hi>
     <pb n="45"/>
     <hi style="npdelimiter">
      и
     </hi>
     о мне. О тебе, что я от твоей беременности, так же как от Машиной
     <ref target="#note17">
      17
     </ref>
     <note index="false" resp="volume_editor" xml:id="note17">
      В письме от 31 января 1904 г.
      <name placement="note" ref="13413" type="person">
       Татьяна Львовна
      </name>
      писала Толстому о том, что она покупает землю и домик в горах над Лозанной. «Делаю я это, — писала Т. Л., — для того, что нахожу жизнь по гостиницам очень вредной для всех нас, особенно для детей. А по теперешним временам кто знает — не придется ли на время уехать из нашего несчастного отечества».
     </note>
     не жду ничего, кроме вашего горя, и утешаюсь тем, что это вашим душам на пользу. Это звучит дико, а это правда. Покупку
     <ref target="#note18">
      18
     </ref>
     <note index="false" resp="volume_editor" xml:id="note18">
      См. т. 42.
     </note>
     твою я очень понимаю и, хотя это роскошь, не решаюсь осуждать. О себе скажу, что работы, работы конца нет и кое-что делаю. Главное же дело, спокойно и, как желается, радостно приближаться к смерти, тоже немного делаю. Написал один рассказец
     <hi>
      Божеское и человеческое
     </hi>
     ,
     <ref target="#note19">
      19
     </ref>
     <note index="false" resp="volume_editor" xml:id="note19">
      О «Фальшивом купоне» см. т. 36.
     </note>
     потом докончил
     <hi>
      <choice original_editorial_correction="Фальшив[ый]">
       <sic>
        Фальшив
       </sic>
       <corr>
        Фальшивый
       </corr>
      </choice>
      купон
     </hi>
     <ref target="#note20">
      20
     </ref>
     <note index="false" resp="volume_editor" xml:id="note20">
      «Воспоминания» писались Толстым в 1903—1906 гг. по просьбе П. И. Бирюкова для биографии Толстого. См. т. 34.
     </note>
     половина начерно, немножко подвинулся в воспоминаниях.
     <ref target="#note21">
      21
     </ref>
     <note index="false" resp="volume_editor" xml:id="note21">
      <name placement="note" ref="13403" type="person">
       Михаил Михайлович Сухотин
      </name>
      (р. 1884), пасынок Т. Л. Сухотиной.
     </note>
     Прощай, душенька, целую тебя, милого Мишу
     <ref target="#note22">
      22
     </ref>
     <note index="false" resp="volume_editor" xml:id="note22">
      Наталья Михайловна Оболенская, рожд. Сухотина (1882—1925), падчерица Т. Л. Сухотиной.
     </note>
     и
     <choice original_editorial_correction="Нат[ашу]">
      <sic>
       Нат
      </sic>
      <corr>
       Наташу
      </corr>
     </choice>
     .
     <hi>
      23
     </hi>
    </p>
    <noteGrp type="comments">
     <note index="false" type="comments">
      <p id="c07c7ae8-75aa-4d56-bdfd-ec69fc1de3d8" rend="Textpetit_otstup left">
       Датируется по копировальной книге (письмо скопировано между письмами к М. Н. Милошевич и к Э. Мооду от 19 февраля 1904 г.).
      </p>
     </note>
     <note index="false" type="comments">
      <p id="b5588b4b-1a1a-42fb-81b2-84e12238861a" rend="petit">
       Ответы на два письма Т. Л. Сухотиной от начала ноября 1903 г. и от 31 января 1904 г. из Швейцарии, Вэвэ.
      </p>
     </note>
    </noteGrp>
   </div>
  </body>
 </text>
</TEI>
