<?xml version="1.0" encoding="utf-8"?>
<TEI xmlns="http://www.tei-c.org/ns/1.0" xmlns:xi="http://www.w3.org/2001/XInclude">
 <teiHeader>
  <fileDesc>
   <titleStmt>
    <title xml:id="v75_283_V_D_Frolovu">
     Письма и документы. Tolstoy Digital
    </title>
    <title type="main">
     Письмо В. Д. Фролову от 14 января 1905 г.
    </title>
    <title type="bibl">
     Толстой Л. Н. Письмо В. Д. Фролову, 14 января 1905 г. // Толстой Л. Н. Полное собрание сочинений: в 90 тт. Т. 75. М.: Гос. изд. «Художественная литература», 1956. С.
    </title>
    <respStmt>
     <resp>
      Идея, постановка задач, руководство:
     </resp>
     <name>
      Анастасия Бонч-Осмоловская, Фёкла Толстая, Борис Орехов, Тимофей Лукашевский
     </name>
    </respStmt>
    <respStmt>
     <resp>
      Подготовка TEI/XML:
     </resp>
     <name>
      Евгений Можаев, Даниил Скоринкин, Ирина Павлова, Матвей Колбасов, Елена Сидорова, Кирилл Милинцевич, Лев Буланов, Макар Федоров, Константин Петров
     </name>
    </respStmt>
    <respStmt>
     <resp>
      Подготовка метаданных:
     </resp>
     <name>
      Мария Картышева, Вероника Файнберг
     </name>
    </respStmt>
    <respStmt>
     <resp>
      Разметка имен собственных:
     </resp>
     <name>
      Никита Северин, Елена Северина
     </name>
    </respStmt>
    <respStmt>
     <resp>
      Исправление древнегреческого текста:
     </resp>
     <name>
      Ольга Алиева
     </name>
    </respStmt>
    <funder>
     Проект «Слово Толстого»
    </funder>
   </titleStmt>
   <publicationStmt>
    <publisher>
     <orgName>
      Tolstoy Digital, DH CLOUD, Научно-образовательный союз «Родное Слово» проект «Слово Толстого»
     </orgName>
    </publisher>
    <availability>
     <p id="126eb355-9844-4005-9884-a8521bc973a0">
      Тексты и метатекстовая разметка доступны для свободного использования и распространения по лицензии Creative Commons Attribution Share-Alike (cc by-sa)
     </p>
    </availability>
    <date from="2015" to="2022"/>
   </publicationStmt>
   <notesStmt>
    <note>
     Публикуемые документы был получены с сайта tolstoy.ru в формате html, переведены в формат TEI. Исправлены некоторые ошибки распознавания. Тексты, написанные в дореформенной орфографии, сопоставлены с их версиями в современной орфографии.
    </note>
   </notesStmt>
   <sourceDesc>
    <biblStruct>
     <analytic>
      <author>
       Толстой Лев Николаевич
      </author>
     </analytic>
     <monogr>
      <title level="m">
       Полное собрание сочинений. Том 75
      </title>
      <imprint>
       <pubPlace>
        Москва
       </pubPlace>
       <publisher>
        Государственное издательство «Художественная литература»
       </publisher>
       <date when="1956"/>
      </imprint>
      <biblScope unit="vol">
       75
      </biblScope>
      <biblScope unit="page">
       201-202
      </biblScope>
     </monogr>
     <series>
      <title level="s">
       Л. Н. Толстой. Полное собрание сочинений: в 90 тт.
      </title>
     </series>
    </biblStruct>
    <bibl>
     Публикуется впервые
    </bibl>
   </sourceDesc>
  </fileDesc>
  <encodingDesc>
   <classDecl>
    <xi:include href="../../reference/taxonomy.xml"/>
   </classDecl>
  </encodingDesc>
  <profileDesc>
   <correspDesc>
    <correspAction type="sending">
     <persName ref="13883">
      Л. Н. Толстой
     </persName>
     <placeName>
      Ясная Поляна
     </placeName>
     <date when="1905-01-14"/>
    </correspAction>
    <correspAction type="receiving">
     <persName ref="14781">
      Фролов Василий Дмитриевич
     </persName>
    </correspAction>
   </correspDesc>
   <langUsage>
    <language ident="ru"/>
   </langUsage>
   <textClass>
    <catRef ana="#tolstoy_heritage" target="library"/>
    <catRef ana="#letters" target="type"/>
    <catRef ana="#sent" target="sent"/>
   </textClass>
  </profileDesc>
 </teiHeader>
 <xenoData>
  <number type="in a volume">
   283
  </number>
 </xenoData>
 <text xml:id="V.D.Frolovu_283" xmlns="http://www.tei-c.org/ns/1.0" xmlns:xi="http://www.w3.org/2001/XInclude">
  <body>
   <div>
    <pb n="201"/>
    <opener index="false">
     * 283.
     <name placement="text" ref="14781" type="person">
      В. Д. Фролову
     </name>
     .1905 г. Января 14. Я. П.
    </opener>
    <p id="d6f4aa86-4425-4aed-992e-b9ce667e4749" rend="Obrashenie">
     Милый Фролов,
    </p>
    <p id="470a02ba-5ba2-4691-a926-3907f58cc1cf">
     Получил ваши два письма, а по последнему письму, в
     <choice original_editorial_correction="к[отором]">
      <sic>
       к
      </sic>
      <corr>
       котором
      </corr>
     </choice>
     написано: «продолжение», думаю, что
     <choice original_editorial_correction="б[ыло]">
      <sic>
       б
      </sic>
      <corr>
       было
      </corr>
     </choice>
     еще третье. Я внимательно прочел то, что вы пишете о боге. Я понимаю ваш ход мысли,
     <choice original_editorial_correction="п[отому]">
      <sic>
       п
      </sic>
      <corr>
       потому
      </corr>
     </choice>
     <choice original_editorial_correction="ч[то]">
      <sic>
       ч
      </sic>
      <corr>
       что
      </corr>
     </choice>
     разделяю его, но изложение мысли не вполне точно и ясно.
    </p>
    <p id="63f4a44a-6ac3-4205-b5c1-b5818f5fa987">
     Не торопитесь писать. Больше читайте, думайте и записывайте только те мысли,
     <choice original_editorial_correction="к[отор]ые">
      <sic>
       кые
      </sic>
      <corr>
       которые
      </corr>
     </choice>
     выльются коротко и ясно. Записывайте для себя.
    </p>
    <p id="ef60d464-f506-4902-af3c-65f76fcd3ed1">
     Я говорил о вас моему приятелю
     <hi>
      <name placement="text" ref="2006" type="person">
       Павлу Александровичу Буланже
      </name>
     </hi>
     , адрес его: Москва, Управление Курской жел. дор.
    </p>
    <p id="f4d30ec6-5f93-45af-b205-45111dd936af">
     Он обещал дать вам место в школе, но не в Москве, где и нет вакансий. Если решите, пишите ему. Прощайте.
    </p>
    <p id="a7a608a8-f56c-4805-b64e-ca68ad7512f1" rend="right rightindent">
     Любящий вас
    </p>
    <p id="e89a3def-b7ab-42af-9dff-faca4b5d4035" rend="right">
     <name placement="text" ref="13883" type="person">
      Лев Толстой
     </name>
     .
    </p>
    <p id="c8554ba4-4a9d-40da-a5a4-a9549f34e2d1">
     14 янв. 1904.
     <ref target="#note1">
      1
     </ref>
     <note index="false" resp="volume_editor" xml:id="note1">
      Толстой ошибся: 1905 г.
     </note>
    </p>
    <noteGrp type="comments">
     <note index="false" type="comments">
      <p id="750cf0c7-2d73-4728-bce5-fdc9dcfe15f2" rend="Textpetit_otstup left">
       <name placement="comments" ref="14781" type="person">
        Василий Дмитриевич Фролов
       </name>
       (р. 1886?) — из крестьян Нижегородской губ. В 1904 г. был учеником-стипендиатом третьего класса учительской семинарии в Киржаче Владимирской губ. В 1905 г. был учителем в д. Горицы Муромского уезда Владимирской губ. С Толстым Фролов познакомился в 1904 г. в Ясной Поляне, где он пробыл 23 и 24 декабря. В ЯЗМ имеются следующие записи об этом посещении 23 декабря 1904 г.: «Вечером приехал из Владимира семинарист Фролов, восемнадцатилетний юноша. Он приехал прочесть Льву Николаевичу изложение своего мировоззрения в статьях «Кто я» и «Что вне меня». «Удивительно, — сказал Лев Николаевич, — что он выражает то же, пишет о том же, о чем я, семидесятишестилетний старик» (ЯЗМ, 1, стр. 44). Вторично Фролов был у Толстого 16 июля 1905 г. В ЯЗ под этой датой записано: «Приехал Фролов, ученик Киржачской учительской семинарии, одушевленный Львом Николаевичем. Привез свое философское сочинение. Лев Николаевич [сказал] о нем, что оно совсем плохое. Лев Николаевич с ним много говорил и был им доволен».
      </p>
     </note>
     <note index="false" type="comments">
      <p id="1386bb34-12e1-4deb-ab7a-19cf95ebbb2e" rend="petit">
       Ответ на два письма Фролова. В первом из них, от 2 января 1905 г., Фролов просил Толстого дать ему обещанное место в Москве. Второе письмо — от 7? января. В большей части этого письма Фролов рассуждал и излагал свои мысли о боге: «есть ли бог, как его понимать и как ему служить».
      </p>
     </note>
    </noteGrp>
   </div>
  </body>
 </text>
</TEI>
