<?xml version="1.0" encoding="utf-8"?>
<TEI xmlns="http://www.tei-c.org/ns/1.0" xmlns:xi="http://www.w3.org/2001/XInclude">
 <teiHeader>
  <fileDesc>
   <titleStmt>
    <title xml:id="v76_173_M_L_Obolenskoj">
     Письма и документы. Tolstoy Digital
    </title>
    <title type="main">
     Письмо М. Л. Оболенской от 22 марта 1906 г.
    </title>
    <title type="bibl">
     Толстой Л. Н. Письмо М. Л. Оболенской, 22 марта 1906 г. // Толстой Л. Н. Полное собрание сочинений: в 90 тт. Т. 76. М.: Гос. изд. «Художественная литература», 1956. С.
    </title>
    <respStmt>
     <resp>
      Идея, постановка задач, руководство:
     </resp>
     <name>
      Анастасия Бонч-Осмоловская, Фёкла Толстая, Борис Орехов, Тимофей Лукашевский
     </name>
    </respStmt>
    <respStmt>
     <resp>
      Подготовка TEI/XML:
     </resp>
     <name>
      Евгений Можаев, Даниил Скоринкин, Ирина Павлова, Матвей Колбасов, Елена Сидорова, Кирилл Милинцевич, Лев Буланов, Макар Федоров, Константин Петров
     </name>
    </respStmt>
    <respStmt>
     <resp>
      Подготовка метаданных:
     </resp>
     <name>
      Мария Картышева, Вероника Файнберг
     </name>
    </respStmt>
    <respStmt>
     <resp>
      Разметка имен собственных:
     </resp>
     <name>
      Никита Северин, Елена Северина
     </name>
    </respStmt>
    <respStmt>
     <resp>
      Исправление древнегреческого текста:
     </resp>
     <name>
      Ольга Алиева
     </name>
    </respStmt>
    <funder>
     Проект «Слово Толстого»
    </funder>
   </titleStmt>
   <publicationStmt>
    <publisher>
     <orgName>
      Tolstoy Digital, DH CLOUD, Научно-образовательный союз «Родное Слово» проект «Слово Толстого»
     </orgName>
    </publisher>
    <availability>
     <p id="8eb91b58-68e3-4f29-8912-fc285f7ea265">
      Тексты и метатекстовая разметка доступны для свободного использования и распространения по лицензии Creative Commons Attribution Share-Alike (cc by-sa)
     </p>
    </availability>
    <date from="2015" to="2022"/>
   </publicationStmt>
   <notesStmt>
    <note>
     Публикуемые документы был получены с сайта tolstoy.ru в формате html, переведены в формат TEI. Исправлены некоторые ошибки распознавания. Тексты, написанные в дореформенной орфографии, сопоставлены с их версиями в современной орфографии.
    </note>
   </notesStmt>
   <sourceDesc>
    <biblStruct>
     <analytic>
      <author>
       Толстой Лев Николаевич
      </author>
     </analytic>
     <monogr>
      <title level="m">
       Полное собрание сочинений. Том 76
      </title>
      <imprint>
       <pubPlace>
        Москва
       </pubPlace>
       <publisher>
        Государственное издательство «Художественная литература»
       </publisher>
       <date when="1956"/>
      </imprint>
      <biblScope unit="vol">
       76
      </biblScope>
      <biblScope unit="page">
       128-129
      </biblScope>
     </monogr>
     <series>
      <title level="s">
       Л. Н. Толстой. Полное собрание сочинений: в 90 тт.
      </title>
     </series>
    </biblStruct>
    <bibl/>
   </sourceDesc>
  </fileDesc>
  <encodingDesc>
   <classDecl>
    <xi:include href="../../reference/taxonomy.xml"/>
   </classDecl>
  </encodingDesc>
  <profileDesc>
   <correspDesc>
    <correspAction type="sending">
     <persName ref="13883">
      Л. Н. Толстой
     </persName>
     <placeName>
      Ясная Поляна
     </placeName>
     <date when="1906-03-22"/>
    </correspAction>
    <correspAction type="receiving">
     <persName ref="9984">
      Оболенская Мария Львовна, рожд. Толстая
     </persName>
    </correspAction>
   </correspDesc>
   <langUsage>
    <language ident="ru"/>
   </langUsage>
   <textClass>
    <catRef ana="#tolstoy_heritage" target="library"/>
    <catRef ana="#letters" target="type"/>
    <catRef ana="#sent" target="sent"/>
   </textClass>
  </profileDesc>
 </teiHeader>
 <xenoData>
  <number type="in a volume">
   173
  </number>
 </xenoData>
 <text xml:id="M.L.Obolenskoj_173" xmlns="http://www.tei-c.org/ns/1.0" xmlns:xi="http://www.w3.org/2001/XInclude">
  <body>
   <div>
    <pb n="128"/>
    <opener index="false">
     173.
     <name placement="text" ref="9984" type="person">
      М. Л. Оболенской
     </name>
     .1906 г. Марта 22. Я. П.
    </opener>
    <p id="7bf3fabe-d283-4d79-a5d0-2cbd5ea6d242">
     Спасибо за твое письмо, милая Машенька. В письме к
     <choice original_editorial_correction="Ю[лии]">
      <sic>
       Ю
      </sic>
      <corr>
       <name placement="text" ref="5672" type="person">
        Юлии
       </name>
      </corr>
     </choice>
     <choice original_editorial_correction="И[вановне]">
      <sic>
       <name placement="text" ref="5672" type="person">
        И
       </name>
      </sic>
      <corr>
       <name placement="text" ref="5672" type="person">
        Ивановне
       </name>
      </corr>
     </choice>
     <ref target="#note1">
      1
     </ref>
     <note index="false" resp="volume_editor" xml:id="note1">
      Это письмо к Ю. И. Игумновой неизвестно.
     </note>
     ты поговариваешь о тоске по дому и желании домой. Я всегда всех гоню в Мамадыш,
     <ref target="#note2">
      2
     </ref>
     <note index="false" resp="volume_editor" xml:id="note2">
      Мамадыш — уездный город Казанской губ. на правом берегу р. Вятки. Толстой неоднократно употребляет название этого города как синоним российской провинции.
     </note>
     но когда люди уедут не в Мамадыш, я всегда советую, заехав так далеко, оставаться там, куда заехали. Так и вам: советую тебе воспользоваться всем, что можешь взять от Европы. Я лично ничего не хотел бы взять, несмотря на всю чистоту и выглаженность ее. А к сожалению, вижу, что мы все капельки подбираем: партии, предвыборные агитации, блок и т. п. Отвратительно. Такой разврат, в
     <choice original_editorial_correction="к[оторый]">
      <sic>
       к
      </sic>
      <corr>
       который
      </corr>
     </choice>
     втягивают крестьян, развращая их. Может быть, это неизбежно и надо и крестьянам перейти через этот разврат для того, чтобы понять всю его бесцельность и зловредность. А иногда не могу не думать, что этого не нужно. И доказательство ненужности этого вижу в том, что я
     <choice original_editorial_correction="н[а]п[ример">
      <sic>
       нп[ример
      </sic>
      <corr>
       например
      </corr>
     </choice>
     ], да и многие со мной, мы видим, что все эти конституции ни к чему другому не могут привести, как к тому, что другие люди будут эксплоатировать большинство — переменятся, как это происходит в
     <choice original_editorial_correction="Англ[ии]">
      <sic>
       Англ
      </sic>
      <corr>
       Англии
      </corr>
     </choice>
     ,
     <choice original_editorial_correction="Франц[ии]">
      <sic>
       Франц
      </sic>
      <corr>
       Франции
      </corr>
     </choice>
     , Америке, везде и все будут беспокойно стремиться, чтобы эксплоатировать друг друга и все всё больше и больше будут кидать единственную разумную, нравственную земледельческую жизнь, возлагая этот серый труд на рабов в Индии,
     <choice original_editorial_correction="Афри[ке]">
      <sic>
       Афри
      </sic>
      <corr>
       Африке
      </corr>
     </choice>
     , Азии и Европе, где можно. Очень чиста матерьяльно эта
     <choice original_editorial_correction="европ[ейская]">
      <sic>
       европ
      </sic>
      <corr>
       европейская
      </corr>
     </choice>
     жизнь, но ужасно грязна духовно. Так я иногда сомневаюсь — нужно ли
     <choice original_editorial_correction="русск[ому]">
      <sic>
       русск
      </sic>
      <corr>
       русскому
      </corr>
     </choice>
     народу пройти через этот разврат, притти в тот тупик, в
     <choice original_editorial_correction="к[оторый]">
      <sic>
       к
      </sic>
      <corr>
       который
      </corr>
     </choice>
     уже зашли западные народы? Думаю так
     <choice original_editorial_correction="п[отому]">
      <sic>
       п
      </sic>
      <corr>
       потому
      </corr>
     </choice>
     ,
     <choice original_editorial_correction="ч[то]">
      <sic>
       ч
      </sic>
      <corr>
       что
      </corr>
     </choice>
     когда западные народы шли на этот путь, все передовые люди звали их на этот путь, теперь же не я один, а мы многие видим, что это погибель. И, остерегая народ от этого пути, мы не говорим, как говорили прежние противники движенья: идите назад или остановитесь, а мы говорим: идите вперед, но только не в том направлении, в
     <choice original_editorial_correction="к[отором]">
      <sic>
       к
      </sic>
      <corr>
       котором
      </corr>
     </choice>
     вы идете,
     <choice original_editorial_correction="п[отому]">
      <sic>
       п
      </sic>
      <corr>
       потому
      </corr>
     </choice>
     <choice original_editorial_correction="ч[то]">
      <sic>
       ч
      </sic>
      <corr>
       что
      </corr>
     </choice>
     это направление ведет назад; а говорим: идите смело вперед к освобождению от власти. Я пишу об этом
     <ref target="#note3">
      3
     </ref>
     <note index="false" resp="volume_editor" xml:id="note3">
      Статью «О значении русской революции».
     </note>
     и
     <choice original_editorial_correction="дум[аю]">
      <sic>
       дум
      </sic>
      <corr>
       думаю
      </corr>
     </choice>
     , поэтому и написал тебе.
    </p>
    <p id="5ae0f14f-19eb-44d4-9e82-a20d0b285e77">
     О тебе думал вчера, ходя по насту. (Наст удивительный! иди, куда хочешь, по мраморному полу, нынче начал
     <hi style="opdelimiter">
      портиться.)
     </hi>
     <pb n="129"/>
     <hi style="npdelimiter">
      Думал
     </hi>
     то, что ты теперь ослабела и
     <choice original_editorial_correction="справедли[во]">
      <sic>
       справедли
      </sic>
      <corr>
       справедливо
      </corr>
     </choice>
     недовольна собой, что и очень хорошо. Но вспомни о том, как много ты мне дала хорошего, как много Саше и многим и всё тебе другими простится, сама только не прощай себя. Да ты и не простишь. Прощай, голубушка, целую тебя и Колю.
    </p>
    <p id="7a924f43-0ab4-43e0-ba5e-8b7bc62f0ae3" rend="right">
     Л. Т.
    </p>
    <p id="9e4d9b10-d7f3-42c1-92ac-91f878759c16">
     22 марта 1906.
    </p>
    <noteGrp type="comments">
     <note index="false" type="comments">
      <p id="947edc54-b720-4ce5-a9ba-0238e81cba45" rend="Textpetit_otstup left">
       Впервые почти полностью опубликовано Б, IV, стр. 122. Полностью по копии опубликовано в «Современных записках» (Париж) 1926, XXVII, стр. 288—289, с датой: «Март 1906 г.». Полностью по автографу опубликовано H. Н. Гусевым в журнале «Печать и революция», 1928, 6, стр.123—124.
      </p>
     </note>
    </noteGrp>
   </div>
  </body>
 </text>
</TEI>
