<?xml version="1.0" encoding="utf-8"?>
<TEI xmlns="http://www.tei-c.org/ns/1.0" xmlns:xi="http://www.w3.org/2001/XInclude">
 <teiHeader>
  <fileDesc>
   <titleStmt>
    <title xml:id="v76_123_G_M_Berkengejmu">
     Письма и документы. Tolstoy Digital
    </title>
    <title type="main">
     Письмо Г. М. Беркенгейму от 23 января 1906 г.
    </title>
    <title type="bibl">
     Толстой Л. Н. Письмо Г. М. Беркенгейму, 23 января 1906 г. // Толстой Л. Н. Полное собрание сочинений: в 90 тт. Т. 76. М.: Гос. изд. «Художественная литература», 1956. С.
    </title>
    <respStmt>
     <resp>
      Идея, постановка задач, руководство:
     </resp>
     <name>
      Анастасия Бонч-Осмоловская, Фёкла Толстая, Борис Орехов, Тимофей Лукашевский
     </name>
    </respStmt>
    <respStmt>
     <resp>
      Подготовка TEI/XML:
     </resp>
     <name>
      Евгений Можаев, Даниил Скоринкин, Ирина Павлова, Матвей Колбасов, Елена Сидорова, Кирилл Милинцевич, Лев Буланов, Макар Федоров, Константин Петров
     </name>
    </respStmt>
    <respStmt>
     <resp>
      Подготовка метаданных:
     </resp>
     <name>
      Мария Картышева, Вероника Файнберг
     </name>
    </respStmt>
    <respStmt>
     <resp>
      Разметка имен собственных:
     </resp>
     <name>
      Никита Северин, Елена Северина
     </name>
    </respStmt>
    <respStmt>
     <resp>
      Исправление древнегреческого текста:
     </resp>
     <name>
      Ольга Алиева
     </name>
    </respStmt>
    <funder>
     Проект «Слово Толстого»
    </funder>
   </titleStmt>
   <publicationStmt>
    <publisher>
     <orgName>
      Tolstoy Digital, DH CLOUD, Научно-образовательный союз «Родное Слово» проект «Слово Толстого»
     </orgName>
    </publisher>
    <availability>
     <p id="50479508-1e63-4d03-8fc0-60c9a3d18b61">
      Тексты и метатекстовая разметка доступны для свободного использования и распространения по лицензии Creative Commons Attribution Share-Alike (cc by-sa)
     </p>
    </availability>
    <date from="2015" to="2022"/>
   </publicationStmt>
   <notesStmt>
    <note>
     Публикуемые документы был получены с сайта tolstoy.ru в формате html, переведены в формат TEI. Исправлены некоторые ошибки распознавания. Тексты, написанные в дореформенной орфографии, сопоставлены с их версиями в современной орфографии.
    </note>
   </notesStmt>
   <sourceDesc>
    <biblStruct>
     <analytic>
      <author>
       Толстой Лев Николаевич
      </author>
     </analytic>
     <monogr>
      <title level="m">
       Полное собрание сочинений. Том 76
      </title>
      <imprint>
       <pubPlace>
        Москва
       </pubPlace>
       <publisher>
        Государственное издательство «Художественная литература»
       </publisher>
       <date when="1956"/>
      </imprint>
      <biblScope unit="vol">
       76
      </biblScope>
      <biblScope unit="page">
       88-88
      </biblScope>
     </monogr>
     <series>
      <title level="s">
       Л. Н. Толстой. Полное собрание сочинений: в 90 тт.
      </title>
     </series>
    </biblStruct>
    <bibl>
     Публикуется впервые
    </bibl>
   </sourceDesc>
  </fileDesc>
  <encodingDesc>
   <classDecl>
    <xi:include href="../../reference/taxonomy.xml"/>
   </classDecl>
  </encodingDesc>
  <profileDesc>
   <correspDesc>
    <correspAction type="sending">
     <persName ref="13883">
      Л. Н. Толстой
     </persName>
     <placeName>
      Ясная Поляна
     </placeName>
     <date when="1906-01-23"/>
    </correspAction>
    <correspAction type="receiving">
     <persName ref="1281">
      Беркенгейм Григорий Моисеевич
     </persName>
    </correspAction>
   </correspDesc>
   <langUsage>
    <language ident="ru"/>
   </langUsage>
   <textClass>
    <catRef ana="#tolstoy_heritage" target="library"/>
    <catRef ana="#letters" target="type"/>
    <catRef ana="#sent" target="sent"/>
   </textClass>
  </profileDesc>
 </teiHeader>
 <xenoData>
  <number type="in a volume">
   123
  </number>
 </xenoData>
 <text xml:id="G.M.Berkengejmu_123" xmlns="http://www.tei-c.org/ns/1.0" xmlns:xi="http://www.w3.org/2001/XInclude">
  <body>
   <div>
    <pb n="88"/>
    <opener index="false">
     * 123.
     <name placement="text" ref="1281" type="person">
      Г. М. Беркенгейму
     </name>
     .1906 г. Января 23? Я. П.
    </opener>
    <p id="f6ed19d7-905e-4f1f-8b8b-8cde896efa4d">
     Очень вам благодарен, милый
     <choice original_editorial_correction="Гр[игорий]">
      <sic>
       Гр
      </sic>
      <corr>
       <name placement="text" ref="1281" type="person">
        Григорий
       </name>
      </corr>
     </choice>
     <choice original_editorial_correction="Моис[еевич]">
      <sic>
       <name placement="text" ref="1281" type="person">
        Моис
       </name>
      </sic>
      <corr>
       <name placement="text" ref="1281" type="person">
        Моисеевич
       </name>
      </corr>
     </choice>
     , за ваш большой и мне очень нужный и для меня полезный и приятный труд. Мне надо многое обдумать и вспомнить, чтобы воспользоваться им.
    </p>
    <p id="6d96d526-98da-442e-8793-d93385e1252d">
     Что же это вы нехорошо себя чувствуете? У вас всё есть, чтобы этого не было. Стоит только захотеть. У нас всё хорошо от самых старых до самых малых. Все помнят и любят вас.
    </p>
    <p id="4283143a-a642-4194-a089-ea1590008a72" rend="right">
     <name placement="text" ref="13883" type="person">
      Лев Толстой
     </name>
     .
    </p>
    <noteGrp type="comments">
     <note index="false" type="comments">
      <p id="7965caca-7860-448b-867f-43190a468002" rend="Textpetit_otstup left">
       Датируется по местоположению в копировальной книге.
      </p>
     </note>
     <note index="false" type="comments">
      <p id="df1ac5cf-7605-4887-9ddd-45f334a6d1f9" rend="petit">
       <name placement="comments" ref="1281" type="person">
        Григорий Моисеевич Беркенгейм
       </name>
       (1876?—1919), детский врач, в течение полутора лет был домашним врачом Толстого. После ухода Толстого из Ясной Поляны во время его последней болезни был вызван в Астапово и присутствовал при смерти Толстого. Автор статьи «Из воспоминаний о
       <name placement="comments" ref="13883" type="person">
        Л. Н. Толстом
       </name>
       и его последних днях» — «Русские ведомости» 1911, № 256.
      </p>
     </note>
     <note index="false" type="comments">
      <p id="896bf697-1269-47d7-a7f6-6d890ccc723b" rend="petit">
       Письмо Толстого написано в ответ на присылку Беркенгеймом списка книг, нужных Толстому для работы над задуманным художественным произведением из эпохи Александра I.
      </p>
     </note>
    </noteGrp>
   </div>
  </body>
 </text>
</TEI>
