<?xml version="1.0" encoding="utf-8"?>
<TEI xmlns="http://www.tei-c.org/ns/1.0" xmlns:xi="http://www.w3.org/2001/XInclude">
 <teiHeader>
  <fileDesc>
   <titleStmt>
    <title xml:id="v76_314_N_G_Sutkovomu">
     Письма и документы. Tolstoy Digital
    </title>
    <title type="main">
     Письмо Н. Г. Сутковому от 14 ноября 1906 г.
    </title>
    <title type="bibl">
     Толстой Л. Н. Письмо Н. Г. Сутковому, 14 ноября 1906 г. // Толстой Л. Н. Полное собрание сочинений: в 90 тт. Т. 76. М.: Гос. изд. «Художественная литература», 1956. С.
    </title>
    <respStmt>
     <resp>
      Идея, постановка задач, руководство:
     </resp>
     <name>
      Анастасия Бонч-Осмоловская, Фёкла Толстая, Борис Орехов, Тимофей Лукашевский
     </name>
    </respStmt>
    <respStmt>
     <resp>
      Подготовка TEI/XML:
     </resp>
     <name>
      Евгений Можаев, Даниил Скоринкин, Ирина Павлова, Матвей Колбасов, Елена Сидорова, Кирилл Милинцевич, Лев Буланов, Макар Федоров, Константин Петров
     </name>
    </respStmt>
    <respStmt>
     <resp>
      Подготовка метаданных:
     </resp>
     <name>
      Мария Картышева, Вероника Файнберг
     </name>
    </respStmt>
    <respStmt>
     <resp>
      Разметка имен собственных:
     </resp>
     <name>
      Никита Северин, Елена Северина
     </name>
    </respStmt>
    <respStmt>
     <resp>
      Исправление древнегреческого текста:
     </resp>
     <name>
      Ольга Алиева
     </name>
    </respStmt>
    <funder>
     Проект «Слово Толстого»
    </funder>
   </titleStmt>
   <publicationStmt>
    <publisher>
     <orgName>
      Tolstoy Digital, DH CLOUD, Научно-образовательный союз «Родное Слово» проект «Слово Толстого»
     </orgName>
    </publisher>
    <availability>
     <p id="62d988f3-c293-4372-a486-472e82210b96">
      Тексты и метатекстовая разметка доступны для свободного использования и распространения по лицензии Creative Commons Attribution Share-Alike (cc by-sa)
     </p>
    </availability>
    <date from="2015" to="2022"/>
   </publicationStmt>
   <notesStmt>
    <note>
     Публикуемые документы был получены с сайта tolstoy.ru в формате html, переведены в формат TEI. Исправлены некоторые ошибки распознавания. Тексты, написанные в дореформенной орфографии, сопоставлены с их версиями в современной орфографии.
    </note>
   </notesStmt>
   <sourceDesc>
    <biblStruct>
     <analytic>
      <author>
       Толстой Лев Николаевич
      </author>
     </analytic>
     <monogr>
      <title level="m">
       Полное собрание сочинений. Том 76
      </title>
      <imprint>
       <pubPlace>
        Москва
       </pubPlace>
       <publisher>
        Государственное издательство «Художественная литература»
       </publisher>
       <date when="1956"/>
      </imprint>
      <biblScope unit="vol">
       76
      </biblScope>
      <biblScope unit="page">
       235-236
      </biblScope>
     </monogr>
     <series>
      <title level="s">
       Л. Н. Толстой. Полное собрание сочинений: в 90 тт.
      </title>
     </series>
    </biblStruct>
    <bibl/>
   </sourceDesc>
  </fileDesc>
  <encodingDesc>
   <classDecl>
    <xi:include href="../../reference/taxonomy.xml"/>
   </classDecl>
  </encodingDesc>
  <profileDesc>
   <correspDesc>
    <correspAction type="sending">
     <persName ref="13883">
      Л. Н. Толстой
     </persName>
     <placeName>
      Ясная Поляна
     </placeName>
     <date when="1906-11-14"/>
    </correspAction>
    <correspAction type="receiving">
     <persName ref="13381">
      Сутковой Николай Григорьевич
     </persName>
    </correspAction>
   </correspDesc>
   <langUsage>
    <language ident="ru"/>
   </langUsage>
   <textClass>
    <catRef ana="#tolstoy_heritage" target="library"/>
    <catRef ana="#letters" target="type"/>
    <catRef ana="#sent" target="sent"/>
   </textClass>
  </profileDesc>
 </teiHeader>
 <xenoData>
  <number type="in a volume">
   314
  </number>
 </xenoData>
 <text xml:id="N.G.Sutkovomu_314" xmlns="http://www.tei-c.org/ns/1.0" xmlns:xi="http://www.w3.org/2001/XInclude">
  <body>
   <div>
    <pb n="235"/>
    <opener index="false">
     314.
     <name placement="text" ref="13381" type="person">
      Н. Г. Сутковому
     </name>
     .1906 г. Ноября 14. Я. П.
    </opener>
    <p id="1442eb3a-76d0-49a2-9248-60de386f41b9" rend="right">
     14 ноя. 1906.
    </p>
    <p id="85f66732-161d-4b84-8881-2c35f9a96517" rend="Obrashenie">
     Милый друг Сутковой,
    </p>
    <p id="86c5591d-89a7-48b0-9877-5726dbcede27">
     Насчет изданий делайте всё, как хотите. Это ваше, а не мое дело, и вы делаете его так хорошо, что мне незачем мешаться в него. Притом другие мысли занимают меня всё больше, мысли того же порядка, как и те, о
     <choice original_editorial_correction="кот[орых]">
      <sic>
       кот
      </sic>
      <corr>
       которых
      </corr>
     </choice>
     вы пишете в конце письма.
    </p>
    <p id="06322cd1-4972-4b8b-a251-988fdf750ed5">
     Мысли эти до слез тронули меня, так они близки мне и радостны. «Пребывающий в любви пребывает в боге и бог в нем. Бога никто не видел нигде, но если мы любим друг друга, то он пребывает в нас». Любовь есть та самая живая форма, в
     <choice original_editorial_correction="к[оторой]">
      <sic>
       к
      </sic>
      <corr>
       которой
      </corr>
     </choice>
     мы можем постигнуть бога, или, другими словами, в
     <choice original_editorial_correction="к[отор]ой">
      <sic>
       кой
      </sic>
      <corr>
       которой
      </corr>
     </choice>
     мы поднимаемся на высшую, доступную человеку степень сознания. И потому, понимая так жизнь и себя, мы не можем расходиться не только друг с другом, но ни с каким человеком в мире. Насчет же отношения к политике прочтите в
     <choice original_editorial_correction="Мыс[лях]">
      <sic>
       Мыс
      </sic>
      <corr>
       Мыслях
      </corr>
     </choice>
     <choice original_editorial_correction="м[удрых]">
      <sic>
       м
      </sic>
      <corr>
       мудрых
      </corr>
     </choice>
     <choice original_editorial_correction="л[юдей]">
      <sic>
       л
      </sic>
      <corr>
       людей
      </corr>
     </choice>
     день 13 ноября Лao-тзе. Только в конце прибавить, что в человеке простом, свободном от страстей и мало рассуждающем неизбежно проявится его сущность —
     <hi style="opdelimiter">
      любовь.
     </hi>
    </p>
    <p id="0ad92661-f8ab-4d3f-aa52-0df3971d8ab7">
     <pb n="236"/>
     <hi style="npdelimiter">
      Много
     </hi>
     как будто хочется сказать вам, но думаю, что то, что хочется сказать, я услышал от того, кто говорит и с вами и скажет вам то же самое.
    </p>
    <p id="d89f5531-ef7c-4831-95dc-cb937dfc4ca1">
     Очень радостно иметь таких друзей, как вы, и
     <choice original_editorial_correction="Карт[ушин]">
      <sic>
       Карт
      </sic>
      <corr>
       Картушин
      </corr>
     </choice>
     ,
     <ref target="#note1">
      1
     </ref>
     <note index="false" resp="volume_editor" xml:id="note1">
      <name placement="note" ref="6208" type="person">
       Петр Прокофьевич Картушин
      </name>
      (1879—1906), богатый донской казак, одно время разделявший религиозно-нравственные взгляды Толстого. В 1906 г. работал в издательстве «Обновление».
     </note>
     и Фельтен, и, слава богу, еще много. — Ваша мысль о Дымшице навела меня на мысль написать о всех религиозных людях, страдающих теперь.
     <ref target="#note2">
      2
     </ref>
     <note index="false" resp="volume_editor" xml:id="note2">
      См. прим. 3 к письму № 313.
     </note>
     Знаете ли вы про Куртыша — солд[ата,] кот[орый], поняв закон от Икон[никова], отказался служить. Его отдали в дисциплинарный батальон. Когда его пугали теми муками, кот[орыми] его будут мучать, он говорил только: я за них буду молиться. Вот наши учителя.
    </p>
    <p id="a3b7d585-8ca6-4b31-a669-6d47d0dfc865" rend="right">
     <name placement="text" ref="13883" type="person">
      Лев Толстой
     </name>
     .
    </p>
    <lb/>
    <p id="fdf2ec56-0870-41be-b902-24d5bcb70cf7">
     Что такое: обращение к
     <choice original_editorial_correction="р[усским]">
      <sic>
       р
      </sic>
      <corr>
       русским
      </corr>
     </choice>
     людям Черткова?
     <ref target="#note3">
      3
     </ref>
     <note index="false" resp="volume_editor" xml:id="note3">
      Сутковой писал, что «на днях здесь должно выйти “Обращение к русским людям” в издании Чертковых». Речь идет о статье Толстого «Обращение к русским людям. К правительству, революционерам и народу». См. т. 36, стр. 710—713.
     </note>
     не есть ли это «Что же делать?».
    </p>
    <noteGrp type="comments">
     <note index="false" type="comments">
      <p id="28713aaa-53c6-4dd0-9027-0a8faa07e2fd" rend="Textpetit_otstup left">
       Печатается по копировальной книге № 7, лл. 162—163. Впервые опубликовано без последней фразы в ПТС, I, №249, с неверной датой: «4 ноября».
      </p>
     </note>
     <note index="false" type="comments">
      <p id="baa8be8e-06a7-49ec-b17b-d502896d0616" rend="petit">
       Ответ на письмо Суткового от 11 ноября 1906 г., большая половина которого опубликована И. Ф. Наживиным в его статье «О Льве Николаевиче» — «Международный толстовский альманах», изд. «Книга», М. 1909, стр. 168—169.
      </p>
     </note>
    </noteGrp>
   </div>
  </body>
 </text>
</TEI>
