<?xml version="1.0" encoding="utf-8"?>
<TEI xmlns="http://www.tei-c.org/ns/1.0" xmlns:xi="http://www.w3.org/2001/XInclude">
 <teiHeader>
  <fileDesc>
   <titleStmt>
    <title xml:id="v76_155_I_I_Gorbunovu_Posadovu">
     Письма и документы. Tolstoy Digital
    </title>
    <title type="main">
     Письмо И. И. Горбунову-Посадову от 1 марта 1906 г.
    </title>
    <title type="bibl">
     Толстой Л. Н. Письмо И. И. Горбунову-Посадову, 1 марта 1906 г. // Толстой Л. Н. Полное собрание сочинений: в 90 тт. Т. 76. М.: Гос. изд. «Художественная литература», 1956. С.
    </title>
    <respStmt>
     <resp>
      Идея, постановка задач, руководство:
     </resp>
     <name>
      Анастасия Бонч-Осмоловская, Фёкла Толстая, Борис Орехов, Тимофей Лукашевский
     </name>
    </respStmt>
    <respStmt>
     <resp>
      Подготовка TEI/XML:
     </resp>
     <name>
      Евгений Можаев, Даниил Скоринкин, Ирина Павлова, Матвей Колбасов, Елена Сидорова, Кирилл Милинцевич, Лев Буланов, Макар Федоров, Константин Петров
     </name>
    </respStmt>
    <respStmt>
     <resp>
      Подготовка метаданных:
     </resp>
     <name>
      Мария Картышева, Вероника Файнберг
     </name>
    </respStmt>
    <respStmt>
     <resp>
      Разметка имен собственных:
     </resp>
     <name>
      Никита Северин, Елена Северина
     </name>
    </respStmt>
    <respStmt>
     <resp>
      Исправление древнегреческого текста:
     </resp>
     <name>
      Ольга Алиева
     </name>
    </respStmt>
    <funder>
     Проект «Слово Толстого»
    </funder>
   </titleStmt>
   <publicationStmt>
    <publisher>
     <orgName>
      Tolstoy Digital, DH CLOUD, Научно-образовательный союз «Родное Слово» проект «Слово Толстого»
     </orgName>
    </publisher>
    <availability>
     <p id="463b4b96-7b5c-459f-b4f7-49026166dc98">
      Тексты и метатекстовая разметка доступны для свободного использования и распространения по лицензии Creative Commons Attribution Share-Alike (cc by-sa)
     </p>
    </availability>
    <date from="2015" to="2022"/>
   </publicationStmt>
   <notesStmt>
    <note>
     Публикуемые документы был получены с сайта tolstoy.ru в формате html, переведены в формат TEI. Исправлены некоторые ошибки распознавания. Тексты, написанные в дореформенной орфографии, сопоставлены с их версиями в современной орфографии.
    </note>
   </notesStmt>
   <sourceDesc>
    <biblStruct>
     <analytic>
      <author>
       Толстой Лев Николаевич
      </author>
     </analytic>
     <monogr>
      <title level="m">
       Полное собрание сочинений. Том 76
      </title>
      <imprint>
       <pubPlace>
        Москва
       </pubPlace>
       <publisher>
        Государственное издательство «Художественная литература»
       </publisher>
       <date when="1956"/>
      </imprint>
      <biblScope unit="vol">
       76
      </biblScope>
      <biblScope unit="page">
       113-113
      </biblScope>
     </monogr>
     <series>
      <title level="s">
       Л. Н. Толстой. Полное собрание сочинений: в 90 тт.
      </title>
     </series>
    </biblStruct>
    <bibl>
     Публикуется впервые
    </bibl>
   </sourceDesc>
  </fileDesc>
  <encodingDesc>
   <classDecl>
    <xi:include href="../../reference/taxonomy.xml"/>
   </classDecl>
  </encodingDesc>
  <profileDesc>
   <correspDesc>
    <correspAction type="sending">
     <persName ref="13883">
      Л. Н. Толстой
     </persName>
     <placeName>
      Ясная Поляна
     </placeName>
     <date when="1906-03-01"/>
    </correspAction>
    <correspAction type="receiving">
     <persName ref="3642">
      Горбунов-Посадов Иван Иванович
     </persName>
    </correspAction>
   </correspDesc>
   <langUsage>
    <language ident="ru"/>
   </langUsage>
   <textClass>
    <catRef ana="#tolstoy_heritage" target="library"/>
    <catRef ana="#letters" target="type"/>
    <catRef ana="#sent" target="sent"/>
   </textClass>
  </profileDesc>
 </teiHeader>
 <xenoData>
  <number type="in a volume">
   155
  </number>
 </xenoData>
 <text xml:id="I.I.Gorbunovu-Posadovu_155" xmlns="http://www.tei-c.org/ns/1.0" xmlns:xi="http://www.w3.org/2001/XInclude">
  <body>
   <div>
    <pb n="113"/>
    <opener index="false">
     * 155.
     <name placement="text" ref="3642" type="person">
      И. И. Горбунову-Посадову
     </name>
     .1906 г. Марта 1. Я. П.
    </opener>
    <p id="e67944e0-15d0-40ab-9bbf-d3e3cf39400c">
     Посылаю письмо
     <choice original_editorial_correction="Ч[ерткова]">
      <sic>
       Ч
      </sic>
      <corr>
       Черткова
      </corr>
     </choice>
     . Я думаю, что вам ничто не помешает исполнить его желание.
     <ref target="#note1">
      1
     </ref>
     <note index="false" resp="volume_editor" xml:id="note1">
      Письмо Черткова неизвестно. Как видно из ответного письма Горбунова-Посадова, он намерен был напечатать рассказ Толстого «Божеское и человеческое» в издательстве «Посредник», во втором томе «Крута чтения». Чертков же настаивал на первоначальной публикации рассказа в его издательстве «Свободное слово». Недоразумение разрешилось соглашением печатать рассказ одновременно.
     </note>
     Я же, разумеется, согласен со всем тем, что может удовлетворить вас обоих, т. е. ваши дела. Вам обоим я знаю, что все эти пустяки не интересны. Целую вас. Сейчас получил коректуры.
    </p>
    <p id="b4bf3787-7dff-408c-966d-5eb1e73ca774" rend="right">
     Л. Т.
    </p>
    <p id="64cf3e41-670f-4180-98a7-70313eb20123">
     1 марта.
    </p>
    <noteGrp type="comments">
     <note index="false" type="comments">
      <p id="6393a09c-c7cf-4735-b9ba-10a884a76162" rend="Textpetit_otstup left">
       Печатается по копировальной книге № 7, л. 5.
      </p>
     </note>
    </noteGrp>
   </div>
  </body>
 </text>
</TEI>
