<?xml version="1.0" encoding="utf-8"?>
<TEI xmlns="http://www.tei-c.org/ns/1.0" xmlns:xi="http://www.w3.org/2001/XInclude">
 <teiHeader>
  <fileDesc>
   <titleStmt>
    <title xml:id="v76_277_A_F_Glagolevu">
     Письма и документы. Tolstoy Digital
    </title>
    <title type="main">
     Письмо А. Ф. Глаголеву от 28 сентября 1906 г.
    </title>
    <title type="bibl">
     Толстой Л. Н. Письмо А. Ф. Глаголеву, 28 сентября 1906 г. // Толстой Л. Н. Полное собрание сочинений: в 90 тт. Т. 76. М.: Гос. изд. «Художественная литература», 1956. С.
    </title>
    <respStmt>
     <resp>
      Идея, постановка задач, руководство:
     </resp>
     <name>
      Анастасия Бонч-Осмоловская, Фёкла Толстая, Борис Орехов, Тимофей Лукашевский
     </name>
    </respStmt>
    <respStmt>
     <resp>
      Подготовка TEI/XML:
     </resp>
     <name>
      Евгений Можаев, Даниил Скоринкин, Ирина Павлова, Матвей Колбасов, Елена Сидорова, Кирилл Милинцевич, Лев Буланов, Макар Федоров, Константин Петров
     </name>
    </respStmt>
    <respStmt>
     <resp>
      Подготовка метаданных:
     </resp>
     <name>
      Мария Картышева, Вероника Файнберг
     </name>
    </respStmt>
    <respStmt>
     <resp>
      Разметка имен собственных:
     </resp>
     <name>
      Никита Северин, Елена Северина
     </name>
    </respStmt>
    <respStmt>
     <resp>
      Исправление древнегреческого текста:
     </resp>
     <name>
      Ольга Алиева
     </name>
    </respStmt>
    <funder>
     Проект «Слово Толстого»
    </funder>
   </titleStmt>
   <publicationStmt>
    <publisher>
     <orgName>
      Tolstoy Digital, DH CLOUD, Научно-образовательный союз «Родное Слово» проект «Слово Толстого»
     </orgName>
    </publisher>
    <availability>
     <p id="ff2ec0fb-e22c-4765-82ca-714b97ef6ee3">
      Тексты и метатекстовая разметка доступны для свободного использования и распространения по лицензии Creative Commons Attribution Share-Alike (cc by-sa)
     </p>
    </availability>
    <date from="2015" to="2022"/>
   </publicationStmt>
   <notesStmt>
    <note>
     Публикуемые документы был получены с сайта tolstoy.ru в формате html, переведены в формат TEI. Исправлены некоторые ошибки распознавания. Тексты, написанные в дореформенной орфографии, сопоставлены с их версиями в современной орфографии.
    </note>
   </notesStmt>
   <sourceDesc>
    <biblStruct>
     <analytic>
      <author>
       Толстой Лев Николаевич
      </author>
     </analytic>
     <monogr>
      <title level="m">
       Полное собрание сочинений. Том 76
      </title>
      <imprint>
       <pubPlace>
        Москва
       </pubPlace>
       <publisher>
        Государственное издательство «Художественная литература»
       </publisher>
       <date when="1956"/>
      </imprint>
      <biblScope unit="vol">
       76
      </biblScope>
      <biblScope unit="page">
       204-205
      </biblScope>
     </monogr>
     <series>
      <title level="s">
       Л. Н. Толстой. Полное собрание сочинений: в 90 тт.
      </title>
     </series>
    </biblStruct>
    <bibl>
     Публикуется впервые
    </bibl>
   </sourceDesc>
  </fileDesc>
  <encodingDesc>
   <classDecl>
    <xi:include href="../../reference/taxonomy.xml"/>
   </classDecl>
  </encodingDesc>
  <profileDesc>
   <correspDesc>
    <correspAction type="sending">
     <persName ref="13883">
      Л. Н. Толстой
     </persName>
     <placeName>
      Ясная Поляна
     </placeName>
     <date when="1906-09-28"/>
    </correspAction>
    <correspAction type="receiving">
     <persName ref="3382">
      Глаголев Александр Федорович
     </persName>
    </correspAction>
   </correspDesc>
   <langUsage>
    <language ident="ru"/>
   </langUsage>
   <textClass>
    <catRef ana="#tolstoy_heritage" target="library"/>
    <catRef ana="#letters" target="type"/>
    <catRef ana="#sent" target="sent"/>
   </textClass>
  </profileDesc>
 </teiHeader>
 <xenoData>
  <number type="in a volume">
   277
  </number>
 </xenoData>
 <text xml:id="A.F.Glagolevu_277" xmlns="http://www.tei-c.org/ns/1.0" xmlns:xi="http://www.w3.org/2001/XInclude">
  <body>
   <div>
    <pb n="204"/>
    <opener index="false">
     * 277.
     <name placement="text" ref="3382" type="person">
      А. Ф. Глаголеву
     </name>
     .1906 г. Сентября 28. Я. П.
    </opener>
    <p id="d184323a-99b8-4f03-a27e-73d87864d2be">
     Получил ваше письмо и отвечаю вам всё, что могу ответить: повторяю то, что вы знаете: не пить (прибавлю, не курить), не есть мяса, упражнять
     <choice original_editorial_correction="физич[еские]">
      <sic>
       физич
      </sic>
      <corr>
       физические
      </corr>
     </choice>
     силы, не обращая никакого внимания на противное мнение плохих докторов. Хорошие врачи подтвердят мой совет. Это всё имеет значение, но не главное. Главное — бороться, не переставая бороться в мыслях, в чувствах, в поступках и верить в свою духовную силу. Не верить в эту силу нельзя,
     <choice original_editorial_correction="п[отому]">
      <sic>
       п
      </sic>
      <corr>
       потому
      </corr>
     </choice>
     <choice original_editorial_correction="ч[то]">
      <sic>
       ч
      </sic>
      <corr>
       что
      </corr>
     </choice>
     духовная сила, составляющая наше истинное «я», есть сила божественная, всемогущая по отношению самого себя. Советую вообще уяснить себе свое отношение к миру и к богу, т. е. религиозное сознание. Ничто, как такое религиозное сознание, не дает большей власти над своими страстями.
    </p>
    <p id="60572d2f-ab8a-4117-b908-e041b18f6c3a" rend="right">
     <name placement="text" ref="13883" type="person">
      Лев Толстой
     </name>
     .
    </p>
    <p id="8bff6721-ef5b-40f7-b67c-1f5818dd8b76">
     28 сент.
     <hi style="opdelimiter">
      1906.
     </hi>
    </p>
    <noteGrp type="comments">
     <note index="false" type="comments">
      <p id="78432d02-0a2a-4705-a0d6-6604b2941ab2" rend="Textpetit_otstup left">
       <pb n="205"/>
       <hi style="npdelimiter">
        Печатается
       </hi>
       по копировальной книге № 7, лл. 124—125.
      </p>
     </note>
     <note index="false" type="comments">
      <p id="5b6f2824-8be2-4ee0-ad42-e1056533fc8c" rend="petit">
       <name placement="comments" ref="3382" type="person">
        Александр Федорович Глаголев
       </name>
       (р. 1888) — в 1906 г. учился в Тульской семинарии.
      </p>
     </note>
     <note index="false" type="comments">
      <p id="95087907-94ce-4f11-9ccb-4c6e80d12878" rend="petit">
       Ответ на письмо от 26 сентября 1906 г., в котором Глаголев просил посоветовать, что делать ему, чтобы следовать принципам, изложенным в «Мыслях о половом вопросе» Толстого.
      </p>
     </note>
    </noteGrp>
   </div>
  </body>
 </text>
</TEI>
