<?xml version="1.0" encoding="utf-8"?>
<TEI xmlns="http://www.tei-c.org/ns/1.0" xmlns:xi="http://www.w3.org/2001/XInclude">
 <teiHeader>
  <fileDesc>
   <titleStmt>
    <title xml:id="v76_324_I_I_Gorbunovu_Posadovu">
     Письма и документы. Tolstoy Digital
    </title>
    <title type="main">
     Письмо И. И. Горбунову-Посадову от 25 ноября 1906 г.
    </title>
    <title type="bibl">
     Толстой Л. Н. Письмо И. И. Горбунову-Посадову, 25 ноября 1906 г. // Толстой Л. Н. Полное собрание сочинений: в 90 тт. Т. 76. М.: Гос. изд. «Художественная литература», 1956. С.
    </title>
    <respStmt>
     <resp>
      Идея, постановка задач, руководство:
     </resp>
     <name>
      Анастасия Бонч-Осмоловская, Фёкла Толстая, Борис Орехов, Тимофей Лукашевский
     </name>
    </respStmt>
    <respStmt>
     <resp>
      Подготовка TEI/XML:
     </resp>
     <name>
      Евгений Можаев, Даниил Скоринкин, Ирина Павлова, Матвей Колбасов, Елена Сидорова, Кирилл Милинцевич, Лев Буланов, Макар Федоров, Константин Петров
     </name>
    </respStmt>
    <respStmt>
     <resp>
      Подготовка метаданных:
     </resp>
     <name>
      Мария Картышева, Вероника Файнберг
     </name>
    </respStmt>
    <respStmt>
     <resp>
      Разметка имен собственных:
     </resp>
     <name>
      Никита Северин, Елена Северина
     </name>
    </respStmt>
    <respStmt>
     <resp>
      Исправление древнегреческого текста:
     </resp>
     <name>
      Ольга Алиева
     </name>
    </respStmt>
    <funder>
     Проект «Слово Толстого»
    </funder>
   </titleStmt>
   <publicationStmt>
    <publisher>
     <orgName>
      Tolstoy Digital, DH CLOUD, Научно-образовательный союз «Родное Слово» проект «Слово Толстого»
     </orgName>
    </publisher>
    <availability>
     <p id="ea326be2-855b-41d2-ae51-cd9e9dce64d5">
      Тексты и метатекстовая разметка доступны для свободного использования и распространения по лицензии Creative Commons Attribution Share-Alike (cc by-sa)
     </p>
    </availability>
    <date from="2015" to="2022"/>
   </publicationStmt>
   <notesStmt>
    <note>
     Публикуемые документы был получены с сайта tolstoy.ru в формате html, переведены в формат TEI. Исправлены некоторые ошибки распознавания. Тексты, написанные в дореформенной орфографии, сопоставлены с их версиями в современной орфографии.
    </note>
   </notesStmt>
   <sourceDesc>
    <biblStruct>
     <analytic>
      <author>
       Толстой Лев Николаевич
      </author>
     </analytic>
     <monogr>
      <title level="m">
       Полное собрание сочинений. Том 76
      </title>
      <imprint>
       <pubPlace>
        Москва
       </pubPlace>
       <publisher>
        Государственное издательство «Художественная литература»
       </publisher>
       <date when="1956"/>
      </imprint>
      <biblScope unit="vol">
       76
      </biblScope>
      <biblScope unit="page">
       242-242
      </biblScope>
     </monogr>
     <series>
      <title level="s">
       Л. Н. Толстой. Полное собрание сочинений: в 90 тт.
      </title>
     </series>
    </biblStruct>
    <bibl>
     Публикуется впервые
    </bibl>
   </sourceDesc>
  </fileDesc>
  <encodingDesc>
   <classDecl>
    <xi:include href="../../reference/taxonomy.xml"/>
   </classDecl>
  </encodingDesc>
  <profileDesc>
   <correspDesc>
    <correspAction type="sending">
     <persName ref="13883">
      Л. Н. Толстой
     </persName>
     <placeName>
      Ясная Поляна
     </placeName>
     <date when="1906-11-25"/>
    </correspAction>
    <correspAction type="receiving">
     <persName ref="3642">
      Горбунов-Посадов Иван Иванович
     </persName>
    </correspAction>
   </correspDesc>
   <langUsage>
    <language ident="ru"/>
   </langUsage>
   <textClass>
    <catRef ana="#tolstoy_heritage" target="library"/>
    <catRef ana="#letters" target="type"/>
    <catRef ana="#sent" target="sent"/>
   </textClass>
  </profileDesc>
 </teiHeader>
 <xenoData>
  <number type="in a volume">
   324
  </number>
 </xenoData>
 <text xml:id="I.I.Gorbunovu-Posadovu_324" xmlns="http://www.tei-c.org/ns/1.0" xmlns:xi="http://www.w3.org/2001/XInclude">
  <body>
   <div>
    <pb n="242"/>
    <opener index="false">
     * 324.
     <name placement="text" ref="3642" type="person">
      И. И. Горбунову-Посадову
     </name>
     .1906 г. Ноября 25. Я. П.
    </opener>
    <p id="f4e6cd1c-826b-402e-9ee8-a7ad1ffbe58f" rend="Obrashenie">
     Милый
     <choice original_editorial_correction="Ив[ан]">
      <sic>
       Ив
      </sic>
      <corr>
       Иван
      </corr>
     </choice>
     Иванович,
    </p>
    <p id="0ecaba4e-88cd-4cd2-b9b1-33a0fd35caca">
     Спасибо вам за замечание, я воспользовался им и заменил так:
    </p>
    <p id="777fe966-5c6b-44f5-86eb-8700b9cfbb63">
     «......таких людей, тем всё меньше и меньше становилось бы зла на свете и всё больше и больше осуществлялось бы то царство божие на земле, к которому неудержимо стремятся все сердца человеческие».
     <ref target="#note1">
      1
     </ref>
     <note index="false" resp="volume_editor" xml:id="note1">
      Приводимые здесь слова — окончательная редакция заключительной фразы статьи Толстого «Что же делать?», печатавшейся «Посредником». См. т. 36, стр. 730.
     </note>
     Духоборам скажите, что если они приедут без ночевки, то я очень рад буду их видеть.
     <ref target="#note2">
      2
     </ref>
     <note index="false" resp="volume_editor" xml:id="note2">
      Приехавшие из Америки в Россию духоборы хотели посетить Толстого.
      <ref target="file:///Volume_76_P.V.Veriginu_336.xml">
       См. письмо № 336
      </ref>
      .
     </note>
    </p>
    <p id="bb585bb1-f55a-457c-9eae-99aba29e18b8">
     В Шекспире
     <ref target="#note3">
      3
     </ref>
     <note index="false" resp="volume_editor" xml:id="note3">
      Статья Толстого «О Шекспире и о драме», издававшаяся в 1906 г. «Посредником».
     </note>
     латинские слова и вообще иностранные перевраны.
    </p>
    <p id="6dad7e29-1ed2-481f-b1ba-01f88c250dea">
     Радуюсь на вашу добрую и бодрую деятельность. Не нужно ли вам письмо китайцу?
     <ref target="#note4">
      4
     </ref>
     <note index="false" resp="volume_editor" xml:id="note4">
      Письмо китайцу
      <name placement="note" ref="7250" type="person">
       Ку Хун-мину
      </name>
      (см. т. 36) в русском оригинале впервые было напечатано «Посредником» в 1907 г.
     </note>
    </p>
    <p id="85e99760-dfcf-42cf-9420-c94f1de20b01" rend="right">
     <name placement="text" ref="13883" type="person">
      Л. Толстой
     </name>
     .
    </p>
    <noteGrp type="comments">
     <note index="false" type="comments">
      <p id="f41d314d-bc43-4d30-9c2d-6330531d7cb0" rend="Textpetit_otstup left">
       Датируется на основании пометы на письме И. И. Горбунова-Посадова: «Отв. 25 нояб.».
      </p>
     </note>
     <note index="false" type="comments">
      <p id="a0f54a1e-cd16-4db9-b465-18f895f054c9" rend="petit">
       Ответ на письмо И. И. Горбунова-Посадова от 24 ноября 1906 г.
      </p>
     </note>
    </noteGrp>
   </div>
  </body>
 </text>
</TEI>
