<?xml version="1.0" encoding="utf-8"?>
<TEI xmlns="http://www.tei-c.org/ns/1.0" xmlns:xi="http://www.w3.org/2001/XInclude">
 <teiHeader>
  <fileDesc>
   <titleStmt>
    <title xml:id="v76_347_A_S_Marovu">
     Письма и документы. Tolstoy Digital
    </title>
    <title type="main">
     Письмо А. С. Марову от 10 декабря 1906 г.
    </title>
    <title type="bibl">
     Толстой Л. Н. Письмо А. С. Марову, 10 декабря 1906 г. // Толстой Л. Н. Полное собрание сочинений: в 90 тт. Т. 76. М.: Гос. изд. «Художественная литература», 1956. С.
    </title>
    <respStmt>
     <resp>
      Идея, постановка задач, руководство:
     </resp>
     <name>
      Анастасия Бонч-Осмоловская, Фёкла Толстая, Борис Орехов, Тимофей Лукашевский
     </name>
    </respStmt>
    <respStmt>
     <resp>
      Подготовка TEI/XML:
     </resp>
     <name>
      Евгений Можаев, Даниил Скоринкин, Ирина Павлова, Матвей Колбасов, Елена Сидорова, Кирилл Милинцевич, Лев Буланов, Макар Федоров, Константин Петров
     </name>
    </respStmt>
    <respStmt>
     <resp>
      Подготовка метаданных:
     </resp>
     <name>
      Мария Картышева, Вероника Файнберг
     </name>
    </respStmt>
    <respStmt>
     <resp>
      Разметка имен собственных:
     </resp>
     <name>
      Никита Северин, Елена Северина
     </name>
    </respStmt>
    <respStmt>
     <resp>
      Исправление древнегреческого текста:
     </resp>
     <name>
      Ольга Алиева
     </name>
    </respStmt>
    <funder>
     Проект «Слово Толстого»
    </funder>
   </titleStmt>
   <publicationStmt>
    <publisher>
     <orgName>
      Tolstoy Digital, DH CLOUD, Научно-образовательный союз «Родное Слово» проект «Слово Толстого»
     </orgName>
    </publisher>
    <availability>
     <p id="f1be5e47-cd13-46d2-acf4-23298bac1473">
      Тексты и метатекстовая разметка доступны для свободного использования и распространения по лицензии Creative Commons Attribution Share-Alike (cc by-sa)
     </p>
    </availability>
    <date from="2015" to="2022"/>
   </publicationStmt>
   <notesStmt>
    <note>
     Публикуемые документы был получены с сайта tolstoy.ru в формате html, переведены в формат TEI. Исправлены некоторые ошибки распознавания. Тексты, написанные в дореформенной орфографии, сопоставлены с их версиями в современной орфографии.
    </note>
   </notesStmt>
   <sourceDesc>
    <biblStruct>
     <analytic>
      <author>
       Толстой Лев Николаевич
      </author>
     </analytic>
     <monogr>
      <title level="m">
       Полное собрание сочинений. Том 76
      </title>
      <imprint>
       <pubPlace>
        Москва
       </pubPlace>
       <publisher>
        Государственное издательство «Художественная литература»
       </publisher>
       <date when="1956"/>
      </imprint>
      <biblScope unit="vol">
       76
      </biblScope>
      <biblScope unit="page">
       256-256
      </biblScope>
     </monogr>
     <series>
      <title level="s">
       Л. Н. Толстой. Полное собрание сочинений: в 90 тт.
      </title>
     </series>
    </biblStruct>
    <bibl>
     Публикуется впервые
    </bibl>
   </sourceDesc>
  </fileDesc>
  <encodingDesc>
   <classDecl>
    <xi:include href="../../reference/taxonomy.xml"/>
   </classDecl>
  </encodingDesc>
  <profileDesc>
   <correspDesc>
    <correspAction type="sending">
     <persName ref="13883">
      Л. Н. Толстой
     </persName>
     <placeName>
      Ясная Поляна
     </placeName>
     <date when="1906-12-10"/>
    </correspAction>
    <correspAction type="receiving">
     <persName ref="8568">
      Маров Афанасий Степанович
     </persName>
    </correspAction>
   </correspDesc>
   <langUsage>
    <language ident="ru"/>
   </langUsage>
   <textClass>
    <catRef ana="#tolstoy_heritage" target="library"/>
    <catRef ana="#letters" target="type"/>
    <catRef ana="#sent" target="sent"/>
   </textClass>
  </profileDesc>
 </teiHeader>
 <xenoData>
  <number type="in a volume">
   347
  </number>
 </xenoData>
 <text xml:id="A.S.Marovu_347" xmlns="http://www.tei-c.org/ns/1.0" xmlns:xi="http://www.w3.org/2001/XInclude">
  <body>
   <div>
    <pb n="256"/>
    <opener index="false">
     * 347. A. C. Марову.1906 г. Декабря 10. Я. П.
    </opener>
    <p id="859d3f99-394a-40ee-9bf3-1a36df7179d8">
     Получил ваше письмо и согласен с вашими мыслями. Посылаю вам мои новые две книги.
     <ref target="#note1">
      1
     </ref>
     <note index="false" resp="volume_editor" xml:id="note1">
      Толстым были посланы Марову две книги: «О значении русской революции» и «Единственно возможное решение земельного вопроса».
     </note>
     Желаю вам всего хорошего и всегда рад буду знать о вас.
    </p>
    <p id="d75819f8-e4d3-45f5-a710-59d132bc4bf9" rend="right">
     <name placement="text" ref="13883" type="person">
      Лев Толстой
     </name>
     .
    </p>
    <p id="341e4093-292c-4406-b508-a39019fafc24">
     10 дек. 1906.
    </p>
    <noteGrp type="comments">
     <note index="false" type="comments">
      <p id="2a5bc4f1-7c9e-43bd-8707-25abe615eedf" rend="Textpetit_otstup left">
       Печатается по копировальной книге № 7, л. 195.
      </p>
     </note>
     <note index="false" type="comments">
      <p id="93990a2e-1edf-44c8-beb6-0f7eab633542" rend="petit">
       Ответ на письмо
       <name placement="comments" ref="8568" type="person">
        Афанасия Степановича Марова
       </name>
       от 22 ноября 1906 г., в котором он выражал свое согласие с взглядами Толстого и
       <name placement="comments" ref="4371" type="person">
        Генри Джорджа
       </name>
       .
      </p>
     </note>
    </noteGrp>
   </div>
  </body>
 </text>
</TEI>
