<?xml version="1.0" encoding="utf-8"?>
<TEI xmlns="http://www.tei-c.org/ns/1.0" xmlns:xi="http://www.w3.org/2001/XInclude">
 <teiHeader>
  <fileDesc>
   <titleStmt>
    <title xml:id="v77_068_N_Ryzhaku">
     Письма и документы. Tolstoy Digital
    </title>
    <title type="main">
     Письмо Н. Рыжаку от 22 марта 1907 г.
    </title>
    <title type="bibl">
     Толстой Л. Н. Письмо Н. Рыжаку, 22 марта 1907 г. // Толстой Л. Н. Полное собрание сочинений: в 90 тт. Т. 77. М.: Гос. изд. «Художественная литература», 1956. С.
    </title>
    <respStmt>
     <resp>
      Идея, постановка задач, руководство:
     </resp>
     <name>
      Анастасия Бонч-Осмоловская, Фёкла Толстая, Борис Орехов, Тимофей Лукашевский
     </name>
    </respStmt>
    <respStmt>
     <resp>
      Подготовка TEI/XML:
     </resp>
     <name>
      Евгений Можаев, Даниил Скоринкин, Ирина Павлова, Матвей Колбасов, Елена Сидорова, Кирилл Милинцевич, Лев Буланов, Макар Федоров, Константин Петров
     </name>
    </respStmt>
    <respStmt>
     <resp>
      Подготовка метаданных:
     </resp>
     <name>
      Мария Картышева, Вероника Файнберг
     </name>
    </respStmt>
    <respStmt>
     <resp>
      Разметка имен собственных:
     </resp>
     <name>
      Никита Северин, Елена Северина
     </name>
    </respStmt>
    <respStmt>
     <resp>
      Исправление древнегреческого текста:
     </resp>
     <name>
      Ольга Алиева
     </name>
    </respStmt>
    <funder>
     Проект «Слово Толстого»
    </funder>
   </titleStmt>
   <publicationStmt>
    <publisher>
     <orgName>
      Tolstoy Digital, DH CLOUD, Научно-образовательный союз «Родное Слово» проект «Слово Толстого»
     </orgName>
    </publisher>
    <availability>
     <p id="3dbc5289-3b6a-44b0-b10f-16990d68500f">
      Тексты и метатекстовая разметка доступны для свободного использования и распространения по лицензии Creative Commons Attribution Share-Alike (cc by-sa)
     </p>
    </availability>
    <date from="2015" to="2022"/>
   </publicationStmt>
   <notesStmt>
    <note>
     Публикуемые документы был получены с сайта tolstoy.ru в формате html, переведены в формат TEI. Исправлены некоторые ошибки распознавания. Тексты, написанные в дореформенной орфографии, сопоставлены с их версиями в современной орфографии.
    </note>
   </notesStmt>
   <sourceDesc>
    <biblStruct>
     <analytic>
      <author>
       Толстой Лев Николаевич
      </author>
     </analytic>
     <monogr>
      <title level="m">
       Полное собрание сочинений. Том 77
      </title>
      <imprint>
       <pubPlace>
        Москва
       </pubPlace>
       <publisher>
        Государственное издательство «Художественная литература»
       </publisher>
       <date when="1956"/>
      </imprint>
      <biblScope unit="vol">
       77
      </biblScope>
      <biblScope unit="page">
       66-66
      </biblScope>
     </monogr>
     <series>
      <title level="s">
       Л. Н. Толстой. Полное собрание сочинений: в 90 тт.
      </title>
     </series>
    </biblStruct>
    <bibl>
     Публикуется впервые
    </bibl>
   </sourceDesc>
  </fileDesc>
  <encodingDesc>
   <classDecl>
    <xi:include href="../../reference/taxonomy.xml"/>
   </classDecl>
  </encodingDesc>
  <profileDesc>
   <correspDesc>
    <correspAction type="sending">
     <persName ref="13883">
      Л. Н. Толстой
     </persName>
     <placeName>
      Ясная Поляна
     </placeName>
     <date when="1907-03-22"/>
    </correspAction>
    <correspAction type="receiving">
     <persName ref="12031">
      Рыжак Наум
     </persName>
    </correspAction>
   </correspDesc>
   <langUsage>
    <language ident="ru"/>
   </langUsage>
   <textClass>
    <catRef ana="#tolstoy_heritage" target="library"/>
    <catRef ana="#letters" target="type"/>
    <catRef ana="#sent" target="sent"/>
   </textClass>
  </profileDesc>
 </teiHeader>
 <xenoData>
  <number type="in a volume">
   68
  </number>
 </xenoData>
 <text xml:id="N.Ryzhaku_68" xmlns="http://www.tei-c.org/ns/1.0" xmlns:xi="http://www.w3.org/2001/XInclude">
  <body>
   <div>
    <pb n="66"/>
    <opener index="false">
     * 68. Н. Рыжаку.1907 г. Марта 22. Я. П.
    </opener>
    <p id="ad058263-d6f2-4dfd-bb5e-7035e61b0c29">
     Сожалею, что не могу исполнить вашего желания. Рукопись возвращаю. Ничего не могу сделать для ее напечатания.
    </p>
    <p id="9471ecf3-41d5-4c09-9a16-81b8c7f38f8b" rend="right">
     <name placement="text" ref="13883" type="person">
      Лев Толстой
     </name>
     .
    </p>
    <p id="fab96131-bd40-41d5-b48b-7c7eb8a5b696">
     22 марта 1907.
    </p>
    <lb/>
    <p id="383642a3-f01b-457d-8d5e-a668e4a19891">
     Думаю, что вы ошибаетесь в оценке дарования молодого человека. Думаю, что самое лучшее для него было бы, если бы он совершенно перестал писать, а занялся бы внутренней душевной работой: уяснением своего миросозерцания и нравственным совершенствованием.
    </p>
    <p id="a06c3268-c1cc-40e6-94cb-2af329fd5a87" rend="right">
     Л. Т.
    </p>
    <noteGrp type="comments">
     <note index="false" type="comments">
      <p id="4c7bfd0d-c57a-4638-8769-e531daa60559" rend="Textpetit_otstup left">
       Печатается по копировальной книге № 7, лл. 292 и 293.
      </p>
     </note>
     <note index="false" type="comments">
      <p id="445e820d-897c-4cfd-bf3e-5513cc69f71b" rend="petit">
       Ответ на письмо торговца
       <name placement="comments" ref="12031" type="person">
        Наума Рыжака
       </name>
       (Полтава) от 20 марта 1907 г. почт. шт.) с просьбой «подать руку помощи молодому погибающему таланту. Ему всего семнадцать лет… Теперь он находится в больнице, больной какой-то нервной болезнью. Он посылает вам одну из своих рукописей и умоляет дать ей ход в каком-нибудь журнале. Заглавие: “Неостывшие трупы”, Г. Б. (Дегустор) — инициалы его»
      </p>
     </note>
     <note index="false" type="comments">
      <p id="3ab86865-4335-4519-b0d6-5db5003e5ce8" rend="petit">
       В письме речь идет о Григории Григорьевиче Барзиловиче, воспитаннике третьего класса Полтавской духовной семинарии. Статьи Барзиловича о семинарском быте (подписи: Б.,
       <name placement="comments" ref="971" type="person">
        Григорий Барзилович
       </name>
       ) печатались в 1906 г. в нескольких номерах газеты «Полтавские епархиальные ведомости».
      </p>
     </note>
    </noteGrp>
   </div>
  </body>
 </text>
</TEI>
