<?xml version="1.0" encoding="utf-8"?>
<TEI xmlns="http://www.tei-c.org/ns/1.0" xmlns:xi="http://www.w3.org/2001/XInclude">
 <teiHeader>
  <fileDesc>
   <titleStmt>
    <title xml:id="v77_026_I_X_Mulchenko">
     Письма и документы. Tolstoy Digital
    </title>
    <title type="main">
     Письмо И. Х. Мульченко от 30 января 1907 г.
    </title>
    <title type="bibl">
     Толстой Л. Н. Письмо И. Х. Мульченко, 30 января 1907 г. // Толстой Л. Н. Полное собрание сочинений: в 90 тт. Т. 77. М.: Гос. изд. «Художественная литература», 1956. С.
    </title>
    <respStmt>
     <resp>
      Идея, постановка задач, руководство:
     </resp>
     <name>
      Анастасия Бонч-Осмоловская, Фёкла Толстая, Борис Орехов, Тимофей Лукашевский
     </name>
    </respStmt>
    <respStmt>
     <resp>
      Подготовка TEI/XML:
     </resp>
     <name>
      Евгений Можаев, Даниил Скоринкин, Ирина Павлова, Матвей Колбасов, Елена Сидорова, Кирилл Милинцевич, Лев Буланов, Макар Федоров, Константин Петров
     </name>
    </respStmt>
    <respStmt>
     <resp>
      Подготовка метаданных:
     </resp>
     <name>
      Мария Картышева, Вероника Файнберг
     </name>
    </respStmt>
    <respStmt>
     <resp>
      Разметка имен собственных:
     </resp>
     <name>
      Никита Северин, Елена Северина
     </name>
    </respStmt>
    <respStmt>
     <resp>
      Исправление древнегреческого текста:
     </resp>
     <name>
      Ольга Алиева
     </name>
    </respStmt>
    <funder>
     Проект «Слово Толстого»
    </funder>
   </titleStmt>
   <publicationStmt>
    <publisher>
     <orgName>
      Tolstoy Digital, DH CLOUD, Научно-образовательный союз «Родное Слово» проект «Слово Толстого»
     </orgName>
    </publisher>
    <availability>
     <p id="599eb575-ed30-4dd1-a2a8-355f951a2f67">
      Тексты и метатекстовая разметка доступны для свободного использования и распространения по лицензии Creative Commons Attribution Share-Alike (cc by-sa)
     </p>
    </availability>
    <date from="2015" to="2022"/>
   </publicationStmt>
   <notesStmt>
    <note>
     Публикуемые документы был получены с сайта tolstoy.ru в формате html, переведены в формат TEI. Исправлены некоторые ошибки распознавания. Тексты, написанные в дореформенной орфографии, сопоставлены с их версиями в современной орфографии.
    </note>
   </notesStmt>
   <sourceDesc>
    <biblStruct>
     <analytic>
      <author>
       Толстой Лев Николаевич
      </author>
     </analytic>
     <monogr>
      <title level="m">
       Полное собрание сочинений. Том 77
      </title>
      <imprint>
       <pubPlace>
        Москва
       </pubPlace>
       <publisher>
        Государственное издательство «Художественная литература»
       </publisher>
       <date when="1956"/>
      </imprint>
      <biblScope unit="vol">
       77
      </biblScope>
      <biblScope unit="page">
       25-25
      </biblScope>
     </monogr>
     <series>
      <title level="s">
       Л. Н. Толстой. Полное собрание сочинений: в 90 тт.
      </title>
     </series>
    </biblStruct>
    <bibl>
     Публикуется впервые
    </bibl>
   </sourceDesc>
  </fileDesc>
  <encodingDesc>
   <classDecl>
    <xi:include href="../../reference/taxonomy.xml"/>
   </classDecl>
  </encodingDesc>
  <profileDesc>
   <correspDesc>
    <correspAction type="sending">
     <persName ref="13883">
      Л. Н. Толстой
     </persName>
     <placeName>
      Ясная Поляна
     </placeName>
     <date when="1907-01-30"/>
    </correspAction>
    <correspAction type="receiving">
     <persName ref="9351">
      Мульченко Иван X.
     </persName>
    </correspAction>
   </correspDesc>
   <langUsage>
    <language ident="ru"/>
   </langUsage>
   <textClass>
    <catRef ana="#tolstoy_heritage" target="library"/>
    <catRef ana="#letters" target="type"/>
    <catRef ana="#sent" target="sent"/>
   </textClass>
  </profileDesc>
 </teiHeader>
 <xenoData>
  <number type="in a volume">
   26
  </number>
 </xenoData>
 <text xml:id="I.X.Mulchenko_26" xmlns="http://www.tei-c.org/ns/1.0" xmlns:xi="http://www.w3.org/2001/XInclude">
  <body>
   <div>
    <pb n="25"/>
    <opener index="false">
     * 26. И. X. Мульченко.1907 г. Января 30. Я. П.
    </opener>
    <p id="2f90e25b-6ac8-4d0b-af98-34a4e7f64ba8">
     Спасибо, любезный брат
     <name placement="text" ref="9351" type="person">
      Иван Мульченко
     </name>
     , за твое письмо.
    </p>
    <p id="284c328a-939a-4281-a5f1-ddc991812fcb">
     Сердце радуется, когда читаешь такие письма и узнаешь, что есть люди такие же, как ты, так же понимающие бога и закон его. Вы пишете, что много есть людей, не понимающих настоящего закона и упорствующих в своих заблуждениях. Не будем судить их, милый брат, а постараемся, если можем, помочь им; а если не можем, то не будем судить их, а оглянемся на себя. Когда я вспомню, каким я был нераскаянным и гадким грешником всю мою прошедшую жизнь и как я теперь часто плох и не исполняю того, что знаю, то я не могу судить никого. Напишите мне, откуда вы приехали в Канаду и как исповедуете: одни или с другими?
    </p>
    <p id="b23e6440-d24d-4949-9e89-35f6d3a00273" rend="right">
     Любящий брат ваш
     <name placement="text" ref="13883" type="person">
      Л. Толстой
     </name>
     .
    </p>
    <noteGrp type="comments">
     <note index="false" type="comments">
      <p id="49450654-dde3-4c95-8a1d-c646f06476e9" rend="Textpetit_otstup left">
       Печатается по копировальной книге № 7, лл. 246 и 247. Основание датировки: в копировальной книге письмо отпечатано среди писем от 30 января.
      </p>
     </note>
     <note index="false" type="comments">
      <p id="d7592fdf-fd7e-4a40-b64d-a1da7d485183" rend="petit">
       Иван X. Мульченко — крестьянин Уманского уезда Киевской губ., сектант. Эмигрировал из России и жил в Канаде среди духоборов.
      </p>
     </note>
     <note index="false" type="comments">
      <p id="9bb6028e-4dd8-4273-8e3f-b3fdbe314a60" rend="petit">
       Ответ на письмо И. X. Мульченко из Канады от 10 января н. ст. 1907 г. с выражением сочувствия религиозно-нравственным взглядам Толстого.
      </p>
     </note>
    </noteGrp>
   </div>
  </body>
 </text>
</TEI>
