<?xml version="1.0" encoding="utf-8"?>
<TEI xmlns="http://www.tei-c.org/ns/1.0" xmlns:xi="http://www.w3.org/2001/XInclude">
 <teiHeader>
  <fileDesc>
   <titleStmt>
    <title xml:id="v77_340_ProshenietulskomugubernatorusostavlennoeTo">
     Письма и документы. Tolstoy Digital
    </title>
    <title type="main">
     Прошение тульскому губернатору, составленное Толстым для крестьян деревни Рвы с 1 октября 1907 г. по 31 октября 1907 г.
    </title>
    <title type="bibl">
     Толстой Л. Н. Прошение тульскому губернатору, составленное Толстым для крестьян деревни Рвы, 1 октября 1907 г. — 31 октября 1907 г. // Толстой Л. Н. Полное собрание сочинений: в 90 тт. Т. 77. М.: Гос. изд. «Художественная литература», 1956. С.
    </title>
    <respStmt>
     <resp>
      Идея, постановка задач, руководство:
     </resp>
     <name>
      Анастасия Бонч-Осмоловская, Фёкла Толстая, Борис Орехов, Тимофей Лукашевский
     </name>
    </respStmt>
    <respStmt>
     <resp>
      Подготовка TEI/XML:
     </resp>
     <name>
      Евгений Можаев, Даниил Скоринкин, Ирина Павлова, Матвей Колбасов, Елена Сидорова, Кирилл Милинцевич, Лев Буланов, Макар Федоров, Константин Петров
     </name>
    </respStmt>
    <respStmt>
     <resp>
      Подготовка метаданных:
     </resp>
     <name>
      Мария Картышева, Вероника Файнберг
     </name>
    </respStmt>
    <respStmt>
     <resp>
      Разметка имен собственных:
     </resp>
     <name>
      Никита Северин, Елена Северина
     </name>
    </respStmt>
    <respStmt>
     <resp>
      Исправление древнегреческого текста:
     </resp>
     <name>
      Ольга Алиева
     </name>
    </respStmt>
    <funder>
     Проект «Слово Толстого»
    </funder>
   </titleStmt>
   <publicationStmt>
    <publisher>
     <orgName>
      Tolstoy Digital, DH CLOUD, Научно-образовательный союз «Родное Слово» проект «Слово Толстого»
     </orgName>
    </publisher>
    <availability>
     <p id="b3cc8fcf-514f-4a8c-b690-87760a511ad8">
      Тексты и метатекстовая разметка доступны для свободного использования и распространения по лицензии Creative Commons Attribution Share-Alike (cc by-sa)
     </p>
    </availability>
    <date from="2015" to="2022"/>
   </publicationStmt>
   <notesStmt>
    <note>
     Публикуемые документы был получены с сайта tolstoy.ru в формате html, переведены в формат TEI. Исправлены некоторые ошибки распознавания. Тексты, написанные в дореформенной орфографии, сопоставлены с их версиями в современной орфографии.
    </note>
   </notesStmt>
   <sourceDesc>
    <biblStruct>
     <analytic>
      <author>
       Толстой Лев Николаевич
      </author>
     </analytic>
     <monogr>
      <title level="m">
       Полное собрание сочинений. Том 77
      </title>
      <imprint>
       <pubPlace>
        Москва
       </pubPlace>
       <publisher>
        Государственное издательство «Художественная литература»
       </publisher>
       <date when="1956"/>
      </imprint>
      <biblScope unit="vol">
       77
      </biblScope>
      <biblScope unit="page">
       280-281
      </biblScope>
     </monogr>
     <series>
      <title level="s">
       Л. Н. Толстой. Полное собрание сочинений: в 90 тт.
      </title>
     </series>
    </biblStruct>
    <bibl>
     Публикуется впервые
    </bibl>
   </sourceDesc>
  </fileDesc>
  <encodingDesc>
   <classDecl>
    <xi:include href="../../reference/taxonomy.xml"/>
   </classDecl>
  </encodingDesc>
  <profileDesc>
   <correspDesc>
    <correspAction type="sending">
     <persName ref="13883">
      Л. Н. Толстой
     </persName>
     <placeName>
      Ясная Поляна
     </placeName>
     <date notAfter="1907-10-31" notBefore="1907-10-01"/>
    </correspAction>
    <correspAction type="receiving">
     <persName/>
    </correspAction>
   </correspDesc>
   <langUsage>
    <language ident="ru"/>
   </langUsage>
   <textClass>
    <catRef ana="#tolstoy_heritage" target="library"/>
    <catRef ana="#letters" target="type"/>
    <catRef ana="#not_sent" target="sent"/>
   </textClass>
  </profileDesc>
 </teiHeader>
 <xenoData>
  <number type="in a volume">
   340
  </number>
 </xenoData>
 <text xml:id="ProshenietulskomugubernatorusostavlennoeTolstymdlyakrestyanderevniRvy_340" xmlns="http://www.tei-c.org/ns/1.0" xmlns:xi="http://www.w3.org/2001/XInclude">
  <body>
   <div>
    <pb n="280"/>
    <opener index="false">
     * 340. Прошение тульскому губернатору, составленное
     <lb/>
     Толстым для крестьян деревни Рвы. Черновое.1907 г. Октября середина. Я. П.
    </opener>
    <p id="295053d4-d584-43be-9eb5-e634d6d86a6c" rend="Obrashenie">
     Г-ну Тульскому губернатору
    </p>
    <p id="b555e280-a35c-4774-911e-1332d599c34a" rend="right">
     крестьян Тульского уезда Татевской
     <lb/>
     волости, деревни Рвов
    </p>
    <lb/>
    <p id="6833ff15-d0de-4520-9b3a-2b89566736ef" rend="subtitle centerline">
     <hi rend="Razradka">
      Прошение.
     </hi>
    </p>
    <p id="fc636aad-c0d5-4dc2-bc72-db74339fe09c">
     15 октября сего 1907 года в деревне нашей произошел пожар, истребивший не только постройки, но и все хлебные и кормовые запасы, так что в настоящее время не имеем ни крова для наших семей, ни средств для прокормления себя и своей скотины. Вследствие сего просим ваше превосходительство войти в наше бедственное положение и оказать нам ту помощь, которая хоть сколько-нибудь облегчила бы нашу участь.
    </p>
    <p id="f702dc38-7f16-4022-8e68-0a4a37d49a5d" rend="right">
     Хозяева 13 дворов:
    </p>
    <noteGrp type="comments">
     <note index="false" type="comments">
      <p id="abced754-fcca-4074-b9de-e64d5ccadb67" rend="Textpetit_otstup left">
       В процессе писания текст бумаги исправлялся Толстым (стилистические изменения). Печатается законченная редакция.
      </p>
     </note>
     <note index="false" type="comments">
      <p id="b12ae11b-3aac-4f84-a578-d6fd4e74e8eb" rend="petit">
       Дополнительных сведений по этому делу получить не удалось. Неизвестно, кем было переписано набело это прошение и было ли подано оно.
      </p>
     </note>
     <note index="false" type="comments">
      <p id="d24f5061-7de3-4588-873b-178e67548e2d" rend="emptyline">
       <pb n="281"/>
      </p>
     </note>
    </noteGrp>
   </div>
  </body>
 </text>
</TEI>
