<?xml version="1.0" encoding="utf-8"?>
<TEI xmlns="http://www.tei-c.org/ns/1.0" xmlns:xi="http://www.w3.org/2001/XInclude">
 <teiHeader>
  <fileDesc>
   <titleStmt>
    <title xml:id="v77_083_N_A_Morozovu">
     Письма и документы. Tolstoy Digital
    </title>
    <title type="main">
     Письмо Н. А. Морозову с 6 апреля 1907 г. по 11 апреля 1907 г.
    </title>
    <title type="bibl">
     Толстой Л. Н. Письмо Н. А. Морозову, 6 апреля 1907 г. — 11 апреля 1907 г. // Толстой Л. Н. Полное собрание сочинений: в 90 тт. Т. 77. М.: Гос. изд. «Художественная литература», 1956. С.
    </title>
    <respStmt>
     <resp>
      Идея, постановка задач, руководство:
     </resp>
     <name>
      Анастасия Бонч-Осмоловская, Фёкла Толстая, Борис Орехов, Тимофей Лукашевский
     </name>
    </respStmt>
    <respStmt>
     <resp>
      Подготовка TEI/XML:
     </resp>
     <name>
      Евгений Можаев, Даниил Скоринкин, Ирина Павлова, Матвей Колбасов, Елена Сидорова, Кирилл Милинцевич, Лев Буланов, Макар Федоров, Константин Петров
     </name>
    </respStmt>
    <respStmt>
     <resp>
      Подготовка метаданных:
     </resp>
     <name>
      Мария Картышева, Вероника Файнберг
     </name>
    </respStmt>
    <respStmt>
     <resp>
      Разметка имен собственных:
     </resp>
     <name>
      Никита Северин, Елена Северина
     </name>
    </respStmt>
    <respStmt>
     <resp>
      Исправление древнегреческого текста:
     </resp>
     <name>
      Ольга Алиева
     </name>
    </respStmt>
    <funder>
     Проект «Слово Толстого»
    </funder>
   </titleStmt>
   <publicationStmt>
    <publisher>
     <orgName>
      Tolstoy Digital, DH CLOUD, Научно-образовательный союз «Родное Слово» проект «Слово Толстого»
     </orgName>
    </publisher>
    <availability>
     <p id="c58b1dd0-883c-4085-957c-e20b3b46dc25">
      Тексты и метатекстовая разметка доступны для свободного использования и распространения по лицензии Creative Commons Attribution Share-Alike (cc by-sa)
     </p>
    </availability>
    <date from="2015" to="2022"/>
   </publicationStmt>
   <notesStmt>
    <note>
     Публикуемые документы был получены с сайта tolstoy.ru в формате html, переведены в формат TEI. Исправлены некоторые ошибки распознавания. Тексты, написанные в дореформенной орфографии, сопоставлены с их версиями в современной орфографии.
    </note>
   </notesStmt>
   <sourceDesc>
    <biblStruct>
     <analytic>
      <author>
       Толстой Лев Николаевич
      </author>
     </analytic>
     <monogr>
      <title level="m">
       Полное собрание сочинений. Том 77
      </title>
      <imprint>
       <pubPlace>
        Москва
       </pubPlace>
       <publisher>
        Государственное издательство «Художественная литература»
       </publisher>
       <date when="1956"/>
      </imprint>
      <biblScope unit="vol">
       77
      </biblScope>
      <biblScope unit="page">
       78-79
      </biblScope>
     </monogr>
     <series>
      <title level="s">
       Л. Н. Толстой. Полное собрание сочинений: в 90 тт.
      </title>
     </series>
    </biblStruct>
    <bibl/>
   </sourceDesc>
  </fileDesc>
  <encodingDesc>
   <classDecl>
    <xi:include href="../../reference/taxonomy.xml"/>
   </classDecl>
  </encodingDesc>
  <profileDesc>
   <correspDesc>
    <correspAction type="sending">
     <persName ref="13883">
      Л. Н. Толстой
     </persName>
     <placeName>
      Ясная Поляна
     </placeName>
     <date notAfter="1907-04-11" notBefore="1907-04-06"/>
    </correspAction>
    <correspAction type="receiving">
     <persName ref="9276">
      Морозов Николай Александрович
     </persName>
    </correspAction>
   </correspDesc>
   <langUsage>
    <language ident="ru"/>
   </langUsage>
   <textClass>
    <catRef ana="#tolstoy_heritage" target="library"/>
    <catRef ana="#letters" target="type"/>
    <catRef ana="#sent" target="sent"/>
   </textClass>
  </profileDesc>
 </teiHeader>
 <xenoData>
  <number type="in a volume">
   83
  </number>
 </xenoData>
 <text xml:id="N.A.Morozovu_83" xmlns="http://www.tei-c.org/ns/1.0" xmlns:xi="http://www.w3.org/2001/XInclude">
  <body>
   <div>
    <pb n="78"/>
    <opener index="false">
     83.
     <name placement="text" ref="9276" type="person">
      Н. А. Морозову
     </name>
     .1907 г. Апреля 6—11. Я. П.
    </opener>
    <p id="5232ebcd-892f-4d02-b777-722e4e708d1a">
     Уважаемый Николай Александрович (прошу извинить меня, если я ошибаюсь в вашем отчестве). Благодарю вас за присылку вашей книги. Я еще не получал ее. Постараюсь внимательно прочесть ее и составить себе о ней определенное мнение, насколько позволят мне это мои поверхностные знания астрономии.
     <ref target="#note1">
      1
     </ref>
     <note index="false" resp="volume_editor" xml:id="note1">
      В книге Н. А. Морозова доказывается, что апокалипсис есть астрологическое сочинение, написанное в IV в. Иоанном Златоустом. В день получения письма Морозова Толстой сказал: «Он удивительно, должно быть, даровитый. Вероятно, из тех людей на всё способных — и во всем недалек». О самой книге он заметил 6 января 1908 г.: «Странная книга. Он
      <hi rend="italic">
       автор
      </hi>
      замечательно даровитый» (ЯЗ, записи 2 апреля 1907 г. и 6 января 1908 г.).
     </note>
    </p>
    <p id="5e65f176-3739-4766-b48e-511ca2bed200">
     С совершенным уважением остаюсь готовый к услугам
    </p>
    <p id="cf1ac1e0-dffe-4e17-a0d0-57f94221adcc" rend="right">
     <name placement="text" ref="13883" type="person">
      Лев Толстой
     </name>
     .
    </p>
    <p id="4b4f2eff-b0bf-4363-86cf-5f784a8ad5b3">
     6 апреля 1907.
    </p>
    <lb/>
    <p id="23cef9fa-bc23-47cf-8069-10db49f87297">
     Книгу вашу я получил и прочел и при чтении ее оправдалось мое предположение о моей некомпетентности в астрономических соображениях. Тоже и по отношению автора откровения. Вообще должен сказать, что предмет этот мало интересует меня.
    </p>
    <p id="401322a0-f5f3-46f8-bb53-e715d9c076e5">
     Другое дело ваши записки, которые я прочел с величайшим интересом и удовольствием.
     <ref target="#note2">
      2
     </ref>
     <note index="false" resp="volume_editor" xml:id="note2">
      Н. А. Морозов, «В начале жизни» — «Русское богатство» 1906, май, июнь. В январе 1907 г. М. С. Сухотин по просьбе Толстого читал вслух записки Морозова. В ЯЗ записано 22 января: «Льву Николаевичу нравилось. Талантливо написано. Интересно взглянуть в душу революционеров»; 24 января там же записаны слова Толстого: «Очень поучителен был для меня этот Морозов».
     </note>
     Очень сожалею, что нет их продолжения.
    </p>
    <p id="6641df44-656f-4cc5-a1fc-899d4f8338ad" rend="right">
     Л. Т.
    </p>
    <p id="d00ab03a-87bc-4d7e-842f-1f75175d28f0">
     11 апреля.
    </p>
    <noteGrp type="comments">
     <note index="false" type="comments">
      <p id="3b5f9251-9a90-4cb1-9d58-e25be60f5be8" rend="Textpetit_otstup left">
       Печатается по копировальной книге № 7, л. 308. Приписка — рукой Ю. И. Игумновой. Впервые опубликовано в воспоминаниях В. Л. [В. Ф. Лебедевой] «Встречи с Л. Н. Толстым» — «Современник» 1912, апрель, стр. 187—188.
      </p>
     </note>
     <note index="false" type="comments">
      <p id="69d0f059-4339-44f5-946a-0b92fd5ed9fd" rend="petit">
       <name placement="comments" ref="9276" type="person">
        Николай Александрович Морозов
       </name>
       (1854—1946) — активный участник революционного движения, в общей сложности проведший в заключении двадцать восемь лет. Автор ряда трудов по химии, астрономии
       <hi style="opdelimiter">
        и
       </hi>
       <pb n="79"/>
       <hi style="npdelimiter">
        истории
       </hi>
       религий. Был в Ясной Поляне 28 сентября 1908 г. Об этом посещении см. его письмо редактору «Русских ведомостей» («Свидание с Л. Н. Толстым»), напечатанное в «Русских ведомостях» 1908, № 229 от 3 октября; его статью «
       <name placement="comments" ref="13883" type="person">
        Л. Н. Толстой
       </name>
       и современная наука» — «Толстовский ежегодник 1913 года», Спб. 1914, и указанные выше воспоминания В. Ф. Лебедевой. В письме от 31 марта 1907 г. Морозов сообщал о посылке Толстому своей книги «Откровение в грозе и буре». Он писал: «Не знаю, насколько убедительными покажутся Вам мои доводы. Могу сказать только одно: если мои выводы ошибочны, я первый буду рад, когда их опровергнут. Если же они верны, будущие исследования оправдают их, и тогда моя книга принесет пользу, так как послужит к открытию истины».
      </p>
     </note>
    </noteGrp>
   </div>
  </body>
 </text>
</TEI>
