<?xml version="1.0" encoding="utf-8"?>
<TEI xmlns="http://www.tei-c.org/ns/1.0" xmlns:xi="http://www.w3.org/2001/XInclude">
 <teiHeader>
  <fileDesc>
   <titleStmt>
    <title xml:id="v77_180_N_A_SHejermanu">
     Письма и документы. Tolstoy Digital
    </title>
    <title type="main">
     Письмо Н. А. Шейерману от 7 июля 1907 г.
    </title>
    <title type="bibl">
     Толстой Л. Н. Письмо Н. А. Шейерману, 7 июля 1907 г. // Толстой Л. Н. Полное собрание сочинений: в 90 тт. Т. 77. М.: Гос. изд. «Художественная литература», 1956. С.
    </title>
    <respStmt>
     <resp>
      Идея, постановка задач, руководство:
     </resp>
     <name>
      Анастасия Бонч-Осмоловская, Фёкла Толстая, Борис Орехов, Тимофей Лукашевский
     </name>
    </respStmt>
    <respStmt>
     <resp>
      Подготовка TEI/XML:
     </resp>
     <name>
      Евгений Можаев, Даниил Скоринкин, Ирина Павлова, Матвей Колбасов, Елена Сидорова, Кирилл Милинцевич, Лев Буланов, Макар Федоров, Константин Петров
     </name>
    </respStmt>
    <respStmt>
     <resp>
      Подготовка метаданных:
     </resp>
     <name>
      Мария Картышева, Вероника Файнберг
     </name>
    </respStmt>
    <respStmt>
     <resp>
      Разметка имен собственных:
     </resp>
     <name>
      Никита Северин, Елена Северина
     </name>
    </respStmt>
    <respStmt>
     <resp>
      Исправление древнегреческого текста:
     </resp>
     <name>
      Ольга Алиева
     </name>
    </respStmt>
    <funder>
     Проект «Слово Толстого»
    </funder>
   </titleStmt>
   <publicationStmt>
    <publisher>
     <orgName>
      Tolstoy Digital, DH CLOUD, Научно-образовательный союз «Родное Слово» проект «Слово Толстого»
     </orgName>
    </publisher>
    <availability>
     <p id="dd199590-2cda-4b21-9dba-5cd8abbe9c0c">
      Тексты и метатекстовая разметка доступны для свободного использования и распространения по лицензии Creative Commons Attribution Share-Alike (cc by-sa)
     </p>
    </availability>
    <date from="2015" to="2022"/>
   </publicationStmt>
   <notesStmt>
    <note>
     Публикуемые документы был получены с сайта tolstoy.ru в формате html, переведены в формат TEI. Исправлены некоторые ошибки распознавания. Тексты, написанные в дореформенной орфографии, сопоставлены с их версиями в современной орфографии.
    </note>
   </notesStmt>
   <sourceDesc>
    <biblStruct>
     <analytic>
      <author>
       Толстой Лев Николаевич
      </author>
     </analytic>
     <monogr>
      <title level="m">
       Полное собрание сочинений. Том 77
      </title>
      <imprint>
       <pubPlace>
        Москва
       </pubPlace>
       <publisher>
        Государственное издательство «Художественная литература»
       </publisher>
       <date when="1956"/>
      </imprint>
      <biblScope unit="vol">
       77
      </biblScope>
      <biblScope unit="page">
       156-157
      </biblScope>
     </monogr>
     <series>
      <title level="s">
       Л. Н. Толстой. Полное собрание сочинений: в 90 тт.
      </title>
     </series>
    </biblStruct>
    <bibl>
     Публикуется впервые
    </bibl>
   </sourceDesc>
  </fileDesc>
  <encodingDesc>
   <classDecl>
    <xi:include href="../../reference/taxonomy.xml"/>
   </classDecl>
  </encodingDesc>
  <profileDesc>
   <correspDesc>
    <correspAction type="sending">
     <persName ref="13883">
      Л. Н. Толстой
     </persName>
     <placeName>
      Ясная Поляна
     </placeName>
     <date when="1907-07-07"/>
    </correspAction>
    <correspAction type="receiving">
     <persName ref="15537">
      Шейерман Николай Александрович
     </persName>
    </correspAction>
   </correspDesc>
   <langUsage>
    <language ident="ru"/>
   </langUsage>
   <textClass>
    <catRef ana="#tolstoy_heritage" target="library"/>
    <catRef ana="#letters" target="type"/>
    <catRef ana="#sent" target="sent"/>
   </textClass>
  </profileDesc>
 </teiHeader>
 <xenoData>
  <number type="in a volume">
   180
  </number>
 </xenoData>
 <text xml:id="N.A.SHejermanu_180" xmlns="http://www.tei-c.org/ns/1.0" xmlns:xi="http://www.w3.org/2001/XInclude">
  <body>
   <div>
    <pb n="156"/>
    <opener index="false">
     * 180.
     <name placement="text" ref="15537" type="person">
      Н. А. Шейерману
     </name>
     .1907 г. Июля 7. Я. П.
    </opener>
    <p id="989b3275-486e-4826-9212-08eec1fea3d2" rend="Obrashenie">
     <name placement="text" ref="15537" type="person">
      Николай Александрович
     </name>
     ,
    </p>
    <p id="97b19a27-533a-4cd7-84e1-c5235ceaebd7">
     Желаю успеха вашему начинанию и очень рад буду помочь вам, чем могу. — Буду направлять к вам людей, подходящих к вашим условиям.
    </p>
    <p id="2fff681c-2f76-4886-a643-1d8d5b068776">
     Теперь же попрошу моих друзей вписать в это письмо адреса лиц, к
     <choice original_editorial_correction="к[оторым]">
      <sic>
       к
      </sic>
      <corr>
       которым
      </corr>
     </choice>
     советую вам обратиться.
     <ref target="#note1">
      1
     </ref>
     <note index="false" resp="volume_editor" xml:id="note1">
      Адреса сообщил Н. А. Шейерману С. Д. Николаев.
     </note>
    </p>
    <p id="02bd8db9-1b16-4f29-a4f9-6a479d7962dc">
     Хотел бы поподробнее знать, из кого состоит теперь ваша община, и взгляды на жизнь людей, составляющих ее.
    </p>
    <p id="ffbe6ade-cfa2-4b7e-8be2-47afcdd53e8b" rend="right">
     <name placement="text" ref="13883" type="person">
      Лев Толстой
     </name>
     .
    </p>
    <p id="f7318594-19c0-4439-9f28-8a33f7f9da2d">
     7 июля 1907.
    </p>
    <noteGrp type="comments">
     <note index="false" type="comments">
      <p id="2ee85572-2991-47ae-a1f5-ae5c6caadf72" rend="Textpetit_otstup left">
       Печатается по копировальной книге № 7, л, 393.
      </p>
     </note>
     <note index="false" type="comments">
      <p id="c21f38f6-dcba-4a02-a1df-5faa7daafbef" rend="petit">
       <name placement="comments" ref="15537" type="person">
        Николай Александрович Шейерман
       </name>
       — бывший помещик, разделявший религиозно-нравственные взгляды Толстого. В 1907 г. совместно с братом, В. А. Шейерманом, основал близ с. Лисичанска Бахмутского уезда Екатеринославской губ. трудовую земледельческую колонию. Через несколько лет колония распалась.
      </p>
     </note>
     <note index="false" type="comments">
      <p id="255918bc-650d-4a54-8793-241f4893d41f" rend="petit">
       Ответ на письмо Н. А. Шейермана от 27 июня 1907 г. с известием об устройстве колонии.
      </p>
     </note>
    </noteGrp>
   </div>
  </body>
 </text>
</TEI>
