<?xml version="1.0" encoding="utf-8"?>
<TEI xmlns="http://www.tei-c.org/ns/1.0" xmlns:xi="http://www.w3.org/2001/XInclude">
 <teiHeader>
  <fileDesc>
   <titleStmt>
    <title xml:id="v77_106_S_P_CHizhovu">
     Письма и документы. Tolstoy Digital
    </title>
    <title type="main">
     Письмо С. П. Чижову от 30 апреля 1907 г.
    </title>
    <title type="bibl">
     Толстой Л. Н. Письмо С. П. Чижову, 30 апреля 1907 г. // Толстой Л. Н. Полное собрание сочинений: в 90 тт. Т. 77. М.: Гос. изд. «Художественная литература», 1956. С.
    </title>
    <respStmt>
     <resp>
      Идея, постановка задач, руководство:
     </resp>
     <name>
      Анастасия Бонч-Осмоловская, Фёкла Толстая, Борис Орехов, Тимофей Лукашевский
     </name>
    </respStmt>
    <respStmt>
     <resp>
      Подготовка TEI/XML:
     </resp>
     <name>
      Евгений Можаев, Даниил Скоринкин, Ирина Павлова, Матвей Колбасов, Елена Сидорова, Кирилл Милинцевич, Лев Буланов, Макар Федоров, Константин Петров
     </name>
    </respStmt>
    <respStmt>
     <resp>
      Подготовка метаданных:
     </resp>
     <name>
      Мария Картышева, Вероника Файнберг
     </name>
    </respStmt>
    <respStmt>
     <resp>
      Разметка имен собственных:
     </resp>
     <name>
      Никита Северин, Елена Северина
     </name>
    </respStmt>
    <respStmt>
     <resp>
      Исправление древнегреческого текста:
     </resp>
     <name>
      Ольга Алиева
     </name>
    </respStmt>
    <funder>
     Проект «Слово Толстого»
    </funder>
   </titleStmt>
   <publicationStmt>
    <publisher>
     <orgName>
      Tolstoy Digital, DH CLOUD, Научно-образовательный союз «Родное Слово» проект «Слово Толстого»
     </orgName>
    </publisher>
    <availability>
     <p id="d1624fda-d22d-40fc-93c9-a921db21d328">
      Тексты и метатекстовая разметка доступны для свободного использования и распространения по лицензии Creative Commons Attribution Share-Alike (cc by-sa)
     </p>
    </availability>
    <date from="2015" to="2022"/>
   </publicationStmt>
   <notesStmt>
    <note>
     Публикуемые документы был получены с сайта tolstoy.ru в формате html, переведены в формат TEI. Исправлены некоторые ошибки распознавания. Тексты, написанные в дореформенной орфографии, сопоставлены с их версиями в современной орфографии.
    </note>
   </notesStmt>
   <sourceDesc>
    <biblStruct>
     <analytic>
      <author>
       Толстой Лев Николаевич
      </author>
     </analytic>
     <monogr>
      <title level="m">
       Полное собрание сочинений. Том 77
      </title>
      <imprint>
       <pubPlace>
        Москва
       </pubPlace>
       <publisher>
        Государственное издательство «Художественная литература»
       </publisher>
       <date when="1956"/>
      </imprint>
      <biblScope unit="vol">
       77
      </biblScope>
      <biblScope unit="page">
       95-95
      </biblScope>
     </monogr>
     <series>
      <title level="s">
       Л. Н. Толстой. Полное собрание сочинений: в 90 тт.
      </title>
     </series>
    </biblStruct>
    <bibl>
     Публикуется впервые
    </bibl>
   </sourceDesc>
  </fileDesc>
  <encodingDesc>
   <classDecl>
    <xi:include href="../../reference/taxonomy.xml"/>
   </classDecl>
  </encodingDesc>
  <profileDesc>
   <correspDesc>
    <correspAction type="sending">
     <persName ref="13883">
      Л. Н. Толстой
     </persName>
     <placeName>
      Ясная Поляна
     </placeName>
     <date when="1907-04-30"/>
    </correspAction>
    <correspAction type="receiving">
     <persName ref="15327">
      Чижов Софрон Павлович
     </persName>
    </correspAction>
   </correspDesc>
   <langUsage>
    <language ident="ru"/>
   </langUsage>
   <textClass>
    <catRef ana="#tolstoy_heritage" target="library"/>
    <catRef ana="#letters" target="type"/>
    <catRef ana="#sent" target="sent"/>
   </textClass>
  </profileDesc>
 </teiHeader>
 <xenoData>
  <number type="in a volume">
   106
  </number>
 </xenoData>
 <text xml:id="S.P.CHizhovu_106" xmlns="http://www.tei-c.org/ns/1.0" xmlns:xi="http://www.w3.org/2001/XInclude">
  <body>
   <div>
    <pb n="95"/>
    <opener index="false">
     * 106.
     <name placement="text" ref="15327" type="person">
      С. П. Чижову
     </name>
     .1907 г. Апреля 30. Я. П.
    </opener>
    <p id="700f149b-a2fb-43c0-bf9b-e1ef611ca905" rend="Obrashenie">
     Любезный брат
     <name placement="text" ref="15327" type="person">
      Софрон Павлович
     </name>
     ,
    </p>
    <p id="bf9f2ddd-91e6-4d16-b3fb-579fd45a5e55">
     Письмо ваше и деньги 50 р. получил и тотчас же отправил по назначению. Очень рад был получить известие о вас и в особенности тому, что вы не изменились и держитесь тех же основ
     <choice original_editorial_correction="христ[ианского]">
      <sic>
       христ
      </sic>
      <corr>
       христианского
      </corr>
     </choice>
     учения,
     <choice original_editorial_correction="к[отор]ых">
      <sic>
       кых
      </sic>
      <corr>
       которых
      </corr>
     </choice>
     держались. Братски приветствую вас. Посылаю вам несколько моих книжек,
     <ref target="#note1">
      1
     </ref>
     <note index="false" resp="volume_editor" xml:id="note1">
      <hi>
       В подлиннике:
      </hi>
      книгах,
     </note>
     может быть, они пригодятся вам.
    </p>
    <p id="a46ec3cd-3e45-4b7b-a311-160485e42266" rend="right">
     Любящий вас брат
     <name placement="text" ref="13883" type="person">
      Лев Толстой
     </name>
     .
    </p>
    <p id="c1f808a2-b2bc-4ad8-b900-8561bbb9b98a">
     30 апр. 1907.
    </p>
    <noteGrp type="comments">
     <note index="false" type="comments">
      <p id="29bcc1c2-f031-4f37-a397-55394f3f5875" rend="Textpetit_otstup left">
       Печатается по копировальной книге № 7, л. 329.
      </p>
     </note>
     <note index="false" type="comments">
      <p id="f26a02d6-c5c9-4ad2-9254-dfcc896b39f6" rend="petit">
       О
       <name placement="comments" ref="15327" type="person">
        Софроне Павловиче Чижове
       </name>
       (р. 1862) см. т. 72, стр. 273. Ответ на письмо Чижова от 14 марта 1907 г. с просьбой отправить в Канаду духобору Петру Федоровичу Салыкину приложенные к письму 50 рублей, которые он был ему должен. Он описывал также свое душевное состояние.
      </p>
     </note>
    </noteGrp>
   </div>
  </body>
 </text>
</TEI>
