<?xml version="1.0" encoding="utf-8"?>
<TEI xmlns="http://www.tei-c.org/ns/1.0" xmlns:xi="http://www.w3.org/2001/XInclude">
 <teiHeader>
  <fileDesc>
   <titleStmt>
    <title xml:id="v78_144_V_A_Molochnikovu">
     Письма и документы. Tolstoy Digital
    </title>
    <title type="main">
     Письмо В. А. Молочникову от 13 мая 1908 г.
    </title>
    <title type="bibl">
     Толстой Л. Н. Письмо В. А. Молочникову, 13 мая 1908 г. // Толстой Л. Н. Полное собрание сочинений: в 90 тт. Т. 78. М.: Гос. изд. «Художественная литература», 1956. С.
    </title>
    <respStmt>
     <resp>
      Идея, постановка задач, руководство:
     </resp>
     <name>
      Анастасия Бонч-Осмоловская, Фёкла Толстая, Борис Орехов, Тимофей Лукашевский
     </name>
    </respStmt>
    <respStmt>
     <resp>
      Подготовка TEI/XML:
     </resp>
     <name>
      Евгений Можаев, Даниил Скоринкин, Ирина Павлова, Матвей Колбасов, Елена Сидорова, Кирилл Милинцевич, Лев Буланов, Макар Федоров, Константин Петров
     </name>
    </respStmt>
    <respStmt>
     <resp>
      Подготовка метаданных:
     </resp>
     <name>
      Мария Картышева, Вероника Файнберг
     </name>
    </respStmt>
    <respStmt>
     <resp>
      Разметка имен собственных:
     </resp>
     <name>
      Никита Северин, Елена Северина
     </name>
    </respStmt>
    <respStmt>
     <resp>
      Исправление древнегреческого текста:
     </resp>
     <name>
      Ольга Алиева
     </name>
    </respStmt>
    <funder>
     Проект «Слово Толстого»
    </funder>
   </titleStmt>
   <publicationStmt>
    <publisher>
     <orgName>
      Tolstoy Digital, DH CLOUD, Научно-образовательный союз «Родное Слово» проект «Слово Толстого»
     </orgName>
    </publisher>
    <availability>
     <p id="aefba655-f41a-4a82-9209-0c306d66dfea">
      Тексты и метатекстовая разметка доступны для свободного использования и распространения по лицензии Creative Commons Attribution Share-Alike (cc by-sa)
     </p>
    </availability>
    <date from="2015" to="2022"/>
   </publicationStmt>
   <notesStmt>
    <note>
     Публикуемые документы был получены с сайта tolstoy.ru в формате html, переведены в формат TEI. Исправлены некоторые ошибки распознавания. Тексты, написанные в дореформенной орфографии, сопоставлены с их версиями в современной орфографии.
    </note>
   </notesStmt>
   <sourceDesc>
    <biblStruct>
     <analytic>
      <author>
       Толстой Лев Николаевич
      </author>
     </analytic>
     <monogr>
      <title level="m">
       Полное собрание сочинений. Том 78
      </title>
      <imprint>
       <pubPlace>
        Москва
       </pubPlace>
       <publisher>
        Государственное издательство «Художественная литература»
       </publisher>
       <date when="1956"/>
      </imprint>
      <biblScope unit="vol">
       78
      </biblScope>
      <biblScope unit="page">
       140-141
      </biblScope>
     </monogr>
     <series>
      <title level="s">
       Л. Н. Толстой. Полное собрание сочинений: в 90 тт.
      </title>
     </series>
    </biblStruct>
    <bibl/>
   </sourceDesc>
  </fileDesc>
  <encodingDesc>
   <classDecl>
    <xi:include href="../../reference/taxonomy.xml"/>
   </classDecl>
  </encodingDesc>
  <profileDesc>
   <correspDesc>
    <correspAction type="sending">
     <persName ref="13883">
      Л. Н. Толстой
     </persName>
     <placeName>
      Ясная Поляна
     </placeName>
     <date when="1908-05-13"/>
    </correspAction>
    <correspAction type="receiving">
     <persName ref="9170">
      Молочников Владимир Айфалович
     </persName>
    </correspAction>
   </correspDesc>
   <langUsage>
    <language ident="ru"/>
   </langUsage>
   <textClass>
    <catRef ana="#tolstoy_heritage" target="library"/>
    <catRef ana="#letters" target="type"/>
    <catRef ana="#sent" target="sent"/>
   </textClass>
  </profileDesc>
 </teiHeader>
 <xenoData>
  <number type="in a volume">
   144
  </number>
 </xenoData>
 <text xml:id="V.A.Molochnikovu_144" xmlns="http://www.tei-c.org/ns/1.0" xmlns:xi="http://www.w3.org/2001/XInclude">
  <body>
   <div>
    <pb n="140"/>
    <opener index="false">
     144. В. А. Молочникову.1908 г. Мая 13. Я. П.
    </opener>
    <p id="aad16bbf-022a-4670-b9b9-0b3d62ed7f1d" rend="right">
     Ясная Поляна.
    </p>
    <p id="cd1cdbe0-ef69-4424-9c85-4695de0e7c46">
     Не писал вам, милый друг, ожидая вашего письма. Сейчас получил ваше хорошее и глубоко тронувшее меня письмо. Особенно понравилось мне в вашем письме это строгая простота и правдивость. Помогай вам бог оставаться в том же духовном состоянии, главное, прощать тех, кто вас мучит.
    </p>
    <p id="3cfeb1c8-844b-4954-9d94-a7a02000d8d6">
     Вчера был у нас известный адвокат Муравьев. Мы с ним говорили о вас, и он взялся сделать, что возможно. Он человек хороший, и смело обращайтесь к
     <hi style="opdelimiter">
      нему.
     </hi>
     <ref target="#note1">
      1
     </ref>
     <note index="false" resp="volume_editor" xml:id="note1">
      В. А. Молочников отказался подать апелляцию, и приговор вошел в законную силу.
     </note>
    </p>
    <p id="7c3afb21-b527-4887-a6b0-d07cd965000a">
     <pb n="141"/>
     <hi style="npdelimiter">
      Очень
     </hi>
     рад буду увидеть вас, но боюсь, что это будет для вас лишний расход и трата времени. Для того, чтобы мне помнить и любить вас, мне не нужно личного свиданья.
     <ref target="#note2">
      2
     </ref>
     <note index="false" resp="volume_editor" xml:id="note2">
      Далее собственноручно.
     </note>
    </p>
    <p id="9495fba7-a00d-45d1-9771-5a87daaed61a" rend="right">
     Очень, очень любящий вас
     <name placement="text" ref="13883" type="person">
      Лев Толстой
     </name>
     .
    </p>
    <p id="4dc4565b-ecad-4821-9a03-25f61e3e2864">
     1908. 13 мая.
    </p>
    <noteGrp type="comments">
     <note index="false" type="comments">
      <p id="343cdd53-fd75-43cf-8d7b-0f5941b40aa0" rend="Textpetit_otstup left">
       Подлинник написан рукой H. Н. Гусева, подпись и дата собственноручные. На письме помета Гусева: «Под диктовку». Сделаны пометы о просмотре письма товарищем прокурора и о разрешении выдать письмо адресату. Впервые опубликовано в ТТ, 3, стр. 81.
      </p>
     </note>
     <note index="false" type="comments">
      <p id="7efaa805-117a-4167-9dc6-7e2279484c85" rend="petit">
       О
       <name placement="comments" ref="9170" type="person">
        Владимире Айфаловиче Молочникове
       </name>
       (1871—1936) см. т. 76, стр. 199. Об его судебном деле см. письма №№ 121 и 135.
      </p>
     </note>
     <note index="false" type="comments">
      <p id="410fb1df-e806-4b32-915a-72054f5e85f4" rend="petit">
       Ответ на письмо В. А. Молочникова от 8—9 мая 1908 г. По выходе из тюрьмы Молочников подробно сообщал Толстому о суде, о ночи, проведенной в тюрьме, о встречах и беседах с заключенными.
      </p>
     </note>
    </noteGrp>
   </div>
  </body>
 </text>
</TEI>
