<?xml version="1.0" encoding="utf-8"?>
<TEI xmlns="http://www.tei-c.org/ns/1.0" xmlns:xi="http://www.w3.org/2001/XInclude">
 <teiHeader>
  <fileDesc>
   <titleStmt>
    <title xml:id="v78_345_I_I_Gorbunovu_Posadovu">
     Письма и документы. Tolstoy Digital
    </title>
    <title type="main">
     Письмо И. И. Горбунову-Посадову от 31 декабря 1908 г.
    </title>
    <title type="bibl">
     Толстой Л. Н. Письмо И. И. Горбунову-Посадову, 31 декабря 1908 г. // Толстой Л. Н. Полное собрание сочинений: в 90 тт. Т. 78. М.: Гос. изд. «Художественная литература», 1956. С.
    </title>
    <respStmt>
     <resp>
      Идея, постановка задач, руководство:
     </resp>
     <name>
      Анастасия Бонч-Осмоловская, Фёкла Толстая, Борис Орехов, Тимофей Лукашевский
     </name>
    </respStmt>
    <respStmt>
     <resp>
      Подготовка TEI/XML:
     </resp>
     <name>
      Евгений Можаев, Даниил Скоринкин, Ирина Павлова, Матвей Колбасов, Елена Сидорова, Кирилл Милинцевич, Лев Буланов, Макар Федоров, Константин Петров
     </name>
    </respStmt>
    <respStmt>
     <resp>
      Подготовка метаданных:
     </resp>
     <name>
      Мария Картышева, Вероника Файнберг
     </name>
    </respStmt>
    <respStmt>
     <resp>
      Разметка имен собственных:
     </resp>
     <name>
      Никита Северин, Елена Северина
     </name>
    </respStmt>
    <respStmt>
     <resp>
      Исправление древнегреческого текста:
     </resp>
     <name>
      Ольга Алиева
     </name>
    </respStmt>
    <funder>
     Проект «Слово Толстого»
    </funder>
   </titleStmt>
   <publicationStmt>
    <publisher>
     <orgName>
      Tolstoy Digital, DH CLOUD, Научно-образовательный союз «Родное Слово» проект «Слово Толстого»
     </orgName>
    </publisher>
    <availability>
     <p id="54f6e6f8-09b6-40c1-a4fd-888b1ea7f901">
      Тексты и метатекстовая разметка доступны для свободного использования и распространения по лицензии Creative Commons Attribution Share-Alike (cc by-sa)
     </p>
    </availability>
    <date from="2015" to="2022"/>
   </publicationStmt>
   <notesStmt>
    <note>
     Публикуемые документы был получены с сайта tolstoy.ru в формате html, переведены в формат TEI. Исправлены некоторые ошибки распознавания. Тексты, написанные в дореформенной орфографии, сопоставлены с их версиями в современной орфографии.
    </note>
   </notesStmt>
   <sourceDesc>
    <biblStruct>
     <analytic>
      <author>
       Толстой Лев Николаевич
      </author>
     </analytic>
     <monogr>
      <title level="m">
       Полное собрание сочинений. Том 78
      </title>
      <imprint>
       <pubPlace>
        Москва
       </pubPlace>
       <publisher>
        Государственное издательство «Художественная литература»
       </publisher>
       <date when="1956"/>
      </imprint>
      <biblScope unit="vol">
       78
      </biblScope>
      <biblScope unit="page">
       310-310
      </biblScope>
     </monogr>
     <series>
      <title level="s">
       Л. Н. Толстой. Полное собрание сочинений: в 90 тт.
      </title>
     </series>
    </biblStruct>
    <bibl>
     Публикуется впервые
    </bibl>
   </sourceDesc>
  </fileDesc>
  <encodingDesc>
   <classDecl>
    <xi:include href="../../reference/taxonomy.xml"/>
   </classDecl>
  </encodingDesc>
  <profileDesc>
   <correspDesc>
    <correspAction type="sending">
     <persName ref="13883">
      Л. Н. Толстой
     </persName>
     <placeName>
      Ясная Поляна
     </placeName>
     <date when="1908-12-31"/>
    </correspAction>
    <correspAction type="receiving">
     <persName ref="3642">
      Горбунов-Посадов Иван Иванович
     </persName>
    </correspAction>
   </correspDesc>
   <langUsage>
    <language ident="ru"/>
   </langUsage>
   <textClass>
    <catRef ana="#tolstoy_heritage" target="library"/>
    <catRef ana="#letters" target="type"/>
    <catRef ana="#sent" target="sent"/>
   </textClass>
  </profileDesc>
 </teiHeader>
 <xenoData>
  <number type="in a volume">
   345
  </number>
 </xenoData>
 <text xml:id="I.I.Gorbunovu-Posadovu_345" xmlns="http://www.tei-c.org/ns/1.0" xmlns:xi="http://www.w3.org/2001/XInclude">
  <body>
   <div>
    <pb n="310"/>
    <opener index="false">
     * 345.
     <name placement="text" ref="3642" type="person">
      И. И. Горбунову-Посадову
     </name>
     .1908 г. Декабря 31. Я. П.
    </opener>
    <p id="e32e7efa-7c5d-473e-9c95-c1b17c55b200">
     Хотя я и уверен, что предъявление этого письма никогда никому не понадобится, все-таки заявляю, что всё написанное в нем Чертковым верно и что И. И. Горбунов поступал только согласно моим желаниям.
    </p>
    <p id="ffab70eb-65c4-41ec-a627-12ace1cbd0f6" rend="right">
     <name placement="text" ref="13883" type="person">
      Лев Толстой
     </name>
     .
    </p>
    <noteGrp type="comments">
     <note index="false" type="comments">
      <p id="1ab279f5-4cc7-468f-8247-e757cfa5a406" rend="Textpetit_otstup left">
       Печатается по машинописной копии. Приписка к письму В. Г. Черткова. Датируется по той же копии.
      </p>
     </note>
     <note index="false" type="comments">
      <p id="778dbed6-2142-4e1c-a5a4-76b716e6d3a2" rend="petit">
       Письмо написано в связи с выраженным С. А. Толстой сомнением в том, что И. И. Горбунов-Посадов имел право, не нарушая авторского права семьи, перепечатывать в «Посреднике» народные рассказы Толстого.
      </p>
     </note>
    </noteGrp>
   </div>
  </body>
 </text>
</TEI>
