<?xml version="1.0" encoding="utf-8"?>
<TEI xmlns="http://www.tei-c.org/ns/1.0" xmlns:xi="http://www.w3.org/2001/XInclude">
 <teiHeader>
  <fileDesc>
   <titleStmt>
    <title xml:id="v78_328_L_A_Arsenevu">
     Письма и документы. Tolstoy Digital
    </title>
    <title type="main">
     Письмо Л. А. Арсеньеву от 20 декабря 1908 г.
    </title>
    <title type="bibl">
     Толстой Л. Н. Письмо Л. А. Арсеньеву, 20 декабря 1908 г. // Толстой Л. Н. Полное собрание сочинений: в 90 тт. Т. 78. М.: Гос. изд. «Художественная литература», 1956. С.
    </title>
    <respStmt>
     <resp>
      Идея, постановка задач, руководство:
     </resp>
     <name>
      Анастасия Бонч-Осмоловская, Фёкла Толстая, Борис Орехов, Тимофей Лукашевский
     </name>
    </respStmt>
    <respStmt>
     <resp>
      Подготовка TEI/XML:
     </resp>
     <name>
      Евгений Можаев, Даниил Скоринкин, Ирина Павлова, Матвей Колбасов, Елена Сидорова, Кирилл Милинцевич, Лев Буланов, Макар Федоров, Константин Петров
     </name>
    </respStmt>
    <respStmt>
     <resp>
      Подготовка метаданных:
     </resp>
     <name>
      Мария Картышева, Вероника Файнберг
     </name>
    </respStmt>
    <respStmt>
     <resp>
      Разметка имен собственных:
     </resp>
     <name>
      Никита Северин, Елена Северина
     </name>
    </respStmt>
    <respStmt>
     <resp>
      Исправление древнегреческого текста:
     </resp>
     <name>
      Ольга Алиева
     </name>
    </respStmt>
    <funder>
     Проект «Слово Толстого»
    </funder>
   </titleStmt>
   <publicationStmt>
    <publisher>
     <orgName>
      Tolstoy Digital, DH CLOUD, Научно-образовательный союз «Родное Слово» проект «Слово Толстого»
     </orgName>
    </publisher>
    <availability>
     <p id="48343032-8894-4113-8ff0-445d1c9ff508">
      Тексты и метатекстовая разметка доступны для свободного использования и распространения по лицензии Creative Commons Attribution Share-Alike (cc by-sa)
     </p>
    </availability>
    <date from="2015" to="2022"/>
   </publicationStmt>
   <notesStmt>
    <note>
     Публикуемые документы был получены с сайта tolstoy.ru в формате html, переведены в формат TEI. Исправлены некоторые ошибки распознавания. Тексты, написанные в дореформенной орфографии, сопоставлены с их версиями в современной орфографии.
    </note>
   </notesStmt>
   <sourceDesc>
    <biblStruct>
     <analytic>
      <author>
       Толстой Лев Николаевич
      </author>
     </analytic>
     <monogr>
      <title level="m">
       Полное собрание сочинений. Том 78
      </title>
      <imprint>
       <pubPlace>
        Москва
       </pubPlace>
       <publisher>
        Государственное издательство «Художественная литература»
       </publisher>
       <date when="1956"/>
      </imprint>
      <biblScope unit="vol">
       78
      </biblScope>
      <biblScope unit="page">
       293-294
      </biblScope>
     </monogr>
     <series>
      <title level="s">
       Л. Н. Толстой. Полное собрание сочинений: в 90 тт.
      </title>
     </series>
    </biblStruct>
    <bibl/>
   </sourceDesc>
  </fileDesc>
  <encodingDesc>
   <classDecl>
    <xi:include href="../../reference/taxonomy.xml"/>
   </classDecl>
  </encodingDesc>
  <profileDesc>
   <correspDesc>
    <correspAction type="sending">
     <persName ref="13883">
      Л. Н. Толстой
     </persName>
     <placeName>
      Ясная Поляна
     </placeName>
     <date when="1908-12-20"/>
    </correspAction>
    <correspAction type="receiving">
     <persName ref="675">
      Арсеньев Л.
     </persName>
    </correspAction>
   </correspDesc>
   <langUsage>
    <language ident="ru"/>
   </langUsage>
   <textClass>
    <catRef ana="#tolstoy_heritage" target="library"/>
    <catRef ana="#letters" target="type"/>
    <catRef ana="#sent" target="sent"/>
   </textClass>
  </profileDesc>
 </teiHeader>
 <xenoData>
  <number type="in a volume">
   328
  </number>
 </xenoData>
 <text xml:id="L.A.Arsenevu_328" xmlns="http://www.tei-c.org/ns/1.0" xmlns:xi="http://www.w3.org/2001/XInclude">
  <body>
   <div>
    <pb n="293"/>
    <opener index="false">
     328. Л. А. Арсеньеву.1908 г. Декабря 20. Я. П.
    </opener>
    <p id="3bbe1284-477e-4108-bef8-f86ae7264e7d">
     Оправдывать смертную казнь словами Христа не решался до сих пор ни один изувер. Такое оправдание, кроме своей искусственности, и глупо и бессовестно.
    </p>
    <p id="d295c260-e5e0-46f0-8c33-808c20721ebf">
     Вывод из такого толкования буквы писания, называемого священным, только один: тот, что нет ничего более вредного для понимания учения Христа и более губительного и для истинной религии и истинной нравственности, как приписывание непогрешимости букве писания, так как нет больших нелепостей, гадостей и жестокостей, чем те,
     <choice original_editorial_correction="к[отор]ые">
      <sic>
       кые
      </sic>
      <corr>
       которые
      </corr>
     </choice>
     основывались и основываются на этой букве.
    </p>
    <p id="5841df53-679a-4289-856b-8defaa099071">
     На статью же Столыпина можно ответить только одним словом: «Стыдно», что и написал ему.
     <ref target="#note1">
      1
     </ref>
     <note index="false" resp="volume_editor" xml:id="note1">
      <ref target="file:///Volume_78_A.A.Stolypinu_329.xml">
       См. письмо № 329
      </ref>
      .
     </note>
    </p>
    <p id="a4227c4e-3d7a-484b-9c3a-3aa2caf4567f" rend="right">
     <name placement="text" ref="13883" type="person">
      Лев Толстой
     </name>
     .
    </p>
    <p id="dabadd0b-3260-48d9-bd75-584c6d7ad7dd">
     20 дек. 1908.
    </p>
    <lb/>
    <p id="382fc3e1-85f6-411c-b3ff-814fce9eee98" rend="subtitle centerline left">
     <hi>
      Черновое.
     </hi>
    </p>
    <p id="3cf702d0-6616-4e6b-a9cf-4f649ecd3605">
     Оправдывать смертную казнь словами Христа и искусственно, и глупо, и бессовестно. Из такого толкования слов Христа можно сделать только один вывод: тот, что буква того писания,
     <choice original_editorial_correction="к[отор]ое">
      <sic>
       кое
      </sic>
      <corr>
       которое
      </corr>
     </choice>
     называется священным, не может и не должна иметь для искреннего, разумного и честного человека никакого значения, так как нет больших нелепостей и жестокостей, чем те,
     <choice original_editorial_correction="к[отор]ые">
      <sic>
       кые
      </sic>
      <corr>
       которые
      </corr>
     </choice>
     выводились и выводятся еще и теперь из этой буквы. На ужасную статью Столыпина можно и должно ответить только одним словом:
     <hi>
      Стыдно.
     </hi>
    </p>
    <p id="0adea343-a4a7-4dca-92e8-9a0c4201dba0" rend="right">
     <name placement="text" ref="13883" type="person">
      Лев Толстой
     </name>
     .
    </p>
    <p id="18fc0f2f-1770-438c-849c-b4af31141d8b">
     20 дек. 1908.
    </p>
    <noteGrp type="comments">
     <note index="false" type="comments">
      <p id="cfcc8b61-6ab6-458d-b8e9-17a0b738fb50" rend="Textpetit_otstup left">
       Печатается по копировальной книге № 8, л. 387. Впервые опубликовано вместе с письмом Л. А. Арсеньева к Толстому в статье Толстого «Христианство и смертная казнь» — «Наша газета» 1909, № 49 от 28 февраля. Черновое печатается по фотокопии с автографа, хранящегося в библиотеке Национального музея в Праге. Черновое впервые опубликовано в «Летописях», 2, стр.
       <hi style="opdelimiter">
        239.
       </hi>
      </p>
     </note>
     <note index="false" type="comments">
      <p id="bb690819-5897-4fea-916c-daa342e2f37c" rend="petit">
       <pb n="294"/>
       <hi style="npdelimiter">
        <name placement="comments" ref="676" type="person">
         Лев
        </name>
       </hi>
       <name placement="comments" ref="676" type="person">
        Александрович Арсеньев
       </name>
       (р. 1890) — сын ремесленника, окончил петербургскую гимназию, с 1908 г. студент естественного отделения физико-математического факультета Петербургского университета. Осенью 1909 г. вышел из университета. При письме от 18 декабря 1908 г. (почт. шт.) Л. А. Арсеньев прислал вырезку из газеты «Новое время» 1908, № 11772 от 18 декабря, со статьей А.
       <choice original_editorial_correction="Ст[олыпи]на">
        <sic>
         Стна
        </sic>
        <corr>
         Столыпина
        </corr>
       </choice>
       под заглавием «Заметки». Автор статьи стремился доказать, что «закон, влекущий смертную казнь, Христос называет словом божиим». Арсеньев спрашивал Толстого, как он относится к этой статье. На конверте этого письма Толстой написал:
       <hi style="big">
        Столыпину: стыдно. H. H., ответить, что это ужасно.
        <choice original_editorial_correction="Посыл[аю]">
         <sic>
          Посыл
         </sic>
         <corr>
          Посылаю
         </corr>
        </choice>
        <choice original_editorial_correction="Ст[олыпину]">
         <sic>
          Ст
         </sic>
         <corr>
          Столыпину
         </corr>
        </choice>
        письмо с одним словом: стыдно и гадко. Пожалейте себя.
       </hi>
       На другой день, 21 декабря, Толстой начал писать статью «Христианство и смертная казнь» (см. т. 38), в которой поместил письмо Арсеньева, статью Столыпина и свое письмо к Арсеньеву.
      </p>
     </note>
    </noteGrp>
   </div>
  </body>
 </text>
</TEI>
