<?xml version="1.0" encoding="utf-8"?>
<TEI xmlns="http://www.tei-c.org/ns/1.0" xmlns:xi="http://www.w3.org/2001/XInclude">
 <teiHeader>
  <fileDesc>
   <titleStmt>
    <title xml:id="v78_297_P_S_IIoroxovshhikovu">
     Письма и документы. Tolstoy Digital
    </title>
    <title type="main">
     Письмо П. С. ІІороховщикову от 21 ноября 1908 г.
    </title>
    <title type="bibl">
     Толстой Л. Н. Письмо П. С. ІІороховщикову, 21 ноября 1908 г. // Толстой Л. Н. Полное собрание сочинений: в 90 тт. Т. 78. М.: Гос. изд. «Художественная литература», 1956. С.
    </title>
    <respStmt>
     <resp>
      Идея, постановка задач, руководство:
     </resp>
     <name>
      Анастасия Бонч-Осмоловская, Фёкла Толстая, Борис Орехов, Тимофей Лукашевский
     </name>
    </respStmt>
    <respStmt>
     <resp>
      Подготовка TEI/XML:
     </resp>
     <name>
      Евгений Можаев, Даниил Скоринкин, Ирина Павлова, Матвей Колбасов, Елена Сидорова, Кирилл Милинцевич, Лев Буланов, Макар Федоров, Константин Петров
     </name>
    </respStmt>
    <respStmt>
     <resp>
      Подготовка метаданных:
     </resp>
     <name>
      Мария Картышева, Вероника Файнберг
     </name>
    </respStmt>
    <respStmt>
     <resp>
      Разметка имен собственных:
     </resp>
     <name>
      Никита Северин, Елена Северина
     </name>
    </respStmt>
    <respStmt>
     <resp>
      Исправление древнегреческого текста:
     </resp>
     <name>
      Ольга Алиева
     </name>
    </respStmt>
    <funder>
     Проект «Слово Толстого»
    </funder>
   </titleStmt>
   <publicationStmt>
    <publisher>
     <orgName>
      Tolstoy Digital, DH CLOUD, Научно-образовательный союз «Родное Слово» проект «Слово Толстого»
     </orgName>
    </publisher>
    <availability>
     <p id="0d3a9fc3-1803-4131-ab47-dc568f9dc224">
      Тексты и метатекстовая разметка доступны для свободного использования и распространения по лицензии Creative Commons Attribution Share-Alike (cc by-sa)
     </p>
    </availability>
    <date from="2015" to="2022"/>
   </publicationStmt>
   <notesStmt>
    <note>
     Публикуемые документы был получены с сайта tolstoy.ru в формате html, переведены в формат TEI. Исправлены некоторые ошибки распознавания. Тексты, написанные в дореформенной орфографии, сопоставлены с их версиями в современной орфографии.
    </note>
   </notesStmt>
   <sourceDesc>
    <biblStruct>
     <analytic>
      <author>
       Толстой Лев Николаевич
      </author>
     </analytic>
     <monogr>
      <title level="m">
       Полное собрание сочинений. Том 78
      </title>
      <imprint>
       <pubPlace>
        Москва
       </pubPlace>
       <publisher>
        Государственное издательство «Художественная литература»
       </publisher>
       <date when="1956"/>
      </imprint>
      <biblScope unit="vol">
       78
      </biblScope>
      <biblScope unit="page">
       266-267
      </biblScope>
     </monogr>
     <series>
      <title level="s">
       Л. Н. Толстой. Полное собрание сочинений: в 90 тт.
      </title>
     </series>
    </biblStruct>
    <bibl>
     Публикуется впервые
    </bibl>
   </sourceDesc>
  </fileDesc>
  <encodingDesc>
   <classDecl>
    <xi:include href="../../reference/taxonomy.xml"/>
   </classDecl>
  </encodingDesc>
  <profileDesc>
   <correspDesc>
    <correspAction type="sending">
     <persName ref="13883">
      Л. Н. Толстой
     </persName>
     <placeName>
      Ясная Поляна
     </placeName>
     <date when="1908-11-21"/>
    </correspAction>
    <correspAction type="receiving">
     <persName ref="11140">
      Пороховщиков Петр Сергеевич
     </persName>
    </correspAction>
   </correspDesc>
   <langUsage>
    <language ident="ru"/>
   </langUsage>
   <textClass>
    <catRef ana="#tolstoy_heritage" target="library"/>
    <catRef ana="#letters" target="type"/>
    <catRef ana="#sent" target="sent"/>
   </textClass>
  </profileDesc>
 </teiHeader>
 <xenoData>
  <number type="in a volume">
   297
  </number>
 </xenoData>
 <text xml:id="P.S.IIoroxovshhikovu_297" xmlns="http://www.tei-c.org/ns/1.0" xmlns:xi="http://www.w3.org/2001/XInclude">
  <body>
   <div>
    <pb n="266"/>
    <opener index="false">
     * 297.
     <name placement="text" ref="11140" type="person">
      П. С. Пороховщикову
     </name>
     .1908 г. Ноября 21. Я. П.
    </opener>
    <p id="e0157895-0f3b-49fe-b666-10f91fa31076" rend="right">
     Ясная Поляна. 21 ноября 08.
    </p>
    <p id="8b8db9a1-b546-40bd-a841-e86360e92def">
     Благодарю вас,
     <name placement="text" ref="11140" type="person">
      Петр Сергеевич
     </name>
     , за присылку и зa перевод в высшей степени полезной в наше время книги. Я давно, когда еще мнения мои о религии были неопределенны, читал Parerga und Paralipomena
     <hi>
      ,
     </hi>
     <ref target="#note1">
      1
     </ref>
     <note index="false" resp="volume_editor" xml:id="note1">
      Диалог Шопенгауэра «О религии» составляет одну из частей гл. XV второго тома книги «Parerga und Paralipomena».
     </note>
     и потому теперь с особенной радостью перечитываю ваш перевод и
     <hi>
      ,
     </hi>
     начав читать, вижу, что перевод прекрасный. Очень сожалею, что эта особенно полезная в наше время книга запрещена.
    </p>
    <p id="2e3b4e65-7332-4591-9556-e6b3e6cd97af" rend="right">
     <name placement="text" ref="13883" type="person">
      Лев Толстой
     </name>
     .
    </p>
    <noteGrp type="comments">
     <note index="false" type="comments">
      <p id="df246d1a-9759-459d-a439-17c16f415e2d" rend="Textpetit_otstup left">
       Печатается по копировальной книге № 8, л. 354. Написано и датировано рукой Н. Н. Гусева, подпись
       <hi style="opdelimiter">
        собственноручная.
       </hi>
      </p>
     </note>
     <note index="false" type="comments">
      <p id="3f18042e-f14c-41c3-a34a-c0d43b11a24b" rend="petit">
       <pb n="267"/>
       <hi style="npdelimiter">
        При
       </hi>
       письме от 13 ноября 1908 г.
       <name placement="comments" ref="11140" type="person">
        Петр Сергеевич Пороховщиков
       </name>
       , член Петербургского окружного суда, прислал свои перевод с немецкого: Арт. Шопенгауэр, «О религии», диалог, Спб. 1908.
      </p>
     </note>
    </noteGrp>
   </div>
  </body>
 </text>
</TEI>
