<?xml version="1.0" encoding="utf-8"?>
<TEI xmlns="http://www.tei-c.org/ns/1.0" xmlns:xi="http://www.w3.org/2001/XInclude">
 <teiHeader>
  <fileDesc>
   <titleStmt>
    <title xml:id="v78_099_Vredakciigazet">
     Письма и документы. Tolstoy Digital
    </title>
    <title type="main">
     Письмо В редакции газет от 25 марта 1908 г.
    </title>
    <title type="bibl">
     Толстой Л. Н. Письмо в редакции газет, 25 марта 1908 г. // Толстой Л. Н. Полное собрание сочинений: в 90 тт. Т. 78. М.: Гос. изд. «Художественная литература», 1956. С.
    </title>
    <respStmt>
     <resp>
      Идея, постановка задач, руководство:
     </resp>
     <name>
      Анастасия Бонч-Осмоловская, Фёкла Толстая, Борис Орехов, Тимофей Лукашевский
     </name>
    </respStmt>
    <respStmt>
     <resp>
      Подготовка TEI/XML:
     </resp>
     <name>
      Евгений Можаев, Даниил Скоринкин, Ирина Павлова, Матвей Колбасов, Елена Сидорова, Кирилл Милинцевич, Лев Буланов, Макар Федоров, Константин Петров
     </name>
    </respStmt>
    <respStmt>
     <resp>
      Подготовка метаданных:
     </resp>
     <name>
      Мария Картышева, Вероника Файнберг
     </name>
    </respStmt>
    <respStmt>
     <resp>
      Разметка имен собственных:
     </resp>
     <name>
      Никита Северин, Елена Северина
     </name>
    </respStmt>
    <respStmt>
     <resp>
      Исправление древнегреческого текста:
     </resp>
     <name>
      Ольга Алиева
     </name>
    </respStmt>
    <funder>
     Проект «Слово Толстого»
    </funder>
   </titleStmt>
   <publicationStmt>
    <publisher>
     <orgName>
      Tolstoy Digital, DH CLOUD, Научно-образовательный союз «Родное Слово» проект «Слово Толстого»
     </orgName>
    </publisher>
    <availability>
     <p id="649acdf0-d655-46cb-91ac-61bd3b75cc4d">
      Тексты и метатекстовая разметка доступны для свободного использования и распространения по лицензии Creative Commons Attribution Share-Alike (cc by-sa)
     </p>
    </availability>
    <date from="2015" to="2022"/>
   </publicationStmt>
   <notesStmt>
    <note>
     Публикуемые документы был получены с сайта tolstoy.ru в формате html, переведены в формат TEI. Исправлены некоторые ошибки распознавания. Тексты, написанные в дореформенной орфографии, сопоставлены с их версиями в современной орфографии.
    </note>
   </notesStmt>
   <sourceDesc>
    <biblStruct>
     <analytic>
      <author>
       Толстой Лев Николаевич
      </author>
     </analytic>
     <monogr>
      <title level="m">
       Полное собрание сочинений. Том 78
      </title>
      <imprint>
       <pubPlace>
        Москва
       </pubPlace>
       <publisher>
        Государственное издательство «Художественная литература»
       </publisher>
       <date when="1956"/>
      </imprint>
      <biblScope unit="vol">
       78
      </biblScope>
      <biblScope unit="page">
       104-107
      </biblScope>
     </monogr>
     <series>
      <title level="s">
       Л. Н. Толстой. Полное собрание сочинений: в 90 тт.
      </title>
     </series>
    </biblStruct>
    <bibl/>
   </sourceDesc>
  </fileDesc>
  <encodingDesc>
   <classDecl>
    <xi:include href="../../reference/taxonomy.xml"/>
   </classDecl>
  </encodingDesc>
  <profileDesc>
   <correspDesc>
    <correspAction type="sending">
     <persName ref="13883">
      Л. Н. Толстой
     </persName>
     <placeName>
      Ясная Поляна
     </placeName>
     <date when="1908-03-25"/>
    </correspAction>
    <correspAction type="receiving">
     <persName/>
    </correspAction>
   </correspDesc>
   <langUsage>
    <language ident="ru"/>
   </langUsage>
   <textClass>
    <catRef ana="#tolstoy_heritage" target="library"/>
    <catRef ana="#letters" target="type"/>
    <catRef ana="#not_sent" target="sent"/>
   </textClass>
  </profileDesc>
 </teiHeader>
 <xenoData>
  <number type="in a volume">
   99
  </number>
 </xenoData>
 <text xml:id="Vredakciigazet_99" xmlns="http://www.tei-c.org/ns/1.0" xmlns:xi="http://www.w3.org/2001/XInclude">
  <body>
   <div>
    <pb n="104"/>
    <opener index="false">
     99. В редакции газет. Неотправленное.1908 г. Марта 25. Я. П.
    </opener>
    <p id="986125b1-c3b0-4099-b3e3-d622152dd301" rend="right">
     Ясная Поляна.
    </p>
    <p id="6eefed85-be3d-4444-a0bd-28ae7b7406b0" rend="Obrashenie">
     Милостивый Государь Господин Редактор,
    </p>
    <p id="f941ef00-c881-42a8-9816-c9a8722f9b42">
     Посылаю вам прилагаемое письмо.
     <ref target="#note1">
      1
     </ref>
     <note index="false" resp="volume_editor" xml:id="note1">
      Толстой имел в виду ругательное письмо К. Воинова-Разумов
      <hi rend="italic">
       ского?
      </hi>
      от 16 марта 1908 г., отправленное из Курска с вокзала без обратного адреса. Письмо опубликовано в т. 56, стр. 483—484.
     </note>
     Таких писем от людей, отрицательно относящихся к моему предстоящему юбилею, я получил несколько, это же письмо я очень прошу вас напечатать, как желает этого автор его. Я, с своей стороны, тоже желал бы его напечатания, так как в связи с этим письмом я имею сказать кое-что относительно этого моего предстоящего юбилея.
    </p>
    <p id="e807a58e-5428-436b-86a2-42aa256e454d">
     Сказать я имею именно то, что готовящийся юбилей этот чрезвычайно тяжел для меня. Причин этому много. Одна
     <hi style="opdelimiter">
      из
     </hi>
     <pb n="105"/>
     <hi style="npdelimiter">
      первых
     </hi>
     та, что я никогда не смотрел на такого рода чествования с сочувствием; мне казалось, что выражение сочувствия и любви к деятельности человека может выразиться никак не внешним образом, а близким соединением чувствами и мыслями с тем, к кому относятся эти мысли и чувства. Вспоминаю, как давно уже, лет около тридцати тому назад, во время чествования Пушкина и поставления ему памятника, милый Тургенев заехал ко мне, прося меня ехать с ним на этот праздник. Как ни дорог и мил мне был тогда Тургенев, как я ни дорожил и высоко ценил (и ценю) гений Пушкина, я отказался;
     <ref target="#note2">
      2
     </ref>
     <note index="false" resp="volume_editor" xml:id="note2">
      С приглашением принять участие в празднествах по случаю открытия памятника Пушкину в Москве И. С. Тургенев приезжал в Ясную Поляну в мае 1880 г. См. т. 63, стр. 17.
     </note>
     знал, что огорчал Тургенева, но не мог сделать иначе, потому что и тогда уже такого рода чествования мне представлялись чем-то неестественным и, не скажу ложным, но не отвечающим моим душевным требованиям. Теперь же, когда это касается лично меня, я чувствую это еще в гораздо большей степени.
    </p>
    <p id="3a74bb86-6fdb-48cb-9faf-c6e394797c3a">
     Но это последнее соображение. Другое, самое важное, это то, что выражено в этом письме и в других такого же рода письмах, именно то, что эти готовящиеся чествования даже при своем приготовлении вызывают в большом количестве людей самые недобрые чувства ко мне. Недобрые чувства эти могли бы лежать без выражения, но выбиваются и развиваются вследствие этого. Знаю, что эти недобрые чувства вызваны мною самим: сам я виноват в них, виноват теми неосторожными, резкими словами, которыми я позволял себе осуждать верования других людей. Я искренно раскаиваюсь в этом и очень рад случаю высказать это. Но это не изменяет самого дела. В мои года, стоя одной ногой в гробу, одно, что желательно, это быть в любви с людьми, насколько это возможно, и расстаться с ними в этих самых чувствах. Письмо же это и подобные ему, получаемые мною, показывают именно, что приготовления к юбилею вызывают в людях — и совершенно справедливо — самые обратные любви чувства ко мне. И это мне очень тяжело. Если бы на одной чашке весов лежали самые мне приятные и лестные одобрения людей, которых я уважаю, а на другой — вызванная ненависть хотя бы одного человека, я думаю, что я бы не задумался отказаться от похвал, только бы не увеличивать нелюбовь этого одного человека. Теперь же я чувствую, что этот готовящийся юбилей вызывает недобрые, нелюбовные чувства ко мне, которые я заслужил, не одного, а многих и многих, очень многих. Это мне мучительно тяжело, и поэтому я бы просил
     <hi style="opdelimiter">
      всех
     </hi>
     <pb n="106"/>
     <hi style="npdelimiter">
      тех
     </hi>
     добрых людей, любящих меня, сделать всё, что возможно, для того, чтобы уничтожить всякие попытки чествования меня.
    </p>
    <p id="2de810fd-92d4-4547-ade2-ad0379528109">
     Не буду говорить о том, что я совершенно искренно не признаю себя заслуживающим тех чествований, которые готовятся: всё это показалось бы каким-то фальшивым кокетством. Но не могу не сказать того, что думаю, и был бы счастлив, если бы люди оставили это дело и ничего не делали бы в этом направлении.
    </p>
    <noteGrp type="comments">
     <note index="false" type="comments">
      <p id="bc495818-9be4-42fa-af28-36aadfc21151" rend="Textpetit_otstup left">
       Подлинник написан на машинке (не был подписан и датирован). Продиктован в фонограф. Впервые опубликовано без первого абзаца в статье В. Черткова «Юбилей Толстого» — «Речь» 1908, № 132 от 4 июня. Напечатано полностью как письмо в редакцию «Русских ведомостей» в ПТС, I, № 258. Основание датировки: письмо продиктовано в день приезда Н. В. Давыдова в Ясную Поляну, то есть 25 марта 1908 г.
      </p>
     </note>
     <note index="false" type="comments">
      <p id="c8bd8974-d270-40d9-97a5-b4267713a095" rend="petit">
       Комментируемое письмо было передано Н. В. Давыдову, приехавшему в Ясную Поляну по поручению московского комитета по организации чествования 80-летия Толстого. Комитет образовался по предложению петербургского Комитета почина (см. прим. к письму № 60). После организации московского комитета функции разделились. Петербургский комитет вел работу в Петербурге и за границей, московский — в Москве и в провинции. Московский комитет организовался 9 марта на собрании представителей научных, литературных, художественных и других общественных учреждений. Председателем Временного бюро был избран Н. В. Давыдов, секретарем А. И. Сумбатов-Южин. В комитет вошли: В. Я. Брюсов, И. А. Бунин, А. Н. Веселовский, Н. Н. Златовратский, Вл. И. Немирович-Данченко, С. А. Муромцев, П. Н. Сакулин, В. О. Ключевский, А. А. Кизеветтер, А. Е. Грузинский, С. И. Танеев, Н. И. Тимковский, Д. Н. Телешов, В. В. Вересаев, И. А. Белоусов и др. Комитет поручил Н. В. Давыдову выяснить, какие формы чествования были бы для Толстого наиболее приемлемы. Толстой высказал свое мнение и просил Давыдова опубликовать комментируемое письмо в столичных газетах. Потом он раздумал печатать письмо и попросил Давыдова прочитать его на заседании комитета. Давыдов 2 апреля сообщил комитету о результатах поездки в Ясную Поляну и огласил письмо Толстого. «С благоговением преклоняясь перед категорически выраженной волей Толстого», комитет постановил деятельность свою прекратить.
      </p>
     </note>
    </noteGrp>
   </div>
  </body>
 </text>
</TEI>
