<?xml version="1.0" encoding="utf-8"?>
<TEI xmlns="http://www.tei-c.org/ns/1.0" xmlns:xi="http://www.w3.org/2001/XInclude">
 <teiHeader>
  <fileDesc>
   <titleStmt>
    <title xml:id="v78_132_N_V_Davydovu">
     Письма и документы. Tolstoy Digital
    </title>
    <title type="main">
     Письмо Н. В. Давыдову от 3 мая 1908 г.
    </title>
    <title type="bibl">
     Толстой Л. Н. Письмо Н. В. Давыдову, 3 мая 1908 г. // Толстой Л. Н. Полное собрание сочинений: в 90 тт. Т. 78. М.: Гос. изд. «Художественная литература», 1956. С.
    </title>
    <respStmt>
     <resp>
      Идея, постановка задач, руководство:
     </resp>
     <name>
      Анастасия Бонч-Осмоловская, Фёкла Толстая, Борис Орехов, Тимофей Лукашевский
     </name>
    </respStmt>
    <respStmt>
     <resp>
      Подготовка TEI/XML:
     </resp>
     <name>
      Евгений Можаев, Даниил Скоринкин, Ирина Павлова, Матвей Колбасов, Елена Сидорова, Кирилл Милинцевич, Лев Буланов, Макар Федоров, Константин Петров
     </name>
    </respStmt>
    <respStmt>
     <resp>
      Подготовка метаданных:
     </resp>
     <name>
      Мария Картышева, Вероника Файнберг
     </name>
    </respStmt>
    <respStmt>
     <resp>
      Разметка имен собственных:
     </resp>
     <name>
      Никита Северин, Елена Северина
     </name>
    </respStmt>
    <respStmt>
     <resp>
      Исправление древнегреческого текста:
     </resp>
     <name>
      Ольга Алиева
     </name>
    </respStmt>
    <funder>
     Проект «Слово Толстого»
    </funder>
   </titleStmt>
   <publicationStmt>
    <publisher>
     <orgName>
      Tolstoy Digital, DH CLOUD, Научно-образовательный союз «Родное Слово» проект «Слово Толстого»
     </orgName>
    </publisher>
    <availability>
     <p id="6e921948-891b-4f03-ad16-f0424f60dd5d">
      Тексты и метатекстовая разметка доступны для свободного использования и распространения по лицензии Creative Commons Attribution Share-Alike (cc by-sa)
     </p>
    </availability>
    <date from="2015" to="2022"/>
   </publicationStmt>
   <notesStmt>
    <note>
     Публикуемые документы был получены с сайта tolstoy.ru в формате html, переведены в формат TEI. Исправлены некоторые ошибки распознавания. Тексты, написанные в дореформенной орфографии, сопоставлены с их версиями в современной орфографии.
    </note>
   </notesStmt>
   <sourceDesc>
    <biblStruct>
     <analytic>
      <author>
       Толстой Лев Николаевич
      </author>
     </analytic>
     <monogr>
      <title level="m">
       Полное собрание сочинений. Том 78
      </title>
      <imprint>
       <pubPlace>
        Москва
       </pubPlace>
       <publisher>
        Государственное издательство «Художественная литература»
       </publisher>
       <date when="1956"/>
      </imprint>
      <biblScope unit="vol">
       78
      </biblScope>
      <biblScope unit="page">
       129-129
      </biblScope>
     </monogr>
     <series>
      <title level="s">
       Л. Н. Толстой. Полное собрание сочинений: в 90 тт.
      </title>
     </series>
    </biblStruct>
    <bibl/>
   </sourceDesc>
  </fileDesc>
  <encodingDesc>
   <classDecl>
    <xi:include href="../../reference/taxonomy.xml"/>
   </classDecl>
  </encodingDesc>
  <profileDesc>
   <correspDesc>
    <correspAction type="sending">
     <persName ref="13883">
      Л. Н. Толстой
     </persName>
     <placeName>
      Ясная Поляна
     </placeName>
     <date when="1908-05-03"/>
    </correspAction>
    <correspAction type="receiving">
     <persName ref="4112">
      Давыдов Николай Васильевич
     </persName>
    </correspAction>
   </correspDesc>
   <langUsage>
    <language ident="ru"/>
   </langUsage>
   <textClass>
    <catRef ana="#tolstoy_heritage" target="library"/>
    <catRef ana="#letters" target="type"/>
    <catRef ana="#sent" target="sent"/>
   </textClass>
  </profileDesc>
 </teiHeader>
 <xenoData>
  <number type="in a volume">
   132
  </number>
 </xenoData>
 <text xml:id="N.V.Davydovu_132" xmlns="http://www.tei-c.org/ns/1.0" xmlns:xi="http://www.w3.org/2001/XInclude">
  <body>
   <div>
    <pb n="129"/>
    <opener index="false">
     132.
     <name placement="text" ref="4112" type="person">
      Н. В. Давыдову
     </name>
     .1908 г. Мая 3. Я. П.
    </opener>
    <p id="ac24f28a-85e3-4f99-9197-4db27cc64aff">
     Очень, очень благодарен вам, милый
     <name placement="text" ref="4112" type="person">
      Николай Васильевич
     </name>
     , за полученные мною нынче через П. И. Бирюкова две записки о смертной казни.
     <ref target="#note1">
      1
     </ref>
     <note index="false" resp="volume_editor" xml:id="note1">
      стр. 57—58.
     </note>
     Вы обещаете еще протоколы. Буду также благодарен, если это не утруждает вас. Записки очень интересны и важны. Желал бы суметь воспользоваться ими. Г-на Муравьева,
     <ref target="#note2">
      2
     </ref>
     <note index="false" resp="volume_editor" xml:id="note2">
      Н. В. Давыдов прислал материалы о процессах в военных судах по делам, кончающимся смертными приговорами, и о приведении исполнение смертных приговоров. Сведения были получены Давыдовым от знакомых адвокатов, от члена военно-окружного суда и от чиновника окружного суда, присутствовавшего при смертной казни. Материалы были собраны по просьбе Толстого.
      <ref target="file:///Volume_78_N.V.Davydovu_119.xml">
       См. письмо № 119
      </ref>
      и ТП, 2, стр. 59—61.
     </note>
     разумеется, всегда буду очень рад видеть.
    </p>
    <p id="8f106337-eb3f-40da-b3df-c6cb5f12ea6e">
     Я пишу теперь для моего друга Бирюкова, составляющего мою биографию, воспоминания о моей защите в военном суде солдата, ударившего офицера и за это приговоренного к расстрелянию. Это было так давно, более 40 лет тому назад, что я мог что-нибудь забыть и описать дело не так, как оно происходило. Я просил Бирюкова побывать у вас и, рассказав, как у меня описано, спросить, нет ли в моем описании неверностей.
    </p>
    <p id="000d18e8-4f42-46e9-b522-9d2d83758480">
     Простите, что утруждаю вас. Очень вам благодарен. И как бы желал суметь, благодаря вашей помощи, хоть в сотой доле выразить и вызвать в людях ужас и негодование,
     <choice original_editorial_correction="к[отор]ые">
      <sic>
       кые
      </sic>
      <corr>
       которые
      </corr>
     </choice>
     я испытывал, читая вашу записку.
    </p>
    <p id="81b29e61-ceb5-45eb-9a41-fd85b78b363c">
     До свиданья, дружески жму руку.
    </p>
    <p id="f5fcd797-ece1-4629-90b9-24486ef420a7" rend="right">
     <name placement="text" ref="13883" type="person">
      Лев Толстой
     </name>
     .
    </p>
    <p id="a47d9aaf-fe6d-4126-a81d-2cda097bab5f">
     3 мая 1908.
    </p>
    <noteGrp type="comments">
     <lb/>
     <note index="false" type="comments">
      <p id="77f2a34b-164c-40a5-b575-2ee63c0b9b94" rend="Textpetit_otstup left">
       Впервые опубликовано в ТП,
       <hi>
        2,
       </hi>
       стр. 57—58.
      </p>
     </note>
    </noteGrp>
   </div>
  </body>
 </text>
</TEI>
