<?xml version="1.0" encoding="utf-8"?>
<TEI xmlns="http://www.tei-c.org/ns/1.0" xmlns:xi="http://www.w3.org/2001/XInclude">
 <teiHeader>
  <fileDesc>
   <titleStmt>
    <title xml:id="v78_183_Egorovu">
     Письма и документы. Tolstoy Digital
    </title>
    <title type="main">
     Письмо Егорову от 22 июня 1908 г.
    </title>
    <title type="bibl">
     Толстой Л. Н. Письмо Егорову, 22 июня 1908 г. // Толстой Л. Н. Полное собрание сочинений: в 90 тт. Т. 78. М.: Гос. изд. «Художественная литература», 1956. С.
    </title>
    <respStmt>
     <resp>
      Идея, постановка задач, руководство:
     </resp>
     <name>
      Анастасия Бонч-Осмоловская, Фёкла Толстая, Борис Орехов, Тимофей Лукашевский
     </name>
    </respStmt>
    <respStmt>
     <resp>
      Подготовка TEI/XML:
     </resp>
     <name>
      Евгений Можаев, Даниил Скоринкин, Ирина Павлова, Матвей Колбасов, Елена Сидорова, Кирилл Милинцевич, Лев Буланов, Макар Федоров, Константин Петров
     </name>
    </respStmt>
    <respStmt>
     <resp>
      Подготовка метаданных:
     </resp>
     <name>
      Мария Картышева, Вероника Файнберг
     </name>
    </respStmt>
    <respStmt>
     <resp>
      Разметка имен собственных:
     </resp>
     <name>
      Никита Северин, Елена Северина
     </name>
    </respStmt>
    <respStmt>
     <resp>
      Исправление древнегреческого текста:
     </resp>
     <name>
      Ольга Алиева
     </name>
    </respStmt>
    <funder>
     Проект «Слово Толстого»
    </funder>
   </titleStmt>
   <publicationStmt>
    <publisher>
     <orgName>
      Tolstoy Digital, DH CLOUD, Научно-образовательный союз «Родное Слово» проект «Слово Толстого»
     </orgName>
    </publisher>
    <availability>
     <p id="50afb407-c890-4a04-9ab9-2eccfb74d053">
      Тексты и метатекстовая разметка доступны для свободного использования и распространения по лицензии Creative Commons Attribution Share-Alike (cc by-sa)
     </p>
    </availability>
    <date from="2015" to="2022"/>
   </publicationStmt>
   <notesStmt>
    <note>
     Публикуемые документы был получены с сайта tolstoy.ru в формате html, переведены в формат TEI. Исправлены некоторые ошибки распознавания. Тексты, написанные в дореформенной орфографии, сопоставлены с их версиями в современной орфографии.
    </note>
   </notesStmt>
   <sourceDesc>
    <biblStruct>
     <analytic>
      <author>
       Толстой Лев Николаевич
      </author>
     </analytic>
     <monogr>
      <title level="m">
       Полное собрание сочинений. Том 78
      </title>
      <imprint>
       <pubPlace>
        Москва
       </pubPlace>
       <publisher>
        Государственное издательство «Художественная литература»
       </publisher>
       <date when="1956"/>
      </imprint>
      <biblScope unit="vol">
       78
      </biblScope>
      <biblScope unit="page">
       168-168
      </biblScope>
     </monogr>
     <series>
      <title level="s">
       Л. Н. Толстой. Полное собрание сочинений: в 90 тт.
      </title>
     </series>
    </biblStruct>
    <bibl>
     Публикуется впервые
    </bibl>
   </sourceDesc>
  </fileDesc>
  <encodingDesc>
   <classDecl>
    <xi:include href="../../reference/taxonomy.xml"/>
   </classDecl>
  </encodingDesc>
  <profileDesc>
   <correspDesc>
    <correspAction type="sending">
     <persName ref="13883">
      Л. Н. Толстой
     </persName>
     <placeName>
      Ясная Поляна
     </placeName>
     <date when="1908-06-22"/>
    </correspAction>
    <correspAction type="receiving">
     <persName ref="4832">
      Егоров (крестьянин)
     </persName>
    </correspAction>
   </correspDesc>
   <langUsage>
    <language ident="ru"/>
   </langUsage>
   <textClass>
    <catRef ana="#tolstoy_heritage" target="library"/>
    <catRef ana="#letters" target="type"/>
    <catRef ana="#sent" target="sent"/>
   </textClass>
  </profileDesc>
 </teiHeader>
 <xenoData>
  <number type="in a volume">
   183
  </number>
 </xenoData>
 <text xml:id="Egorovu_183" xmlns="http://www.tei-c.org/ns/1.0" xmlns:xi="http://www.w3.org/2001/XInclude">
  <body>
   <div>
    <pb n="168"/>
    <opener index="false">
     *183.
     <name placement="text" ref="4832" type="person">
      Егорову
     </name>
     .1908 г. Июня 22. Я. П.
    </opener>
    <p id="1ce4af2b-ab79-4321-81b3-900b0fd8fbdf">
     Очень сожалею о вашем тяжелом положении и, чтобы помочь ему, посылаю вам два письма: одно к Сытину,
     <ref target="#note1">
      1
     </ref>
     <note index="false" resp="volume_editor" xml:id="note1">
      Текст письма Толстого к И. Д. Сытину неизвестен.
     </note>
     а другое к Горбунову.
     <ref target="#note2">
      2
     </ref>
     <note index="false" resp="volume_editor" xml:id="note2">
      <ref target="file:///Volume_78_I.I.Gorbunovu-Posadovu_184.xml">
       См. письмо № 184
      </ref>
      .
     </note>
     Рад буду узнать, если это поможет вам. Желаю вам всего лучшего. Пишите мне.
    </p>
    <p id="4e3360b0-c253-4596-9260-173400220d02" rend="right rightindent">
     Любящий вас
    </p>
    <p id="cb2246dd-cc1a-4b1b-88d4-b48458887e35" rend="right">
     <name placement="text" ref="13883" type="person">
      Лев Толстой
     </name>
     .
    </p>
    <p id="3e799f2f-f5b6-40ad-842b-dcf752bddf60">
     22 июня 1908.
    </p>
    <p id="62937900-2ffa-41fa-a72d-6434061cd123">
     Ясная Поляна.
    </p>
    <noteGrp type="comments">
     <note index="false" type="comments">
      <p id="39277d66-ccd9-4fa6-932a-510ebbc59f50" rend="Textpetit_otstup left">
       Печатается по копировальной книге № 8, л. 244, куда вклеен дубликат подлинника, написанного на машинке (в дубликате собственноручные дата и подпись воспроизведены рукой H. Н. Гусева).
      </p>
     </note>
     <note index="false" type="comments">
      <p id="ff5e6f42-579d-4ddc-85a9-b6d94599e913" rend="petit">
       Письмо крестьянина Егорова к Толстому в архиве не сохранилось. Оно было направлено И. И. Горбунову-Посадову. Дополнительных сведений редакция не имеет.
      </p>
     </note>
    </noteGrp>
   </div>
  </body>
 </text>
</TEI>
