<?xml version="1.0" encoding="utf-8"?>
<TEI xmlns="http://www.tei-c.org/ns/1.0" xmlns:xi="http://www.w3.org/2001/XInclude">
 <teiHeader>
  <fileDesc>
   <titleStmt>
    <title xml:id="v78_264_Licamiuchrezhdeniyamprislavshimpozdravleni">
     Письма и документы. Tolstoy Digital
    </title>
    <title type="main">
     Письмо Лицам и учреждениям, приславшим поздравления ко дню восьмидесятилетия от 5 октября 1908 г.
    </title>
    <title type="bibl">
     Толстой Л. Н. Письмо лицам и учреждениям, приславшим поздравления ко дню восьмидесятилетия, 5 октября 1908 г. // Толстой Л. Н. Полное собрание сочинений: в 90 тт. Т. 78. М.: Гос. изд. «Художественная литература», 1956. С.
    </title>
    <respStmt>
     <resp>
      Идея, постановка задач, руководство:
     </resp>
     <name>
      Анастасия Бонч-Осмоловская, Фёкла Толстая, Борис Орехов, Тимофей Лукашевский
     </name>
    </respStmt>
    <respStmt>
     <resp>
      Подготовка TEI/XML:
     </resp>
     <name>
      Евгений Можаев, Даниил Скоринкин, Ирина Павлова, Матвей Колбасов, Елена Сидорова, Кирилл Милинцевич, Лев Буланов, Макар Федоров, Константин Петров
     </name>
    </respStmt>
    <respStmt>
     <resp>
      Подготовка метаданных:
     </resp>
     <name>
      Мария Картышева, Вероника Файнберг
     </name>
    </respStmt>
    <respStmt>
     <resp>
      Разметка имен собственных:
     </resp>
     <name>
      Никита Северин, Елена Северина
     </name>
    </respStmt>
    <respStmt>
     <resp>
      Исправление древнегреческого текста:
     </resp>
     <name>
      Ольга Алиева
     </name>
    </respStmt>
    <funder>
     Проект «Слово Толстого»
    </funder>
   </titleStmt>
   <publicationStmt>
    <publisher>
     <orgName>
      Tolstoy Digital, DH CLOUD, Научно-образовательный союз «Родное Слово» проект «Слово Толстого»
     </orgName>
    </publisher>
    <availability>
     <p id="475aec36-4b54-4193-80a2-9d01e5e68d56">
      Тексты и метатекстовая разметка доступны для свободного использования и распространения по лицензии Creative Commons Attribution Share-Alike (cc by-sa)
     </p>
    </availability>
    <date from="2015" to="2022"/>
   </publicationStmt>
   <notesStmt>
    <note>
     Публикуемые документы был получены с сайта tolstoy.ru в формате html, переведены в формат TEI. Исправлены некоторые ошибки распознавания. Тексты, написанные в дореформенной орфографии, сопоставлены с их версиями в современной орфографии.
    </note>
   </notesStmt>
   <sourceDesc>
    <biblStruct>
     <analytic>
      <author>
       Толстой Лев Николаевич
      </author>
     </analytic>
     <monogr>
      <title level="m">
       Полное собрание сочинений. Том 78
      </title>
      <imprint>
       <pubPlace>
        Москва
       </pubPlace>
       <publisher>
        Государственное издательство «Художественная литература»
       </publisher>
       <date when="1956"/>
      </imprint>
      <biblScope unit="vol">
       78
      </biblScope>
      <biblScope unit="page">
       239-243
      </biblScope>
     </monogr>
     <series>
      <title level="s">
       Л. Н. Толстой. Полное собрание сочинений: в 90 тт.
      </title>
     </series>
    </biblStruct>
    <bibl/>
   </sourceDesc>
  </fileDesc>
  <encodingDesc>
   <classDecl>
    <xi:include href="../../reference/taxonomy.xml"/>
   </classDecl>
  </encodingDesc>
  <profileDesc>
   <correspDesc>
    <correspAction type="sending">
     <persName ref="13883">
      Л. Н. Толстой
     </persName>
     <placeName>
      Ясная Поляна
     </placeName>
     <date when="1908-10-05"/>
    </correspAction>
    <correspAction type="receiving">
     <persName/>
    </correspAction>
   </correspDesc>
   <langUsage>
    <language ident="ru"/>
   </langUsage>
   <textClass>
    <catRef ana="#tolstoy_heritage" target="library"/>
    <catRef ana="#letters" target="type"/>
    <catRef ana="#sent" target="sent"/>
   </textClass>
  </profileDesc>
 </teiHeader>
 <xenoData>
  <number type="in a volume">
   264
  </number>
 </xenoData>
 <text xml:id="Licamiuchrezhdeniyamprislavshimpozdravleniyakodnyuvosmidesyatiletiya_264" xmlns="http://www.tei-c.org/ns/1.0" xmlns:xi="http://www.w3.org/2001/XInclude">
  <body>
   <div>
    <pb n="239"/>
    <opener index="false">
     264. Лицам и учреждениям, приславшим поздравления ко дню восьмидесятилетия.1908 г. Октября 5. Я. П.
    </opener>
    <p id="7ba0c17a-165e-4003-9776-96d7683e8bd5">
     Когда я, еще несколько месяцев назад, услыхал о намерениях моих друзей праздновать мое восьмидесятилетие, я печатно заявил о том, что очень бы желал, чтобы ничего этого не делали. Я надеялся, что мое заявление будет принято во внимание и никакого празднования не будет.
    </p>
    <p id="6a482e1e-0fb4-4dc2-af60-378757485316">
     Но случилось то, чего я никак не ожидал, а именно: начиная с последних дней августа и до настоящего дня я получил и продолжаю получать с самых разных сторон такие лестные для меня приветствия, что чувствую необходимость выразить мою искреннюю благодарность всем тем лицам и учреждениям, которые так доброжелательно и ласково отнеслись ко мне.
    </p>
    <p id="fc57d780-7cb1-46af-8d79-104168605a24">
     Благодарю все университеты, городские думы, земские управы, различные учебные заведения, общества, союзы, группы лиц, клубы, товарищества, редакции газет и журналов, приславшие мне адреса и приветствия. Благодарю также всех
     <hi style="opdelimiter">
      моих
     </hi>
     <pb n="240"/>
     <hi style="npdelimiter">
      друзей
     </hi>
     и знакомых, как в России, так и за границей, вспомнивших меня в этот день. Благодарю всех незнакомых мне людей, самых разнообразных общественных положений вплоть до заключенных в тюрьмах и каторгах, одинаково дружелюбно приветствовавших меня. Благодарю юношей, девушек и детей, приедавших мне свои поздравления. Благодарю и лиц духовного звания, — хотя и очень немногих, но приветствия которых тем более дороги для меня, — за их добрые пожелания.
     <ref target="#note1">
      1
     </ref>
     <note index="false" resp="volume_editor" xml:id="note1">
      Возле этих мест пометы H. Н. Гусева, писавшего под диктовку: «Плачет».
     </note>
     Благодарю также тех лиц, которые вместе с поздравлениями прислали мне тронувшие меня подарки.
    </p>
    <p id="12165143-b4cf-4ae2-95af-567df223e9b5">
     Сердечно благодарю всех приветствовавших меня, и в особенности тех из них, которые (большинство обращавшихся ко мне) совершенно неожиданно для меня и к великой моей радости выражали в своих обращениях ко мне свое полное согласно не со мною, а с теми вечными истинами, которые я старался, как умел, выражать в моих писаниях. Среди этих лиц, что было мне особенно приятно, было больше всего крестьян и рабочих.
    </p>
    <p id="74bbb505-26cd-4e8d-949f-300e842ae593">
     Извиняясь в том, что не имею возможности отвечать отдельно каждому учреждению и лицу, прошу принять это мое заявление как выражение моей искренней благодарности всем лицам, выразившим мне в эти дни свои добрые чувства, за доставленную ими мне радость.
    </p>
    <p id="d33dc44b-f8ee-4466-ac6e-7c8ae29d8339" rend="right">
     <name placement="text" ref="13883" type="person">
      Лев Толстой
     </name>
     .
    </p>
    <p id="e8cd28e6-ce1f-43d3-b5ba-2a497ffcf7c4">
     5 октября
    </p>
    <p id="81c544e2-a60a-41cf-8f62-cf2c9e59a567">
     1908 года.
    </p>
    <lb/>
    <p id="abf5e756-595a-4c26-acc6-b0e0a6902726" rend="subtitle centerline left">
     <hi>
      Черновое.
     </hi>
    </p>
    <p id="a0869ff0-89bc-4ecb-9bee-4632e44bfd06" rend="Data">
     <hi>
      1908 г. Сентября 8. Я. П.
     </hi>
    </p>
    <p id="6e082ef2-9277-4692-aea6-a3b3efc49341">
     Когда я еще слышал о намерениях некоторых людей праздновать мое 80-тилетие, я просил о том, чтобы этого не делали. Как мне ни неловко в моем положении теперь говорить это, так как слова мои могут легко быть отнесены к притворству скромности, я просил, главное, потому, что не чувствовал в себе заслуг, соотвествующих тем намерениям хвалить меня, о приготовлениях к которым я слышал. Совершенно искренно могу сказать, что всё это последнее время я надеялся, что поймут то, что и есть истина, что я не только не заслуживаю
     <hi style="opdelimiter">
      каких-либо
     </hi>
     <pb n="241"/>
     <hi style="npdelimiter">
      особенных
     </hi>
     похвал, но представляю из себя одного из самых обыкновенных людей, бесполезно и дурно прожившего большую часть своей жизни, кое-как опомнившегося под старость,
     <ref target="#note2">
      2
     </ref>
     <note index="false" resp="volume_editor" xml:id="note2">
      Официанты петербургского театра-сада «Фарс» прислали самовар с выгравированными надписями и 66-ю подписями (хранится в ГМТ). В своем адресе официанты писали, что Толстой помог им из «человеков» стать людьми.
     </note>
     увидевшего свои ошибки и более или менее правдиво и понятно рассказавшего про них, поймут, что желание какого-то особенного восхваления меня есть только недоразумение. Но как бы то ни было,
     <ref target="#note3">
      3
     </ref>
     <note index="false" resp="volume_editor" xml:id="note3">
      Официанты петербургского театра-сада «Фарс» прислали самовар с выгравированными надписями и 66-ю подписями (хранится в ГМТ). В своем адресе официанты писали, что Толстой помог им из «человеков» стать людьми.
     </note>
     случилось обратное, и в эти последние дни, около 28 августа, я получил такое количество всякого рода выражений сочувствия, которого никак не ожидал, и — опять повторяю — совершенно искренно убежден, что не заслуживаю. Выражения этих чувств доставили мне одну из величайших радостей, испытанных мною в жизни. И потому считаю себя нравственно обязанным выразить хоть в малой степени, как сумею, мою благодарность всем тем людям, которые доставили мне эту радость.
    </p>
    <p id="32b3fccf-0b82-4560-8331-6ad6dab34ca6">
     Заявлений этих, самых разнообразных, с самых разных сторон, было очень много, и все они мне были — мало сказать: приятны, но дороги и радостны. Тут были выражения сочувствия от старых прежних товарищей моих по литературе, от всех друзей и знакомых, с которыми сводила меня судьба в продолжение моей длинной жизни; были, хотя и в очень малом количестве, но тем особенно дорогие мне выражения добрых чувств от духовных лиц; были от совершенно противоположных этим письма и обращения от заключенных в тюрьмах и каторге; были все-таки и самые дорогие мне, и самые многочисленные выражения сочувствия от крестьян и рабочих. Письма эти мне были особенно дороги и потому, что исходили от самого многочисленного и значительного по своей жизни, деятельности и духовному складу сословия людей; дороги особенно потому, что выражали не только сочувствие, но полное единство
     <ref target="#note4">
      4
     </ref>
     <note index="false" resp="volume_editor" xml:id="note4">
      Официанты петербургского театра-сада «Фарс» прислали самовар с выгравированными надписями и 66-ю подписями (хранится в ГМТ). В своем адресе официанты писали, что Толстой помог им из «человеков» стать людьми.
     </note>
     с моими религиозными убеждениями, происходящее не от случайного согласия со мной, но от очевидно одинакового стремления к познанию той единой религиозной истины, которая свойственна нашему времени и особенно близка, как я думаю, русскому народу.
    </p>
    <p id="d4432532-2987-4d8a-b8c8-bfbbd6f21660">
     Письма эти были самые разнообразные, с самых разных концов России, и все, очевидно, имели целью только одно: выражение согласия — не со мною, а с теми истинами, которые мною кое-как были намечены и выражены. Это была для меня большая радость, за которую я выражаю свою благодарность
     <hi style="opdelimiter">
      —
     </hi>
     <pb n="242"/>
     <hi style="npdelimiter">
      не
     </hi>
     ту благодарность, которую из учтивости и приличия выражают в подобных случаях, но ту истинную благодарность, которую я не могу не чувствовать, за ту неожиданную и незаслуженную радость, которую я испытал в эти дни.
    </p>
    <p id="682dc726-b220-4d96-afbb-bfce3ccb60d3">
     Благодарю и всех тех, которые писали мне, и тех милых людей, которые своими подарками, как петербургские официанты,
     <hi>
      3
     </hi>
     приславшие мне в подарок прекрасный самовар с надписями, и рабочие и некоторые другие, которые меня особенно тронули.
    </p>
    <p id="f3552052-4166-41bf-bb53-3402df338e24">
     Прошу простить меня за то, что я, несмотря на то, что очень желал бы этого, не могу отвечать отдельно многим и многим из обращавшихся ко мне, и прошу их принять мою искреннюю благодарность.
    </p>
    <noteGrp type="comments">
     <note index="false" type="comments">
      <p id="6b54d61b-8ca1-4cc7-8580-2f631cc14f02" rend="Textpetit_otstup left">
       Перепечатывается с типографски отпечатанного экземпляра. Опубликовало 8 октября 1908 г. во многих газетах. Отдельно отпечатанные экземпляры письма рассылались некоторым лицам и учреждениям. Первая редакция, продиктованная H. Н. Гусеву, перепечатывается из Г, 1, стр. 193, где впервые опубликована (датируется по этой публикации). Письмо несколько раз переделывалось (главным образом, стилистические изменения). В ГМТ хранятся пять черновиков, написанных на машинке и собственноручно исправленных; несколько вставок сделано рукой В. Г. Черткова. Два черновика датированы: 12 сентября и 17 сентября 1908 г. Текст последнего почти полностью совпадает с текстом подлинника. Хотя после заявления Толстого об его отрицательном отношении к подготовительным работам по ознаменованию 80-летия со дня его рождения, официальное чествование было отменено (
       <ref target="file:///Volume_78_M.A.Staxovichu_60.xml">
        см. письмо № 60
       </ref>
       ), однако количество полученных в юбилейные дни приветствии было огромно. 28 августа в Ясной Поляне никаких депутаций и посторонних лиц, зa исключением нескольких корреспондентов и фотографов, не было. В доме были только семейные и близкие друзья. Толстой, едва оправившийся от болезни, не выходил из дома и все время провел в кресле. Работал, как обычно. В этот день было получено шестьсот телеграмм и около ста писем. К 5 сентября было получено, несколько сот писем и две тысячи телеграмм, подписанных пятьюдесятью тысячами человек. Было много писем и телеграмм из-за границы, в том числе адрес английских писателей, подписанный
       <name placement="comments" ref="15739" type="person">
        Бернардом Шоу
       </name>
       ,
       <name placement="comments" ref="6186" type="person">
        Эдуардом Карпентером
       </name>
       ,
       <name placement="comments" ref="8815" type="person">
        Джорджем Мередитом
       </name>
       и др., приветствие от Киплинга, Гауптмана и мн. др. И. И. Горбунов-Посадов и А. М. Хирьяков опубликовали сводки приветствий с пространными выдержками. См. «Речь» 1908, № 211; «Русские ведомости» и «Русское слово» 1908, «№№ 200 и 202; «Новая Русь» 1908, № 15. См. также т. 56, записи от 21 и 26 августа; Г, 1, стр. 188—195; А. Б. Гольденвейзер, «Вблизи Толстого», I, М. 1922, стр. 238—240, и П. И. Бирюков, «Биография
       <name placement="comments" ref="13883" type="person">
        Льва Николаевича Толстого
       </name>
       », 4, М. — П. 1923, стр. 153—166. Библиографию см. в «Списке книг, статей, портретов и т. п., вышедших по случаю юбилея
       <name placement="comments" ref="13883" type="person">
        Л. Н. Толстого
       </name>
       в 1908 г, изд. Главного управления по делам печати, Спб., без ук.
       <hi style="opdelimiter">
        года.
       </hi>
      </p>
     </note>
     <note index="false" type="comments">
      <p id="2670d15c-92de-460f-921e-01891603e4e3" rend="Textpetit_otstup left">
       <pb n="243"/>
       <hi>
        <hi style="npdelimiter">
         1
        </hi>
       </hi>
       См. Б, 4, стр. 165.
      </p>
     </note>
    </noteGrp>
   </div>
  </body>
 </text>
</TEI>
