<?xml version="1.0" encoding="utf-8"?>
<TEI xmlns="http://www.tei-c.org/ns/1.0" xmlns:xi="http://www.w3.org/2001/XInclude">
 <teiHeader>
  <fileDesc>
   <titleStmt>
    <title xml:id="v78_204_I_Mulchenko">
     Письма и документы. Tolstoy Digital
    </title>
    <title type="main">
     Письмо И. Х. Мульченко от 22 июля 1908 г.
    </title>
    <title type="bibl">
     Толстой Л. Н. Письмо И. Х. Мульченко, 22 июля 1908 г. // Толстой Л. Н. Полное собрание сочинений: в 90 тт. Т. 78. М.: Гос. изд. «Художественная литература», 1956. С.
    </title>
    <respStmt>
     <resp>
      Идея, постановка задач, руководство:
     </resp>
     <name>
      Анастасия Бонч-Осмоловская, Фёкла Толстая, Борис Орехов, Тимофей Лукашевский
     </name>
    </respStmt>
    <respStmt>
     <resp>
      Подготовка TEI/XML:
     </resp>
     <name>
      Евгений Можаев, Даниил Скоринкин, Ирина Павлова, Матвей Колбасов, Елена Сидорова, Кирилл Милинцевич, Лев Буланов, Макар Федоров, Константин Петров
     </name>
    </respStmt>
    <respStmt>
     <resp>
      Подготовка метаданных:
     </resp>
     <name>
      Мария Картышева, Вероника Файнберг
     </name>
    </respStmt>
    <respStmt>
     <resp>
      Разметка имен собственных:
     </resp>
     <name>
      Никита Северин, Елена Северина
     </name>
    </respStmt>
    <respStmt>
     <resp>
      Исправление древнегреческого текста:
     </resp>
     <name>
      Ольга Алиева
     </name>
    </respStmt>
    <funder>
     Проект «Слово Толстого»
    </funder>
   </titleStmt>
   <publicationStmt>
    <publisher>
     <orgName>
      Tolstoy Digital, DH CLOUD, Научно-образовательный союз «Родное Слово» проект «Слово Толстого»
     </orgName>
    </publisher>
    <availability>
     <p id="7ef83d30-fb32-4e56-b221-1a22cb4c4a37">
      Тексты и метатекстовая разметка доступны для свободного использования и распространения по лицензии Creative Commons Attribution Share-Alike (cc by-sa)
     </p>
    </availability>
    <date from="2015" to="2022"/>
   </publicationStmt>
   <notesStmt>
    <note>
     Публикуемые документы был получены с сайта tolstoy.ru в формате html, переведены в формат TEI. Исправлены некоторые ошибки распознавания. Тексты, написанные в дореформенной орфографии, сопоставлены с их версиями в современной орфографии.
    </note>
   </notesStmt>
   <sourceDesc>
    <biblStruct>
     <analytic>
      <author>
       Толстой Лев Николаевич
      </author>
     </analytic>
     <monogr>
      <title level="m">
       Полное собрание сочинений. Том 78
      </title>
      <imprint>
       <pubPlace>
        Москва
       </pubPlace>
       <publisher>
        Государственное издательство «Художественная литература»
       </publisher>
       <date when="1956"/>
      </imprint>
      <biblScope unit="vol">
       78
      </biblScope>
      <biblScope unit="page">
       185-185
      </biblScope>
     </monogr>
     <series>
      <title level="s">
       Л. Н. Толстой. Полное собрание сочинений: в 90 тт.
      </title>
     </series>
    </biblStruct>
    <bibl>
     Публикуется впервые
    </bibl>
   </sourceDesc>
  </fileDesc>
  <encodingDesc>
   <classDecl>
    <xi:include href="../../reference/taxonomy.xml"/>
   </classDecl>
  </encodingDesc>
  <profileDesc>
   <correspDesc>
    <correspAction type="sending">
     <persName ref="13883">
      Л. Н. Толстой
     </persName>
     <placeName>
      Ясная Поляна
     </placeName>
     <date when="1908-07-22"/>
    </correspAction>
    <correspAction type="receiving">
     <persName ref="9351">
      Мульченко Иван X.
     </persName>
    </correspAction>
   </correspDesc>
   <langUsage>
    <language ident="ru"/>
   </langUsage>
   <textClass>
    <catRef ana="#tolstoy_heritage" target="library"/>
    <catRef ana="#letters" target="type"/>
    <catRef ana="#sent" target="sent"/>
   </textClass>
  </profileDesc>
 </teiHeader>
 <xenoData>
  <number type="in a volume">
   204
  </number>
 </xenoData>
 <text xml:id="I.Mulchenko_204" xmlns="http://www.tei-c.org/ns/1.0" xmlns:xi="http://www.w3.org/2001/XInclude">
  <body>
   <div>
    <pb n="185"/>
    <opener index="false">
     * 204. И. Мульченко.1908 г. Июля 22. Я. П.
    </opener>
    <p id="40d08aaf-07fd-4db5-9d60-9f42f781eb78">
     Любезный брат Иван. Получил ваше длинное письмо и прочел его внимательно. Помогай вам укрепиться в доброй жизни. Советую вам одно: помнить то, что вся жизнь наша в одном деле: в том, чтобы разжигать в себе любовь к ближним, чтобы, сойдясь с человеком, думать не о себе, а о нем, как бы его или ее не огорчить, не обидеть, и, если можно, сделать ему или ей приятное и полезное, для своей души не вредное. Стоит только приучить себя полагать в этом свою жизнь. И если станешь так делать, то почуешь, как с каждым днем будет прибывать в тебе любовь. А будет в тебе увеличиваться любовь, то будешь чувствовать радость, и радость эту никто у тебя не отнимет.
    </p>
    <p id="ca2dd1e0-87d1-431e-ac4b-8534422423d6">
     Советую, любезный брат, попытаться так жить. А начнешь так жить, не захочешь никакой другой жизни. Братски приветствую тебя, брат твой
    </p>
    <p id="6260c6d7-1332-4332-b92c-544bafc3c5b4" rend="right">
     <name placement="text" ref="13883" type="person">
      Лев Толстой
     </name>
     .
    </p>
    <p id="6d115c3a-b0ff-4c1f-be4b-1be03e4d93db">
     22 июля
    </p>
    <p id="0f6a39f2-c6c6-4a8f-b3a7-02d3b2d4362e">
     1908.
    </p>
    <noteGrp type="comments">
     <note index="false" type="comments">
      <p id="c0753fee-997b-4dc8-9fc7-dc0758f36336" rend="Textpetit_otstup left">
       Печатается по копировальной книге № 8, л. 262.
      </p>
     </note>
     <note index="false" type="comments">
      <p id="58cdde98-bde8-4623-91e5-e725992b6397" rend="petit">
       Об Иване Мульченко см. т. 77, стр. 25.
      </p>
     </note>
     <note index="false" type="comments">
      <p id="89015bfb-5e03-4672-9331-b2e337bf9851" rend="petit">
       Ответ на письмо И. Мульченко, в архиве не обнаруженное.
      </p>
     </note>
    </noteGrp>
   </div>
  </body>
 </text>
</TEI>
