<?xml version="1.0" encoding="utf-8"?>
<TEI xmlns="http://www.tei-c.org/ns/1.0" xmlns:xi="http://www.w3.org/2001/XInclude">
 <teiHeader>
  <fileDesc>
   <titleStmt>
    <title xml:id="v78_193_M_M_Stasyulevichu">
     Письма и документы. Tolstoy Digital
    </title>
    <title type="main">
     Письмо М. М. Стасюлевичу от 3 июля 1908 г.
    </title>
    <title type="bibl">
     Толстой Л. Н. Письмо М. М. Стасюлевичу, 3 июля 1908 г. // Толстой Л. Н. Полное собрание сочинений: в 90 тт. Т. 78. М.: Гос. изд. «Художественная литература», 1956. С.
    </title>
    <respStmt>
     <resp>
      Идея, постановка задач, руководство:
     </resp>
     <name>
      Анастасия Бонч-Осмоловская, Фёкла Толстая, Борис Орехов, Тимофей Лукашевский
     </name>
    </respStmt>
    <respStmt>
     <resp>
      Подготовка TEI/XML:
     </resp>
     <name>
      Евгений Можаев, Даниил Скоринкин, Ирина Павлова, Матвей Колбасов, Елена Сидорова, Кирилл Милинцевич, Лев Буланов, Макар Федоров, Константин Петров
     </name>
    </respStmt>
    <respStmt>
     <resp>
      Подготовка метаданных:
     </resp>
     <name>
      Мария Картышева, Вероника Файнберг
     </name>
    </respStmt>
    <respStmt>
     <resp>
      Разметка имен собственных:
     </resp>
     <name>
      Никита Северин, Елена Северина
     </name>
    </respStmt>
    <respStmt>
     <resp>
      Исправление древнегреческого текста:
     </resp>
     <name>
      Ольга Алиева
     </name>
    </respStmt>
    <funder>
     Проект «Слово Толстого»
    </funder>
   </titleStmt>
   <publicationStmt>
    <publisher>
     <orgName>
      Tolstoy Digital, DH CLOUD, Научно-образовательный союз «Родное Слово» проект «Слово Толстого»
     </orgName>
    </publisher>
    <availability>
     <p id="4c69bbba-3f28-4343-962c-d5fd19557e43">
      Тексты и метатекстовая разметка доступны для свободного использования и распространения по лицензии Creative Commons Attribution Share-Alike (cc by-sa)
     </p>
    </availability>
    <date from="2015" to="2022"/>
   </publicationStmt>
   <notesStmt>
    <note>
     Публикуемые документы был получены с сайта tolstoy.ru в формате html, переведены в формат TEI. Исправлены некоторые ошибки распознавания. Тексты, написанные в дореформенной орфографии, сопоставлены с их версиями в современной орфографии.
    </note>
   </notesStmt>
   <sourceDesc>
    <biblStruct>
     <analytic>
      <author>
       Толстой Лев Николаевич
      </author>
     </analytic>
     <monogr>
      <title level="m">
       Полное собрание сочинений. Том 78
      </title>
      <imprint>
       <pubPlace>
        Москва
       </pubPlace>
       <publisher>
        Государственное издательство «Художественная литература»
       </publisher>
       <date when="1956"/>
      </imprint>
      <biblScope unit="vol">
       78
      </biblScope>
      <biblScope unit="page">
       175-175
      </biblScope>
     </monogr>
     <series>
      <title level="s">
       Л. Н. Толстой. Полное собрание сочинений: в 90 тт.
      </title>
     </series>
    </biblStruct>
    <bibl>
     Публикуется впервые
    </bibl>
   </sourceDesc>
  </fileDesc>
  <encodingDesc>
   <classDecl>
    <xi:include href="../../reference/taxonomy.xml"/>
   </classDecl>
  </encodingDesc>
  <profileDesc>
   <correspDesc>
    <correspAction type="sending">
     <persName ref="13883">
      Л. Н. Толстой
     </persName>
     <placeName>
      Ясная Поляна
     </placeName>
     <date when="1908-07-03"/>
    </correspAction>
    <correspAction type="receiving">
     <persName ref="13134">
      Стасюлевич Михаил Матвеевич
     </persName>
    </correspAction>
   </correspDesc>
   <langUsage>
    <language ident="ru"/>
   </langUsage>
   <textClass>
    <catRef ana="#tolstoy_heritage" target="library"/>
    <catRef ana="#letters" target="type"/>
    <catRef ana="#sent" target="sent"/>
   </textClass>
  </profileDesc>
 </teiHeader>
 <xenoData>
  <number type="in a volume">
   193
  </number>
 </xenoData>
 <text xml:id="M.M.Stasyulevichu_193" xmlns="http://www.tei-c.org/ns/1.0" xmlns:xi="http://www.w3.org/2001/XInclude">
  <body>
   <div>
    <pb n="175"/>
    <opener index="false">
     *193. М. М. Стасюлевичу.1908 г. Июля 3. Я. П.
    </opener>
    <p id="3f3ec608-27a0-43ed-9569-4a0157b07876">
     Уважаемый
     <name placement="text" ref="13134" type="person">
      Михаил Матвеевич
     </name>
     , Николай Николаич Гусев изложил по моей просьбе совершенно верно сущность дела о статье Семенова. От себя могу прибавить только то, что мне никогда в голову не могло притти посылать вам статью, уже напечатанную, и повторение того, что напечатание этой статьи в таком уважаемом журнале, как ваш, очень желательно в наше время.
    </p>
    <p id="296e5fcd-866f-46de-8960-9e31d04069ed">
     Дружески жму руку.
    </p>
    <p id="6f759767-02b9-4b69-96c2-191d4f0208bf" rend="right">
     <name placement="text" ref="13883" type="person">
      Лев Толстой
     </name>
     .
    </p>
    <p id="7ece1258-24bc-41cb-bf3a-e9b48c075e57">
     VII, 3. 1908.
    </p>
    <noteGrp type="comments">
     <note index="false" type="comments">
      <p id="ee465bc7-1461-4b3e-bc4a-a3f13bff63b1" rend="Textpetit_otstup left">
       Печатается по копировальной книге № 8, л. 248. Приписка к письму H. Н. Гусева.
      </p>
     </note>
     <note index="false" type="comments">
      <p id="64db9211-78b7-413f-bc31-95323e5b6497" rend="petit">
       Ответ на письмо М. М. Стасюлевича от 29 июня 1908 г. По поводу письма Толстого от 23 июня (см. № 186) М. М. Стасюлевич писал, что рассказ Л. Д. Семенова «Смертная казнь» может быть помещен только в августовском номере «Вестника Европы». То обстоятельство, что рассказ был прислан в гранках, дало Стасюлевичу повод думать, что произведение было уже напечатано. H. Н. Гусев уведомил М. М. Стасюлевича, что рассказ Л. Д. Семенова был набран в типографии, но опубликован нигде не был. Он сообщил, что Толстой не будет возражать, если Стасюлевич воспользуется его письмом от 23 июня как предисловием к рассказу. Рассказ Л. Д. Семенова был напечатан под названием «Смертная казнь» в «Вестнике Европы» 1908, 8. В виде предисловия напечатано письмо Толстого от 23 июня.
      </p>
     </note>
    </noteGrp>
   </div>
  </body>
 </text>
</TEI>
