<?xml version="1.0" encoding="utf-8"?>
<TEI xmlns="http://www.tei-c.org/ns/1.0" xmlns:xi="http://www.w3.org/2001/XInclude">
 <teiHeader>
  <fileDesc>
   <titleStmt>
    <title xml:id="v78_034_N_P_Petersonu">
     Письма и документы. Tolstoy Digital
    </title>
    <title type="main">
     Письмо Н. П. Петерсону с 1 февраля 1908 г. по 2 февраля 1908 г.
    </title>
    <title type="bibl">
     Толстой Л. Н. Письмо Н. П. Петерсону, 1 февраля 1908 г. — 2 февраля 1908 г. // Толстой Л. Н. Полное собрание сочинений: в 90 тт. Т. 78. М.: Гос. изд. «Художественная литература», 1956. С.
    </title>
    <respStmt>
     <resp>
      Идея, постановка задач, руководство:
     </resp>
     <name>
      Анастасия Бонч-Осмоловская, Фёкла Толстая, Борис Орехов, Тимофей Лукашевский
     </name>
    </respStmt>
    <respStmt>
     <resp>
      Подготовка TEI/XML:
     </resp>
     <name>
      Евгений Можаев, Даниил Скоринкин, Ирина Павлова, Матвей Колбасов, Елена Сидорова, Кирилл Милинцевич, Лев Буланов, Макар Федоров, Константин Петров
     </name>
    </respStmt>
    <respStmt>
     <resp>
      Подготовка метаданных:
     </resp>
     <name>
      Мария Картышева, Вероника Файнберг
     </name>
    </respStmt>
    <respStmt>
     <resp>
      Разметка имен собственных:
     </resp>
     <name>
      Никита Северин, Елена Северина
     </name>
    </respStmt>
    <respStmt>
     <resp>
      Исправление древнегреческого текста:
     </resp>
     <name>
      Ольга Алиева
     </name>
    </respStmt>
    <funder>
     Проект «Слово Толстого»
    </funder>
   </titleStmt>
   <publicationStmt>
    <publisher>
     <orgName>
      Tolstoy Digital, DH CLOUD, Научно-образовательный союз «Родное Слово» проект «Слово Толстого»
     </orgName>
    </publisher>
    <availability>
     <p id="c7df505c-c89a-468d-a47a-8fce581d997a">
      Тексты и метатекстовая разметка доступны для свободного использования и распространения по лицензии Creative Commons Attribution Share-Alike (cc by-sa)
     </p>
    </availability>
    <date from="2015" to="2022"/>
   </publicationStmt>
   <notesStmt>
    <note>
     Публикуемые документы был получены с сайта tolstoy.ru в формате html, переведены в формат TEI. Исправлены некоторые ошибки распознавания. Тексты, написанные в дореформенной орфографии, сопоставлены с их версиями в современной орфографии.
    </note>
   </notesStmt>
   <sourceDesc>
    <biblStruct>
     <analytic>
      <author>
       Толстой Лев Николаевич
      </author>
     </analytic>
     <monogr>
      <title level="m">
       Полное собрание сочинений. Том 78
      </title>
      <imprint>
       <pubPlace>
        Москва
       </pubPlace>
       <publisher>
        Государственное издательство «Художественная литература»
       </publisher>
       <date when="1956"/>
      </imprint>
      <biblScope unit="vol">
       78
      </biblScope>
      <biblScope unit="page">
       48-49
      </biblScope>
     </monogr>
     <series>
      <title level="s">
       Л. Н. Толстой. Полное собрание сочинений: в 90 тт.
      </title>
     </series>
    </biblStruct>
    <bibl/>
   </sourceDesc>
  </fileDesc>
  <encodingDesc>
   <classDecl>
    <xi:include href="../../reference/taxonomy.xml"/>
   </classDecl>
  </encodingDesc>
  <profileDesc>
   <correspDesc>
    <correspAction type="sending">
     <persName ref="13883">
      Л. Н. Толстой
     </persName>
     <placeName>
      Ясная Поляна
     </placeName>
     <date notAfter="1908-02-02" notBefore="1908-02-01"/>
    </correspAction>
    <correspAction type="receiving">
     <persName ref="10692">
      Петерсон Николай Павлович
     </persName>
    </correspAction>
   </correspDesc>
   <langUsage>
    <language ident="ru"/>
   </langUsage>
   <textClass>
    <catRef ana="#tolstoy_heritage" target="library"/>
    <catRef ana="#letters" target="type"/>
    <catRef ana="#sent" target="sent"/>
   </textClass>
  </profileDesc>
 </teiHeader>
 <xenoData>
  <number type="in a volume">
   34
  </number>
 </xenoData>
 <text xml:id="N.P.Petersonu_34" xmlns="http://www.tei-c.org/ns/1.0" xmlns:xi="http://www.w3.org/2001/XInclude">
  <body>
   <div>
    <pb n="48"/>
    <opener index="false">
     34.
     <name placement="text" ref="10692" type="person">
      Н. П. Петерсону
     </name>
     .1908 г. Февраля 1—2. Я. П.
    </opener>
    <p id="88b81c9b-84ef-411b-bc2e-cd8e9773c3f0" rend="Obrashenie">
     Милый
     <name placement="text" ref="10692" type="person">
      Николай Павлович
     </name>
     ,
    </p>
    <p id="32a545d8-c76b-44df-b6a9-847f89ed63cb">
     Если я не ошибаюсь, это вы прислали мне брошюру к 55-летию моему. Брошюра эта доставила мне только удовольствие, именно воспоминанием о вас и дорогом незабвенном
     <name placement="text" ref="14396" type="person">
      Николае Федоровиче
     </name>
     .
     <ref target="#note1">
      1
     </ref>
     <note index="false" resp="volume_editor" xml:id="note1">
      <hi>
       <hi/>
      </hi>
      О
      <name placement="note" ref="14396" type="person">
       Николае Федоровиче Федорове
      </name>
      (1824—1903), см. т. 63, стр. 83. В указанных статьях Н. П. Петерсон несколько раз ссылался на Федорова.
     </note>
     Мне только очень жаль было видеть, что вы с недобротою относитесь ко мне, тогда как я кроме самого нежного, доброго чувства не испытываю к вам, а уже не говорю к памяти именно незабвенного, замечательнейшего человека
     <name placement="text" ref="14396" type="person">
      Николая Федоровича
     </name>
     . Если я не ошибся, пожалуйста, напишите мне прямо; мне очень дорого будет общение с вами.
    </p>
    <p id="c1fb1475-f6d3-4f8a-a912-aafd2fd96b71">
     Ясная Поляна
    </p>
    <p id="b82f9da7-e794-49be-87ea-26b1c6910eb5">
     1 февр. 1908.
    </p>
    <lb/>
    <p id="27be1ed1-024b-4847-89dd-0a2f7c35d0e3">
     Очень сожалею, что не могу согласиться с тем, что вы пишете, так строго разбирая мои очень неважные, слабые легенды. Не могу согласиться потому, что теперь, стоя на пороге плотской смерти, всё больше и больше убеждаюсь в благодетельности плотской смерти и невозможности смерти того духа, которым живу, если живу им, т. е. любовью.
     <ref target="#note2">
      2
     </ref>
     <note index="false" resp="volume_editor" xml:id="note2">
      Петерсон возражал против религиозно-философского положения Толстого о смерти личности и бессмертии духа.
     </note>
     «И мы знаем, что мы перешли от смерти в жизнь, если любим братьев. Не любящий брата не имеет жизни вечной, пребывающей в нем. Любящий же брата имеет жизнь вечную, пребывающую в нем». Я не только верю в это, но всем существом испытываю истинность этого.
    </p>
    <p id="b17ef645-966f-4d0c-9fea-7add5a066400" rend="right">
     Любящий вас
     <name placement="text" ref="13883" type="person">
      Лев Толстой
     </name>
     .
    </p>
    <p id="5fa82f54-7555-4362-8287-a5aff7457330">
     2 февр. 1908.
    </p>
    <noteGrp type="comments">
     <note index="false" type="comments">
      <p id="a9df6b9d-c2a3-48ef-95cb-69f01725ef87" rend="Textpetit_otstup left">
       Первая часть письма (до первой даты) написана на машинке, вторая часть и обе даты — рукой H. Н. Гусева. Подпись собственноручная Продиктовано в фонограф. Впервые опубликовано адресатом в его статье «Моя переписка с графом
       <name placement="comments" ref="13883" type="person">
        Л. Н. Толстым
       </name>
       » — «Туркестанские епархиальные ведомости» 1909, №
       <hi style="opdelimiter">
        6.
       </hi>
      </p>
     </note>
     <note index="false" type="comments">
      <p id="3890a96c-200a-4a08-8cab-c8eb1bb96f18" rend="petit">
       <pb n="49"/>
       <hi style="npdelimiter">
        <name placement="comments" ref="10692" type="person">
         Николай
        </name>
       </hi>
       <name placement="comments" ref="10692" type="person">
        Павлович Петерсон
       </name>
       (1844—1919) — последователь своеобразного философа-идеалиста Н. Ф. Федорова. В начале 1862 г., будучи студентом, по приглашению Толстого приехал в Ясную Поляну и в течение зимы и весны 1862 г. был учителем в одной из основанных Толстым школ. Осенью переехал в Тулу и до начала 1863 г. был учителем детей С. Н. Толстого. По возвращении в Москву вновь поступил в университет. С 1904 г. был членом окружного суда в г. Верном. Встречался с Толстым в 1868— 1869 г. в Чертковской библиотеке, по поручению П. И. Бартенева держал корректуры первого издания «Войны и мира». Встретился еще с Толстым в 1878 г. в поезде; был у Толстого в Москве в 1899 г. Автор воспоминаний о Толстом: «Из записок бывшего учителя» — «Международный толстовский альманах», изд. «Книга», М. 1909, стр. 257—268; его статьи переизданы отдельной книгой под названием: «Н. Ф. Федоров и его книга “Философия общего дела” в противоположность учению
       <name placement="comments" ref="13883" type="person">
        Л. Н. Толстого
       </name>
       “о непротивлении” и другим идеям нашего времени», Верный, 1912; под его и В. А. Кожевникова редакцией изданы произведения Н.Ф. Федорова: «Философия общего дела», I, Верный, 1907; II, М. 1913. В январе 1908 г. И. П. Петерсон анонимно прислал Толстому свою брошюру (автор на указан): «Правда о великом писателе земли русской гр.
       <name placement="comments" ref="13883" type="person">
        Л.Н. Толстом
       </name>
       . К 55-летнему юбилею его литературной деятельности», Новочеркасск, 1908, и оттиск своей статьи по поводу этой брошюры (подпись: Н. П. П.), напечатанной в «Семиреченских областных ведомостях» 1908, № 3 от 8 января (перепечатано в указанном выше сборнике статей Петерсона, стр. 66—82). Статьи посвящены разбору «Сказок» («легенд») Толстого: «Ассирийский царь Ассархадон», «Три вопроса», «Труд, смерть и болезнь» (см. т. 34). Петерсон писал в этих статьях, что легенды Толстого «в сущности величайший вздор» и что приходится говорить о них только потому, что она принадлежат перу Толстого. Возражал против религиозных взглядов Толстого, несостоятельность которых подтверждается несостоятельностью «секты толстовцев».
      </p>
     </note>
    </noteGrp>
   </div>
  </body>
 </text>
</TEI>
