<?xml version="1.0" encoding="utf-8"?>
<TEI xmlns="http://www.tei-c.org/ns/1.0" xmlns:xi="http://www.w3.org/2001/XInclude">
 <teiHeader>
  <fileDesc>
   <titleStmt>
    <title xml:id="v78_083_M_VejsenbergerM_Weissenberger">
     Письма и документы. Tolstoy Digital
    </title>
    <title type="main">
     Письмо M. Вейсенбергер (M. Weissenberger) от 16 марта 1908 г.
    </title>
    <title type="bibl">
     Толстой Л. Н. Письмо M. Вейсенбергер (M. Weissenberger), 16 марта 1908 г. // Толстой Л. Н. Полное собрание сочинений: в 90 тт. Т. 78. М.: Гос. изд. «Художественная литература», 1956. С.
    </title>
    <respStmt>
     <resp>
      Идея, постановка задач, руководство:
     </resp>
     <name>
      Анастасия Бонч-Осмоловская, Фёкла Толстая, Борис Орехов, Тимофей Лукашевский
     </name>
    </respStmt>
    <respStmt>
     <resp>
      Подготовка TEI/XML:
     </resp>
     <name>
      Евгений Можаев, Даниил Скоринкин, Ирина Павлова, Матвей Колбасов, Елена Сидорова, Кирилл Милинцевич, Лев Буланов, Макар Федоров, Константин Петров
     </name>
    </respStmt>
    <respStmt>
     <resp>
      Подготовка метаданных:
     </resp>
     <name>
      Мария Картышева, Вероника Файнберг
     </name>
    </respStmt>
    <respStmt>
     <resp>
      Разметка имен собственных:
     </resp>
     <name>
      Никита Северин, Елена Северина
     </name>
    </respStmt>
    <respStmt>
     <resp>
      Исправление древнегреческого текста:
     </resp>
     <name>
      Ольга Алиева
     </name>
    </respStmt>
    <funder>
     Проект «Слово Толстого»
    </funder>
   </titleStmt>
   <publicationStmt>
    <publisher>
     <orgName>
      Tolstoy Digital, DH CLOUD, Научно-образовательный союз «Родное Слово» проект «Слово Толстого»
     </orgName>
    </publisher>
    <availability>
     <p id="d7c4b911-0f88-44cb-8248-8aae63b90495">
      Тексты и метатекстовая разметка доступны для свободного использования и распространения по лицензии Creative Commons Attribution Share-Alike (cc by-sa)
     </p>
    </availability>
    <date from="2015" to="2022"/>
   </publicationStmt>
   <notesStmt>
    <note>
     Публикуемые документы был получены с сайта tolstoy.ru в формате html, переведены в формат TEI. Исправлены некоторые ошибки распознавания. Тексты, написанные в дореформенной орфографии, сопоставлены с их версиями в современной орфографии.
    </note>
   </notesStmt>
   <sourceDesc>
    <biblStruct>
     <analytic>
      <author>
       Толстой Лев Николаевич
      </author>
     </analytic>
     <monogr>
      <title level="m">
       Полное собрание сочинений. Том 78
      </title>
      <imprint>
       <pubPlace>
        Москва
       </pubPlace>
       <publisher>
        Государственное издательство «Художественная литература»
       </publisher>
       <date when="1956"/>
      </imprint>
      <biblScope unit="vol">
       78
      </biblScope>
      <biblScope unit="page">
       91-91
      </biblScope>
     </monogr>
     <series>
      <title level="s">
       Л. Н. Толстой. Полное собрание сочинений: в 90 тт.
      </title>
     </series>
    </biblStruct>
    <bibl>
     Публикуется впервые
    </bibl>
   </sourceDesc>
  </fileDesc>
  <encodingDesc>
   <classDecl>
    <xi:include href="../../reference/taxonomy.xml"/>
   </classDecl>
  </encodingDesc>
  <profileDesc>
   <correspDesc>
    <correspAction type="sending">
     <persName ref="13883">
      Л. Н. Толстой
     </persName>
     <placeName>
      Ясная Поляна
     </placeName>
     <date when="1908-03-16"/>
    </correspAction>
    <correspAction type="receiving">
     <persName ref="2376">
      Вейсенбергер Мария
     </persName>
    </correspAction>
   </correspDesc>
   <langUsage>
    <language ident="ru"/>
   </langUsage>
   <textClass>
    <catRef ana="#tolstoy_heritage" target="library"/>
    <catRef ana="#letters" target="type"/>
    <catRef ana="#sent" target="sent"/>
   </textClass>
  </profileDesc>
 </teiHeader>
 <xenoData>
  <number type="in a volume">
   83
  </number>
 </xenoData>
 <text xml:id="M.VejsenbergerM.Weissenberger_83" xmlns="http://www.tei-c.org/ns/1.0" xmlns:xi="http://www.w3.org/2001/XInclude">
  <body>
   <div>
    <pb n="91"/>
    <opener index="false">
     * 83.
     <name placement="text" ref="2376" type="person">
      М. Вейсенбергер
     </name>
     (М. Weissenberger).1908г. Марта 16/29. Я. П.
    </opener>
    <p id="085a74d8-6990-4225-9057-3499cb8efec9">
     Es war mir sehr angenehm Ihren Brief zu bekommen. Ich danke Ihnen für die in Ihren Versen geausserten Gefühle.
    </p>
    <p id="a147b526-a679-4531-99e5-654f178feede" rend="right">
     Leo Tolstoy.
    </p>
    <p id="da7c8961-1b69-49f2-b760-b71e1c2b9b77">
     29/16 März 1908.
    </p>
    <noteGrp type="comments">
     <note index="false" type="comments">
      <p id="4076d734-5ea6-41b9-916f-1ba7c0b0d256" rend="Textpetit_otstup left">
       Мне было очень приятно получить ваше письмо. Благодарю вас за выраженные в ваших стихотворениях чувства.
      </p>
     </note>
     <note index="false" type="comments">
      <p id="1d588174-a2f0-471b-825d-4a8482db0e3d" rend="petit right">
       <name placement="comments" ref="13883" type="person">
        Лев Толстой
       </name>
       .
      </p>
     </note>
     <note index="false" type="comments">
      <p id="a60b54a0-45db-48eb-8a3a-7271a3168489" rend="petit">
       29/16 марта 1908.
      </p>
     </note>
     <note index="false" type="comments">
      <p id="dc8f44e3-96f2-4f85-b6e7-07a6be5110c2" rend="Textpetit_otstup left">
       Печатается по копировальной книге № 8, л. 153, куда вклеена рукописная копия Д. П. Маковицкого.
      </p>
     </note>
     <note index="false" type="comments">
      <p id="52197085-a97e-4651-9f0d-b5e06a9db3b3" rend="petit">
       В письме от 23 марта н. ст. 1908 г. и в приложенном к нему стихотворении
       <name placement="comments" ref="2376" type="person">
        Мария Вейсенбергер
       </name>
       выражала радость по поводу выздоровления Толстого. Комментируемое письмо адресовано в Вену.
      </p>
     </note>
    </noteGrp>
   </div>
  </body>
 </text>
</TEI>
