<?xml version="1.0" encoding="utf-8"?>
<TEI xmlns="http://www.tei-c.org/ns/1.0" xmlns:xi="http://www.w3.org/2001/XInclude">
 <teiHeader>
  <fileDesc>
   <titleStmt>
    <title xml:id="v78_256_V_A_Molochnikovu">
     Письма и документы. Tolstoy Digital
    </title>
    <title type="main">
     Письмо В. А. Молочникову от 18 сентября 1908 г.
    </title>
    <title type="bibl">
     Толстой Л. Н. Письмо В. А. Молочникову, 18 сентября 1908 г. // Толстой Л. Н. Полное собрание сочинений: в 90 тт. Т. 78. М.: Гос. изд. «Художественная литература», 1956. С.
    </title>
    <respStmt>
     <resp>
      Идея, постановка задач, руководство:
     </resp>
     <name>
      Анастасия Бонч-Осмоловская, Фёкла Толстая, Борис Орехов, Тимофей Лукашевский
     </name>
    </respStmt>
    <respStmt>
     <resp>
      Подготовка TEI/XML:
     </resp>
     <name>
      Евгений Можаев, Даниил Скоринкин, Ирина Павлова, Матвей Колбасов, Елена Сидорова, Кирилл Милинцевич, Лев Буланов, Макар Федоров, Константин Петров
     </name>
    </respStmt>
    <respStmt>
     <resp>
      Подготовка метаданных:
     </resp>
     <name>
      Мария Картышева, Вероника Файнберг
     </name>
    </respStmt>
    <respStmt>
     <resp>
      Разметка имен собственных:
     </resp>
     <name>
      Никита Северин, Елена Северина
     </name>
    </respStmt>
    <respStmt>
     <resp>
      Исправление древнегреческого текста:
     </resp>
     <name>
      Ольга Алиева
     </name>
    </respStmt>
    <funder>
     Проект «Слово Толстого»
    </funder>
   </titleStmt>
   <publicationStmt>
    <publisher>
     <orgName>
      Tolstoy Digital, DH CLOUD, Научно-образовательный союз «Родное Слово» проект «Слово Толстого»
     </orgName>
    </publisher>
    <availability>
     <p id="4453b413-3bef-4e6d-9115-5f68f0f0e354">
      Тексты и метатекстовая разметка доступны для свободного использования и распространения по лицензии Creative Commons Attribution Share-Alike (cc by-sa)
     </p>
    </availability>
    <date from="2015" to="2022"/>
   </publicationStmt>
   <notesStmt>
    <note>
     Публикуемые документы был получены с сайта tolstoy.ru в формате html, переведены в формат TEI. Исправлены некоторые ошибки распознавания. Тексты, написанные в дореформенной орфографии, сопоставлены с их версиями в современной орфографии.
    </note>
   </notesStmt>
   <sourceDesc>
    <biblStruct>
     <analytic>
      <author>
       Толстой Лев Николаевич
      </author>
     </analytic>
     <monogr>
      <title level="m">
       Полное собрание сочинений. Том 78
      </title>
      <imprint>
       <pubPlace>
        Москва
       </pubPlace>
       <publisher>
        Государственное издательство «Художественная литература»
       </publisher>
       <date when="1956"/>
      </imprint>
      <biblScope unit="vol">
       78
      </biblScope>
      <biblScope unit="page">
       232-233
      </biblScope>
     </monogr>
     <series>
      <title level="s">
       Л. Н. Толстой. Полное собрание сочинений: в 90 тт.
      </title>
     </series>
    </biblStruct>
    <bibl/>
   </sourceDesc>
  </fileDesc>
  <encodingDesc>
   <classDecl>
    <xi:include href="../../reference/taxonomy.xml"/>
   </classDecl>
  </encodingDesc>
  <profileDesc>
   <correspDesc>
    <correspAction type="sending">
     <persName ref="13883">
      Л. Н. Толстой
     </persName>
     <placeName>
      Ясная Поляна
     </placeName>
     <date when="1908-09-18"/>
    </correspAction>
    <correspAction type="receiving">
     <persName ref="9170">
      Молочников Владимир Айфалович
     </persName>
    </correspAction>
   </correspDesc>
   <langUsage>
    <language ident="ru"/>
   </langUsage>
   <textClass>
    <catRef ana="#tolstoy_heritage" target="library"/>
    <catRef ana="#letters" target="type"/>
    <catRef ana="#sent" target="sent"/>
   </textClass>
  </profileDesc>
 </teiHeader>
 <xenoData>
  <number type="in a volume">
   256
  </number>
 </xenoData>
 <text xml:id="V.A.Molochnikovu_256" xmlns="http://www.tei-c.org/ns/1.0" xmlns:xi="http://www.w3.org/2001/XInclude">
  <body>
   <div>
    <pb n="232"/>
    <opener index="false">
     1908 г. Сентября 18? Я. П.
    </opener>
    <p id="23dd836f-0945-4a24-a2ee-d5d154594d76" rend="Obrashenie">
     Милый В. Молочников,
    </p>
    <p id="e5f83eed-c7b5-48c3-88a4-a42e7bf4f087">
     Не переставая думаю о вас и особенно живо, когда получаю ваши письма, за
     <choice original_editorial_correction="к[оторые]">
      <sic>
       к
      </sic>
      <corr>
       которые
      </corr>
     </choice>
     <choice original_editorial_correction="оч[ень]">
      <sic>
       оч
      </sic>
      <corr>
       очень
      </corr>
     </choice>
     благодарю. Знаю и понимаю, как вам тяжело, и хочется чем-нибудь облегчать ваше положение, но знаю, что всё только в вас, в том сознании свободного, вечного, духовного человека,
     <choice original_editorial_correction="к[отор]ым">
      <sic>
       кым
      </sic>
      <corr>
       которым
      </corr>
     </choice>
     мы все живем. Иногда боюсь за вас, боюсь за те минуты, когда внешние условия застилают это сознание, боюсь, чтобы в эти минуты вы с своим восприимчивым характером не отдалясь чувству раздражения,
     <pb n="233"/>
     осуждения людей, чувству, несогласному с сознанием духовного начала,
     <choice original_editorial_correction="к[отор]ое">
      <sic>
       кое
      </sic>
      <corr>
       которое
      </corr>
     </choice>
     проявляется только любовью, как вы это, так же как и я, знаете.
    </p>
    <p id="3f4c53b3-de34-4500-ae13-ae1c32451dc8">
     Что ваша семья? Что внешние условия жизни для нее? Пожалуйста, напишите мне всё про это. Не говорю о том, что ваше душевное состояние мне всегда не то что интересно, а всегда волнует меня.
    </p>
    <p id="c22a100c-0bb6-4aad-a793-48f2b8eda5bc">
     Я виноват перед вами, что не написал до сих пор. Был и слаб и много посетителей. Здоровье мое лучше. Есть ли у вас книги? Можно ли присылать к вам? Описания ваши подробностей жизни вашей и сотоварищей очень всегда интересны. Братски целую вас.
    </p>
    <p id="52353ae7-7023-450d-add8-cb3d1e34d344" rend="right">
     <name placement="text" ref="13883" type="person">
      Лев Толстой
     </name>
     .
    </p>
    <noteGrp type="comments">
     <note index="false" type="comments">
      <p id="276fae15-9c3c-40bc-b896-2bb583feb012" rend="petit">
       Впервые опубликовано под датой: «1 сентября 1908» в ПТС, I, № 270. Датируется по почтовому штемпелю (название почтового учреждения не разобрано): «18 сентября 1908».
      </p>
     </note>
     <note index="false" type="comments">
      <p id="4881055e-ffee-473c-8313-a9e1ac37366e" rend="petit">
       Ответ на письмо В. А. Молочникова из Новгородской тюрьмы от 5 сентября 1908 г.
      </p>
     </note>
    </noteGrp>
   </div>
  </body>
 </text>
</TEI>
