<?xml version="1.0" encoding="utf-8"?>
<TEI xmlns="http://www.tei-c.org/ns/1.0" xmlns:xi="http://www.w3.org/2001/XInclude">
 <teiHeader>
  <fileDesc>
   <titleStmt>
    <title xml:id="v78_089_T_L_Suxotinoj">
     Письма и документы. Tolstoy Digital
    </title>
    <title type="main">
     Письмо Т. Л. Сухотиной от 17 марта 1908 г.
    </title>
    <title type="bibl">
     Толстой Л. Н. Письмо Т. Л. Сухотиной, 17 марта 1908 г. // Толстой Л. Н. Полное собрание сочинений: в 90 тт. Т. 78. М.: Гос. изд. «Художественная литература», 1956. С.
    </title>
    <respStmt>
     <resp>
      Идея, постановка задач, руководство:
     </resp>
     <name>
      Анастасия Бонч-Осмоловская, Фёкла Толстая, Борис Орехов, Тимофей Лукашевский
     </name>
    </respStmt>
    <respStmt>
     <resp>
      Подготовка TEI/XML:
     </resp>
     <name>
      Евгений Можаев, Даниил Скоринкин, Ирина Павлова, Матвей Колбасов, Елена Сидорова, Кирилл Милинцевич, Лев Буланов, Макар Федоров, Константин Петров
     </name>
    </respStmt>
    <respStmt>
     <resp>
      Подготовка метаданных:
     </resp>
     <name>
      Мария Картышева, Вероника Файнберг
     </name>
    </respStmt>
    <respStmt>
     <resp>
      Разметка имен собственных:
     </resp>
     <name>
      Никита Северин, Елена Северина
     </name>
    </respStmt>
    <respStmt>
     <resp>
      Исправление древнегреческого текста:
     </resp>
     <name>
      Ольга Алиева
     </name>
    </respStmt>
    <funder>
     Проект «Слово Толстого»
    </funder>
   </titleStmt>
   <publicationStmt>
    <publisher>
     <orgName>
      Tolstoy Digital, DH CLOUD, Научно-образовательный союз «Родное Слово» проект «Слово Толстого»
     </orgName>
    </publisher>
    <availability>
     <p id="7cedb31b-bd7e-4a98-97d5-ccb6ba533175">
      Тексты и метатекстовая разметка доступны для свободного использования и распространения по лицензии Creative Commons Attribution Share-Alike (cc by-sa)
     </p>
    </availability>
    <date from="2015" to="2022"/>
   </publicationStmt>
   <notesStmt>
    <note>
     Публикуемые документы был получены с сайта tolstoy.ru в формате html, переведены в формат TEI. Исправлены некоторые ошибки распознавания. Тексты, написанные в дореформенной орфографии, сопоставлены с их версиями в современной орфографии.
    </note>
   </notesStmt>
   <sourceDesc>
    <biblStruct>
     <analytic>
      <author>
       Толстой Лев Николаевич
      </author>
     </analytic>
     <monogr>
      <title level="m">
       Полное собрание сочинений. Том 78
      </title>
      <imprint>
       <pubPlace>
        Москва
       </pubPlace>
       <publisher>
        Государственное издательство «Художественная литература»
       </publisher>
       <date when="1956"/>
      </imprint>
      <biblScope unit="vol">
       78
      </biblScope>
      <biblScope unit="page">
       95-96
      </biblScope>
     </monogr>
     <series>
      <title level="s">
       Л. Н. Толстой. Полное собрание сочинений: в 90 тт.
      </title>
     </series>
    </biblStruct>
    <bibl>
     Публикуется впервые
    </bibl>
   </sourceDesc>
  </fileDesc>
  <encodingDesc>
   <classDecl>
    <xi:include href="../../reference/taxonomy.xml"/>
   </classDecl>
  </encodingDesc>
  <profileDesc>
   <correspDesc>
    <correspAction type="sending">
     <persName ref="13883">
      Л. Н. Толстой
     </persName>
     <placeName>
      Ясная Поляна
     </placeName>
     <date when="1908-03-17"/>
    </correspAction>
    <correspAction type="receiving">
     <persName ref="13413">
      Сухотина Татьяна Львовна, рожд. Толстая
     </persName>
    </correspAction>
   </correspDesc>
   <langUsage>
    <language ident="ru"/>
   </langUsage>
   <textClass>
    <catRef ana="#tolstoy_heritage" target="library"/>
    <catRef ana="#letters" target="type"/>
    <catRef ana="#sent" target="sent"/>
   </textClass>
  </profileDesc>
 </teiHeader>
 <xenoData>
  <number type="in a volume">
   89
  </number>
 </xenoData>
 <text xml:id="T.L.Suxotinoj_89" xmlns="http://www.tei-c.org/ns/1.0" xmlns:xi="http://www.w3.org/2001/XInclude">
  <body>
   <div>
    <pb n="95"/>
    <opener index="false">
     * 89.
     <name placement="text" ref="13413" type="person">
      Т. Л. Сухотиной
     </name>
     .1908 г. Марта 17. Я. П.
    </opener>
    <p id="5fc4dc4f-ee7c-4e2d-b004-146eee507c9e" rend="right">
     Ясная Поляна.
    </p>
    <p id="6c675045-8ce5-4a65-a91d-1d45717d80a8" rend="Obrashenie">
     Милая Танечка,
    </p>
    <p id="80af6359-05bb-4459-8486-e65fa70793ae">
     Говорю тебе в фонограф, чтобы сказать несколько слов: благодарить за твое милое письмо мамà предпоследнее и выразить свою радость, что твоему мужу, милому старику, лучше, и что вот-вот мы увидим вас, тебя и, главное... не скажу главное, а увижу тебя и
     <hi style="opdelimiter">
      Танечку.
     </hi>
    </p>
    <p id="c4933d42-7db2-465c-a6cb-563e2f6ab8f8">
     <pb n="96"/>
     <hi style="npdelimiter">
      Прощай,
     </hi>
     душенька, до свиданья. В Lancy
     <ref target="#note1">
      1
     </ref>
     <note index="false" resp="volume_editor" xml:id="note1">
      По дороге из Италии в Россию Сухотины остановились в Швейцарии (в Ланси, близ Женевы).
     </note>
     ты, вероятно, увидишь бедную Веру: пожалуйста, скажи ей что-нибудь доброе от меня; я часто вспоминаю ее и очень жалею и уверен, что ты точно так же пожалеешь.
     <ref target="#note2">
      2
     </ref>
     <note index="false" resp="volume_editor" xml:id="note2">
      О
      <name placement="note" ref="13824" type="person">
       Вере Сергеевне Толстой
      </name>
      (1865—1923) см. т. 73, стр. 133. О чем здесь идет речь, редакции неизвестно.
     </note>
    </p>
    <p id="be5e9a0d-096b-425f-869f-b35136993c10">
     <ref target="#note3">
      3
     </ref>
     <note index="false" resp="volume_editor" xml:id="note3">
      Далее собственноручно.
     </note>
     Целую тебя, твой старый старик Л. Т.
    </p>
    <p id="ec1f8a41-a9e2-4831-95b3-bc2550908bc2">
     1908, 17 марта.
    </p>
    <noteGrp type="comments">
     <lb/>
     <note index="false" type="comments">
      <p id="8b3ac241-d3b9-4685-90fb-f386a4d23760" rend="Textpetit_otstup left">
       Написано рукой Н. Н. Гусева, подпись и дата собственноручные.
      </p>
     </note>
    </noteGrp>
   </div>
  </body>
 </text>
</TEI>
