<?xml version="1.0" encoding="utf-8"?>
<TEI xmlns="http://www.tei-c.org/ns/1.0" xmlns:xi="http://www.w3.org/2001/XInclude">
 <teiHeader>
  <fileDesc>
   <titleStmt>
    <title xml:id="v79_253_A_S_CHerkasovu">
     Письма и документы. Tolstoy Digital
    </title>
    <title type="main">
     Письмо А. С. Черкасову от 30 мая 1909 г.
    </title>
    <title type="bibl">
     Толстой Л. Н. Письмо А. С. Черкасову, 30 мая 1909 г. // Толстой Л. Н. Полное собрание сочинений: в 90 тт. Т. 79. М.: Гос. изд. «Художественная литература», 1955. С.
    </title>
    <respStmt>
     <resp>
      Идея, постановка задач, руководство:
     </resp>
     <name>
      Анастасия Бонч-Осмоловская, Фёкла Толстая, Борис Орехов, Тимофей Лукашевский
     </name>
    </respStmt>
    <respStmt>
     <resp>
      Подготовка TEI/XML:
     </resp>
     <name>
      Евгений Можаев, Даниил Скоринкин, Ирина Павлова, Матвей Колбасов, Елена Сидорова, Кирилл Милинцевич, Лев Буланов, Макар Федоров, Константин Петров
     </name>
    </respStmt>
    <respStmt>
     <resp>
      Подготовка метаданных:
     </resp>
     <name>
      Мария Картышева, Вероника Файнберг
     </name>
    </respStmt>
    <respStmt>
     <resp>
      Разметка имен собственных:
     </resp>
     <name>
      Никита Северин, Елена Северина
     </name>
    </respStmt>
    <respStmt>
     <resp>
      Исправление древнегреческого текста:
     </resp>
     <name>
      Ольга Алиева
     </name>
    </respStmt>
    <funder>
     Проект «Слово Толстого»
    </funder>
   </titleStmt>
   <publicationStmt>
    <publisher>
     <orgName>
      Tolstoy Digital, DH CLOUD, Научно-образовательный союз «Родное Слово» проект «Слово Толстого»
     </orgName>
    </publisher>
    <availability>
     <p id="05bbed3e-2682-43e9-8f0c-1f7fb7f75942">
      Тексты и метатекстовая разметка доступны для свободного использования и распространения по лицензии Creative Commons Attribution Share-Alike (cc by-sa)
     </p>
    </availability>
    <date from="2015" to="2022"/>
   </publicationStmt>
   <notesStmt>
    <note>
     Публикуемые документы был получены с сайта tolstoy.ru в формате html, переведены в формат TEI. Исправлены некоторые ошибки распознавания. Тексты, написанные в дореформенной орфографии, сопоставлены с их версиями в современной орфографии.
    </note>
   </notesStmt>
   <sourceDesc>
    <biblStruct>
     <analytic>
      <author>
       Толстой Лев Николаевич
      </author>
     </analytic>
     <monogr>
      <title level="m">
       Полное собрание сочинений. Том 79
      </title>
      <imprint>
       <pubPlace>
        Москва
       </pubPlace>
       <publisher>
        Государственное издательство «Художественная литература»
       </publisher>
       <date when="1955"/>
      </imprint>
      <biblScope unit="vol">
       79
      </biblScope>
      <biblScope unit="page">
       211-212
      </biblScope>
     </monogr>
     <series>
      <title level="s">
       Л. Н. Толстой. Полное собрание сочинений: в 90 тт.
      </title>
     </series>
    </biblStruct>
    <bibl>
     Публикуется впервые
    </bibl>
   </sourceDesc>
  </fileDesc>
  <encodingDesc>
   <classDecl>
    <xi:include href="../../reference/taxonomy.xml"/>
   </classDecl>
  </encodingDesc>
  <profileDesc>
   <correspDesc>
    <correspAction type="sending">
     <persName ref="13883">
      Л. Н. Толстой
     </persName>
     <placeName>
      Ясная Поляна
     </placeName>
     <date when="1909-05-30"/>
    </correspAction>
    <correspAction type="receiving">
     <persName ref="15215">
      Черкасов Андрей Сергеевич
     </persName>
    </correspAction>
   </correspDesc>
   <langUsage>
    <language ident="ru"/>
   </langUsage>
   <textClass>
    <catRef ana="#tolstoy_heritage" target="library"/>
    <catRef ana="#letters" target="type"/>
    <catRef ana="#sent" target="sent"/>
   </textClass>
  </profileDesc>
 </teiHeader>
 <xenoData>
  <number type="in a volume">
   253
  </number>
 </xenoData>
 <text xml:id="A.S.CHerkasovu_253" xmlns="http://www.tei-c.org/ns/1.0" xmlns:xi="http://www.w3.org/2001/XInclude">
  <body>
   <div>
    <pb n="211"/>
    <opener index="false">
     * 253.
     <name placement="text" ref="15215" type="person">
      А. С. Черкасову
     </name>
     .1909 г. Мая 30. Я. П.
    </opener>
    <p id="baec4ba3-5810-43ff-865c-e94946b22f06" rend="right">
     Ясная Поляна.
    </p>
    <p id="a092130c-0d1a-4afb-adfe-1b3965f61209">
     Я получил уже несколько писем, подобных вашему, в которых пишущие все одинаково недоумевают, отчего я как-то не так, как это им кажется я должен бы был сделать, распорядился своим состоянием. Однообразие этих писем показывает, что они вызываются какими-нибудь враждебными мне газетными или журнальными статьями. Я сначала решил не отвечать на такого рода письма, но письма эти повторяются, и я подумал, что мое молчание может быть соблазном для пишущих, и потому решил отвечать на все такие письма следующим письмом, которое я вам посылаю.
    </p>
    <p id="216d95f6-4648-424d-94f7-00e4bb4ee7c3">
     Объяснять неизвестным мне людям, как я распорядился с моим состоянием и почему распорядился так, как я распорядился, считаю не только излишним, но и невозможным. Лица же, действительно желающие знать это, всегда могут это узнать помимо меня. Если же люди, не зная ничего ни о том, как я распорядился и почему распорядился так, как я
     <hi style="opdelimiter">
      распорядился,
     </hi>
     <pb n="212"/>
     <hi style="npdelimiter">
      предпочитают
     </hi>
     верить другим, считающим меня лицемером, то самое лучшее, что они могут сделать, это то, чтобы, жалея меня, стараться не иметь с таким лжецом, корыстолюбцем и обманщиком никакого дела. Главное же то, что, если я действительно нехороший человек, то то, что я говорю о жизни, о том, как надо жить людям, если оно справедливо, не становится от этого ложным и не требующим исполнения. Тем более, что то, что я говорю, я говорю не от себя, а только стараюсь разъяснить значение того, что говорил Христос, признаваемый богом, и все мудрейшие люди мира.
    </p>
    <p id="f9b13935-1184-4271-9be7-e33e5e76594c">
     30 мая 1909.
    </p>
    <noteGrp type="comments">
     <note index="false" type="comments">
      <p id="3e2c444d-e335-4677-aa7a-49a90e494574" rend="Textpetit_otstup left">
       Печатается по дубликату подлинника.
      </p>
     </note>
     <note index="false" type="comments">
      <p id="c796baa1-3ea8-493e-b67c-55bba29f6b40" rend="petit">
       Ответ па письмо
       <name placement="comments" ref="15215" type="person">
        Андрея Сергеевича Черкасова
       </name>
       из слободы Чмеровки, Харьковской губ., который просил разъяснить его недоумение, вызванное отказом Толстого от собственности в пользу своей семьи.
      </p>
     </note>
    </noteGrp>
   </div>
  </body>
 </text>
</TEI>
