<?xml version="1.0" encoding="utf-8"?>
<TEI xmlns="http://www.tei-c.org/ns/1.0" xmlns:xi="http://www.w3.org/2001/XInclude">
 <teiHeader>
  <fileDesc>
   <titleStmt>
    <title xml:id="v79_084_B_N_Denshhikovu">
     Письма и документы. Tolstoy Digital
    </title>
    <title type="main">
     Письмо Б. Н. Денщикову от 25 февраля 1909 г.
    </title>
    <title type="bibl">
     Толстой Л. Н. Письмо Б. Н. Денщикову, 25 февраля 1909 г. // Толстой Л. Н. Полное собрание сочинений: в 90 тт. Т. 79. М.: Гос. изд. «Художественная литература», 1955. С.
    </title>
    <respStmt>
     <resp>
      Идея, постановка задач, руководство:
     </resp>
     <name>
      Анастасия Бонч-Осмоловская, Фёкла Толстая, Борис Орехов, Тимофей Лукашевский
     </name>
    </respStmt>
    <respStmt>
     <resp>
      Подготовка TEI/XML:
     </resp>
     <name>
      Евгений Можаев, Даниил Скоринкин, Ирина Павлова, Матвей Колбасов, Елена Сидорова, Кирилл Милинцевич, Лев Буланов, Макар Федоров, Константин Петров
     </name>
    </respStmt>
    <respStmt>
     <resp>
      Подготовка метаданных:
     </resp>
     <name>
      Мария Картышева, Вероника Файнберг
     </name>
    </respStmt>
    <respStmt>
     <resp>
      Разметка имен собственных:
     </resp>
     <name>
      Никита Северин, Елена Северина
     </name>
    </respStmt>
    <respStmt>
     <resp>
      Исправление древнегреческого текста:
     </resp>
     <name>
      Ольга Алиева
     </name>
    </respStmt>
    <funder>
     Проект «Слово Толстого»
    </funder>
   </titleStmt>
   <publicationStmt>
    <publisher>
     <orgName>
      Tolstoy Digital, DH CLOUD, Научно-образовательный союз «Родное Слово» проект «Слово Толстого»
     </orgName>
    </publisher>
    <availability>
     <p id="f9815aa2-a638-44ad-9a95-e9e84749e0e1">
      Тексты и метатекстовая разметка доступны для свободного использования и распространения по лицензии Creative Commons Attribution Share-Alike (cc by-sa)
     </p>
    </availability>
    <date from="2015" to="2022"/>
   </publicationStmt>
   <notesStmt>
    <note>
     Публикуемые документы был получены с сайта tolstoy.ru в формате html, переведены в формат TEI. Исправлены некоторые ошибки распознавания. Тексты, написанные в дореформенной орфографии, сопоставлены с их версиями в современной орфографии.
    </note>
   </notesStmt>
   <sourceDesc>
    <biblStruct>
     <analytic>
      <author>
       Толстой Лев Николаевич
      </author>
     </analytic>
     <monogr>
      <title level="m">
       Полное собрание сочинений. Том 79
      </title>
      <imprint>
       <pubPlace>
        Москва
       </pubPlace>
       <publisher>
        Государственное издательство «Художественная литература»
       </publisher>
       <date when="1955"/>
      </imprint>
      <biblScope unit="vol">
       79
      </biblScope>
      <biblScope unit="page">
       81-82
      </biblScope>
     </monogr>
     <series>
      <title level="s">
       Л. Н. Толстой. Полное собрание сочинений: в 90 тт.
      </title>
     </series>
    </biblStruct>
    <bibl>
     Публикуется впервые
    </bibl>
   </sourceDesc>
  </fileDesc>
  <encodingDesc>
   <classDecl>
    <xi:include href="../../reference/taxonomy.xml"/>
   </classDecl>
  </encodingDesc>
  <profileDesc>
   <correspDesc>
    <correspAction type="sending">
     <persName ref="13883">
      Л. Н. Толстой
     </persName>
     <placeName>
      Ясная Поляна
     </placeName>
     <date when="1909-02-25"/>
    </correspAction>
    <correspAction type="receiving">
     <persName ref="4311">
      Денщиков Борис Николаевич
     </persName>
    </correspAction>
   </correspDesc>
   <langUsage>
    <language ident="ru"/>
   </langUsage>
   <textClass>
    <catRef ana="#tolstoy_heritage" target="library"/>
    <catRef ana="#letters" target="type"/>
    <catRef ana="#sent" target="sent"/>
   </textClass>
  </profileDesc>
 </teiHeader>
 <xenoData>
  <number type="in a volume">
   84
  </number>
 </xenoData>
 <text xml:id="B.N.Denshhikovu_84" xmlns="http://www.tei-c.org/ns/1.0" xmlns:xi="http://www.w3.org/2001/XInclude">
  <body>
   <div>
    <pb n="81"/>
    <opener index="false">
     * 84.
     <name placement="text" ref="4311" type="person">
      Б. Н. Денщикову
     </name>
     .1909 г. Февраля 25. Я. П.
    </opener>
    <p id="9dedaecf-215c-4232-9c79-e83a36ff982c">
     На вопрос, который вы мне ставите, можете ответить только вы сами.
    </p>
    <p id="cc64f8c6-b5d8-4ca2-8fc3-da70d3baa5b0">
     Может быть колебание в вопросе о том, следует ли по собственному побуждению совершить или не совершить
     <hi style="opdelimiter">
      известный
     </hi>
     <pb n="82"/>
     <hi style="npdelimiter">
      поступок,
     </hi>
     но такого колебания не может быть, когда от человека требуют поступка, противного тому, что он считает законом бога и своей совести. Таков требуемый от людей поступок присяги и обучения себя убийству. Можно признать себя не в силах подвергнуться всем последствиям отказа, но сомнения о том, как должно поступить, не может быть.
    </p>
    <p id="e9c6c640-4b14-4ccc-a632-156b7bfeffe4">
     Всей душой сочувствую вам, тому тяжелому испытанию, которое предстоит вам, но не могу не сказать того, что думаю. Одно бы очень советовал, как бы вы ни поступили, это то, чтобы не придумывать и не допускать никаких оправданий своему поступку, если вы не будете иметь силы отказаться, а не переставать понимать, что, не отказавшись, вы сделали не то, что должны.
    </p>
    <p id="d123bdc4-a014-450c-8a2d-2b0c1529b00c">
     Посылаю вам копии с двух писем отказавшихся: одно покажет вам всю трудность отказа, другое — всю легкость, его.
    </p>
    <p id="14680414-011c-424e-ad9c-2be500d26c85" rend="right">
     Любящий вас
     <name placement="text" ref="13883" type="person">
      Лев Толстой
     </name>
     .
    </p>
    <p id="80080c07-431b-42a3-812a-84096357b78f">
     25 февраля 1909.
    </p>
    <noteGrp type="comments">
     <note index="false" type="comments">
      <p id="68969403-1110-4932-86e5-8baf4497e96a" rend="Textpetit_otstup left">
       Печатается по машинописной копии, вклеенной в копировальную книгу № 8, л. 506.
      </p>
     </note>
     <note index="false" type="comments">
      <p id="d73b9452-9d95-4cfd-acb3-1ad64dc7f29b" rend="petit">
       Ответ на письмо
       <name placement="comments" ref="4311" type="person">
        Бориса Николаевича Денщикова
       </name>
       (сведений о нем не имеется), без даты, из Москвы, который сообщал Толстому о предстоящем призыве на военную службу, о своем намерении отказаться от нее и спрашивал совета Толстого.
      </p>
     </note>
     <note index="false" type="comments">
      <p id="0949c25c-a37f-4e13-ac49-514a2f47426f" rend="petit">
       На конверте письма Б. Н. Денщикова Толстой написал: Послать письма
       <choice original_editorial_correction="Лойцн[ера]">
        <sic>
         Лойцн
        </sic>
        <corr>
         Лойцнера
        </corr>
       </choice>
       и Иконникова, а я напишу.
      </p>
     </note>
     <note index="false" type="comments">
      <p id="0cd1c1b0-0aca-40f2-a7fd-831808cc3ee8" rend="petit">
       <name placement="comments" ref="7997" type="person">
        Леонид Иванович Лойцнер
       </name>
       , бывший слушатель сельскохозяйственных курсов в Киеве, в 1910 г. отбывал тюремное заключение за отказ от военной службы в Киевской губернской тюрьме. Об А. И. Иконникове см. прим. к письму № 249.
      </p>
     </note>
    </noteGrp>
   </div>
  </body>
 </text>
</TEI>
