<?xml version="1.0" encoding="utf-8"?>
<TEI xmlns="http://www.tei-c.org/ns/1.0" xmlns:xi="http://www.w3.org/2001/XInclude">
 <teiHeader>
  <fileDesc>
   <titleStmt>
    <title xml:id="v79_088_L_A_Sveshnikovoj">
     Письма и документы. Tolstoy Digital
    </title>
    <title type="main">
     Письмо Л. А. Свешниковой от 25 февраля 1909 г.
    </title>
    <title type="bibl">
     Толстой Л. Н. Письмо Л. А. Свешниковой, 25 февраля 1909 г. // Толстой Л. Н. Полное собрание сочинений: в 90 тт. Т. 79. М.: Гос. изд. «Художественная литература», 1955. С.
    </title>
    <respStmt>
     <resp>
      Идея, постановка задач, руководство:
     </resp>
     <name>
      Анастасия Бонч-Осмоловская, Фёкла Толстая, Борис Орехов, Тимофей Лукашевский
     </name>
    </respStmt>
    <respStmt>
     <resp>
      Подготовка TEI/XML:
     </resp>
     <name>
      Евгений Можаев, Даниил Скоринкин, Ирина Павлова, Матвей Колбасов, Елена Сидорова, Кирилл Милинцевич, Лев Буланов, Макар Федоров, Константин Петров
     </name>
    </respStmt>
    <respStmt>
     <resp>
      Подготовка метаданных:
     </resp>
     <name>
      Мария Картышева, Вероника Файнберг
     </name>
    </respStmt>
    <respStmt>
     <resp>
      Разметка имен собственных:
     </resp>
     <name>
      Никита Северин, Елена Северина
     </name>
    </respStmt>
    <respStmt>
     <resp>
      Исправление древнегреческого текста:
     </resp>
     <name>
      Ольга Алиева
     </name>
    </respStmt>
    <funder>
     Проект «Слово Толстого»
    </funder>
   </titleStmt>
   <publicationStmt>
    <publisher>
     <orgName>
      Tolstoy Digital, DH CLOUD, Научно-образовательный союз «Родное Слово» проект «Слово Толстого»
     </orgName>
    </publisher>
    <availability>
     <p id="aa9e2c83-3607-48ea-b412-5674948ae2dd">
      Тексты и метатекстовая разметка доступны для свободного использования и распространения по лицензии Creative Commons Attribution Share-Alike (cc by-sa)
     </p>
    </availability>
    <date from="2015" to="2022"/>
   </publicationStmt>
   <notesStmt>
    <note>
     Публикуемые документы был получены с сайта tolstoy.ru в формате html, переведены в формат TEI. Исправлены некоторые ошибки распознавания. Тексты, написанные в дореформенной орфографии, сопоставлены с их версиями в современной орфографии.
    </note>
   </notesStmt>
   <sourceDesc>
    <biblStruct>
     <analytic>
      <author>
       Толстой Лев Николаевич
      </author>
     </analytic>
     <monogr>
      <title level="m">
       Полное собрание сочинений. Том 79
      </title>
      <imprint>
       <pubPlace>
        Москва
       </pubPlace>
       <publisher>
        Государственное издательство «Художественная литература»
       </publisher>
       <date when="1955"/>
      </imprint>
      <biblScope unit="vol">
       79
      </biblScope>
      <biblScope unit="page">
       84-85
      </biblScope>
     </monogr>
     <series>
      <title level="s">
       Л. Н. Толстой. Полное собрание сочинений: в 90 тт.
      </title>
     </series>
    </biblStruct>
    <bibl>
     Публикуется впервые
    </bibl>
   </sourceDesc>
  </fileDesc>
  <encodingDesc>
   <classDecl>
    <xi:include href="../../reference/taxonomy.xml"/>
   </classDecl>
  </encodingDesc>
  <profileDesc>
   <correspDesc>
    <correspAction type="sending">
     <persName ref="13883">
      Л. Н. Толстой
     </persName>
     <placeName>
      Ясная Поляна
     </placeName>
     <date when="1909-02-25"/>
    </correspAction>
    <correspAction type="receiving">
     <persName ref="12345">
      Свешникова Любовь Алексеевна
     </persName>
    </correspAction>
   </correspDesc>
   <langUsage>
    <language ident="ru"/>
   </langUsage>
   <textClass>
    <catRef ana="#tolstoy_heritage" target="library"/>
    <catRef ana="#letters" target="type"/>
    <catRef ana="#sent" target="sent"/>
   </textClass>
  </profileDesc>
 </teiHeader>
 <xenoData>
  <number type="in a volume">
   88
  </number>
 </xenoData>
 <text xml:id="L.A.Sveshnikovoj_88" xmlns="http://www.tei-c.org/ns/1.0" xmlns:xi="http://www.w3.org/2001/XInclude">
  <body>
   <div>
    <pb n="84"/>
    <opener index="false">
     * 88.
     <name placement="text" ref="12345" type="person">
      Л. А. Свешниковой
     </name>
     .1909 г. Февраля 25. Я. П.
    </opener>
    <p id="59c53b8b-012e-42fe-922d-9e243fa1d908">
     Одно могу вам сказать. Для того чтобы не бояться смерти, надо бояться жизни, греха в жизни, бояться в жизни не сделать то, что должно.
    </p>
    <p id="e2aef1f4-e00c-4272-a6df-3e45ca46efc8" rend="right">
     <name placement="text" ref="13883" type="person">
      Лев Толстой
     </name>
     .
    </p>
    <p id="b38f636c-7d20-4c48-bbe1-1dfe01e3fb8a">
     1909. 25 ф.
    </p>
    <noteGrp type="comments">
     <note index="false" type="comments">
      <p id="775241ae-cdce-42a5-8463-b4eb7fba96ac" rend="Textpetit_otstup left">
       Печатается по копировальному листу.
      </p>
     </note>
     <note index="false" type="comments">
      <p id="28902923-ebaf-48da-84ef-1bdafc3a3d69" rend="petit">
       Ответ на письмо
       <name placement="comments" ref="12345" type="person">
        Любови Алексеевны Свешниковой
       </name>
       (сведений о ней не имеется) из Киева от 11 февраля, в котором она писала о своем душевном одиночестве и об овладевшем ею страхе смерти.
      </p>
     </note>
     <note index="false" type="comments">
      <p id="4d57cb0e-4602-4a2d-9fba-c3aa153f5ad0" rend="emptyline">
       <pb n="85"/>
      </p>
     </note>
    </noteGrp>
   </div>
  </body>
 </text>
</TEI>
