<?xml version="1.0" encoding="utf-8"?>
<TEI xmlns="http://www.tei-c.org/ns/1.0" xmlns:xi="http://www.w3.org/2001/XInclude">
 <teiHeader>
  <fileDesc>
   <titleStmt>
    <title xml:id="v79_037_C_I_Gerasimovoj">
     Письма и документы. Tolstoy Digital
    </title>
    <title type="main">
     Письмо С. И. Герасимовой от 21 января 1909 г.
    </title>
    <title type="bibl">
     Толстой Л. Н. Письмо С. И. Герасимовой, 21 января 1909 г. // Толстой Л. Н. Полное собрание сочинений: в 90 тт. Т. 79. М.: Гос. изд. «Художественная литература», 1955. С.
    </title>
    <respStmt>
     <resp>
      Идея, постановка задач, руководство:
     </resp>
     <name>
      Анастасия Бонч-Осмоловская, Фёкла Толстая, Борис Орехов, Тимофей Лукашевский
     </name>
    </respStmt>
    <respStmt>
     <resp>
      Подготовка TEI/XML:
     </resp>
     <name>
      Евгений Можаев, Даниил Скоринкин, Ирина Павлова, Матвей Колбасов, Елена Сидорова, Кирилл Милинцевич, Лев Буланов, Макар Федоров, Константин Петров
     </name>
    </respStmt>
    <respStmt>
     <resp>
      Подготовка метаданных:
     </resp>
     <name>
      Мария Картышева, Вероника Файнберг
     </name>
    </respStmt>
    <respStmt>
     <resp>
      Разметка имен собственных:
     </resp>
     <name>
      Никита Северин, Елена Северина
     </name>
    </respStmt>
    <respStmt>
     <resp>
      Исправление древнегреческого текста:
     </resp>
     <name>
      Ольга Алиева
     </name>
    </respStmt>
    <funder>
     Проект «Слово Толстого»
    </funder>
   </titleStmt>
   <publicationStmt>
    <publisher>
     <orgName>
      Tolstoy Digital, DH CLOUD, Научно-образовательный союз «Родное Слово» проект «Слово Толстого»
     </orgName>
    </publisher>
    <availability>
     <p id="061b4122-6783-4d2f-b2ae-2cc1d2fec658">
      Тексты и метатекстовая разметка доступны для свободного использования и распространения по лицензии Creative Commons Attribution Share-Alike (cc by-sa)
     </p>
    </availability>
    <date from="2015" to="2022"/>
   </publicationStmt>
   <notesStmt>
    <note>
     Публикуемые документы был получены с сайта tolstoy.ru в формате html, переведены в формат TEI. Исправлены некоторые ошибки распознавания. Тексты, написанные в дореформенной орфографии, сопоставлены с их версиями в современной орфографии.
    </note>
   </notesStmt>
   <sourceDesc>
    <biblStruct>
     <analytic>
      <author>
       Толстой Лев Николаевич
      </author>
     </analytic>
     <monogr>
      <title level="m">
       Полное собрание сочинений. Том 79
      </title>
      <imprint>
       <pubPlace>
        Москва
       </pubPlace>
       <publisher>
        Государственное издательство «Художественная литература»
       </publisher>
       <date when="1955"/>
      </imprint>
      <biblScope unit="vol">
       79
      </biblScope>
      <biblScope unit="page">
       42-42
      </biblScope>
     </monogr>
     <series>
      <title level="s">
       Л. Н. Толстой. Полное собрание сочинений: в 90 тт.
      </title>
     </series>
    </biblStruct>
    <bibl>
     Публикуется впервые
    </bibl>
   </sourceDesc>
  </fileDesc>
  <encodingDesc>
   <classDecl>
    <xi:include href="../../reference/taxonomy.xml"/>
   </classDecl>
  </encodingDesc>
  <profileDesc>
   <correspDesc>
    <correspAction type="sending">
     <persName ref="13883">
      Л. Н. Толстой
     </persName>
     <placeName>
      Ясная Поляна
     </placeName>
     <date when="1909-01-21"/>
    </correspAction>
    <correspAction type="receiving">
     <persName ref="3275">
      Герасимова Степанида Исаевна
     </persName>
    </correspAction>
   </correspDesc>
   <langUsage>
    <language ident="ru"/>
   </langUsage>
   <textClass>
    <catRef ana="#tolstoy_heritage" target="library"/>
    <catRef ana="#letters" target="type"/>
    <catRef ana="#sent" target="sent"/>
   </textClass>
  </profileDesc>
 </teiHeader>
 <xenoData>
  <number type="in a volume">
   37
  </number>
 </xenoData>
 <text xml:id="C.I.Gerasimovoj_37" xmlns="http://www.tei-c.org/ns/1.0" xmlns:xi="http://www.w3.org/2001/XInclude">
  <body>
   <div>
    <pb n="42"/>
    <opener index="false">
     * 37.
     <name placement="text" ref="3275" type="person">
      С. И. Герасимовой
     </name>
     .1909 г. Января 21. Я. П.
    </opener>
    <p id="48367db7-5755-4f52-860e-f12eb5bf63a1" rend="right">
     Ясная Поляна. 21 января 1909 г.
    </p>
    <p id="f8004605-40d1-49fb-8cb9-8a27824e28bd" rend="Obrashenie">
     Стефанида Исаевна,
    </p>
    <p id="d8384f53-c4d5-4646-9ee2-2b6d2de96f51">
     Думаю, что прохождение тех трех ступеней духовной жизни, о которых я писал,
     <ref target="#note1">
      1
     </ref>
     <note index="false" resp="volume_editor" xml:id="note1">
      Толстой имеет в виду выдержку из его письма к В. Г. Черткову от 31 октября 1889 г., напечатанную В. Г. Чертковым в «Листках Свободного слова» (Essex, England, 1899, 2, стр. 48—52), в дальнейшем получившую заглавие: «Три фазиса жизни». Вероятно, С. И. Герасимова читала эту статью-письмо, перепечатанную в одной из русских газет под заглавием «О познании жизни».
     </note>
     неизбежно для всякого человека.
    </p>
    <p id="33d50fa1-04f2-4849-a929-7dfe4da8c6f9">
     На вопрос ваш о баптистах, могу сказать, что у баптистов, как и у всех сектантов всех религии, считаю истинным то, что обще со всеми.
    </p>
    <noteGrp type="comments">
     <note index="false" type="comments">
      <p id="b70effb4-92b9-44b1-ad3a-f9ece4775fa2" rend="Textpetit_otstup left">
       Печатается по дубликату подлинника, вклеенному в копировальную книгу № 8, л. 452.
      </p>
     </note>
     <note index="false" type="comments">
      <p id="0d893362-1c1c-4c65-b912-af3dc17f7b4b" rend="petit">
       Ответ на письмо от 12 января Стефаниды Исаевны Герасимовой (сведений о ней не имеется), которая писала Толстому из Перми, что она прочитала его статью «О познании жизни» (см. прим. 1), и спрашивала, неизбежно ли для всякого человека прохождение «трех ступеней», о которых Толстой пишет в своей статье; кроме того, просила Толстого высказать свое мнение о секте баптистов.
      </p>
     </note>
     <note index="false" type="comments">
      <p id="8813473d-cf23-4c15-b51c-bd4d64ca189e" rend="petit">
       На конверте письма С. И. Герасимовой Толстой написал конспект ответа.
      </p>
     </note>
    </noteGrp>
   </div>
  </body>
 </text>
</TEI>
