<?xml version="1.0" encoding="utf-8"?>
<TEI xmlns="http://www.tei-c.org/ns/1.0" xmlns:xi="http://www.w3.org/2001/XInclude">
 <teiHeader>
  <fileDesc>
   <titleStmt>
    <title xml:id="v79_234_A_K_Gresseru">
     Письма и документы. Tolstoy Digital
    </title>
    <title type="main">
     Письмо А. К. Грессеру от 15 мая 1909 г.
    </title>
    <title type="bibl">
     Толстой Л. Н. Письмо А. К. Грессеру, 15 мая 1909 г. // Толстой Л. Н. Полное собрание сочинений: в 90 тт. Т. 79. М.: Гос. изд. «Художественная литература», 1955. С.
    </title>
    <respStmt>
     <resp>
      Идея, постановка задач, руководство:
     </resp>
     <name>
      Анастасия Бонч-Осмоловская, Фёкла Толстая, Борис Орехов, Тимофей Лукашевский
     </name>
    </respStmt>
    <respStmt>
     <resp>
      Подготовка TEI/XML:
     </resp>
     <name>
      Евгений Можаев, Даниил Скоринкин, Ирина Павлова, Матвей Колбасов, Елена Сидорова, Кирилл Милинцевич, Лев Буланов, Макар Федоров, Константин Петров
     </name>
    </respStmt>
    <respStmt>
     <resp>
      Подготовка метаданных:
     </resp>
     <name>
      Мария Картышева, Вероника Файнберг
     </name>
    </respStmt>
    <respStmt>
     <resp>
      Разметка имен собственных:
     </resp>
     <name>
      Никита Северин, Елена Северина
     </name>
    </respStmt>
    <respStmt>
     <resp>
      Исправление древнегреческого текста:
     </resp>
     <name>
      Ольга Алиева
     </name>
    </respStmt>
    <funder>
     Проект «Слово Толстого»
    </funder>
   </titleStmt>
   <publicationStmt>
    <publisher>
     <orgName>
      Tolstoy Digital, DH CLOUD, Научно-образовательный союз «Родное Слово» проект «Слово Толстого»
     </orgName>
    </publisher>
    <availability>
     <p id="ea08224e-e5a1-4cd2-87d9-a29d334ef2c9">
      Тексты и метатекстовая разметка доступны для свободного использования и распространения по лицензии Creative Commons Attribution Share-Alike (cc by-sa)
     </p>
    </availability>
    <date from="2015" to="2022"/>
   </publicationStmt>
   <notesStmt>
    <note>
     Публикуемые документы был получены с сайта tolstoy.ru в формате html, переведены в формат TEI. Исправлены некоторые ошибки распознавания. Тексты, написанные в дореформенной орфографии, сопоставлены с их версиями в современной орфографии.
    </note>
   </notesStmt>
   <sourceDesc>
    <biblStruct>
     <analytic>
      <author>
       Толстой Лев Николаевич
      </author>
     </analytic>
     <monogr>
      <title level="m">
       Полное собрание сочинений. Том 79
      </title>
      <imprint>
       <pubPlace>
        Москва
       </pubPlace>
       <publisher>
        Государственное издательство «Художественная литература»
       </publisher>
       <date when="1955"/>
      </imprint>
      <biblScope unit="vol">
       79
      </biblScope>
      <biblScope unit="page">
       197-198
      </biblScope>
     </monogr>
     <series>
      <title level="s">
       Л. Н. Толстой. Полное собрание сочинений: в 90 тт.
      </title>
     </series>
    </biblStruct>
    <bibl>
     Публикуется впервые
    </bibl>
   </sourceDesc>
  </fileDesc>
  <encodingDesc>
   <classDecl>
    <xi:include href="../../reference/taxonomy.xml"/>
   </classDecl>
  </encodingDesc>
  <profileDesc>
   <correspDesc>
    <correspAction type="sending">
     <persName ref="13883">
      Л. Н. Толстой
     </persName>
     <placeName>
      Ясная Поляна
     </placeName>
     <date when="1909-05-15"/>
    </correspAction>
    <correspAction type="receiving">
     <persName ref="3824">
      Грессер Аполлон Карлович
     </persName>
    </correspAction>
   </correspDesc>
   <langUsage>
    <language ident="ru"/>
   </langUsage>
   <textClass>
    <catRef ana="#tolstoy_heritage" target="library"/>
    <catRef ana="#letters" target="type"/>
    <catRef ana="#sent" target="sent"/>
   </textClass>
  </profileDesc>
 </teiHeader>
 <xenoData>
  <number type="in a volume">
   234
  </number>
 </xenoData>
 <text xml:id="A.K.Gresseru_234" xmlns="http://www.tei-c.org/ns/1.0" xmlns:xi="http://www.w3.org/2001/XInclude">
  <body>
   <div>
    <pb n="197"/>
    <opener index="false">
     * 234. А. П. Грессеру.1909 г. Мая 15. Я. П.
    </opener>
    <p id="75cf0ef4-b05c-4750-b742-fef50d229f7d" rend="right">
     15 мая 1909.
    </p>
    <p id="eb005c0b-c99a-4c8a-b148-c1b58adf67af" rend="Obrashenie">
     Милостивый Государь
    </p>
    <p id="a2346d81-2560-4b32-aab7-53b9a6f78786" rend="Obrashenie2 left">
     Аполлон Карлович,
    </p>
    <p id="2abed78b-baa6-4323-a787-2259fcfa7f24">
     Вы так любезно ответили на мою просьбу тогда,
     <ref target="#note1">
      1
     </ref>
     <note index="false" resp="volume_editor" xml:id="note1">
      О чем здесь идет речь, доподлинно не установлено. В АТ сохранилось письмо А. П. Грессера от 26 апреля 1909 г., в котором он сообщает Толстому, что «с великим удовольствием исполняет желание Толстого и прикажет немедленно убрать «труп скоропостижно умершего.... из дома вдовы». Очевидно, Толстой обращался к Грессеру по просьбе крестьянки Жаровой, у которой умер «постоялец», которых обычно староста «ставил на ночлег».
      <ref target="file:///Volume_79_Cirkulyarnyjotvetnaprositelnyepisma_196.xml">
       См. письмо № 196
      </ref>
      а.
     </note>
     что я позволяю себе еще раз утруждать вас по гораздо более важному делу. Стражник, живущий у нас, подал вам заявление о том, что крестьянин
     <name placement="text" ref="6865" type="person">
      Василий Копылов
     </name>
     оскорбил его и угрожал ему. Не зная, насколько это справедливо, желательно бы было, в виду бедности этой семьи, прекратить, если возможно, это дело, так как Копылов раскаивается в своем поступке и просил и готов еще просить стражника простить его.
     <ref target="#note2">
      2
     </ref>
     <note index="false" resp="volume_editor" xml:id="note2">
      С просьбой о прекращении дела, возбужденного против
      <name placement="note" ref="6865" type="person">
       Василия Копылова
      </name>
      , обратилась к Толстому мать
      <name placement="note" ref="6876" type="person">
       Копылова Анисья Степановна
      </name>
      , яснополянская крестьянка. См. запись в Дневнике Толстого 15 мая, т. 57, стр. 67.
     </note>
    </p>
    <p id="3bbb60e4-0f24-4f7c-be11-597d2b031aca" rend="right rightindent">
     С совершенным уважением
    </p>
    <p id="8b81f480-1e11-4ee1-8fb7-2773d4386915" rend="right">
     <name placement="text" ref="13883" type="person">
      Лев Толстой
     </name>
     .
    </p>
    <noteGrp type="comments">
     <note index="false" type="comments">
      <p id="792fe675-e526-403e-99f2-24069e0e137d" rend="Textpetit_otstup left">
       Печатается по дубликату подлинника.
      </p>
     </note>
     <note index="false" type="comments">
      <p id="f3d6855c-f070-471c-a7cd-f2e22e1584a9" rend="petit">
       Аполлон
       <name placement="comments" ref="3824" type="person">
        Карлович Грессер
       </name>
       (р. 1865) — в 1909 г. становой пристав в Крапивенском уезде Тульской губ.
      </p>
     </note>
    </noteGrp>
   </div>
  </body>
 </text>
</TEI>
