<?xml version="1.0" encoding="utf-8"?>
<TEI xmlns="http://www.tei-c.org/ns/1.0" xmlns:xi="http://www.w3.org/2001/XInclude">
 <teiHeader>
  <fileDesc>
   <titleStmt>
    <title xml:id="v79_152_AnglijskojDzhordzhevskojlige">
     Письма и документы. Tolstoy Digital
    </title>
    <title type="main">
     Письмо Английской Джорджевской лиге от 27 февраля 1909 г.
    </title>
    <title type="bibl">
     Толстой Л. Н. Письмо английской Джорджевской лиге, 27 февраля 1909 г. // Толстой Л. Н. Полное собрание сочинений: в 90 тт. Т. 79. М.: Гос. изд. «Художественная литература», 1955. С.
    </title>
    <respStmt>
     <resp>
      Идея, постановка задач, руководство:
     </resp>
     <name>
      Анастасия Бонч-Осмоловская, Фёкла Толстая, Борис Орехов, Тимофей Лукашевский
     </name>
    </respStmt>
    <respStmt>
     <resp>
      Подготовка TEI/XML:
     </resp>
     <name>
      Евгений Можаев, Даниил Скоринкин, Ирина Павлова, Матвей Колбасов, Елена Сидорова, Кирилл Милинцевич, Лев Буланов, Макар Федоров, Константин Петров
     </name>
    </respStmt>
    <respStmt>
     <resp>
      Подготовка метаданных:
     </resp>
     <name>
      Мария Картышева, Вероника Файнберг
     </name>
    </respStmt>
    <respStmt>
     <resp>
      Разметка имен собственных:
     </resp>
     <name>
      Никита Северин, Елена Северина
     </name>
    </respStmt>
    <respStmt>
     <resp>
      Исправление древнегреческого текста:
     </resp>
     <name>
      Ольга Алиева
     </name>
    </respStmt>
    <funder>
     Проект «Слово Толстого»
    </funder>
   </titleStmt>
   <publicationStmt>
    <publisher>
     <orgName>
      Tolstoy Digital, DH CLOUD, Научно-образовательный союз «Родное Слово» проект «Слово Толстого»
     </orgName>
    </publisher>
    <availability>
     <p id="4f103bb7-d287-4317-9bc1-71f355de5292">
      Тексты и метатекстовая разметка доступны для свободного использования и распространения по лицензии Creative Commons Attribution Share-Alike (cc by-sa)
     </p>
    </availability>
    <date from="2015" to="2022"/>
   </publicationStmt>
   <notesStmt>
    <note>
     Публикуемые документы был получены с сайта tolstoy.ru в формате html, переведены в формат TEI. Исправлены некоторые ошибки распознавания. Тексты, написанные в дореформенной орфографии, сопоставлены с их версиями в современной орфографии.
    </note>
   </notesStmt>
   <sourceDesc>
    <biblStruct>
     <analytic>
      <author>
       Толстой Лев Николаевич
      </author>
     </analytic>
     <monogr>
      <title level="m">
       Полное собрание сочинений. Том 79
      </title>
      <imprint>
       <pubPlace>
        Москва
       </pubPlace>
       <publisher>
        Государственное издательство «Художественная литература»
       </publisher>
       <date when="1955"/>
      </imprint>
      <biblScope unit="vol">
       79
      </biblScope>
      <biblScope unit="page">
       135-139
      </biblScope>
     </monogr>
     <series>
      <title level="s">
       Л. Н. Толстой. Полное собрание сочинений: в 90 тт.
      </title>
     </series>
    </biblStruct>
    <bibl>
     Публикуется впервые
    </bibl>
   </sourceDesc>
  </fileDesc>
  <encodingDesc>
   <classDecl>
    <xi:include href="../../reference/taxonomy.xml"/>
   </classDecl>
  </encodingDesc>
  <profileDesc>
   <correspDesc>
    <correspAction type="sending">
     <persName ref="13883">
      Л. Н. Толстой
     </persName>
     <placeName>
      Ясная Поляна
     </placeName>
     <date when="1909-02-27"/>
    </correspAction>
    <correspAction type="receiving">
     <persName/>
    </correspAction>
   </correspDesc>
   <langUsage>
    <language ident="ru"/>
   </langUsage>
   <textClass>
    <catRef ana="#tolstoy_heritage" target="library"/>
    <catRef ana="#letters" target="type"/>
    <catRef ana="#sent" target="sent"/>
   </textClass>
  </profileDesc>
 </teiHeader>
 <xenoData>
  <number type="in a volume">
   152
  </number>
 </xenoData>
 <text xml:id="AnglijskojDzhordzhevskojlige_152" xmlns="http://www.tei-c.org/ns/1.0" xmlns:xi="http://www.w3.org/2001/XInclude">
  <body>
   <div>
    <pb n="135"/>
    <opener index="false">
     152. Английской Джорджевской лиге.1909 г. Февраля 27 — марта 31. Я. П.
    </opener>
    <p id="70ea8269-74a7-443e-b5a0-280292194fc4" rend="right">
     Jasnaya Poliana, Tula, Russia,
    </p>
    <p id="23627d7e-d60e-4edf-a178-8ec3022a3c33" rend="right">
     March 31-st 1909.
    </p>
    <p id="5d5f425f-5bdb-4039-897f-7eddf3419b59">
     The fulfilment of Henry George’s teaching, i. e. the emancipation of the land from the right of property or, speaking more accurately, the emancipation of men from enlavery through the right of property of some over the land is in our time as
     <hi style="opdelimiter">
      urgently
     </hi>
     <pb n="136"/>
     <hi style="npdelimiter">
      necessary,
     </hi>
     as was fifty years ago the emancipation of men in America and Russia from direct slavery.
    </p>
    <p id="0c79e013-1cf8-4b2a-afc7-2cedcd5d3c54">
     Unfortunately, as direct slave-owners endeavoured with all their power to retain direct slavery, which was advantageous for them, so also at the present time the wealthy classes use all their power for the retention of indirect slavery based upon landed property.
    </p>
    <p id="4758d95f-af82-4304-b329-bfa127c587bb">
     In Russia, where people have never recognised landed property, this infamous action is particularly loathsome on the part of a stupid and coarse government which is endeavouring not only to retain the slaves in their servitude, but also by depraving the people to intensify their slavery in the future. I regard as stupid the action of our present government, because if it had put into practice Henry Georgeis principle that land cannot become exclusive property, — a principle always recognised and still recognised by the great mass of the Russian peasantry, — this measure alone, more effectually than all the acts of violence and cruelty now being accomplished by the government, would have pacified the people, and rendered impossible the codtinuation of the revolution. Whereas the Russian government has had recourse to a measure pricisely contrary to such an one by encouraging in every way the transference of the land from communal ownership to private individual ownership.
     <ref target="#note1">
      1
     </ref>
     <note index="false" resp="volume_editor" xml:id="note1">
      Толстой имеет в виду изданный П. А. Столыпиным 9 ноября 1906 г. закон о выделении крестьян из общин на хутора. Этим законом Столыпин стремился создать устойчивые кулацкие хозяйства как оплот в борьбе с революцией. Толстой относился к этому закону с безграничным возмущением.
     </note>
     In this I see the government's astounding stupidity. Whilst in those measures which the government applies for the repression of the dissafection amongst the people naturally flowing from their want in land, is manifested the government’s astounding cruelty.
    </p>
    <p id="17e46b5b-a439-4f82-b09b-23f86a3c4dc8">
     Therefore the activity of the Single-Tax League organised in England is especially gladdening.
    </p>
    <p id="75a2028e-9888-429c-b334-e92249cd655e">
     Henry George is especially to be appreciated by those who profess Christianity in its true sense, for not only are the foundations of his teaching, but also his methods truly Christian. As Jesus in his utterance, «Ye have heard that it was said: Thou shalt not kill,... but I say unto you, Resist not evil», has pointed out that the commandment, «Thou shalt not kill», never, absolutely in no case, can be broken, that neither may the pretext of retribution or of defence serve as a reason for the violation of this commandment; exactly so does Henry George point out that the commandment
     <hi>
      «Thou shalt not steal
     </hi>
     », can and should in no case be violated, and that as the pretext of right of
     <hi style="opdelimiter">
      property
     </hi>
     <pb n="137"/>
     <hi style="npdelimiter">
      of
     </hi>
     some on the land they have occupied or are cultivating, so also the pretext of depriving people of the produce of their labour in the guise of taxes for public needs may not be a reason for breaking the commandment, «Thou shalt not steal». As in the law of non-resistance to evil by violence, i. e. the prohibition of killing under any circumstances whatever, has been elucidated the injustice and harmfulness of the justification of violence under pretext of defence and common good, so also in Henry George’s teaching on the equal rights of all to the land, has been elucidated the injustice and harmfulness of the justification of robbery and theft under the pretext of either the exclusive right of some people to the land, or the depriving of those who lobour of the produce of their labour in order to use it for social needs.
    </p>
    <p id="0b7a54b6-b0fb-498c-bb2f-380ca852788c">
     In this lies the essence of George’s teaching. However those, who need to do so, may endeavour to conceal this teaching, it is so clear and indisputable that it cannot but be recognised by mankind.
    </p>
    <p id="aaa55570-e778-4d00-ba40-0932e3444267">
     God help you. On your side are Justice, reason, love. On your side is God, and therefore you cannot but be successful.
    </p>
    <p id="7244459d-23fb-459e-8adc-b5d9b33a3982">
     After writing this I have read in
     <hi>
      «The Open Road
     </hi>
     » for March 1909, an excellent article, «The Single Tax» by the «Odd Man».
     <ref target="#note2">
      2
     </ref>
     <note index="false" resp="volume_editor" xml:id="note2">
      «The single Tax», статья Г. Дэниеля (G. Daniel), издателя лондонского журнала «The Open Road», напечатанная под псевдонимом «Odd. Man». Номер журнала от марта 1909 г. со статьей Дэниеля не сохранился.
     </note>
    </p>
    <p id="963ffca4-3461-4db8-9172-4adba3fc854c">
     I presume you have read it. If not, I would allow myself to advise you to include it in your book.
     <ref target="#note3">
      3
     </ref>
     <note index="false" resp="volume_editor" xml:id="note3">
      О каком сборнике идет речь, не установлено.
     </note>
    </p>
    <p id="0bcdd4aa-6378-493b-92a0-842c4d65600d" rend="right">
     Leo Tolstoy.
    </p>
    <lb/>
    <p id="a47e6c82-88f0-4481-a433-d873cb78472d">
     Исполнение учения Генри Джорджа, т. е. освобождение земли от права собственности, или, выражаясь точнее, освобождение людей от порабощения посредством права собственности некоторых на землю, в наше время так же настоятельно необходимо, как было 50 лет тому назад освобождение людей в Америке и России от прямого рабства.
    </p>
    <p id="693e8e09-b843-4209-a48a-8bb0ef47313e">
     К сожалению, как тогда прямые рабовладельцы всеми силами старались удержать выгодное для них непосредственное рабство, так и теперь богатые классы употребляют все силы на удержание посредственного, устанавливаемого через земельную собственность рабства.
    </p>
    <p id="8bfc5df7-a615-4c96-bec7-30bc8ea2027f">
     В России, где народ никогда не признавал земельной собственности, теперь эта позорная деятельность глупого и грубого правительства, старающегося не только удержать рабов в их рабстве, но и, развратив народ, закабалить их в будущем,
     <hi style="opdelimiter">
      особенно
     </hi>
     <pb n="138"/>
     <hi style="npdelimiter">
      отвратительна.
     </hi>
     Глупыми я считаю действия нашего теперешнего правительства в особенности потому, что вместо применения к жизни мысли Генри Джорджа о том, что земля не может быть исключительной собственностью, мысли, всегда разделявшейся и теперь еще сознаваемой всей огромной массой русского крестьянства, — меры, которая одна сильнее всяких совершаемых теперь насилий и жестокостей, умиротворила бы народ и сделала бы невозможным продолжение революции, — оно, правительство, употребило как раз обратную меру, поощряя всеми средствами переход земли из общего владения в отдельную частную собственность.
     <ref target="#note4">
      4
     </ref>
     <note index="false" resp="volume_editor" xml:id="note4">
      Толстой имеет в виду изданный П. А. Столыпиным 9 ноября 1906 г. закон о выделении крестьян из общин на хутора. Этим законом Столыпин стремился создать устойчивые кулацкие хозяйства как оплот в борьбе с революцией. Толстой относился к этому закону с безграничным возмущением.
     </note>
     В этом я вижу поразительную глупость правительства. В тех же мерах, которые употребляются для подавления естественно вытекающего из этого недовольства в народе, проявляется и его поразительная жестокость.
    </p>
    <p id="545f4d61-2ed5-4d19-a17f-e908810a150f">
     И потому деятельность образовавшихся в Англии лиг для распространения идей Генри Джорджа особенно радостна.
    </p>
    <p id="6fe6629d-9a68-4300-b3d8-f82cc4d018e6">
     Генри Джордж особенно дорог людям, исповедующим христианство в его истинном смысле, потому что не только основы его учения, но и приемы его истинно христианские. Как Христос в словах: «Вам сказано не убий, а я говорю: не противься злу», указывает на то, что заповедь
     <hi>
      не убий
     </hi>
     никогда, ни в каких случаях не может быть нарушена, что ни предлог возмездия, ни защиты не может быть поводом отступления от заповеди; точно так же указывает и Генри Джордж на то, что заповедь
     <hi>
      не укради
     </hi>
     никогда, ни в каких случаях не может и не должна быть нарушена, и что как предлог права собственности одних людей на занятую или обрабатываемую ими землю, точно так же и предлог отбирания у людей произведений их труда в виде податей для общественных нужд не может быть поводом к отступлению от заповеди
     <hi>
      не укради
     </hi>
     . Как в законе непротивления злу насилием, т. е. запрещения убийства в каких бы то ни было случаях, выяснена несправедливость и зловредность оправдания насилия и убийства под предлогом защиты или общего блага, так и в учении Генри Джорджа о равном общем праве всех людей на землю выяснена несправедливость и зловредность оправдания грабежа и воровства, под предлогом ли исключительного права людей на землю или под предлогом отбирания у трудящихся произведений их труда для употребления на общественные нужды.
    </p>
    <p id="ddef6e9c-761d-4d98-b3b5-2a39dc49f744">
     В этом сущность учения
     <hi style="opdelimiter">
      Джорджа.
     </hi>
    </p>
    <p id="1492750a-3913-4b24-a20c-d0798205838c">
     <pb n="139"/>
     <hi style="npdelimiter">
      Как
     </hi>
     ни стараются те, кому это нужно, скрыть это учение, оно так ясно и бесспорно, что не может не быть признано людьми.
    </p>
    <p id="59f2cfd9-9033-4c07-b232-0418dbfe457e">
     Помогай же вам бог. На вашей стороне справедливость, разум, любовь. На вашей стороне бог, и потому вы не можете не иметь успеха.
    </p>
    <p id="a2bd5e7f-4fa2-4ccd-8039-9663e22747fa">
     Уже после написания этой заметки я прочел в Open Road за март 1909 превосходную статью The single Tax by the Odd Man.
     <ref target="#note5">
      5
     </ref>
     <note index="false" resp="volume_editor" xml:id="note5">
      «The single Tax», статья Г. Дэниеля (G. Daniel), издателя лондонского журнала «The Open Road», напечатанная под псевдонимом «Odd. Man». Номер журнала от марта 1909 г. со статьей Дэниеля не сохранился.
     </note>
     Думаю, что статья эта вам известна, если же нет, то позволяю себе советовать вам включить ее в ваш сборник.
     <ref target="#note6">
      6
     </ref>
     <note index="false" resp="volume_editor" xml:id="note6">
      О каком сборнике идет речь, не установлено.
     </note>
    </p>
    <p id="d6a0690e-f8ff-413b-bfef-954a4da30fa9" rend="right">
     <name placement="text" ref="13883" type="person">
      Лев Толстой
     </name>
     .
    </p>
    <p id="825487c5-746c-4be9-994e-73e79d44716e">
     3 марта 1909.
    </p>
    <noteGrp type="comments">
     <note index="false" type="comments">
      <p id="6b45a489-99da-4f31-b459-b9138be2062a" rend="Textpetit_otstup left">
       Как английский, так и русский текст печатаются по машинописным копиям из АЧ. В ГМТ сохранились три версии черновиков русского текста письма с датами H.H. Гусева на первой и второй версиях: 27 февраля и 2 марта. На английский язык письмо было переведено В. Г. Чертковым и исправлено и подписано Толстым.
      </p>
     </note>
     <note index="false" type="comments">
      <p id="b04478b8-62ad-4c99-9a11-f8bf052c1b62" rend="petit">
       Письмо Толстого, обращенное к английской Джорджевской лиге, было написано по просьбе В. Г. Черткова. Д. П. Маковицкий 24 февраля записал в своем дневнике: «В. Г. Чертков привез Л. Н-чу письмо члена английского парламента, намеревающегося основать Генри-Джорджевскую лигу. Просил Л. Н-ча написать ему. По поводу этого письма Л. Н. сказал, что можно ожидать проведения джорджевской реформы в Англии.... В. Г. Чертков усомнился в том, чтобы англичане сделали это, так как у них решают лорды, палата лордов» (рукопись).
      </p>
     </note>
     <note index="false" type="comments">
      <p id="f9f241c0-6b96-4698-b4b9-b93c71722903" rend="petit">
       Упоминаемое письмо члена английского парламента не сохранилось.
      </p>
     </note>
    </noteGrp>
   </div>
  </body>
 </text>
</TEI>
