<?xml version="1.0" encoding="utf-8"?>
<TEI xmlns="http://www.tei-c.org/ns/1.0" xmlns:xi="http://www.w3.org/2001/XInclude">
 <teiHeader>
  <fileDesc>
   <titleStmt>
    <title xml:id="v79_050_Tarasovoj">
     Письма и документы. Tolstoy Digital
    </title>
    <title type="main">
     Письмо Тарасовой от 29 января 1909 г.
    </title>
    <title type="bibl">
     Толстой Л. Н. Письмо Тарасовой, 29 января 1909 г. // Толстой Л. Н. Полное собрание сочинений: в 90 тт. Т. 79. М.: Гос. изд. «Художественная литература», 1955. С.
    </title>
    <respStmt>
     <resp>
      Идея, постановка задач, руководство:
     </resp>
     <name>
      Анастасия Бонч-Осмоловская, Фёкла Толстая, Борис Орехов, Тимофей Лукашевский
     </name>
    </respStmt>
    <respStmt>
     <resp>
      Подготовка TEI/XML:
     </resp>
     <name>
      Евгений Можаев, Даниил Скоринкин, Ирина Павлова, Матвей Колбасов, Елена Сидорова, Кирилл Милинцевич, Лев Буланов, Макар Федоров, Константин Петров
     </name>
    </respStmt>
    <respStmt>
     <resp>
      Подготовка метаданных:
     </resp>
     <name>
      Мария Картышева, Вероника Файнберг
     </name>
    </respStmt>
    <respStmt>
     <resp>
      Разметка имен собственных:
     </resp>
     <name>
      Никита Северин, Елена Северина
     </name>
    </respStmt>
    <respStmt>
     <resp>
      Исправление древнегреческого текста:
     </resp>
     <name>
      Ольга Алиева
     </name>
    </respStmt>
    <funder>
     Проект «Слово Толстого»
    </funder>
   </titleStmt>
   <publicationStmt>
    <publisher>
     <orgName>
      Tolstoy Digital, DH CLOUD, Научно-образовательный союз «Родное Слово» проект «Слово Толстого»
     </orgName>
    </publisher>
    <availability>
     <p id="7347148f-7022-4aaa-9044-8ea0c35556a0">
      Тексты и метатекстовая разметка доступны для свободного использования и распространения по лицензии Creative Commons Attribution Share-Alike (cc by-sa)
     </p>
    </availability>
    <date from="2015" to="2022"/>
   </publicationStmt>
   <notesStmt>
    <note>
     Публикуемые документы был получены с сайта tolstoy.ru в формате html, переведены в формат TEI. Исправлены некоторые ошибки распознавания. Тексты, написанные в дореформенной орфографии, сопоставлены с их версиями в современной орфографии.
    </note>
   </notesStmt>
   <sourceDesc>
    <biblStruct>
     <analytic>
      <author>
       Толстой Лев Николаевич
      </author>
     </analytic>
     <monogr>
      <title level="m">
       Полное собрание сочинений. Том 79
      </title>
      <imprint>
       <pubPlace>
        Москва
       </pubPlace>
       <publisher>
        Государственное издательство «Художественная литература»
       </publisher>
       <date when="1955"/>
      </imprint>
      <biblScope unit="vol">
       79
      </biblScope>
      <biblScope unit="page">
       51-52
      </biblScope>
     </monogr>
     <series>
      <title level="s">
       Л. Н. Толстой. Полное собрание сочинений: в 90 тт.
      </title>
     </series>
    </biblStruct>
    <bibl>
     Публикуется впервые
    </bibl>
   </sourceDesc>
  </fileDesc>
  <encodingDesc>
   <classDecl>
    <xi:include href="../../reference/taxonomy.xml"/>
   </classDecl>
  </encodingDesc>
  <profileDesc>
   <correspDesc>
    <correspAction type="sending">
     <persName ref="13883">
      Л. Н. Толстой
     </persName>
     <placeName>
      Ясная Поляна
     </placeName>
     <date when="1909-01-29"/>
    </correspAction>
    <correspAction type="receiving">
     <persName ref="13528">
      Тарасова
     </persName>
    </correspAction>
   </correspDesc>
   <langUsage>
    <language ident="ru"/>
   </langUsage>
   <textClass>
    <catRef ana="#tolstoy_heritage" target="library"/>
    <catRef ana="#letters" target="type"/>
    <catRef ana="#sent" target="sent"/>
   </textClass>
  </profileDesc>
 </teiHeader>
 <xenoData>
  <number type="in a volume">
   50
  </number>
 </xenoData>
 <text xml:id="Tarasovoj_50" xmlns="http://www.tei-c.org/ns/1.0" xmlns:xi="http://www.w3.org/2001/XInclude">
  <body>
   <div>
    <pb n="51"/>
    <opener index="false">
     * 50. Тарасовой.1909 г. Января 29. Я. П.
    </opener>
    <p id="1cc9cba3-3c32-4403-9c48-95f06ed4c3ea" rend="right">
     Ясная Поляна. 29 января 09 г.
    </p>
    <p id="a5ec8780-e2c4-475b-89f0-b3d3a025b4a1">
     Очень благодарю вас за письмо и милую характеристику, невольно вызывающую к ним любовь и уважение, и кухарки и дворника. Передайте им, пожалуйста, мой привет, особенно дворнику. Посылаю вам несколько моих книг, чтобы вы передали их ему от меня.
    </p>
    <p id="afcc23ee-2646-4e81-8480-625d081f4d6d">
     Делая характеристику кухарки и дворника, вы невольно сделали и характеристику и самой себе — человека, ищущего и видящего в других всё доброе.
    </p>
    <p id="fae2aeb6-81d8-4668-b608-52c530bdce4d" rend="right rightindent">
     Искренно полюбивший вас за это
    </p>
    <p id="0ce8d766-2725-4d5a-8ea9-85609b84979a" rend="right">
     Лев
     <hi style="opdelimiter">
      Толстой.
     </hi>
    </p>
    <noteGrp type="comments">
     <div rend="poem petit">
      <div rend="stanza left">
       <p id="93cb7ad6-1c1d-433d-ad7b-649187b5b76d" rend="v">
        «Михайловна! Толстова
       </p>
       <p id="e13409b6-1a47-46ea-b8ac-b5f32fff106f" rend="v">
        (Хоть он старик святой)
       </p>
       <p id="01ca127f-52c5-4921-82ef-bdc351d16bfe" rend="v">
        Бранить всегда готова
       </p>
       <p id="cd941196-81e8-4f15-a87f-1bed9d17b606" rend="v">
        Ты бранью площадной.
       </p>
       <p id="e59940c6-6272-48de-8e78-a048032db9f3" rend="v">
        Об нем ты мало знаешь,
       </p>
       <p id="8794cb71-0bd1-4288-9982-2739677bc096" rend="v">
        И лишь похвалит кто,
       </p>
       <p id="99b4b67f-563c-4a79-9de5-df3eab865d41" rend="v">
        Ты и того ругаешь,
       </p>
       <p id="17ee79b0-1ec6-405e-99cb-e980f8684f18" rend="v">
        Не ведая за что.
       </p>
       <p id="6cbc7a91-571e-4490-ae53-3ae9c2a1ebf3" rend="v">
        И вот, чтоб ты узнала,
       </p>
       <p id="6abbfbb2-3f00-4a33-b254-0da26923434a" rend="v">
        Как сладок он и мил,
       </p>
       <p id="79c76d30-40ae-4408-b703-0c3457528220" rend="v">
        И больше не ругала,
       </p>
       <p id="0f6fb140-fdf4-4e5b-9f51-2ab6d1d4d248" rend="v">
        Я карамель купил.
       </p>
       <p id="3e7377f6-c6ef-4cd4-9613-814bae950ab6" rend="v">
        Отведав карамели
       </p>
       <p id="4e00edf2-c749-42bf-98f2-5fbcb1f7e5bd" rend="v">
        Толстовской, может быть.
       </p>
       <p id="30e534f5-424a-4832-b2b5-651170403e90" rend="v">
        Браня его доселе,
       </p>
       <p id="91e8cb19-d7dd-4a01-b046-99c1ac457fc8" rend="v">
        Потом начнешь хвалить».
       </p>
      </div>
     </div>
     <note index="false" type="comments">
      <p id="7b598aaf-6177-4ada-b000-e899460c32e7" rend="Textpetit_otstup left">
       <pb n="52"/>
       <hi style="npdelimiter">
        Печатается
       </hi>
       по копировальной книге № 8, л. 474 (первый абзац письма написан на машинке; со второго абзаца и до конца — рукой H. Н. Гусева).
      </p>
     </note>
     <note index="false" type="comments">
      <p id="eb548f4a-4f4c-4022-8355-566b6d8a8ca2" rend="petit">
       Ответ на письмо Тарасовой (сведений о ней не имеется) из Москвы от 25 января, в котором она посылала Толстому стихотворение, написанное ее дворником ко дню именин ее кухарки, старушки, всегда упрекавшей Толстого за его «безверие» и за то, что он «испортил А. П. Чехова», который стал «таким же нехристем», как и Толстой. Свое стихотворение дворник приложил к коробке карамели «Ясная Поляна». Текст его читается:
      </p>
     </note>
     <note index="false" type="comments">
      <p id="e25ad369-49ca-4d15-8c99-6286c38817da" rend="petit">
       В неопубликованном дневнике Д. П. Маковицкого 28 января 1909 г. записано: «Л. Н. попросил Н. Н. Гусева прочесть вслух полученное сегодня и доставившее ему большое удовольствие письмо московской барыни, в котором она описывает дворника, живущего у нее. Это человек, ведущий скромную, тихую жизнь, много читает, в том числе и Л. Н-ча, которого очень любит. Кухарка, живущая у них в доме, старушка, напротив, очень бранит Л. Н-ча за то, что он отрекся от православной веры. Дворник подарил ей на именины коробку конфет “Ясная Поляна” и с ней вместе свои стихи».
      </p>
     </note>
    </noteGrp>
   </div>
  </body>
 </text>
</TEI>
