<?xml version="1.0" encoding="utf-8"?>
<TEI xmlns="http://www.tei-c.org/ns/1.0" xmlns:xi="http://www.w3.org/2001/XInclude">
 <teiHeader>
  <fileDesc>
   <titleStmt>
    <title xml:id="v79_110_RusskojkoloniivKolombo">
     Письма и документы. Tolstoy Digital
    </title>
    <title type="main">
     Письмо Русской колонии в Коломбо от 5 марта 1909 г.
    </title>
    <title type="bibl">
     Толстой Л. Н. Письмо русской колонии в Коломбо, 5 марта 1909 г. // Толстой Л. Н. Полное собрание сочинений: в 90 тт. Т. 79. М.: Гос. изд. «Художественная литература», 1955. С.
    </title>
    <respStmt>
     <resp>
      Идея, постановка задач, руководство:
     </resp>
     <name>
      Анастасия Бонч-Осмоловская, Фёкла Толстая, Борис Орехов, Тимофей Лукашевский
     </name>
    </respStmt>
    <respStmt>
     <resp>
      Подготовка TEI/XML:
     </resp>
     <name>
      Евгений Можаев, Даниил Скоринкин, Ирина Павлова, Матвей Колбасов, Елена Сидорова, Кирилл Милинцевич, Лев Буланов, Макар Федоров, Константин Петров
     </name>
    </respStmt>
    <respStmt>
     <resp>
      Подготовка метаданных:
     </resp>
     <name>
      Мария Картышева, Вероника Файнберг
     </name>
    </respStmt>
    <respStmt>
     <resp>
      Разметка имен собственных:
     </resp>
     <name>
      Никита Северин, Елена Северина
     </name>
    </respStmt>
    <respStmt>
     <resp>
      Исправление древнегреческого текста:
     </resp>
     <name>
      Ольга Алиева
     </name>
    </respStmt>
    <funder>
     Проект «Слово Толстого»
    </funder>
   </titleStmt>
   <publicationStmt>
    <publisher>
     <orgName>
      Tolstoy Digital, DH CLOUD, Научно-образовательный союз «Родное Слово» проект «Слово Толстого»
     </orgName>
    </publisher>
    <availability>
     <p id="e3aeb792-b622-4f2b-97af-a69f63740e63">
      Тексты и метатекстовая разметка доступны для свободного использования и распространения по лицензии Creative Commons Attribution Share-Alike (cc by-sa)
     </p>
    </availability>
    <date from="2015" to="2022"/>
   </publicationStmt>
   <notesStmt>
    <note>
     Публикуемые документы был получены с сайта tolstoy.ru в формате html, переведены в формат TEI. Исправлены некоторые ошибки распознавания. Тексты, написанные в дореформенной орфографии, сопоставлены с их версиями в современной орфографии.
    </note>
   </notesStmt>
   <sourceDesc>
    <biblStruct>
     <analytic>
      <author>
       Толстой Лев Николаевич
      </author>
     </analytic>
     <monogr>
      <title level="m">
       Полное собрание сочинений. Том 79
      </title>
      <imprint>
       <pubPlace>
        Москва
       </pubPlace>
       <publisher>
        Государственное издательство «Художественная литература»
       </publisher>
       <date when="1955"/>
      </imprint>
      <biblScope unit="vol">
       79
      </biblScope>
      <biblScope unit="page">
       102-103
      </biblScope>
     </monogr>
     <series>
      <title level="s">
       Л. Н. Толстой. Полное собрание сочинений: в 90 тт.
      </title>
     </series>
    </biblStruct>
    <bibl/>
   </sourceDesc>
  </fileDesc>
  <encodingDesc>
   <classDecl>
    <xi:include href="../../reference/taxonomy.xml"/>
   </classDecl>
  </encodingDesc>
  <profileDesc>
   <correspDesc>
    <correspAction type="sending">
     <persName ref="13883">
      Л. Н. Толстой
     </persName>
     <placeName>
      Ясная Поляна
     </placeName>
     <date when="1909-03-05"/>
    </correspAction>
    <correspAction type="receiving">
     <persName/>
    </correspAction>
   </correspDesc>
   <langUsage>
    <language ident="ru"/>
   </langUsage>
   <textClass>
    <catRef ana="#tolstoy_heritage" target="library"/>
    <catRef ana="#letters" target="type"/>
    <catRef ana="#sent" target="sent"/>
   </textClass>
  </profileDesc>
 </teiHeader>
 <xenoData>
  <number type="in a volume">
   110
  </number>
 </xenoData>
 <text xml:id="RusskojkoloniivKolombo_110" xmlns="http://www.tei-c.org/ns/1.0" xmlns:xi="http://www.w3.org/2001/XInclude">
  <body>
   <div>
    <pb n="102"/>
    <opener index="false">
     * 110. Русской колонии в Коломбо.1909 г. Марта 5. Я. П.
    </opener>
    <p id="b1a5b8be-d144-47e9-936b-19bff9ffd3b7">
     Вчера получил вашу великолепную книгу о Цейлоне и благодарю вас за нее, за благотворительные деньги 176 рублей, которые думаю, что распределил сообразно вашему желанию между бедными вдовами нашего околотка. Благодарю еще за добрые слова, сказанные в день моего рождения, и, главное, за те добрые чувства, которые выражены мне так далеко живущими соотечественниками.
    </p>
    <p id="e941664d-01b8-435c-962f-ea81f0532cb4" rend="right">
     <name placement="text" ref="13883" type="person">
      Лев Толстой
     </name>
     .
    </p>
    <p id="25f07e2e-d1e0-4457-954d-c7052796d0a8">
     Тульской губ.
    </p>
    <p id="67eb75c6-85d6-4399-b70a-4bdfe8ef4e60">
     Ясная Поляна
    </p>
    <p id="0cf9b864-0134-4a2b-88e7-288d1ce963fc">
     5 марта 1909.
    </p>
    <noteGrp type="comments">
     <note index="false" type="comments">
      <p id="4a5f2970-cd91-417e-a2c1-2fec30925507" rend="Textpetit_otstup left">
       Печатается по подлиннику. Впервые опубликовано в Америке (к подлиннику письма приложена вырезка из американской газеты, без даты и указания названия газеты, с заметкой «The Russian Community in Colombo», в которой и помещено письмо Толстого).
      </p>
     </note>
     <note index="false" type="comments">
      <p id="c772fab9-3120-4130-91d9-bf74832b6d84" rend="petit">
       В августе 1908 г. на собрании членов русской колонии в Коломбо по вопросу о чествовании Толстого в день его восьмидесятилетия было постановлено послать Толстому поздравительную телеграмму и иллюстрированную книгу о Цейлоне: «Picturesque Ceylon» («Живописный Цейлон»). В ответ на поздравление и было написано публикуемое письмо Толстого. Телеграмма из Коломбо не сохранилась.
      </p>
     </note>
     <note index="false" type="comments">
      <p id="cd2b718c-bceb-4483-bf1b-f3c2148cc85e" rend="emptyline">
       <pb n="103"/>
      </p>
     </note>
    </noteGrp>
   </div>
  </body>
 </text>
</TEI>
