<?xml version="1.0" encoding="utf-8"?>
<TEI xmlns="http://www.tei-c.org/ns/1.0" xmlns:xi="http://www.w3.org/2001/XInclude">
 <teiHeader>
  <fileDesc>
   <titleStmt>
    <title xml:id="v79_061_V_A_SHejermanu">
     Письма и документы. Tolstoy Digital
    </title>
    <title type="main">
     Письмо В. А. Шейерману от 9 февраля 1909 г.
    </title>
    <title type="bibl">
     Толстой Л. Н. Письмо В. А. Шейерману, 9 февраля 1909 г. // Толстой Л. Н. Полное собрание сочинений: в 90 тт. Т. 79. М.: Гос. изд. «Художественная литература», 1955. С.
    </title>
    <respStmt>
     <resp>
      Идея, постановка задач, руководство:
     </resp>
     <name>
      Анастасия Бонч-Осмоловская, Фёкла Толстая, Борис Орехов, Тимофей Лукашевский
     </name>
    </respStmt>
    <respStmt>
     <resp>
      Подготовка TEI/XML:
     </resp>
     <name>
      Евгений Можаев, Даниил Скоринкин, Ирина Павлова, Матвей Колбасов, Елена Сидорова, Кирилл Милинцевич, Лев Буланов, Макар Федоров, Константин Петров
     </name>
    </respStmt>
    <respStmt>
     <resp>
      Подготовка метаданных:
     </resp>
     <name>
      Мария Картышева, Вероника Файнберг
     </name>
    </respStmt>
    <respStmt>
     <resp>
      Разметка имен собственных:
     </resp>
     <name>
      Никита Северин, Елена Северина
     </name>
    </respStmt>
    <respStmt>
     <resp>
      Исправление древнегреческого текста:
     </resp>
     <name>
      Ольга Алиева
     </name>
    </respStmt>
    <funder>
     Проект «Слово Толстого»
    </funder>
   </titleStmt>
   <publicationStmt>
    <publisher>
     <orgName>
      Tolstoy Digital, DH CLOUD, Научно-образовательный союз «Родное Слово» проект «Слово Толстого»
     </orgName>
    </publisher>
    <availability>
     <p id="3d92dd5d-5504-4211-bb0c-57b2a97af930">
      Тексты и метатекстовая разметка доступны для свободного использования и распространения по лицензии Creative Commons Attribution Share-Alike (cc by-sa)
     </p>
    </availability>
    <date from="2015" to="2022"/>
   </publicationStmt>
   <notesStmt>
    <note>
     Публикуемые документы был получены с сайта tolstoy.ru в формате html, переведены в формат TEI. Исправлены некоторые ошибки распознавания. Тексты, написанные в дореформенной орфографии, сопоставлены с их версиями в современной орфографии.
    </note>
   </notesStmt>
   <sourceDesc>
    <biblStruct>
     <analytic>
      <author>
       Толстой Лев Николаевич
      </author>
     </analytic>
     <monogr>
      <title level="m">
       Полное собрание сочинений. Том 79
      </title>
      <imprint>
       <pubPlace>
        Москва
       </pubPlace>
       <publisher>
        Государственное издательство «Художественная литература»
       </publisher>
       <date when="1955"/>
      </imprint>
      <biblScope unit="vol">
       79
      </biblScope>
      <biblScope unit="page">
       62-63
      </biblScope>
     </monogr>
     <series>
      <title level="s">
       Л. Н. Толстой. Полное собрание сочинений: в 90 тт.
      </title>
     </series>
    </biblStruct>
    <bibl>
     Публикуется впервые
    </bibl>
   </sourceDesc>
  </fileDesc>
  <encodingDesc>
   <classDecl>
    <xi:include href="../../reference/taxonomy.xml"/>
   </classDecl>
  </encodingDesc>
  <profileDesc>
   <correspDesc>
    <correspAction type="sending">
     <persName ref="13883">
      Л. Н. Толстой
     </persName>
     <placeName>
      Ясная Поляна
     </placeName>
     <date when="1909-02-09"/>
    </correspAction>
    <correspAction type="receiving">
     <persName ref="15535">
      Шейерман Владимир Александрович
     </persName>
    </correspAction>
   </correspDesc>
   <langUsage>
    <language ident="ru"/>
   </langUsage>
   <textClass>
    <catRef ana="#tolstoy_heritage" target="library"/>
    <catRef ana="#letters" target="type"/>
    <catRef ana="#sent" target="sent"/>
   </textClass>
  </profileDesc>
 </teiHeader>
 <xenoData>
  <number type="in a volume">
   61
  </number>
 </xenoData>
 <text xml:id="V.A.SHejermanu_61" xmlns="http://www.tei-c.org/ns/1.0" xmlns:xi="http://www.w3.org/2001/XInclude">
  <body>
   <div>
    <pb n="62"/>
    <opener index="false">
     * 61.
     <name placement="text" ref="15535" type="person">
      В. А. Шейерману
     </name>
     .1909 г. Февраля 9. Я. П.
    </opener>
    <p id="fb77392a-6dc6-4b64-9095-c8a3c1722953">
     Получил ваше до глубины души тронувшее меня письмо.
    </p>
    <p id="3ad57eeb-2e74-4e7e-a516-8b7da6208829">
     Да, не важно то место, на
     <choice original_editorial_correction="к[отором]">
      <sic>
       к
      </sic>
      <corr>
       котором
      </corr>
     </choice>
     находится человек в данное время, а то направление, в
     <choice original_editorial_correction="к[отор]ом">
      <sic>
       ком
      </sic>
      <corr>
       котором
      </corr>
     </choice>
     он движется, и быстрота, энергия движения. Вот эту-то, — если я позволю себе высказать свое мнение, — верность направления и энергию движения я видел в вас и при личном свидании
     <ref target="#note1">
      1
     </ref>
     <note index="false" resp="volume_editor" xml:id="note1">
      В. А. Шейерман был в Ясной Поляне 16 января 1909 г. Его посещение Толстой отметил в Дневнике 17 января. См. т. 57, стр. 13.
     </note>
     и в письме
     <hi style="opdelimiter">
      вашем.
     </hi>
    </p>
    <p id="3932ec3c-9a64-4106-aac4-ad76320e9f59">
     <pb n="63"/>
     <hi style="npdelimiter">
      Помогай
     </hi>
     вам в этом бог. Желаю этого вам,
     <choice original_editorial_correction="п[отому]">
      <sic>
       п
      </sic>
      <corr>
       потому
      </corr>
     </choice>
     <choice original_editorial_correction="ч[то]">
      <sic>
       ч
      </sic>
      <corr>
       что
      </corr>
     </choice>
     по себе знаю,
     <choice original_editorial_correction="ч[то]">
      <sic>
       ч
      </sic>
      <corr>
       что
      </corr>
     </choice>
     в этом всё большем и большем исправлении направления и усилении быстроты движения лучшее, да едва ли не единственное настоящее благо жизни.
    </p>
    <p id="c43f572f-1e43-4712-8893-ce2d3f48a2d4">
     Спасибо вам большое за ваше письмо и за доброе ко мне чувство. Всей душой полюбивший вас
     <name placement="text" ref="13883" type="person">
      Л. Толстой
     </name>
     .
    </p>
    <p id="a223b257-c180-42f7-894f-cc986564f51c">
     Привет вашему милому сыну.
     <ref target="#note2">
      2
     </ref>
     <note index="false" resp="volume_editor" xml:id="note2">
      Михаил Владимирович Шейерман (р. 1890).
     </note>
     Пожалуйста, при досуге и желании извещайте меня о себе.
    </p>
    <p id="97058c31-5137-4e94-ba56-09cbf9936c52">
     В последнее время всё больше и больше узнаешь людей, идущих по одному с нами пути, и это такая большая незаслуженная радость.
    </p>
    <p id="46cc7436-ba82-4712-944f-2d2d3fc72d7f">
     9 февр. 1909.
    </p>
    <noteGrp type="comments">
     <note index="false" type="comments">
      <p id="c92996e6-aa8b-409b-85ea-72344ec65162" rend="Textpetit_otstup left">
       Печатается по копировальной книге № 8, лл. 483—484.
      </p>
     </note>
     <note index="false" type="comments">
      <p id="cb6a13c3-68f1-4c1c-ac2c-405bf7f1be00" rend="petit">
       <name placement="comments" ref="15535" type="person">
        Владимир Александрович Шейерман
       </name>
       (1864—1939) — помещик Екатеринославской губ., отдавший землю крестьянам; участник и организатор нескольких земледельческих колоний. См. т. 75.
      </p>
     </note>
     <note index="false" type="comments">
      <p id="c2b6ccb6-f2cd-4c54-b526-ae90731a6393" rend="petit">
       Ответ на письмо В. А. Шейермана от 5 февраля, в котором Шейерман писал о неудовлетворенности жизнью в земледельческой колонии: «Мы как будто отделяем себя от других людей, нам не сочувствующих; или враждебных. В этом ошибка». На конверте письма Шейермана Толстой написал: Прекрасное письмо Шейермана.
      </p>
     </note>
    </noteGrp>
   </div>
  </body>
 </text>
</TEI>
