<?xml version="1.0" encoding="utf-8"?>
<TEI xmlns="http://www.tei-c.org/ns/1.0" xmlns:xi="http://www.w3.org/2001/XInclude">
 <teiHeader>
  <fileDesc>
   <titleStmt>
    <title xml:id="v79_266_P_Infantevu">
     Письма и документы. Tolstoy Digital
    </title>
    <title type="main">
     Письмо П. Инфантьеву от 7 июня 1909 г.
    </title>
    <title type="bibl">
     Толстой Л. Н. Письмо П. Инфантьеву, 7 июня 1909 г. // Толстой Л. Н. Полное собрание сочинений: в 90 тт. Т. 79. М.: Гос. изд. «Художественная литература», 1955. С.
    </title>
    <respStmt>
     <resp>
      Идея, постановка задач, руководство:
     </resp>
     <name>
      Анастасия Бонч-Осмоловская, Фёкла Толстая, Борис Орехов, Тимофей Лукашевский
     </name>
    </respStmt>
    <respStmt>
     <resp>
      Подготовка TEI/XML:
     </resp>
     <name>
      Евгений Можаев, Даниил Скоринкин, Ирина Павлова, Матвей Колбасов, Елена Сидорова, Кирилл Милинцевич, Лев Буланов, Макар Федоров, Константин Петров
     </name>
    </respStmt>
    <respStmt>
     <resp>
      Подготовка метаданных:
     </resp>
     <name>
      Мария Картышева, Вероника Файнберг
     </name>
    </respStmt>
    <respStmt>
     <resp>
      Разметка имен собственных:
     </resp>
     <name>
      Никита Северин, Елена Северина
     </name>
    </respStmt>
    <respStmt>
     <resp>
      Исправление древнегреческого текста:
     </resp>
     <name>
      Ольга Алиева
     </name>
    </respStmt>
    <funder>
     Проект «Слово Толстого»
    </funder>
   </titleStmt>
   <publicationStmt>
    <publisher>
     <orgName>
      Tolstoy Digital, DH CLOUD, Научно-образовательный союз «Родное Слово» проект «Слово Толстого»
     </orgName>
    </publisher>
    <availability>
     <p id="0f6efe32-8e6d-40dc-907f-04b8b6d6359f">
      Тексты и метатекстовая разметка доступны для свободного использования и распространения по лицензии Creative Commons Attribution Share-Alike (cc by-sa)
     </p>
    </availability>
    <date from="2015" to="2022"/>
   </publicationStmt>
   <notesStmt>
    <note>
     Публикуемые документы был получены с сайта tolstoy.ru в формате html, переведены в формат TEI. Исправлены некоторые ошибки распознавания. Тексты, написанные в дореформенной орфографии, сопоставлены с их версиями в современной орфографии.
    </note>
   </notesStmt>
   <sourceDesc>
    <biblStruct>
     <analytic>
      <author>
       Толстой Лев Николаевич
      </author>
     </analytic>
     <monogr>
      <title level="m">
       Полное собрание сочинений. Том 79
      </title>
      <imprint>
       <pubPlace>
        Москва
       </pubPlace>
       <publisher>
        Государственное издательство «Художественная литература»
       </publisher>
       <date when="1955"/>
      </imprint>
      <biblScope unit="vol">
       79
      </biblScope>
      <biblScope unit="page">
       224-225
      </biblScope>
     </monogr>
     <series>
      <title level="s">
       Л. Н. Толстой. Полное собрание сочинений: в 90 тт.
      </title>
     </series>
    </biblStruct>
    <bibl>
     Публикуется впервые
    </bibl>
   </sourceDesc>
  </fileDesc>
  <encodingDesc>
   <classDecl>
    <xi:include href="../../reference/taxonomy.xml"/>
   </classDecl>
  </encodingDesc>
  <profileDesc>
   <correspDesc>
    <correspAction type="sending">
     <persName ref="13883">
      Л. Н. Толстой
     </persName>
     <placeName>
      Ясная Поляна
     </placeName>
     <date when="1909-06-07"/>
    </correspAction>
    <correspAction type="receiving">
     <persName ref="5779">
      Инфантьев П.
     </persName>
    </correspAction>
   </correspDesc>
   <langUsage>
    <language ident="ru"/>
   </langUsage>
   <textClass>
    <catRef ana="#tolstoy_heritage" target="library"/>
    <catRef ana="#letters" target="type"/>
    <catRef ana="#sent" target="sent"/>
   </textClass>
  </profileDesc>
 </teiHeader>
 <xenoData>
  <number type="in a volume">
   266
  </number>
 </xenoData>
 <text xml:id="P.Infantevu_266" xmlns="http://www.tei-c.org/ns/1.0" xmlns:xi="http://www.w3.org/2001/XInclude">
  <body>
   <div>
    <pb n="224"/>
    <opener index="false">
     * 266. П. Инфантьеву.1909 г. Июня 7. Я. П.
    </opener>
    <p id="3e241e15-a06b-4a43-8676-d770c79fd542" rend="right">
     Ясная Поляна, 7 июня 09 года.
    </p>
    <p id="5f537795-189c-4543-897e-5de6824e8b2e">
     Прочел вашу статью и возвращаю ее вам. Я не могу согласиться с мыслью, выраженной в статье, потому что не вижу тех мотивов, которые могли бы заставить людей подчиняться тому справедливому устройству, которое вы предлагаете,
     <ref target="#note1">
      1
     </ref>
     <note index="false" resp="volume_editor" xml:id="note1">
      В дубликате подлинника: «предполагаете». Исправлено по черновику.
     </note>
     а также не могу предположить тех необычайных административных способностей, которыми должны будут обладать те люди, которые установят все подробности этого устройства и будут его поддерживать.
    </p>
    <noteGrp type="comments">
     <note index="false" type="comments">
      <p id="32df21b6-95a8-411b-8a52-05cbed1b3256" rend="Textpetit_otstup left">
       Печатается по дубликату подлинника. Сверено с черновиком-автографом, написанным на конверте письма адресата.
      </p>
     </note>
     <note index="false" type="comments">
      <p id="b25053af-510f-4869-8de4-5c8679eedc71" rend="petit">
       Ответ на письмо П. Инфантьева (сведений о нем не имеется) из Валдая, Новгородской губ., от 2 июня, который сообщал о посылке Толстому своей статьи-«утопии» — «Более или менее отдаленное будущее». В АТ статьи этой нет. Судя по помете H. Н. Гусева на письме Инфантьева, она была отослана автору.
      </p>
     </note>
    </noteGrp>
   </div>
  </body>
 </text>
</TEI>
