<?xml version="1.0" encoding="utf-8"?>
<TEI xmlns="http://www.tei-c.org/ns/1.0" xmlns:xi="http://www.w3.org/2001/XInclude">
 <teiHeader>
  <fileDesc>
   <titleStmt>
    <title xml:id="v79_221_Z_M_Gaginoj">
     Письма и документы. Tolstoy Digital
    </title>
    <title type="main">
     Письмо З. М. Гагиной от 7 мая 1909 г.
    </title>
    <title type="bibl">
     Толстой Л. Н. Письмо З. М. Гагиной, 7 мая 1909 г. // Толстой Л. Н. Полное собрание сочинений: в 90 тт. Т. 79. М.: Гос. изд. «Художественная литература», 1955. С.
    </title>
    <respStmt>
     <resp>
      Идея, постановка задач, руководство:
     </resp>
     <name>
      Анастасия Бонч-Осмоловская, Фёкла Толстая, Борис Орехов, Тимофей Лукашевский
     </name>
    </respStmt>
    <respStmt>
     <resp>
      Подготовка TEI/XML:
     </resp>
     <name>
      Евгений Можаев, Даниил Скоринкин, Ирина Павлова, Матвей Колбасов, Елена Сидорова, Кирилл Милинцевич, Лев Буланов, Макар Федоров, Константин Петров
     </name>
    </respStmt>
    <respStmt>
     <resp>
      Подготовка метаданных:
     </resp>
     <name>
      Мария Картышева, Вероника Файнберг
     </name>
    </respStmt>
    <respStmt>
     <resp>
      Разметка имен собственных:
     </resp>
     <name>
      Никита Северин, Елена Северина
     </name>
    </respStmt>
    <respStmt>
     <resp>
      Исправление древнегреческого текста:
     </resp>
     <name>
      Ольга Алиева
     </name>
    </respStmt>
    <funder>
     Проект «Слово Толстого»
    </funder>
   </titleStmt>
   <publicationStmt>
    <publisher>
     <orgName>
      Tolstoy Digital, DH CLOUD, Научно-образовательный союз «Родное Слово» проект «Слово Толстого»
     </orgName>
    </publisher>
    <availability>
     <p id="41e1358f-4381-4f34-983b-1b84388e884b">
      Тексты и метатекстовая разметка доступны для свободного использования и распространения по лицензии Creative Commons Attribution Share-Alike (cc by-sa)
     </p>
    </availability>
    <date from="2015" to="2022"/>
   </publicationStmt>
   <notesStmt>
    <note>
     Публикуемые документы был получены с сайта tolstoy.ru в формате html, переведены в формат TEI. Исправлены некоторые ошибки распознавания. Тексты, написанные в дореформенной орфографии, сопоставлены с их версиями в современной орфографии.
    </note>
   </notesStmt>
   <sourceDesc>
    <biblStruct>
     <analytic>
      <author>
       Толстой Лев Николаевич
      </author>
     </analytic>
     <monogr>
      <title level="m">
       Полное собрание сочинений. Том 79
      </title>
      <imprint>
       <pubPlace>
        Москва
       </pubPlace>
       <publisher>
        Государственное издательство «Художественная литература»
       </publisher>
       <date when="1955"/>
      </imprint>
      <biblScope unit="vol">
       79
      </biblScope>
      <biblScope unit="page">
       187-188
      </biblScope>
     </monogr>
     <series>
      <title level="s">
       Л. Н. Толстой. Полное собрание сочинений: в 90 тт.
      </title>
     </series>
    </biblStruct>
    <bibl>
     Публикуется впервые
    </bibl>
   </sourceDesc>
  </fileDesc>
  <encodingDesc>
   <classDecl>
    <xi:include href="../../reference/taxonomy.xml"/>
   </classDecl>
  </encodingDesc>
  <profileDesc>
   <correspDesc>
    <correspAction type="sending">
     <persName ref="13883">
      Л. Н. Толстой
     </persName>
     <placeName>
      Ясная Поляна
     </placeName>
     <date when="1909-05-07"/>
    </correspAction>
    <correspAction type="receiving">
     <persName ref="3018">
      Гагина Зинаида Михайловна
     </persName>
    </correspAction>
   </correspDesc>
   <langUsage>
    <language ident="ru"/>
   </langUsage>
   <textClass>
    <catRef ana="#tolstoy_heritage" target="library"/>
    <catRef ana="#letters" target="type"/>
    <catRef ana="#sent" target="sent"/>
   </textClass>
  </profileDesc>
 </teiHeader>
 <xenoData>
  <number type="in a volume">
   221
  </number>
 </xenoData>
 <text xml:id="Z.M.Gaginoj_221" xmlns="http://www.tei-c.org/ns/1.0" xmlns:xi="http://www.w3.org/2001/XInclude">
  <body>
   <div>
    <pb n="187"/>
    <opener index="false">
     * 221.
     <name placement="text" ref="3018" type="person">
      З. М. Гагиной
     </name>
     .1909 г Мая 7―8. Я. П.
    </opener>
    <p id="93be121d-5034-480f-8f55-d0d182539a6a" rend="right">
     Ясная Поляна, 8 мая 1909.
    </p>
    <p id="845849a4-5de9-45c1-93b6-3abb52977326">
     Спасибо, милая
     <name placement="text" ref="3018" type="person">
      Зинаида Михайловна
     </name>
     , за то, что вы помните меня и прислали свой дневник.
     <ref target="#note1">
      1
     </ref>
     <note index="false" resp="volume_editor" xml:id="note1">
      О чтении дневника З. М. Гагиной Толстой отметил в Дневнике 7 мая (см. т. 57, стр. 59). Дневник Гагиной, посвященный главным образом ее школьным занятиям, был опубликован, с пропусками, в книге: Н. Б. Петрова, «Из дневника народной учительницы», изд. «Библиотеки свободного воспитания», М. 1915.
     </note>
     С особенным чувством радости за вас и за детей прочел его. Так радостно было заглянуть в уголок души хорошей, правдивой женщины, а также и в уголок души того народа, который я, чем дольше живу, тем больше, даже незаконно исключительно люблю. Люблю ваших ребят, и Сережу и девочку — забыл, как зовут.
     <ref target="#note2">
      2
     </ref>
     <note index="false" resp="volume_editor" xml:id="note2">
      Ученики школы Гагиной.
     </note>
     Этот народ нельзя не любить. Помогай вам бог продолжать ваше — хотел сказать — прекрасное, но ваше дело больше: оно истинно хорошее. Последствия этого дела неисчислимы. Не сравниваю его с деятельностью Думы, чтобы не оскорбить вашу деятельность. И как просто, хорошо вы его делаете, без преувеличения; без задора и без усталости. Ohne Hast, ohne Rast.
     <ref target="#note3">
      3
     </ref>
     <note index="false" resp="volume_editor" xml:id="note3">
      <hi rend="italic">
       Без поспешности и без промедления.
      </hi>
     </note>
    </p>
    <p id="77bfacbf-658b-438d-af22-680b5ed07747">
     Одно мне не понравилось в вашем дневнике: это ваши упреки судьбе, себе, сожаление о прошедшем. Всё то самое тяжелое, что случается с нами, — вы испытали очень, очень тяжелое, — всё это, как ни странно сказать, благо, «иго мое благо», если только мы поставим главным делом жизни приближение к Нему, к высшему совершенству.
    </p>
    <p id="30bd1ef8-8ddd-492f-8f9d-ce040dfc3e25">
     Прощайте, не забывайте меня.
    </p>
    <p id="07080eb7-eb09-40ce-8c90-93abe4546d3e" rend="right">
     Любящий вас
     <name placement="text" ref="13883" type="person">
      Лев Толстой
     </name>
     .
    </p>
    <noteGrp type="comments">
     <note index="false" type="comments">
      <p id="20ea452f-278c-4f27-be26-c7b728878ea3" rend="Textpetit_otstup left">
       Печатается по подлиннику. В ГМТ сохранился черновик этого письма с датой: «7 мая 1909».
      </p>
     </note>
     <note index="false" type="comments">
      <p id="5b002508-5759-4009-af24-62ac3435b3a1" rend="petit">
       <name placement="comments" ref="3018" type="person">
        Зинаида Михайловна Гагина
       </name>
       (р. 1864) — жена помещика Рязанской губ.; в 1903 г. открыла в имении мужа школу для крестьянских детей, просуществовавшую до 1918 г.
      </p>
     </note>
     <note index="false" type="comments">
      <p id="2dc6dc68-0388-4b95-85c4-7ae292187dbc" rend="petit">
       В письме от 3 мая сообщала Толстому о посылке ему своего «дневника-исповеди».
      </p>
     </note>
    </noteGrp>
   </div>
  </body>
 </text>
</TEI>
