<?xml version="1.0" encoding="utf-8"?>
<TEI xmlns="http://www.tei-c.org/ns/1.0" xmlns:xi="http://www.w3.org/2001/XInclude">
 <teiHeader>
  <fileDesc>
   <titleStmt>
    <title xml:id="v80_134_D_I_Semenovu">
     Письма и документы. Tolstoy Digital
    </title>
    <title type="main">
     Письмо Д. И. Семенову от 20 сентября 1909 г.
    </title>
    <title type="bibl">
     Толстой Л. Н. Письмо Д. И. Семенову, 20 сентября 1909 г. // Толстой Л. Н. Полное собрание сочинений: в 90 тт. Т. 80. М.: Гос. изд. «Художественная литература», 1955. С.
    </title>
    <respStmt>
     <resp>
      Идея, постановка задач, руководство:
     </resp>
     <name>
      Анастасия Бонч-Осмоловская, Фёкла Толстая, Борис Орехов, Тимофей Лукашевский
     </name>
    </respStmt>
    <respStmt>
     <resp>
      Подготовка TEI/XML:
     </resp>
     <name>
      Евгений Можаев, Даниил Скоринкин, Ирина Павлова, Матвей Колбасов, Елена Сидорова, Кирилл Милинцевич, Лев Буланов, Макар Федоров, Константин Петров
     </name>
    </respStmt>
    <respStmt>
     <resp>
      Подготовка метаданных:
     </resp>
     <name>
      Мария Картышева, Вероника Файнберг
     </name>
    </respStmt>
    <respStmt>
     <resp>
      Разметка имен собственных:
     </resp>
     <name>
      Никита Северин, Елена Северина
     </name>
    </respStmt>
    <respStmt>
     <resp>
      Исправление древнегреческого текста:
     </resp>
     <name>
      Ольга Алиева
     </name>
    </respStmt>
    <funder>
     Проект «Слово Толстого»
    </funder>
   </titleStmt>
   <publicationStmt>
    <publisher>
     <orgName>
      Tolstoy Digital, DH CLOUD, Научно-образовательный союз «Родное Слово» проект «Слово Толстого»
     </orgName>
    </publisher>
    <availability>
     <p id="c422bf8b-6b6a-43fa-a5b4-af3305614449">
      Тексты и метатекстовая разметка доступны для свободного использования и распространения по лицензии Creative Commons Attribution Share-Alike (cc by-sa)
     </p>
    </availability>
    <date from="2015" to="2022"/>
   </publicationStmt>
   <notesStmt>
    <note>
     Публикуемые документы был получены с сайта tolstoy.ru в формате html, переведены в формат TEI. Исправлены некоторые ошибки распознавания. Тексты, написанные в дореформенной орфографии, сопоставлены с их версиями в современной орфографии.
    </note>
   </notesStmt>
   <sourceDesc>
    <biblStruct>
     <analytic>
      <author>
       Толстой Лев Николаевич
      </author>
     </analytic>
     <monogr>
      <title level="m">
       Полное собрание сочинений. Том 80
      </title>
      <imprint>
       <pubPlace>
        Москва
       </pubPlace>
       <publisher>
        Государственное издательство «Художественная литература»
       </publisher>
       <date when="1955"/>
      </imprint>
      <biblScope unit="vol">
       80
      </biblScope>
      <biblScope unit="page">
       98-99
      </biblScope>
     </monogr>
     <series>
      <title level="s">
       Л. Н. Толстой. Полное собрание сочинений: в 90 тт.
      </title>
     </series>
    </biblStruct>
    <bibl>
     Публикуется впервые
    </bibl>
   </sourceDesc>
  </fileDesc>
  <encodingDesc>
   <classDecl>
    <xi:include href="../../reference/taxonomy.xml"/>
   </classDecl>
  </encodingDesc>
  <profileDesc>
   <correspDesc>
    <correspAction type="sending">
     <persName ref="13883">
      Л. Н. Толстой
     </persName>
     <placeName>
      Ясная Поляна
     </placeName>
     <date when="1909-09-20"/>
    </correspAction>
    <correspAction type="receiving">
     <persName/>
    </correspAction>
   </correspDesc>
   <langUsage>
    <language ident="ru"/>
   </langUsage>
   <textClass>
    <catRef ana="#tolstoy_heritage" target="library"/>
    <catRef ana="#letters" target="type"/>
    <catRef ana="#sent" target="sent"/>
   </textClass>
  </profileDesc>
 </teiHeader>
 <xenoData>
  <number type="in a volume">
   134
  </number>
 </xenoData>
 <text xml:id="D.I.Semenovu_134" xmlns="http://www.tei-c.org/ns/1.0" xmlns:xi="http://www.w3.org/2001/XInclude">
  <body>
   <div>
    <pb n="98"/>
    <opener index="false">
     * 134. Д. И. Семенову.1909 г. Сентября 20. Я. П.
    </opener>
    <p id="9c993a47-fb02-458c-9648-826a2aa2630f" rend="right">
     20 сентября 1909 г. Ясная Поляна.
    </p>
    <p id="9cc6548b-d636-4613-be84-e1583adb8b4d" rend="Obrashenie">
     <name placement="text" ref="-9" type="person">
      Демьян Иванович
     </name>
     ,
    </p>
    <p id="ef25adc6-aa3a-41c0-8c61-8874a8bc6dc9">
     Не имею времени читать посылаемые мне в чрезвычайно большом количестве сочинения и на все такие запросы отвечаю всем одинаково, указывая на совершенно справедливую недостаточность времени, а денег не посылаю потому, что с 81 года не имею никакой собственности,
     <ref target="#note1">
      1
     </ref>
     <note index="false" resp="volume_editor" xml:id="note1">
      Толстой имел в виду произведения, написанные после 1880 г. От собственности он отказался в 1891 г.
     </note>
     кроме денег, выдаваемых театрами за представление моих пьес.
     <ref target="#note2">
      2
     </ref>
     <note index="false" resp="volume_editor" xml:id="note2">
      Эти деньги Толстой в шутку называл своей «пенсией». В дневнике Д. П. Маковицкого записано 30 ноября 1909 г., что ежегодно Толстой получал из императорских театров около тысячи пятисот рублей.
     </note>
     Деньги эти, около 700 рублей, назначены на помощь близким и известным мне людям. Просьбы же такие, как ваша, поступают ко мне не менее 1000 рублей каждый день.
    </p>
    <noteGrp type="comments">
     <note index="false" type="comments">
      <p id="ac2ec78b-3989-4fdb-b6f2-38930e8104c6" rend="Textpetit_otstup left">
       Печатается по дубликату подлинника. Подлинник утрачен адресатом во время гражданской войны.
      </p>
     </note>
     <note index="false" type="comments">
      <p id="b47f956d-2f1b-4a92-a95f-b5e376b9d7dc" rend="petit">
       <name placement="comments" ref="-9" type="person">
        Демьян Иванович Семенов
       </name>
       (р. 1884) — рабочий, поэт. Окончил сельскую школу. В 1900 г. поступил в паровозное депо при ст. Мелитополь, где работал сначала учеником, потом слесарем. В нескольких журналах и газетах печатались его стихотворения. Вступил в переписку с Максимом Горьким в 1910 г.; Горький, положительно оценивая стихи Семенова по содержанию и искренности, считал их плохими по форме и призывал поэта учиться. Два письма Горького к Семенову напечатаны в «Литературной газете» 1936, № 71 от 20 декабря.
      </p>
     </note>
     <note index="false" type="comments">
      <p id="98e1b968-d527-418f-a85a-fe4c23c09da1" rend="petit">
       В письме от 7 августа 1909 г. Семенов прислал на отзыв несколько своих стихотворений и просил оказать материальную помощь его слепнущему отцу. Ответил отказом секретарь 10 августа.
      </p>
     </note>
    </noteGrp>
   </div>
  </body>
 </text>
</TEI>
