<?xml version="1.0" encoding="utf-8"?>
<TEI xmlns="http://www.tei-c.org/ns/1.0" xmlns:xi="http://www.w3.org/2001/XInclude">
 <teiHeader>
  <fileDesc>
   <titleStmt>
    <title xml:id="v80_071_D_D_Kobeko">
     Письма и документы. Tolstoy Digital
    </title>
    <title type="main">
     Письмо Д. Д. Кобеко от 6 августа 1909 г.
    </title>
    <title type="bibl">
     Толстой Л. Н. Письмо Д. Д. Кобеко, 6 августа 1909 г. // Толстой Л. Н. Полное собрание сочинений: в 90 тт. Т. 80. М.: Гос. изд. «Художественная литература», 1955. С.
    </title>
    <respStmt>
     <resp>
      Идея, постановка задач, руководство:
     </resp>
     <name>
      Анастасия Бонч-Осмоловская, Фёкла Толстая, Борис Орехов, Тимофей Лукашевский
     </name>
    </respStmt>
    <respStmt>
     <resp>
      Подготовка TEI/XML:
     </resp>
     <name>
      Евгений Можаев, Даниил Скоринкин, Ирина Павлова, Матвей Колбасов, Елена Сидорова, Кирилл Милинцевич, Лев Буланов, Макар Федоров, Константин Петров
     </name>
    </respStmt>
    <respStmt>
     <resp>
      Подготовка метаданных:
     </resp>
     <name>
      Мария Картышева, Вероника Файнберг
     </name>
    </respStmt>
    <respStmt>
     <resp>
      Разметка имен собственных:
     </resp>
     <name>
      Никита Северин, Елена Северина
     </name>
    </respStmt>
    <respStmt>
     <resp>
      Исправление древнегреческого текста:
     </resp>
     <name>
      Ольга Алиева
     </name>
    </respStmt>
    <funder>
     Проект «Слово Толстого»
    </funder>
   </titleStmt>
   <publicationStmt>
    <publisher>
     <orgName>
      Tolstoy Digital, DH CLOUD, Научно-образовательный союз «Родное Слово» проект «Слово Толстого»
     </orgName>
    </publisher>
    <availability>
     <p id="1a62b848-8285-41bc-af81-563027d5fcc8">
      Тексты и метатекстовая разметка доступны для свободного использования и распространения по лицензии Creative Commons Attribution Share-Alike (cc by-sa)
     </p>
    </availability>
    <date from="2015" to="2022"/>
   </publicationStmt>
   <notesStmt>
    <note>
     Публикуемые документы был получены с сайта tolstoy.ru в формате html, переведены в формат TEI. Исправлены некоторые ошибки распознавания. Тексты, написанные в дореформенной орфографии, сопоставлены с их версиями в современной орфографии.
    </note>
   </notesStmt>
   <sourceDesc>
    <biblStruct>
     <analytic>
      <author>
       Толстой Лев Николаевич
      </author>
     </analytic>
     <monogr>
      <title level="m">
       Полное собрание сочинений. Том 80
      </title>
      <imprint>
       <pubPlace>
        Москва
       </pubPlace>
       <publisher>
        Государственное издательство «Художественная литература»
       </publisher>
       <date when="1955"/>
      </imprint>
      <biblScope unit="vol">
       80
      </biblScope>
      <biblScope unit="page">
       54-55
      </biblScope>
     </monogr>
     <series>
      <title level="s">
       Л. Н. Толстой. Полное собрание сочинений: в 90 тт.
      </title>
     </series>
    </biblStruct>
    <bibl>
     Публикуется впервые
    </bibl>
   </sourceDesc>
  </fileDesc>
  <encodingDesc>
   <classDecl>
    <xi:include href="../../reference/taxonomy.xml"/>
   </classDecl>
  </encodingDesc>
  <profileDesc>
   <correspDesc>
    <correspAction type="sending">
     <persName ref="13883">
      Л. Н. Толстой
     </persName>
     <placeName>
      Ясная Поляна
     </placeName>
     <date when="1909-08-06"/>
    </correspAction>
    <correspAction type="receiving">
     <persName ref="6560">
      Кобеко Дмитрий Дмитриевич («губернатор»)
     </persName>
    </correspAction>
   </correspDesc>
   <langUsage>
    <language ident="ru"/>
   </langUsage>
   <textClass>
    <catRef ana="#tolstoy_heritage" target="library"/>
    <catRef ana="#letters" target="type"/>
    <catRef ana="#sent" target="sent"/>
   </textClass>
  </profileDesc>
 </teiHeader>
 <xenoData>
  <number type="in a volume">
   71
  </number>
 </xenoData>
 <text xml:id="D.D.Kobeko_71" xmlns="http://www.tei-c.org/ns/1.0" xmlns:xi="http://www.w3.org/2001/XInclude">
  <body>
   <div>
    <pb n="54"/>
    <opener index="false">
     * 71.
     <name placement="text" ref="6560" type="person">
      Д. Д. Кобеко
     </name>
     .1909 г. Августа 6. Я. П.
    </opener>
    <p id="e0a92ef7-8d66-44a2-a38d-14f151b123a3" rend="Obrashenie">
     Милостивый государь
    </p>
    <p id="12e0b444-e090-41df-ae1c-77e28d65221d" rend="Obrashenie1">
     <name placement="text" ref="6560" type="person">
      Дмитрий Дмитриевич
     </name>
     ,
    </p>
    <p id="8f64abb1-ac33-49ca-9eea-f81570662846">
     Я просил Марью Алексеевну Маклакову передать вам мою просьбу об очень близком мне человеке. Надеюсь, что вы не откажете мне в ее исполнении, за что и приношу вам вперед мою благодарность.
    </p>
    <p id="b08bccdc-753a-40b6-8505-b2bf1db05b04" rend="right">
     Уважающий вас
     <name placement="text" ref="13883" type="person">
      Лев Толстой
     </name>
     .
    </p>
    <p id="6b2b19d6-e047-4cb9-aef5-ee2baacd3b9a">
     6 августа 1909.
    </p>
    <noteGrp type="comments">
     <note index="false" type="comments">
      <p id="2a204e2f-d5ba-418a-8bdf-156668256517" rend="Textpetit_otstup left">
       Печатается по автографу, вшитому в «Дело № 112 канцелярии тульского губернатора, секретного стола. О вредной деятельности Черткова» л. 198, хранящемуся в ГМТ.
      </p>
     </note>
     <note index="false" type="comments">
      <p id="831eccbb-7ce2-4e7e-9b7a-ead458a25cb6" rend="petit">
       <name placement="comments" ref="6560" type="person">
        Дмитрий Дмитриевич Кобеко
       </name>
       (1867—1916) — тульский губернатор.
      </p>
     </note>
     <note index="false" type="comments">
      <p id="1dc499ce-e16b-4c06-a5d7-87a61ed2c9a0" rend="petit">
       М. А. Маклакова от имени Толстого просила Д. Д. Кобеко разрешить Н. Н. Гусеву отправиться к месту ссылки не по этапу, а за свой счет с провожатым; просила также разрешить свидание с ним М. А. Шмидт и Д. П. Маковицкому.
      </p>
     </note>
     <note index="false" type="comments">
      <p id="729ae06f-19ab-45ea-bb3e-5b7e1e2df751" rend="petit">
       Письмом (официальным отношением) от 7 августа Д. Д. Кобеко известил Толстого, что «надлежащие распоряжения сделаны».
      </p>
     </note>
     <note index="false" type="comments">
      <p id="64fade5d-efb6-4d45-b9fa-155ed193fc90" rend="emptyline">
       <pb n="55"/>
      </p>
     </note>
    </noteGrp>
   </div>
  </body>
 </text>
</TEI>
