<?xml version="1.0" encoding="utf-8"?>
<TEI xmlns="http://www.tei-c.org/ns/1.0" xmlns:xi="http://www.w3.org/2001/XInclude">
 <teiHeader>
  <fileDesc>
   <titleStmt>
    <title xml:id="v80_136_F_YA_Kornilovu">
     Письма и документы. Tolstoy Digital
    </title>
    <title type="main">
     Письмо Ф. Я. Корнилову от 21 сентября 1909 г.
    </title>
    <title type="bibl">
     Толстой Л. Н. Письмо Ф. Я. Корнилову, 21 сентября 1909 г. // Толстой Л. Н. Полное собрание сочинений: в 90 тт. Т. 80. М.: Гос. изд. «Художественная литература», 1955. С.
    </title>
    <respStmt>
     <resp>
      Идея, постановка задач, руководство:
     </resp>
     <name>
      Анастасия Бонч-Осмоловская, Фёкла Толстая, Борис Орехов, Тимофей Лукашевский
     </name>
    </respStmt>
    <respStmt>
     <resp>
      Подготовка TEI/XML:
     </resp>
     <name>
      Евгений Можаев, Даниил Скоринкин, Ирина Павлова, Матвей Колбасов, Елена Сидорова, Кирилл Милинцевич, Лев Буланов, Макар Федоров, Константин Петров
     </name>
    </respStmt>
    <respStmt>
     <resp>
      Подготовка метаданных:
     </resp>
     <name>
      Мария Картышева, Вероника Файнберг
     </name>
    </respStmt>
    <respStmt>
     <resp>
      Разметка имен собственных:
     </resp>
     <name>
      Никита Северин, Елена Северина
     </name>
    </respStmt>
    <respStmt>
     <resp>
      Исправление древнегреческого текста:
     </resp>
     <name>
      Ольга Алиева
     </name>
    </respStmt>
    <funder>
     Проект «Слово Толстого»
    </funder>
   </titleStmt>
   <publicationStmt>
    <publisher>
     <orgName>
      Tolstoy Digital, DH CLOUD, Научно-образовательный союз «Родное Слово» проект «Слово Толстого»
     </orgName>
    </publisher>
    <availability>
     <p id="2d5aa29d-6c94-4f05-acae-5b985227bd2b">
      Тексты и метатекстовая разметка доступны для свободного использования и распространения по лицензии Creative Commons Attribution Share-Alike (cc by-sa)
     </p>
    </availability>
    <date from="2015" to="2022"/>
   </publicationStmt>
   <notesStmt>
    <note>
     Публикуемые документы был получены с сайта tolstoy.ru в формате html, переведены в формат TEI. Исправлены некоторые ошибки распознавания. Тексты, написанные в дореформенной орфографии, сопоставлены с их версиями в современной орфографии.
    </note>
   </notesStmt>
   <sourceDesc>
    <biblStruct>
     <analytic>
      <author>
       Толстой Лев Николаевич
      </author>
     </analytic>
     <monogr>
      <title level="m">
       Полное собрание сочинений. Том 80
      </title>
      <imprint>
       <pubPlace>
        Москва
       </pubPlace>
       <publisher>
        Государственное издательство «Художественная литература»
       </publisher>
       <date when="1955"/>
      </imprint>
      <biblScope unit="vol">
       80
      </biblScope>
      <biblScope unit="page">
       100-101
      </biblScope>
     </monogr>
     <series>
      <title level="s">
       Л. Н. Толстой. Полное собрание сочинений: в 90 тт.
      </title>
     </series>
    </biblStruct>
    <bibl>
     Публикуется впервые
    </bibl>
   </sourceDesc>
  </fileDesc>
  <encodingDesc>
   <classDecl>
    <xi:include href="../../reference/taxonomy.xml"/>
   </classDecl>
  </encodingDesc>
  <profileDesc>
   <correspDesc>
    <correspAction type="sending">
     <persName ref="13883">
      Л. Н. Толстой
     </persName>
     <placeName>
      Ясная Поляна
     </placeName>
     <date when="1909-09-21"/>
    </correspAction>
    <correspAction type="receiving">
     <persName ref="6918">
      Корнилов Федор Яковлевич
     </persName>
    </correspAction>
   </correspDesc>
   <langUsage>
    <language ident="ru"/>
   </langUsage>
   <textClass>
    <catRef ana="#tolstoy_heritage" target="library"/>
    <catRef ana="#letters" target="type"/>
    <catRef ana="#sent" target="sent"/>
   </textClass>
  </profileDesc>
 </teiHeader>
 <xenoData>
  <number type="in a volume">
   136
  </number>
 </xenoData>
 <text xml:id="F.YA.Kornilovu_136" xmlns="http://www.tei-c.org/ns/1.0" xmlns:xi="http://www.w3.org/2001/XInclude">
  <body>
   <div>
    <pb n="100"/>
    <opener index="false">
     * 136.
     <name placement="text" ref="6918" type="person">
      Ф. Я. Корнилову
     </name>
     .1909 г. Сентября 21. Я. П.
    </opener>
    <p id="4ef334d7-db1b-47bd-a7f3-b23bc1436539" rend="right">
     21 сент. 1909. Ясная Поляна.
    </p>
    <p id="94bc7ef9-731a-4d12-bf84-ffc0f81cbf22" rend="Obrashenie">
     <name placement="text" ref="6918" type="person">
      Федор Яковлевич
     </name>
     ,
    </p>
    <p id="729ca9ce-e7dc-4f16-a353-08cb3968ac05">
     Получил ваше письмо и постараюсь ответить вам, как могу перед богом, всё, что думаю о вашем деле. Говорить про то, что христианину нельзя быть солдатом, т. е. обещаться и готовиться убивать, кого ему велят, говорить про это излишне. Это понимает всякий разумный и честный человек. И потому решение вопроса о том, как вам поступить в вашем положении, зависит только от вас, от той силы веры в истину Христову, божью, какая живет в вашем сердце. Два только совета могу дать вам: 1-ый тот, что избирайте то или другое решение, сообразуясь только с своей совестью, с требованиями воли бога,
     <choice original_editorial_correction="к[отор]ые">
      <sic>
       кые
      </sic>
      <corr>
       которые
      </corr>
     </choice>
     вы слышите в душе своей, а никак [не] с мнением людей,
     <choice original_editorial_correction="к[отор]ые">
      <sic>
       кые
      </sic>
      <corr>
       которые
      </corr>
     </choice>
     будут осуждать или хвалить вас за ваш поступок. Это 1-ый совет, 2-й совет в том, что если вы не осилите отказаться, то не придумывайте себе — как многие делают это — оправданий своего поступка, а знайте и признавайте, что, поступив в солдаты, вы сделали грех и грешите, оставаясь солдатом.
    </p>
    <p id="508f31ab-cc5d-4c8a-9848-b5abfa5ca9bd">
     Пожалуйста, известите меня о своем решении и знайте, что, какое бы оно ни было, я с тем же уважением и любовью буду относиться к вам, с
     <choice original_editorial_correction="как[ими]">
      <sic>
       как
      </sic>
      <corr>
       какими
      </corr>
     </choice>
     отношусь теперь.
    </p>
    <p id="7ef9359d-e31a-4202-9940-e909619c70f2" rend="right">
     Лев
     <hi style="opdelimiter">
      Толстой.
     </hi>
    </p>
    <noteGrp type="comments">
     <note index="false" type="comments">
      <p id="ffd86524-292b-4b4d-90df-a1981cacefb5" rend="Textpetit_otstup left">
       <pb n="101"/>
       <hi style="npdelimiter">
        Ответ
       </hi>
       на письмо крестьянина д. Косиновка Курской губ.
       <name placement="comments" ref="6918" type="person">
        Федора Яковлевича Корнилова
       </name>
       (р. 1888) от 13 сентября 1909 г., написанное по поводу предстоявшего ему призыва на военную службу.
      </p>
     </note>
    </noteGrp>
   </div>
  </body>
 </text>
</TEI>
