<?xml version="1.0" encoding="utf-8"?>
<TEI xmlns="http://www.tei-c.org/ns/1.0" xmlns:xi="http://www.w3.org/2001/XInclude">
 <teiHeader>
  <fileDesc>
   <titleStmt>
    <title xml:id="v80_058_YAnuStykeJanStyka">
     Письма и документы. Tolstoy Digital
    </title>
    <title type="main">
     Письмо Яну Стыке (Jan Styka) от 27 июля 1909 г.
    </title>
    <title type="bibl">
     Толстой Л. Н. Письмо Яну Стыке (Jan Styka), 27 июля 1909 г. // Толстой Л. Н. Полное собрание сочинений: в 90 тт. Т. 80. М.: Гос. изд. «Художественная литература», 1955. С.
    </title>
    <respStmt>
     <resp>
      Идея, постановка задач, руководство:
     </resp>
     <name>
      Анастасия Бонч-Осмоловская, Фёкла Толстая, Борис Орехов, Тимофей Лукашевский
     </name>
    </respStmt>
    <respStmt>
     <resp>
      Подготовка TEI/XML:
     </resp>
     <name>
      Евгений Можаев, Даниил Скоринкин, Ирина Павлова, Матвей Колбасов, Елена Сидорова, Кирилл Милинцевич, Лев Буланов, Макар Федоров, Константин Петров
     </name>
    </respStmt>
    <respStmt>
     <resp>
      Подготовка метаданных:
     </resp>
     <name>
      Мария Картышева, Вероника Файнберг
     </name>
    </respStmt>
    <respStmt>
     <resp>
      Разметка имен собственных:
     </resp>
     <name>
      Никита Северин, Елена Северина
     </name>
    </respStmt>
    <respStmt>
     <resp>
      Исправление древнегреческого текста:
     </resp>
     <name>
      Ольга Алиева
     </name>
    </respStmt>
    <funder>
     Проект «Слово Толстого»
    </funder>
   </titleStmt>
   <publicationStmt>
    <publisher>
     <orgName>
      Tolstoy Digital, DH CLOUD, Научно-образовательный союз «Родное Слово» проект «Слово Толстого»
     </orgName>
    </publisher>
    <availability>
     <p id="b8ad2567-78b8-4715-b473-505627e7bed9">
      Тексты и метатекстовая разметка доступны для свободного использования и распространения по лицензии Creative Commons Attribution Share-Alike (cc by-sa)
     </p>
    </availability>
    <date from="2015" to="2022"/>
   </publicationStmt>
   <notesStmt>
    <note>
     Публикуемые документы был получены с сайта tolstoy.ru в формате html, переведены в формат TEI. Исправлены некоторые ошибки распознавания. Тексты, написанные в дореформенной орфографии, сопоставлены с их версиями в современной орфографии.
    </note>
   </notesStmt>
   <sourceDesc>
    <biblStruct>
     <analytic>
      <author>
       Толстой Лев Николаевич
      </author>
     </analytic>
     <monogr>
      <title level="m">
       Полное собрание сочинений. Том 80
      </title>
      <imprint>
       <pubPlace>
        Москва
       </pubPlace>
       <publisher>
        Государственное издательство «Художественная литература»
       </publisher>
       <date when="1955"/>
      </imprint>
      <biblScope unit="vol">
       80
      </biblScope>
      <biblScope unit="page">
       42-44
      </biblScope>
     </monogr>
     <series>
      <title level="s">
       Л. Н. Толстой. Полное собрание сочинений: в 90 тт.
      </title>
     </series>
    </biblStruct>
    <bibl/>
   </sourceDesc>
  </fileDesc>
  <encodingDesc>
   <classDecl>
    <xi:include href="../../reference/taxonomy.xml"/>
   </classDecl>
  </encodingDesc>
  <profileDesc>
   <correspDesc>
    <correspAction type="sending">
     <persName ref="13883">
      Л. Н. Толстой
     </persName>
     <placeName>
      Ясная Поляна
     </placeName>
     <date when="1909-07-27"/>
    </correspAction>
    <correspAction type="receiving">
     <persName ref="13309">
      Стыка Ян (Jan Styka)
     </persName>
    </correspAction>
   </correspDesc>
   <langUsage>
    <language ident="ru"/>
   </langUsage>
   <textClass>
    <catRef ana="#tolstoy_heritage" target="library"/>
    <catRef ana="#letters" target="type"/>
    <catRef ana="#sent" target="sent"/>
   </textClass>
  </profileDesc>
 </teiHeader>
 <xenoData>
  <number type="in a volume">
   58
  </number>
 </xenoData>
 <text xml:id="YAnuStykeJanStyka_58" xmlns="http://www.tei-c.org/ns/1.0" xmlns:xi="http://www.w3.org/2001/XInclude">
  <body>
   <div>
    <pb n="42"/>
    <opener index="false">
     58.
     <name placement="text" ref="13309" type="person">
      Яну Стыке (Jan Styka)
     </name>
     .1909 г. Июля 27/августа 9. Я. П.
    </opener>
    <p id="1572f61b-3ac9-4b30-920e-d12ceb29a0a8" rend="emptyline right">
     <figure>
      <graphic url="./img/img84438a2e4f36403b8af3193aba64ab95.png"/>
     </figure>
    </p>
    <p id="b3c247fc-4032-4518-95ff-abb28c8099ef" rend="Obrashenie">
     Cher ami,
    </p>
    <p id="84a5081b-2676-4601-bd4d-14246a56b445">
     J’ai reçu les reproductions de votre beau tableau.
     <ref target="#note1">
      1
     </ref>
     <note index="false" resp="volume_editor" xml:id="note1">
      Одновременно с письмом Стыка послал три репродукции своей картины — портрета Толстого, — показанной на выставке в 1909 г. См. воспоминания И. К. Пархоменко, «О том, что было», изд. «Московское товарищество писателей», стр. 121.
     </note>
     J’admire Fexecution et vous remercie pour l’idée. Je vous remercie surtout pour vos bons sentiments à mon égard.
    </p>
    <p id="faeb10ae-39c6-49ea-8d30-59150faf385f">
     Je crois, que le reproche que vous me faites — celui de baser mes convictions religieuses sur un livre, sur l’Evangile, provient d’un malentendu. Vous me demandez
     <hi>
      si je pense vraiment que chaque homme éclairé n
     </hi>
     ’
     <hi>
      a pas d'autre chemin pour se perfectionner que celui de l
     </hi>
     ’
     <hi>
      Evangile
     </hi>
     . — Je n’ai jamais eu une idée pareille. La doctrine de Jesus n’est pour moi que l’une de belles et grandes doctrines religieuses que nous avons reçu de l’antiquité Égyptienne, Juive, Hindous, Chinoise, Grecque. Les deux grands principes de Jésus: l’amour de Dieu, c. a. d. de la perfection absolue et Famour du prochain, c. a. d. de tous les hommes sans aucune distinction, ont été (comme cela n’a pas pu être autrement puisque ces deux principes forment le fond de la vraie religion et de la vraie morale) ont été, de différents points de vue prêchés par tous les sages du monde: par les anciens: Krishna, Boudda, Laotse, Confucius, Socrate, Platon, Marc-Aurèle, Epictet et
     <hi style="opdelimiter">
      aussi
     </hi>
     <pb n="43"/>
     <hi style="npdelimiter">
      de
     </hi>
     même que par les modernes (pour ne nommer que quelqu'une): Rousseau, Pascal, Kant, Emerson, Channing et beaucoup et beaucoup d’autres.
    </p>
    <p id="e011fc29-9e6a-4f74-a770-aaa7a7c55d2e">
     La vérité religieuse et morale est partout et toujours la même, et je tâche de la rendre mienne partout où je la trouve, sans aucune prédilection pour le christianism. Si j’ai été particulièrement intéressé par la doctrine de Jésus c’est que 1-mo je suis né et que j’ai vécu parmi les chrétiens et 2-do parceque j’ai trouvé une grande jouissance mentale à dégager, autant que je l’ai pu, la vraie doctrine des surprenantes falsifications qui ont été opéré par les Eglises sur cette malheureuse doctrine.
    </p>
    <p id="a16fee3a-5cdc-4f62-bc42-c015e5dcf9fb">
     Je regrette fort qu’un de mes livres, auquel j’ai la suffisance d’attacher une grande importance, n’a pas été traduit en Français et que je ne puis vous l’envoyer qu’en Russe ou en Allemand. D’après ce livre intitulé:
     <hi>
      Pour tous les jours
     </hi>
     et composé de pensées et de maximes sur la religion et la morale de plusieurs centaines d’auteurs anciens et modernes, parmi les quelles ne se trouvent que quelques versets de l’Évangile, d’après ce livre vous pourrez juger combien je suis éloigné d’attacher une valeur exceptionelle à l’Évangile. En vous remerciant encore une fois pour votre tableau et surtout pour vos bons sentiments pour moi, je vous serre cordialement la main.
    </p>
    <p id="2baa710a-0a50-49f4-a029-7ca1e1d0e2ec" rend="right">
     Léon Tolstoy.
    </p>
    <lb/>
    <p id="047ba707-492d-437f-aa90-18611d15e144" rend="right">
     <figure>
      <graphic url="./img/imga62e3113fc224073b5237677841daea2.png"/>
     </figure>
    </p>
    <p id="0d649e24-e4fd-413e-b419-5e40dabb727a" rend="Obrashenie petit">
     Дорогой друг,
    </p>
    <p id="e15b0b99-27d3-47e1-8ed8-476d41b1913b" rend="petit">
     Получил репродукцию вашей прекрасной картины.
     <ref target="#note2">
      2
     </ref>
     <note index="false" resp="volume_editor" xml:id="note2">
      Одновременно с письмом Стыка послал три репродукции своей картины — портрета Толстого, — показанной на выставке в 1909 г. См. воспоминания И. К. Пархоменко, «О том, что было», изд. «Московское товарищество писателей», стр. 121.
     </note>
     Я любуюсь исполнением и благодарю вас за содержание. Благодарю вас особенно за добрые чувства ко мне.
    </p>
    <p id="5cc5d6ac-e7d6-4bbe-aa69-9917ce47b9ba" rend="petit">
     Я думаю, что упрек, который вы мне делаете, будто я основываю свои религиозные убеждения на одной книге — на евангелии, происходит от недоразумения. Вы меня спрашиваете,
     <hi>
      действительно ли я думаю
     </hi>
     ,
     <hi>
      что просвещенный человек не имеет другого пути для того
     </hi>
     ,
     <hi>
      чтобы себя совершенствовать, кроме евангелия.
     </hi>
     — Я никогда этого не думал. Учение Иисуса для меня только одно из прекрасных и великих учений, переданных нам от древности египетской, еврейской, индусской, китайской и греческой. Два великих принципа Иисуса: любовь к богу, т. е. к абсолютному совершенству, и любовь к ближнему, т. е. ко всем людям без всякого различия, исповедовались (да и не могло быть иначе, так как эти два принципа составляют сущность истинной религии и истинной морали) с различных точек зрения всеми мудрецами мира: древними — Кришна, Будда, Лаотзе, Конфуций, Сократ, Платон,
     <name placement="text" ref="8542" type="person">
      Марк Аврелий
     </name>
     , Эпиктет и др., так
     <hi style="opdelimiter">
      и
     </hi>
     <pb n="44"/>
     <hi style="npdelimiter">
      современными
     </hi>
     (чтобы назвать нескольких): Руссо, Паскаль, Кант, Эмерсон, Чаннинг и много, много других.
    </p>
    <p id="36171c5b-4840-4e16-a456-64a9bb927556" rend="petit">
     Религиозная и нравственная истина всегда и везде одна, и я стараюсь постигать ее везде, где нахожу, без всякого пристрастия к христианству. Если я особенно интересовался учением Христа то это, во-первых, потому, что я родился и жил среди христиан, и во-вторых, потому, что я находил большую духовную радость в том, чтобы отделять, насколько мог, подлинное учение от изумительных фальсификаций, которые производились церквами над этим несчастным учением.
    </p>
    <p id="19c9fdb3-9741-4a6c-9478-feec1101a07a" rend="petit">
     Я очень жалею, что одна из моих книг, которой я имею самоуверенность придавать большое значение, не переведена на французский язык, и я могу ее послать вам лишь на русском или немецком языке. По этой книге, озаглавленной
     <hi>
      Круг чтения
     </hi>
     и состоящей из взятых у нескольких сот древних и современных авторов мыслей и изречений о религии и морали, между которыми имеется лишь несколько стихов из евангелия, по этой книге вы сможете судить, как я далек от того, чтобы придавать исключительное значение евангелию.
    </p>
    <p id="daac2ac1-e107-48c8-a14f-98299d88f5b7" rend="petit">
     Еще раз благодаря вас за вашу картину и особенно за ваши добрые чувства ко мне, дружески жму вашу руку.
    </p>
    <p id="0662001b-ee56-47e2-a19d-fddbab0af202" rend="petit right">
     <name placement="text" ref="13883" type="person">
      Лев Толстой
     </name>
     .
    </p>
    <noteGrp type="comments">
     <note index="false" type="comments">
      <p id="15a46e47-6e6f-4abd-a38b-8d6b5bfa2f84" rend="Textpetit_otstup left">
       Печатается по машинописной копии. Сверено с черновиком-автографом (незначительные расхождения с текстом подлинника). Опубликовано в журнале «Le Théosophe», Paris [?], 1911, 16 Janvier. (Публикация установлена по книге: Romain Rolland, «La vie de Tolstoi», Paris [Ромен Роллан, «Жизнь Толстого», Париж], 1928, стр. 182.)
      </p>
     </note>
     <note index="false" type="comments">
      <p id="f68b71de-0718-46cf-adfb-1383d1267da3" rend="petit">
       Об Яне Стыке (1858—1926) см. т. 79, стр. 184.
      </p>
     </note>
     <note index="false" type="comments">
      <p id="22781bcc-ed90-49ca-a83b-3a366ffc6975" rend="petit">
       В письме от 28 июля н. ст. 1909 г. (почт. шт.) Стыка писал Толстому о своем отходе от христианства, от увлечения толстовством и об интересе к древнегреческой философии, в особенности к философии Пифагора и Платона. «Если Вы искренно думаете, что я заблуждаюсь, скажите это. Я буду Вам очень благодарен и постараюсь исправиться, если это нужно для моей душевной пользы и счастья», — писал Ян Стыка (перевод с французского).
      </p>
     </note>
    </noteGrp>
   </div>
  </body>
 </text>
</TEI>
