<?xml version="1.0" encoding="utf-8"?>
<TEI xmlns="http://www.tei-c.org/ns/1.0" xmlns:xi="http://www.w3.org/2001/XInclude">
 <teiHeader>
  <fileDesc>
   <titleStmt>
    <title xml:id="v80_183_S_Rybakovu">
     Письма и документы. Tolstoy Digital
    </title>
    <title type="main">
     Письмо С. Рыбакову от 9 октября 1909 г.
    </title>
    <title type="bibl">
     Толстой Л. Н. Письмо С. Рыбакову, 9 октября 1909 г. // Толстой Л. Н. Полное собрание сочинений: в 90 тт. Т. 80. М.: Гос. изд. «Художественная литература», 1955. С.
    </title>
    <respStmt>
     <resp>
      Идея, постановка задач, руководство:
     </resp>
     <name>
      Анастасия Бонч-Осмоловская, Фёкла Толстая, Борис Орехов, Тимофей Лукашевский
     </name>
    </respStmt>
    <respStmt>
     <resp>
      Подготовка TEI/XML:
     </resp>
     <name>
      Евгений Можаев, Даниил Скоринкин, Ирина Павлова, Матвей Колбасов, Елена Сидорова, Кирилл Милинцевич, Лев Буланов, Макар Федоров, Константин Петров
     </name>
    </respStmt>
    <respStmt>
     <resp>
      Подготовка метаданных:
     </resp>
     <name>
      Мария Картышева, Вероника Файнберг
     </name>
    </respStmt>
    <respStmt>
     <resp>
      Разметка имен собственных:
     </resp>
     <name>
      Никита Северин, Елена Северина
     </name>
    </respStmt>
    <respStmt>
     <resp>
      Исправление древнегреческого текста:
     </resp>
     <name>
      Ольга Алиева
     </name>
    </respStmt>
    <funder>
     Проект «Слово Толстого»
    </funder>
   </titleStmt>
   <publicationStmt>
    <publisher>
     <orgName>
      Tolstoy Digital, DH CLOUD, Научно-образовательный союз «Родное Слово» проект «Слово Толстого»
     </orgName>
    </publisher>
    <availability>
     <p id="e63d52f0-1f34-45ec-9f6b-a5598a3e7f67">
      Тексты и метатекстовая разметка доступны для свободного использования и распространения по лицензии Creative Commons Attribution Share-Alike (cc by-sa)
     </p>
    </availability>
    <date from="2015" to="2022"/>
   </publicationStmt>
   <notesStmt>
    <note>
     Публикуемые документы был получены с сайта tolstoy.ru в формате html, переведены в формат TEI. Исправлены некоторые ошибки распознавания. Тексты, написанные в дореформенной орфографии, сопоставлены с их версиями в современной орфографии.
    </note>
   </notesStmt>
   <sourceDesc>
    <biblStruct>
     <analytic>
      <author>
       Толстой Лев Николаевич
      </author>
     </analytic>
     <monogr>
      <title level="m">
       Полное собрание сочинений. Том 80
      </title>
      <imprint>
       <pubPlace>
        Москва
       </pubPlace>
       <publisher>
        Государственное издательство «Художественная литература»
       </publisher>
       <date when="1955"/>
      </imprint>
      <biblScope unit="vol">
       80
      </biblScope>
      <biblScope unit="page">
       131-132
      </biblScope>
     </monogr>
     <series>
      <title level="s">
       Л. Н. Толстой. Полное собрание сочинений: в 90 тт.
      </title>
     </series>
    </biblStruct>
    <bibl>
     Публикуется впервые
    </bibl>
   </sourceDesc>
  </fileDesc>
  <encodingDesc>
   <classDecl>
    <xi:include href="../../reference/taxonomy.xml"/>
   </classDecl>
  </encodingDesc>
  <profileDesc>
   <correspDesc>
    <correspAction type="sending">
     <persName ref="13883">
      Л. Н. Толстой
     </persName>
     <placeName>
      Ясная Поляна
     </placeName>
     <date when="1909-10-09"/>
    </correspAction>
    <correspAction type="receiving">
     <persName ref="12017">
      Рыбаков Семен
     </persName>
    </correspAction>
   </correspDesc>
   <langUsage>
    <language ident="ru"/>
   </langUsage>
   <textClass>
    <catRef ana="#tolstoy_heritage" target="library"/>
    <catRef ana="#letters" target="type"/>
    <catRef ana="#sent" target="sent"/>
   </textClass>
  </profileDesc>
 </teiHeader>
 <xenoData>
  <number type="in a volume">
   183
  </number>
 </xenoData>
 <text xml:id="S.Rybakovu_183" xmlns="http://www.tei-c.org/ns/1.0" xmlns:xi="http://www.w3.org/2001/XInclude">
  <body>
   <div>
    <pb n="131"/>
    <opener index="false">
     * 183. С. Рыбакову.1909 г. Октября 9. Я. П.
    </opener>
    <p id="c2bbcaad-1ba6-45d1-9cce-15f04e6f9031" rend="right">
     9-го окт. 09 г. Ясная Поляна.
    </p>
    <p id="98ddc7fb-0c9e-4af4-97f6-2c1b26595663" rend="Obrashenie">
     Любезный брат,
    </p>
    <p id="3be892e8-8092-426e-8f6e-44f95f640243">
     Очень рад был получить ваше письмо. Не имею ни малейшего сомнения в вашей искренности. Общение с такими людьми, как вы, и мысль о том, что мои писания могли помочь им в их духовном росте, составляют лучшую радость моей жизни.
    </p>
    <p id="320d29ca-000c-4d20-a14c-8473b2f1e6be">
     Помогай вам бог неустанно подвигаться на том пути духовного совершенствования и приближения к богу, на котором вы стоите так же, как и я. Не огорчайтесь тем, что окружающие люди не понимают и осуждают вас. Это не может быть иначе. Надо только стараться, несмотря на все их осуждения, быть добрым и любовным к ним.
    </p>
    <p id="93e71a06-f6fb-4389-876a-4d33fcef51f3">
     Посылаю вам книгу «На Каждый День». Такие будут на все месяцы. Когда выйдут — пришлю вам.
    </p>
    <p id="5f5c701c-c907-44e5-9966-d9b742566200" rend="right">
     <name placement="text" ref="13883" type="person">
      Лев Толстой
     </name>
     .
    </p>
    <noteGrp type="comments">
     <note index="false" type="comments">
      <p id="dbedbbc4-fb07-41b9-8953-769d9166dcf6" rend="Textpetit_otstup left">
       Подлинник написан и датирован на машинке, подпись собственноручная.
      </p>
     </note>
     <note index="false" type="comments">
      <p id="d9a18878-b4a1-4c7a-9bfa-4c830b707ff7" rend="petit">
       Ответ на письмо
       <name placement="comments" ref="12017" type="person">
        Семена Рыбакова
       </name>
       (р. 1874), крестьянина д. Поповка Владимирской губернии, от 5 октября 1909 г. (почт. шт.). Рыбаков с благодарностью писал о влиянии на него сочинений Толстого, заметив при этом: «Конечно, вы можете, может быть, подумать, что все это писание легкомысленно или лицемерно».
      </p>
     </note>
     <note index="false" type="comments">
      <p id="19344a55-4a49-4226-8cde-1d57c871af1c" rend="petit">
       В письме от 23 ноября (почт. шт.) Рыбаков благодарил за «душевный» ответ и за книгу. На конверте пометка Толстого
       <hi style="big">
        :
        <choice original_editorial_correction="Б[ез]">
         <sic>
          Б
         </sic>
         <corr>
          Без
         </corr>
        </choice>
        <choice original_editorial_correction="о[твета]">
         <sic>
          о
         </sic>
         <corr>
          ответа
         </corr>
        </choice>
        . Можно послать
        <choice original_editorial_correction="ч[то]-н[ибудь">
         <sic>
          ч-н[ибудь
         </sic>
         <corr>
          что-нибудь
         </corr>
        </choice>
        ].
       </hi>
       Пометки об отправке книг на конверте нет.
      </p>
     </note>
     <note index="false" type="comments">
      <p id="5252aeee-231d-4895-ae61-9a29bcb7b2ef" rend="emptyline">
       <pb n="132"/>
      </p>
     </note>
    </noteGrp>
   </div>
  </body>
 </text>
</TEI>
