<?xml version="1.0" encoding="utf-8"?>
<TEI xmlns="http://www.tei-c.org/ns/1.0" xmlns:xi="http://www.w3.org/2001/XInclude">
 <teiHeader>
  <fileDesc>
   <titleStmt>
    <title xml:id="v80_157_S_S_YAvic">
     Письма и документы. Tolstoy Digital
    </title>
    <title type="main">
     Письмо С. С. Явиц от 27 сентября 1909 г.
    </title>
    <title type="bibl">
     Толстой Л. Н. Письмо С. С. Явиц, 27 сентября 1909 г. // Толстой Л. Н. Полное собрание сочинений: в 90 тт. Т. 80. М.: Гос. изд. «Художественная литература», 1955. С.
    </title>
    <respStmt>
     <resp>
      Идея, постановка задач, руководство:
     </resp>
     <name>
      Анастасия Бонч-Осмоловская, Фёкла Толстая, Борис Орехов, Тимофей Лукашевский
     </name>
    </respStmt>
    <respStmt>
     <resp>
      Подготовка TEI/XML:
     </resp>
     <name>
      Евгений Можаев, Даниил Скоринкин, Ирина Павлова, Матвей Колбасов, Елена Сидорова, Кирилл Милинцевич, Лев Буланов, Макар Федоров, Константин Петров
     </name>
    </respStmt>
    <respStmt>
     <resp>
      Подготовка метаданных:
     </resp>
     <name>
      Мария Картышева, Вероника Файнберг
     </name>
    </respStmt>
    <respStmt>
     <resp>
      Разметка имен собственных:
     </resp>
     <name>
      Никита Северин, Елена Северина
     </name>
    </respStmt>
    <respStmt>
     <resp>
      Исправление древнегреческого текста:
     </resp>
     <name>
      Ольга Алиева
     </name>
    </respStmt>
    <funder>
     Проект «Слово Толстого»
    </funder>
   </titleStmt>
   <publicationStmt>
    <publisher>
     <orgName>
      Tolstoy Digital, DH CLOUD, Научно-образовательный союз «Родное Слово» проект «Слово Толстого»
     </orgName>
    </publisher>
    <availability>
     <p id="dab82f28-dd3e-487b-80af-046a8b4429f9">
      Тексты и метатекстовая разметка доступны для свободного использования и распространения по лицензии Creative Commons Attribution Share-Alike (cc by-sa)
     </p>
    </availability>
    <date from="2015" to="2022"/>
   </publicationStmt>
   <notesStmt>
    <note>
     Публикуемые документы был получены с сайта tolstoy.ru в формате html, переведены в формат TEI. Исправлены некоторые ошибки распознавания. Тексты, написанные в дореформенной орфографии, сопоставлены с их версиями в современной орфографии.
    </note>
   </notesStmt>
   <sourceDesc>
    <biblStruct>
     <analytic>
      <author>
       Толстой Лев Николаевич
      </author>
     </analytic>
     <monogr>
      <title level="m">
       Полное собрание сочинений. Том 80
      </title>
      <imprint>
       <pubPlace>
        Москва
       </pubPlace>
       <publisher>
        Государственное издательство «Художественная литература»
       </publisher>
       <date when="1955"/>
      </imprint>
      <biblScope unit="vol">
       80
      </biblScope>
      <biblScope unit="page">
       115-116
      </biblScope>
     </monogr>
     <series>
      <title level="s">
       Л. Н. Толстой. Полное собрание сочинений: в 90 тт.
      </title>
     </series>
    </biblStruct>
    <bibl>
     Публикуется впервые
    </bibl>
   </sourceDesc>
  </fileDesc>
  <encodingDesc>
   <classDecl>
    <xi:include href="../../reference/taxonomy.xml"/>
   </classDecl>
  </encodingDesc>
  <profileDesc>
   <correspDesc>
    <correspAction type="sending">
     <persName ref="13883">
      Л. Н. Толстой
     </persName>
     <placeName>
      Ясная Поляна
     </placeName>
     <date when="1909-09-27"/>
    </correspAction>
    <correspAction type="receiving">
     <persName ref="16121">
      Явиц Софья Самойловна
     </persName>
    </correspAction>
   </correspDesc>
   <langUsage>
    <language ident="ru"/>
   </langUsage>
   <textClass>
    <catRef ana="#tolstoy_heritage" target="library"/>
    <catRef ana="#letters" target="type"/>
    <catRef ana="#sent" target="sent"/>
   </textClass>
  </profileDesc>
 </teiHeader>
 <xenoData>
  <number type="in a volume">
   157
  </number>
 </xenoData>
 <text xml:id="S.S.YAvic_157" xmlns="http://www.tei-c.org/ns/1.0" xmlns:xi="http://www.w3.org/2001/XInclude">
  <body>
   <div>
    <pb n="115"/>
    <opener index="false">
     * 157.
     <name placement="text" ref="16121" type="person">
      С. С. Явиц
     </name>
     .1909 г. Сентября 27. Я. П.
    </opener>
    <p id="8f78af6d-9009-4040-bc4a-0cc8c850ebee" rend="right">
     27 сентября 09 г. Ясная Поляна.
    </p>
    <p id="0569a173-56d4-44b2-a9ef-d09d999b4979" rend="Obrashenie">
     С. Я.,
     <ref target="#note1">
      1
     </ref>
     <note index="false" resp="volume_editor" xml:id="note1">
      Этими инициалами (имени и фамилии) подписалась Явиц. Полные имя и отчество в письме указаны не были.
     </note>
    </p>
    <p id="a302ad86-c5ab-4a19-86f5-57c3a68538a3">
     Вы спрашиваете, что делать? Дело есть у всех нас одно и такое, какое мы везде, всегда можем делать и в котором всегда можем успевать, и которое всегда дает нам всё большую и большую радость, чем усерднее мы отдаем ему свои силы. Дело это есть совершенствование своей души, увеличение в себе любви. Писание же повести есть дело пустое и, скорее, дурное, так как вызывает и развивает тщеславие.
    </p>
    <noteGrp type="comments">
     <note index="false" type="comments">
      <p id="1edfa03c-2ded-451c-bf9f-303b6d33942f" rend="Textpetit_otstup left">
       Печатается по дубликату подлинника.
      </p>
     </note>
     <note index="false" type="comments">
      <p id="4ca1eb59-923b-4e2f-bd27-eafa5d86c718" rend="petit">
       Ответ на письмо Софьи
       <name placement="comments" ref="16121" type="person">
        Самойловны Явиц
       </name>
       (1893—1927), дочери купца, проживавшей в г. Лубны Полтавской губ., от 22 сентября 1909 г. Корреспондентка жаловалась на свою судьбу (она лишилась слуха) и просила нравственной поддержки. Кроме того, она сообщала о своих литературных опытах, напечатать которые ей не удавалось.
      </p>
     </note>
    </noteGrp>
   </div>
  </body>
 </text>
</TEI>
