<?xml version="1.0" encoding="utf-8"?>
<TEI xmlns="http://www.tei-c.org/ns/1.0" xmlns:xi="http://www.w3.org/2001/XInclude">
 <teiHeader>
  <fileDesc>
   <titleStmt>
    <title xml:id="v80_015_V_A_Lebrenu">
     Письма и документы. Tolstoy Digital
    </title>
    <title type="main">
     Письмо В. А. Лебрену с 8 июля 1909 г. по 10 июля 1909 г.
    </title>
    <title type="bibl">
     Толстой Л. Н. Письмо В. А. Лебрену, 8 июля 1909 г. — 10 июля 1909 г. // Толстой Л. Н. Полное собрание сочинений: в 90 тт. Т. 80. М.: Гос. изд. «Художественная литература», 1955. С.
    </title>
    <respStmt>
     <resp>
      Идея, постановка задач, руководство:
     </resp>
     <name>
      Анастасия Бонч-Осмоловская, Фёкла Толстая, Борис Орехов, Тимофей Лукашевский
     </name>
    </respStmt>
    <respStmt>
     <resp>
      Подготовка TEI/XML:
     </resp>
     <name>
      Евгений Можаев, Даниил Скоринкин, Ирина Павлова, Матвей Колбасов, Елена Сидорова, Кирилл Милинцевич, Лев Буланов, Макар Федоров, Константин Петров
     </name>
    </respStmt>
    <respStmt>
     <resp>
      Подготовка метаданных:
     </resp>
     <name>
      Мария Картышева, Вероника Файнберг
     </name>
    </respStmt>
    <respStmt>
     <resp>
      Разметка имен собственных:
     </resp>
     <name>
      Никита Северин, Елена Северина
     </name>
    </respStmt>
    <respStmt>
     <resp>
      Исправление древнегреческого текста:
     </resp>
     <name>
      Ольга Алиева
     </name>
    </respStmt>
    <funder>
     Проект «Слово Толстого»
    </funder>
   </titleStmt>
   <publicationStmt>
    <publisher>
     <orgName>
      Tolstoy Digital, DH CLOUD, Научно-образовательный союз «Родное Слово» проект «Слово Толстого»
     </orgName>
    </publisher>
    <availability>
     <p id="21878bc1-7218-438a-aab4-511c8ab25438">
      Тексты и метатекстовая разметка доступны для свободного использования и распространения по лицензии Creative Commons Attribution Share-Alike (cc by-sa)
     </p>
    </availability>
    <date from="2015" to="2022"/>
   </publicationStmt>
   <notesStmt>
    <note>
     Публикуемые документы был получены с сайта tolstoy.ru в формате html, переведены в формат TEI. Исправлены некоторые ошибки распознавания. Тексты, написанные в дореформенной орфографии, сопоставлены с их версиями в современной орфографии.
    </note>
   </notesStmt>
   <sourceDesc>
    <biblStruct>
     <analytic>
      <author>
       Толстой Лев Николаевич
      </author>
     </analytic>
     <monogr>
      <title level="m">
       Полное собрание сочинений. Том 80
      </title>
      <imprint>
       <pubPlace>
        Москва
       </pubPlace>
       <publisher>
        Государственное издательство «Художественная литература»
       </publisher>
       <date when="1955"/>
      </imprint>
      <biblScope unit="vol">
       80
      </biblScope>
      <biblScope unit="page">
       12-13
      </biblScope>
     </monogr>
     <series>
      <title level="s">
       Л. Н. Толстой. Полное собрание сочинений: в 90 тт.
      </title>
     </series>
    </biblStruct>
    <bibl>
     Публикуется впервые
    </bibl>
   </sourceDesc>
  </fileDesc>
  <encodingDesc>
   <classDecl>
    <xi:include href="../../reference/taxonomy.xml"/>
   </classDecl>
  </encodingDesc>
  <profileDesc>
   <correspDesc>
    <correspAction type="sending">
     <persName ref="13883">
      Л. Н. Толстой
     </persName>
     <placeName>
      Ясная Поляна
     </placeName>
     <date notAfter="1909-07-10" notBefore="1909-07-08"/>
    </correspAction>
    <correspAction type="receiving">
     <persName ref="7698">
      Лебрен Виктор Анатольевич
     </persName>
    </correspAction>
   </correspDesc>
   <langUsage>
    <language ident="ru"/>
   </langUsage>
   <textClass>
    <catRef ana="#tolstoy_heritage" target="library"/>
    <catRef ana="#letters" target="type"/>
    <catRef ana="#sent" target="sent"/>
   </textClass>
  </profileDesc>
 </teiHeader>
 <xenoData>
  <number type="in a volume">
   15
  </number>
 </xenoData>
 <text xml:id="V.A.Lebrenu_15" xmlns="http://www.tei-c.org/ns/1.0" xmlns:xi="http://www.w3.org/2001/XInclude">
  <body>
   <div>
    <pb n="12"/>
    <opener index="false">
     * 15.
     <name placement="text" ref="7698" type="person">
      В. А. Лебрену
     </name>
     .1909 г. Июля 8—10. Я. П.
    </opener>
    <p id="917ba97a-f0e5-4d34-b06c-954b3de3678b">
     Спасибо вам, милый, милый Лебрен, за ваше хорошее, совсем ваше письмо. То„ что я так долго не отвечал, не значит того, чтобы я не был очень рад вашему письму и не чувствовал recrudescence
     <ref target="#note1">
      1
     </ref>
     <note index="false" resp="volume_editor" xml:id="note1">
      <hi rend="italic">
       усиление
      </hi>
     </note>
     моей дружбы к вам, но только то, что я очень занят, увлечен своим делом, а стар и слаб, чувствую близко пределы своих сил. Доказательство этого то, что третий день начал письмо и ныне, 10, вечером, дописываю. Помоги вам бог в вас — только бы его не заглушать, а он даст сил — исполнить ваше намерение в женитьбе.
     <ref target="#note2">
      2
     </ref>
     <note index="false" resp="volume_editor" xml:id="note2">
      Свое намерение жениться В. А. Лебрен назвал в том же письме «мезальянсом для души».
     </note>
     Вся жизнь ведь только приближение к идеалу и бывает хороша, когда не спускаешь идеала, а где ползком, где бочком все силы полагаешь на приближение к
     <hi style="opdelimiter">
      нему.
     </hi>
    </p>
    <p id="069ac8af-48f6-4321-8496-d41ae666df02">
     <pb n="13"/>
     <hi style="npdelimiter">
      Письмо
     </hi>
     ваше большое пишите в минуты досуга — письмо не ко мне одному, а ко всем близким по духу людям.
     <ref target="#note3">
      3
     </ref>
     <note index="false" resp="volume_editor" xml:id="note3">
      В. А. Лебрен упомянул о своем неоконченном и неотправленном большом письме, посвященном его жизни, духовным исканиям, планам литературных занятий.
     </note>
     Я большей частью не советую писать — первому себе (но не могу удержаться пока), — вам же не буду отсоветовать,
     <choice original_editorial_correction="п[отому]">
      <sic>
       п
      </sic>
      <corr>
       потому
      </corr>
     </choice>
     <choice original_editorial_correction="ч[то]">
      <sic>
       ч
      </sic>
      <corr>
       что
      </corr>
     </choice>
     вы один из людей, думающих самобытно.
    </p>
    <p id="32d54ee9-a38f-411e-b46d-5704a19025ab">
     Целую вас. Привет вашей матушке,
     <ref target="#note4">
      4
     </ref>
     <note index="false" resp="volume_editor" xml:id="note4">
      <name placement="note" ref="7700" type="person">
       Луиза Лебрен
      </name>
      .
     </note>
     невесте.
     <ref target="#note5">
      5
     </ref>
     <note index="false" resp="volume_editor" xml:id="note5">
      Ульяна Семеновна Елгаштина (р. 1879), дочь полковника сибирского казачьего войска, с 1909 г. жена В. А. Лебрена.
     </note>
    </p>
    <p id="bde8ac46-849f-426f-8875-82fea36ad46f" rend="right">
     <name placement="text" ref="13883" type="person">
      Лев Толстой
     </name>
     .
    </p>
    <p id="ce4daa70-792f-4709-afb2-0f505f343932">
     10 июля 1909.
    </p>
    <noteGrp type="comments">
     <note index="false" type="comments">
      <p id="5c56c528-3c33-40c3-9aab-06a7f5c10f7f" rend="Textpetit_otstup left">
       Печатается по машинописной копии.
      </p>
     </note>
     <note index="false" type="comments">
      <p id="81c1e16c-9a5c-4065-98d1-e87016ccd319" rend="petit">
       О Викторе Анатольевиче Лебрене (р. 1882) см. т. 72, стр. 251.
      </p>
     </note>
     <note index="false" type="comments">
      <p id="2249f18e-941d-422d-9771-2b16e8af95a2" rend="petit">
       Ответ на письмо Лебрена от 30 мая 1909 г.
      </p>
     </note>
    </noteGrp>
   </div>
  </body>
 </text>
</TEI>
