<?xml version="1.0" encoding="utf-8"?>
<TEI xmlns="http://www.tei-c.org/ns/1.0" xmlns:xi="http://www.w3.org/2001/XInclude">
 <teiHeader>
  <fileDesc>
   <titleStmt>
    <title xml:id="v81_075_A_A_Silinu">
     Письма и документы. Tolstoy Digital
    </title>
    <title type="main">
     Письмо А. А. Силину от 22 января 1910 г.
    </title>
    <title type="bibl">
     Толстой Л. Н. Письмо А. А. Силину, 22 января 1910 г. // Толстой Л. Н. Полное собрание сочинений: в 90 тт. Т. 81. М.: Гос. изд. «Художественная литература», 1956. С.
    </title>
    <respStmt>
     <resp>
      Идея, постановка задач, руководство:
     </resp>
     <name>
      Анастасия Бонч-Осмоловская, Фёкла Толстая, Борис Орехов, Тимофей Лукашевский
     </name>
    </respStmt>
    <respStmt>
     <resp>
      Подготовка TEI/XML:
     </resp>
     <name>
      Евгений Можаев, Даниил Скоринкин, Ирина Павлова, Матвей Колбасов, Елена Сидорова, Кирилл Милинцевич, Лев Буланов, Макар Федоров, Константин Петров
     </name>
    </respStmt>
    <respStmt>
     <resp>
      Подготовка метаданных:
     </resp>
     <name>
      Мария Картышева, Вероника Файнберг
     </name>
    </respStmt>
    <respStmt>
     <resp>
      Разметка имен собственных:
     </resp>
     <name>
      Никита Северин, Елена Северина
     </name>
    </respStmt>
    <respStmt>
     <resp>
      Исправление древнегреческого текста:
     </resp>
     <name>
      Ольга Алиева
     </name>
    </respStmt>
    <funder>
     Проект «Слово Толстого»
    </funder>
   </titleStmt>
   <publicationStmt>
    <publisher>
     <orgName>
      Tolstoy Digital, DH CLOUD, Научно-образовательный союз «Родное Слово» проект «Слово Толстого»
     </orgName>
    </publisher>
    <availability>
     <p id="4a78d3f4-600b-4fb2-bbcf-c98431b64f91">
      Тексты и метатекстовая разметка доступны для свободного использования и распространения по лицензии Creative Commons Attribution Share-Alike (cc by-sa)
     </p>
    </availability>
    <date from="2015" to="2022"/>
   </publicationStmt>
   <notesStmt>
    <note>
     Публикуемые документы был получены с сайта tolstoy.ru в формате html, переведены в формат TEI. Исправлены некоторые ошибки распознавания. Тексты, написанные в дореформенной орфографии, сопоставлены с их версиями в современной орфографии.
    </note>
   </notesStmt>
   <sourceDesc>
    <biblStruct>
     <analytic>
      <author>
       Толстой Лев Николаевич
      </author>
     </analytic>
     <monogr>
      <title level="m">
       Полное собрание сочинений. Том 81
      </title>
      <imprint>
       <pubPlace>
        Москва
       </pubPlace>
       <publisher>
        Государственное издательство «Художественная литература»
       </publisher>
       <date when="1956"/>
      </imprint>
      <biblScope unit="vol">
       81
      </biblScope>
      <biblScope unit="page">
       62-63
      </biblScope>
     </monogr>
     <series>
      <title level="s">
       Л. Н. Толстой. Полное собрание сочинений: в 90 тт.
      </title>
     </series>
    </biblStruct>
    <bibl>
     Публикуется впервые
    </bibl>
   </sourceDesc>
  </fileDesc>
  <encodingDesc>
   <classDecl>
    <xi:include href="../../reference/taxonomy.xml"/>
   </classDecl>
  </encodingDesc>
  <profileDesc>
   <correspDesc>
    <correspAction type="sending">
     <persName ref="13883">
      Л. Н. Толстой
     </persName>
     <placeName>
      Ясная Поляна
     </placeName>
     <date when="1910-01-22"/>
    </correspAction>
    <correspAction type="receiving">
     <persName ref="12623">
      Силин А. А.
     </persName>
    </correspAction>
   </correspDesc>
   <langUsage>
    <language ident="ru"/>
   </langUsage>
   <textClass>
    <catRef ana="#tolstoy_heritage" target="library"/>
    <catRef ana="#letters" target="type"/>
    <catRef ana="#sent" target="sent"/>
   </textClass>
  </profileDesc>
 </teiHeader>
 <xenoData>
  <number type="in a volume">
   75
  </number>
 </xenoData>
 <text xml:id="A.A.Silinu_75" xmlns="http://www.tei-c.org/ns/1.0" xmlns:xi="http://www.w3.org/2001/XInclude">
  <body>
   <div>
    <pb n="62"/>
    <opener index="false">
     * 75. А. А. Силину.1910 г. Января 22. Я. П.
    </opener>
    <p id="0bf017fc-7636-42e4-9634-044a98d21534" rend="right">
     22 января 10 года. Ясная Поляна.
    </p>
    <p id="aca238d5-11f7-475a-ab75-5ee1d2428a5d">
     Думаю, что в описываемом вами случае требования вашей совести могут быть удовлетворены только одним: неучастием своим в деле, которое вами считается
     <hi style="opdelimiter">
      несправедливым.
     </hi>
    </p>
    <noteGrp type="comments">
     <note index="false" type="comments">
      <p id="1b1ee921-3555-4f09-a9f8-4b1adc010063" rend="Textpetit_otstup left">
       <pb n="63"/>
       <hi style="npdelimiter">
        Печатается
       </hi>
       по копии, сверенной с черновиком-автографом, написанным на конверте письма Силина.
      </p>
     </note>
     <note index="false" type="comments">
      <p id="aeeaa134-6e04-407c-bc8b-32c9ad3531b3" rend="Textpetit_otstup left">
       А. А. Силин — служащий крупной торговой фирмы в Москве, в письме от 19 января 1910 г. писал, что торговая фирма, в которой он служит, систематически совершает подлоги. Спрашивал, как ему поступить: довести ли до сведения властей об этом, или всё оставить по-старому и тем самым участвовать в «обирательстве неимущих».
      </p>
     </note>
    </noteGrp>
   </div>
  </body>
 </text>
</TEI>
