<?xml version="1.0" encoding="utf-8"?>
<TEI xmlns="http://www.tei-c.org/ns/1.0" xmlns:xi="http://www.w3.org/2001/XInclude">
 <teiHeader>
  <fileDesc>
   <titleStmt>
    <title xml:id="v81_328_A_L_Tolstoj">
     Письма и документы. Tolstoy Digital
    </title>
    <title type="main">
     Письмо А. Л. Толстой с 26 апреля 1910 г. по 27 апреля 1910 г.
    </title>
    <title type="bibl">
     Толстой Л. Н. Письмо А. Л. Толстой, 26 апреля 1910 г. — 27 апреля 1910 г. // Толстой Л. Н. Полное собрание сочинений: в 90 тт. Т. 81. М.: Гос. изд. «Художественная литература», 1956. С.
    </title>
    <respStmt>
     <resp>
      Идея, постановка задач, руководство:
     </resp>
     <name>
      Анастасия Бонч-Осмоловская, Фёкла Толстая, Борис Орехов, Тимофей Лукашевский
     </name>
    </respStmt>
    <respStmt>
     <resp>
      Подготовка TEI/XML:
     </resp>
     <name>
      Евгений Можаев, Даниил Скоринкин, Ирина Павлова, Матвей Колбасов, Елена Сидорова, Кирилл Милинцевич, Лев Буланов, Макар Федоров, Константин Петров
     </name>
    </respStmt>
    <respStmt>
     <resp>
      Подготовка метаданных:
     </resp>
     <name>
      Мария Картышева, Вероника Файнберг
     </name>
    </respStmt>
    <respStmt>
     <resp>
      Разметка имен собственных:
     </resp>
     <name>
      Никита Северин, Елена Северина
     </name>
    </respStmt>
    <respStmt>
     <resp>
      Исправление древнегреческого текста:
     </resp>
     <name>
      Ольга Алиева
     </name>
    </respStmt>
    <funder>
     Проект «Слово Толстого»
    </funder>
   </titleStmt>
   <publicationStmt>
    <publisher>
     <orgName>
      Tolstoy Digital, DH CLOUD, Научно-образовательный союз «Родное Слово» проект «Слово Толстого»
     </orgName>
    </publisher>
    <availability>
     <p id="d8f12eb0-167a-4d9a-8e1a-dc9e4bae40ee">
      Тексты и метатекстовая разметка доступны для свободного использования и распространения по лицензии Creative Commons Attribution Share-Alike (cc by-sa)
     </p>
    </availability>
    <date from="2015" to="2022"/>
   </publicationStmt>
   <notesStmt>
    <note>
     Публикуемые документы был получены с сайта tolstoy.ru в формате html, переведены в формат TEI. Исправлены некоторые ошибки распознавания. Тексты, написанные в дореформенной орфографии, сопоставлены с их версиями в современной орфографии.
    </note>
   </notesStmt>
   <sourceDesc>
    <biblStruct>
     <analytic>
      <author>
       Толстой Лев Николаевич
      </author>
     </analytic>
     <monogr>
      <title level="m">
       Полное собрание сочинений. Том 81
      </title>
      <imprint>
       <pubPlace>
        Москва
       </pubPlace>
       <publisher>
        Государственное издательство «Художественная литература»
       </publisher>
       <date when="1956"/>
      </imprint>
      <biblScope unit="vol">
       81
      </biblScope>
      <biblScope unit="page">
       256-257
      </biblScope>
     </monogr>
     <series>
      <title level="s">
       Л. Н. Толстой. Полное собрание сочинений: в 90 тт.
      </title>
     </series>
    </biblStruct>
    <bibl>
     Публикуется впервые
    </bibl>
   </sourceDesc>
  </fileDesc>
  <encodingDesc>
   <classDecl>
    <xi:include href="../../reference/taxonomy.xml"/>
   </classDecl>
  </encodingDesc>
  <profileDesc>
   <correspDesc>
    <correspAction type="sending">
     <persName ref="13883">
      Л. Н. Толстой
     </persName>
     <placeName>
      Ясная Поляна
     </placeName>
     <date notAfter="1910-04-27" notBefore="1910-04-26"/>
    </correspAction>
    <correspAction type="receiving">
     <persName ref="13815">
      Толстая Александра Львовна
     </persName>
    </correspAction>
   </correspDesc>
   <langUsage>
    <language ident="ru"/>
   </langUsage>
   <textClass>
    <catRef ana="#tolstoy_heritage" target="library"/>
    <catRef ana="#letters" target="type"/>
    <catRef ana="#sent" target="sent"/>
   </textClass>
  </profileDesc>
 </teiHeader>
 <xenoData>
  <number type="in a volume">
   328
  </number>
 </xenoData>
 <text xml:id="A.L.Tolstoj_328" xmlns="http://www.tei-c.org/ns/1.0" xmlns:xi="http://www.w3.org/2001/XInclude">
  <body>
   <div>
    <pb n="256"/>
    <opener index="false">
     * 328. A. Л. Толстой.1910 г. Апреля 26—27. Я. П.
    </opener>
    <p id="2ff2a205-bf2e-498a-b026-4440b72d12b8">
     Пишу тебе хоть два слова, милый дружок Саша.
    </p>
    <p id="72e2ea1e-bd73-425f-8612-a7bc7fc8103a">
     Сейчас 12-й час ночи, пятница. Собираюсь спать. Расположение духа нехорошее, но кроме твоей болезни и твоего
     <hi style="opdelimiter">
      отсутствия
     </hi>
     <pb n="257"/>
     <hi style="npdelimiter">
      так
     </hi>
     много хорошего, что самый желчный человек не мог бы не радоваться. Булгаков очень хорошо помогает мне и так сердечно, что мне легко с ним, и каждый день и посетители и письма таких близких, хотя и неизвестных людей, что нельзя не радоваться. Как твоя жизнь? Хотелось бы думать, что у тебя есть и там внутренняя духовная работа. Это важнее всего. Хотя ты и молода, а все-таки можно и должно.
    </p>
    <p id="b9a6ae53-2d9d-49d7-97a0-118ecd54ee44">
     Сейчас был милый Димочка. Старый Дима
     <ref target="#note1">
      1
     </ref>
     <note index="false" resp="volume_editor" xml:id="note1">
      В. Г. Чертков. См. прим. 4 к письму № 325.
     </note>
     нанял дачу за Серпуховым. Я надеюсь побывать у него. Таня, как всегда, мила и хороша. Целую тебя. Варе привет.
    </p>
    <p id="69d2a526-5da7-4c36-9fd2-869d053987cc" rend="right">
     Л. Т.
    </p>
    <noteGrp type="comments">
     <note index="false" type="comments">
      <p id="cd2c310f-69e2-4507-8fb0-11aeae8799c9" rend="Textpetit_otstup left">
       Печатается по копии из АЧ.
      </p>
     </note>
    </noteGrp>
   </div>
  </body>
 </text>
</TEI>
