<?xml version="1.0" encoding="utf-8"?>
<TEI xmlns="http://www.tei-c.org/ns/1.0" xmlns:xi="http://www.w3.org/2001/XInclude">
 <teiHeader>
  <fileDesc>
   <titleStmt>
    <title xml:id="v81_116_M_G_Bolkvadze">
     Письма и документы. Tolstoy Digital
    </title>
    <title type="main">
     Письмо М. Г. Болквадзе от 9 февраля 1910 г.
    </title>
    <title type="bibl">
     Толстой Л. Н. Письмо М. Г. Болквадзе, 9 февраля 1910 г. // Толстой Л. Н. Полное собрание сочинений: в 90 тт. Т. 81. М.: Гос. изд. «Художественная литература», 1956. С.
    </title>
    <respStmt>
     <resp>
      Идея, постановка задач, руководство:
     </resp>
     <name>
      Анастасия Бонч-Осмоловская, Фёкла Толстая, Борис Орехов, Тимофей Лукашевский
     </name>
    </respStmt>
    <respStmt>
     <resp>
      Подготовка TEI/XML:
     </resp>
     <name>
      Евгений Можаев, Даниил Скоринкин, Ирина Павлова, Матвей Колбасов, Елена Сидорова, Кирилл Милинцевич, Лев Буланов, Макар Федоров, Константин Петров
     </name>
    </respStmt>
    <respStmt>
     <resp>
      Подготовка метаданных:
     </resp>
     <name>
      Мария Картышева, Вероника Файнберг
     </name>
    </respStmt>
    <respStmt>
     <resp>
      Разметка имен собственных:
     </resp>
     <name>
      Никита Северин, Елена Северина
     </name>
    </respStmt>
    <respStmt>
     <resp>
      Исправление древнегреческого текста:
     </resp>
     <name>
      Ольга Алиева
     </name>
    </respStmt>
    <funder>
     Проект «Слово Толстого»
    </funder>
   </titleStmt>
   <publicationStmt>
    <publisher>
     <orgName>
      Tolstoy Digital, DH CLOUD, Научно-образовательный союз «Родное Слово» проект «Слово Толстого»
     </orgName>
    </publisher>
    <availability>
     <p id="a3df29b0-cdbc-48d0-85a7-d82420eed4b1">
      Тексты и метатекстовая разметка доступны для свободного использования и распространения по лицензии Creative Commons Attribution Share-Alike (cc by-sa)
     </p>
    </availability>
    <date from="2015" to="2022"/>
   </publicationStmt>
   <notesStmt>
    <note>
     Публикуемые документы был получены с сайта tolstoy.ru в формате html, переведены в формат TEI. Исправлены некоторые ошибки распознавания. Тексты, написанные в дореформенной орфографии, сопоставлены с их версиями в современной орфографии.
    </note>
   </notesStmt>
   <sourceDesc>
    <biblStruct>
     <analytic>
      <author>
       Толстой Лев Николаевич
      </author>
     </analytic>
     <monogr>
      <title level="m">
       Полное собрание сочинений. Том 81
      </title>
      <imprint>
       <pubPlace>
        Москва
       </pubPlace>
       <publisher>
        Государственное издательство «Художественная литература»
       </publisher>
       <date when="1956"/>
      </imprint>
      <biblScope unit="vol">
       81
      </biblScope>
      <biblScope unit="page">
       94-94
      </biblScope>
     </monogr>
     <series>
      <title level="s">
       Л. Н. Толстой. Полное собрание сочинений: в 90 тт.
      </title>
     </series>
    </biblStruct>
    <bibl>
     Публикуется впервые
    </bibl>
   </sourceDesc>
  </fileDesc>
  <encodingDesc>
   <classDecl>
    <xi:include href="../../reference/taxonomy.xml"/>
   </classDecl>
  </encodingDesc>
  <profileDesc>
   <correspDesc>
    <correspAction type="sending">
     <persName ref="13883">
      Л. Н. Толстой
     </persName>
     <placeName>
      Ясная Поляна
     </placeName>
     <date when="1910-02-09"/>
    </correspAction>
    <correspAction type="receiving">
     <persName ref="1652">
      Болквадзе Малахий Георгиевич
     </persName>
    </correspAction>
   </correspDesc>
   <langUsage>
    <language ident="ru"/>
   </langUsage>
   <textClass>
    <catRef ana="#tolstoy_heritage" target="library"/>
    <catRef ana="#letters" target="type"/>
    <catRef ana="#sent" target="sent"/>
   </textClass>
  </profileDesc>
 </teiHeader>
 <xenoData>
  <number type="in a volume">
   116
  </number>
 </xenoData>
 <text xml:id="M.G.Bolkvadze_116" xmlns="http://www.tei-c.org/ns/1.0" xmlns:xi="http://www.w3.org/2001/XInclude">
  <body>
   <div>
    <pb n="94"/>
    <opener index="false">
     * 116.
     <name placement="text" ref="1652" type="person">
      М. Г. Болквадзе
     </name>
     .1910 г. Февраля 9. Я. П.
    </opener>
    <p id="e133ab4d-85d1-4738-8c65-b44cf9bdba17" rend="right">
     9 февраля 10 г. Ясная Поляна.
    </p>
    <p id="41a60593-c1f5-4a96-b63a-46c802982e59">
     Боюсь, что всё, что мне придется написать, будет нецензурно. Постараюсь, однако, сделать так, чтобы то, что напишу, могло бы быть напечатано.
    </p>
    <p id="12230940-7e80-4e96-8386-a9671f38282b">
     Обещать не обещаю, но очень желал бы исполнить вашу просьбу.
    </p>
    <noteGrp type="comments">
     <note index="false" type="comments">
      <p id="c1af3d6e-a544-4061-901d-0450a7015881" rend="Textpetit_otstup left">
       Печатается по копии, сверенной с черновиком-автографом, написанным на конверте письма Болквадзе.
      </p>
     </note>
     <note index="false" type="comments">
      <p id="a33150dc-4697-47ef-b981-89c4bfbea507" rend="petit">
       <name placement="comments" ref="1652" type="person">
        Малахий Георгиевич Болквадзе
       </name>
       — редактор-издатель журнала «Защита человека» в Петербурге, автор книги «Исповедь адвоката», председатель бюро печати первой и второй Государственной думы. Болквадзе в письме от 31 января 1910 г. благодарил Толстого за письмо от 31 декабря 1909 г. (см. т. 80), в котором Толстой обещал свое сотрудничество в журнале. Он сообщал, что выпуск первого номера журнала задержался до 1 марта, так как для выпуска его «необходимо мощное слово великого мудреца», и просил Толстого исполнить свое обещание о сотрудничестве в журнале.
       <ref target="file:///Volume_81_M.G.Bolkvadze_237.xml">
        См. письмо № 237
       </ref>
       .
      </p>
     </note>
    </noteGrp>
   </div>
  </body>
 </text>
</TEI>
