<?xml version="1.0" encoding="utf-8"?>
<TEI xmlns="http://www.tei-c.org/ns/1.0" xmlns:xi="http://www.w3.org/2001/XInclude">
 <teiHeader>
  <fileDesc>
   <titleStmt>
    <title xml:id="v81_143_H_N_Gusevu">
     Письма и документы. Tolstoy Digital
    </title>
    <title type="main">
     Письмо Н. Н. Гусеву от 25 февраля 1910 г.
    </title>
    <title type="bibl">
     Толстой Л. Н. Письмо Н. Н. Гусеву, 25 февраля 1910 г. // Толстой Л. Н. Полное собрание сочинений: в 90 тт. Т. 81. М.: Гос. изд. «Художественная литература», 1956. С.
    </title>
    <respStmt>
     <resp>
      Идея, постановка задач, руководство:
     </resp>
     <name>
      Анастасия Бонч-Осмоловская, Фёкла Толстая, Борис Орехов, Тимофей Лукашевский
     </name>
    </respStmt>
    <respStmt>
     <resp>
      Подготовка TEI/XML:
     </resp>
     <name>
      Евгений Можаев, Даниил Скоринкин, Ирина Павлова, Матвей Колбасов, Елена Сидорова, Кирилл Милинцевич, Лев Буланов, Макар Федоров, Константин Петров
     </name>
    </respStmt>
    <respStmt>
     <resp>
      Подготовка метаданных:
     </resp>
     <name>
      Мария Картышева, Вероника Файнберг
     </name>
    </respStmt>
    <respStmt>
     <resp>
      Разметка имен собственных:
     </resp>
     <name>
      Никита Северин, Елена Северина
     </name>
    </respStmt>
    <respStmt>
     <resp>
      Исправление древнегреческого текста:
     </resp>
     <name>
      Ольга Алиева
     </name>
    </respStmt>
    <funder>
     Проект «Слово Толстого»
    </funder>
   </titleStmt>
   <publicationStmt>
    <publisher>
     <orgName>
      Tolstoy Digital, DH CLOUD, Научно-образовательный союз «Родное Слово» проект «Слово Толстого»
     </orgName>
    </publisher>
    <availability>
     <p id="2d34c4dc-ec7b-4f27-bb9e-1c52ce83da74">
      Тексты и метатекстовая разметка доступны для свободного использования и распространения по лицензии Creative Commons Attribution Share-Alike (cc by-sa)
     </p>
    </availability>
    <date from="2015" to="2022"/>
   </publicationStmt>
   <notesStmt>
    <note>
     Публикуемые документы был получены с сайта tolstoy.ru в формате html, переведены в формат TEI. Исправлены некоторые ошибки распознавания. Тексты, написанные в дореформенной орфографии, сопоставлены с их версиями в современной орфографии.
    </note>
   </notesStmt>
   <sourceDesc>
    <biblStruct>
     <analytic>
      <author>
       Толстой Лев Николаевич
      </author>
     </analytic>
     <monogr>
      <title level="m">
       Полное собрание сочинений. Том 81
      </title>
      <imprint>
       <pubPlace>
        Москва
       </pubPlace>
       <publisher>
        Государственное издательство «Художественная литература»
       </publisher>
       <date when="1956"/>
      </imprint>
      <biblScope unit="vol">
       81
      </biblScope>
      <biblScope unit="page">
       113-113
      </biblScope>
     </monogr>
     <series>
      <title level="s">
       Л. Н. Толстой. Полное собрание сочинений: в 90 тт.
      </title>
     </series>
    </biblStruct>
    <bibl/>
   </sourceDesc>
  </fileDesc>
  <encodingDesc>
   <classDecl>
    <xi:include href="../../reference/taxonomy.xml"/>
   </classDecl>
  </encodingDesc>
  <profileDesc>
   <correspDesc>
    <correspAction type="sending">
     <persName ref="13883">
      Л. Н. Толстой
     </persName>
     <placeName>
      Ясная Поляна
     </placeName>
     <date when="1910-02-25"/>
    </correspAction>
    <correspAction type="receiving">
     <persName ref="4055">
      Гусев Николай Николаевич
     </persName>
    </correspAction>
   </correspDesc>
   <langUsage>
    <language ident="ru"/>
   </langUsage>
   <textClass>
    <catRef ana="#tolstoy_heritage" target="library"/>
    <catRef ana="#letters" target="type"/>
    <catRef ana="#sent" target="sent"/>
   </textClass>
  </profileDesc>
 </teiHeader>
 <xenoData>
  <number type="in a volume">
   143
  </number>
 </xenoData>
 <text xml:id="H.N.Gusevu_143" xmlns="http://www.tei-c.org/ns/1.0" xmlns:xi="http://www.w3.org/2001/XInclude">
  <body>
   <div>
    <pb n="113"/>
    <opener index="false">
     143. H. H. Гусеву.1910 г. Февраля 25. Я. П.
    </opener>
    <p id="a237c6bb-95a0-437c-bd2e-0e94c77d6b40">
     Собирался и собираюсь писать — отвечать вам на ваше, как всегда хорошее,
     <choice original_editorial_correction="оч[ень]">
      <sic>
       оч
      </sic>
      <corr>
       очень
      </corr>
     </choice>
     хорошее письмо, а сейчас прочел к вам письмо Булгакова, и хочется хоть два слова сказать вам, что по-старому люблю вас, и как ни близок мой час, надеюсь или скорее желаю еще свидеться с вами. Как хороша ваша выписка из Чехова!
     <ref target="#note1">
      1
     </ref>
     <note index="false" resp="volume_editor" xml:id="note1">
      Выписка из рассказа А. П. Чехова «Крыжовник» (1898): «Счастья нет и не должно его быть, а если в жизни есть смысл и цель, то смысл этот и цель вовсе не в нашем счастье, а в чем-то более разумном и великом».
     </note>
     Она просится в
     <choice original_editorial_correction="Кр[уг]">
      <sic>
       Кр
      </sic>
      <corr>
       Круг
      </corr>
     </choice>
     <choice original_editorial_correction="чт[ения]">
      <sic>
       чт
      </sic>
      <corr>
       чтения
      </corr>
     </choice>
     . Я теперь занят 3-й версией
     <choice original_editorial_correction="Кр[уга]">
      <sic>
       Кр
      </sic>
      <corr>
       Круга
      </corr>
     </choice>
     <choice original_editorial_correction="чт[ения]">
      <sic>
       чт
      </sic>
      <corr>
       чтения
      </corr>
     </choice>
     , и, как всегда пока занят ею, она мне очень нравится. Еще всё напрашивается художественное баловство. Не знаю, успею ли. Саша была опасно в кори, теперь выздоравливает. Как вы? В нынешнем письме мало пишете о себе. Но и за то спасибо.
    </p>
    <p id="f6e4efd3-d1e2-4fa8-920e-8a9f091da311">
     Радуюсь,
     <choice original_editorial_correction="ч[то]">
      <sic>
       ч
      </sic>
      <corr>
       что
      </corr>
     </choice>
     вы уничтожили то,
     <choice original_editorial_correction="ч[то]">
      <sic>
       ч
      </sic>
      <corr>
       что
      </corr>
     </choice>
     разделяло вас с
     <choice original_editorial_correction="Ч[ертковым]">
      <sic>
       Ч
      </sic>
      <corr>
       Чертковым
      </corr>
     </choice>
     . Вы оба слишком близки к одному и тому же, чтобы вам расходиться.
    </p>
    <p id="828c4879-2ead-434d-b445-804b6067d838" rend="right">
     Л. Т.
    </p>
    <noteGrp type="comments">
     <note index="false" type="comments">
      <p id="1798c52a-d564-4bec-951e-f5f6fb9b6181" rend="Textpetit_otstup left">
       Впервые опубликовано H.H. Гусевым в его книге «Из Ясной Поляны в Чердынь», изд. Сытина, М. 1911, стр. 49—50. Дата определяется пометой H. Н. Гусева на подлиннике.
      </p>
     </note>
     <note index="false" type="comments">
      <p id="be4fba1a-9373-42f0-b1e5-ccd85f587db3" rend="petit">
       Ответ на письмо Гусева из Корепина от 16 февраля 1910 г. Описывая свою жизнь в Корепине и делясь с Толстым своим впечатлением, Гусев к своему письму приложил выписку из письма к нему П. В. Калачева (о Калачеве
       <ref target="file:///Volume_81_GI.V.Kalachevu_89.xml">
        см. письмо № 89
       </ref>
       ). На конверте этого письма Толстой пометил: Прекрасное письмо Калачева.
      </p>
     </note>
    </noteGrp>
   </div>
  </body>
 </text>
</TEI>
