<?xml version="1.0" encoding="utf-8"?>
<TEI xmlns="http://www.tei-c.org/ns/1.0" xmlns:xi="http://www.w3.org/2001/XInclude">
 <teiHeader>
  <fileDesc>
   <titleStmt>
    <title xml:id="v81_011_M_F_Murtazinu">
     Письма и документы. Tolstoy Digital
    </title>
    <title type="main">
     Письмо М. Ф. Муртазину от 5 января 1910 г.
    </title>
    <title type="bibl">
     Толстой Л. Н. Письмо М. Ф. Муртазину, 5 января 1910 г. // Толстой Л. Н. Полное собрание сочинений: в 90 тт. Т. 81. М.: Гос. изд. «Художественная литература», 1956. С.
    </title>
    <respStmt>
     <resp>
      Идея, постановка задач, руководство:
     </resp>
     <name>
      Анастасия Бонч-Осмоловская, Фёкла Толстая, Борис Орехов, Тимофей Лукашевский
     </name>
    </respStmt>
    <respStmt>
     <resp>
      Подготовка TEI/XML:
     </resp>
     <name>
      Евгений Можаев, Даниил Скоринкин, Ирина Павлова, Матвей Колбасов, Елена Сидорова, Кирилл Милинцевич, Лев Буланов, Макар Федоров, Константин Петров
     </name>
    </respStmt>
    <respStmt>
     <resp>
      Подготовка метаданных:
     </resp>
     <name>
      Мария Картышева, Вероника Файнберг
     </name>
    </respStmt>
    <respStmt>
     <resp>
      Разметка имен собственных:
     </resp>
     <name>
      Никита Северин, Елена Северина
     </name>
    </respStmt>
    <respStmt>
     <resp>
      Исправление древнегреческого текста:
     </resp>
     <name>
      Ольга Алиева
     </name>
    </respStmt>
    <funder>
     Проект «Слово Толстого»
    </funder>
   </titleStmt>
   <publicationStmt>
    <publisher>
     <orgName>
      Tolstoy Digital, DH CLOUD, Научно-образовательный союз «Родное Слово» проект «Слово Толстого»
     </orgName>
    </publisher>
    <availability>
     <p id="1f546c96-8515-4604-af6f-abd5e2d38c5d">
      Тексты и метатекстовая разметка доступны для свободного использования и распространения по лицензии Creative Commons Attribution Share-Alike (cc by-sa)
     </p>
    </availability>
    <date from="2015" to="2022"/>
   </publicationStmt>
   <notesStmt>
    <note>
     Публикуемые документы был получены с сайта tolstoy.ru в формате html, переведены в формат TEI. Исправлены некоторые ошибки распознавания. Тексты, написанные в дореформенной орфографии, сопоставлены с их версиями в современной орфографии.
    </note>
   </notesStmt>
   <sourceDesc>
    <biblStruct>
     <analytic>
      <author>
       Толстой Лев Николаевич
      </author>
     </analytic>
     <monogr>
      <title level="m">
       Полное собрание сочинений. Том 81
      </title>
      <imprint>
       <pubPlace>
        Москва
       </pubPlace>
       <publisher>
        Государственное издательство «Художественная литература»
       </publisher>
       <date when="1956"/>
      </imprint>
      <biblScope unit="vol">
       81
      </biblScope>
      <biblScope unit="page">
       17-19
      </biblScope>
     </monogr>
     <series>
      <title level="s">
       Л. Н. Толстой. Полное собрание сочинений: в 90 тт.
      </title>
     </series>
    </biblStruct>
    <bibl>
     Публикуется впервые
    </bibl>
   </sourceDesc>
  </fileDesc>
  <encodingDesc>
   <classDecl>
    <xi:include href="../../reference/taxonomy.xml"/>
   </classDecl>
  </encodingDesc>
  <profileDesc>
   <correspDesc>
    <correspAction type="sending">
     <persName ref="13883">
      Л. Н. Толстой
     </persName>
     <placeName>
      Ясная Поляна
     </placeName>
     <date when="1910-01-05"/>
    </correspAction>
    <correspAction type="receiving">
     <persName ref="9405">
      Муртазин Магомет Фатих
     </persName>
    </correspAction>
   </correspDesc>
   <langUsage>
    <language ident="ru"/>
   </langUsage>
   <textClass>
    <catRef ana="#tolstoy_heritage" target="library"/>
    <catRef ana="#letters" target="type"/>
    <catRef ana="#sent" target="sent"/>
   </textClass>
  </profileDesc>
 </teiHeader>
 <xenoData>
  <number type="in a volume">
   11
  </number>
 </xenoData>
 <text xml:id="M.F.Murtazinu_11" xmlns="http://www.tei-c.org/ns/1.0" xmlns:xi="http://www.w3.org/2001/XInclude">
  <body>
   <div>
    <pb n="17"/>
    <opener index="false">
     * 11.
     <name placement="text" ref="9405" type="person">
      Магомету Фатиху Муртазину
     </name>
     . Черновое.1910 г. Января 5. Я. П.
    </opener>
    <p id="d5729efc-f3c6-46d1-b8df-2a5f674ac60b">
     Постараюсь, как могу, ответить на ваши 5 вопросов.
    </p>
    <p id="ae16111b-5fdd-4e54-82f0-9ea6b30e8b2f">
     1-й вопрос. В том, что магометане не признают бога в трех лицах, я считаю магометан совершенно правыми.
    </p>
    <p id="9d2365a5-5909-4c9b-8852-98e3a02d0451">
     2-й вопрос. Все люди посланы от бога для исполнения его дела. Также посланы от бога и самые простые, и самые мудрые и святые люди. Магомет в Аравии, Иисус в Иудее, Будда в Индии, Конфуций в Китае,
     <name placement="text" ref="1380" type="person">
      Беха Улла
     </name>
     в Персии и еще многие другие — такие же люди, как и все остальные. Отличаются они от всех остальных людей только тем, что они более верно исполняли волю бога и его дела.
    </p>
    <p id="3ac25adc-5275-43c8-9043-f9ef63cfefab">
     3-й вопрос. То, что слова Алькорана
     <ref target="#note1">
      1
     </ref>
     <note index="false" resp="volume_editor" xml:id="note1">
      Алькоран, или коран — магометанская священная книга.
     </note>
     суть слова бога, переданные через ангела Гавриила Магомеду, я считаю ошибочным. Ошибочным я считаю это
     <choice original_editorial_correction="п[отому]">
      <sic>
       п
      </sic>
      <corr>
       потому
      </corr>
     </choice>
     ,
     <choice original_editorial_correction="ч[то]">
      <sic>
       ч
      </sic>
      <corr>
       что
      </corr>
     </choice>
     во всех верах, и в еврейской, и в браминской, и в буддийской, и в христианской учителя этих вер считают слова, написанные в их книгах, едиными истинными словами бога, все же другие веры считают ложными. И потому думаю, что считать истинными и божьими нужно только те слова,
     <choice original_editorial_correction="к[оторые]">
      <sic>
       к
      </sic>
      <corr>
       которые
      </corr>
     </choice>
     одни и те же во всех верах, те же слова, которые разные во всех верах, думаю, что надо считать ложными. Слова же божьи, которые одни и те же во всех верах и кроме того записаны в сердцах людей, мы все знаем. Слова эти в том, что во всех нас живет один дух божий, и потому, если любим себя, должны любить и друг друга. Сношений с ангелами, думаю, что нельзя иметь,
     <choice original_editorial_correction="п[отому]">
      <sic>
       п
      </sic>
      <corr>
       потому
      </corr>
     </choice>
     <choice original_editorial_correction="ч[то]">
      <sic>
       ч
      </sic>
      <corr>
       что
      </corr>
     </choice>
     считаю рассказы об ангелах пустой выдумкой.
    </p>
    <p id="9c72b3cc-047f-4af3-aa57-350b7377f36e">
     4-й вопрос. Можно ли спастись в Исламе и что нужно для спасения?
    </p>
    <p id="bf715c64-da14-4f33-b93d-fa5e6b4ea14f">
     Спасаться можно только от беды и опасности, а в жизни человеческой нет никакой беды и опасности. Жизнь дана людям на благо, и надо не спасаться от нее, а исполнять в ней
     <hi style="opdelimiter">
      волю
     </hi>
     <pb n="18"/>
     <hi style="npdelimiter">
      бога.
     </hi>
     Воля же бога только в том, чтобы мы любили друг друга, и магометан, и христиан, и евреев, и буддистов, и таосистов,
     <ref target="#note2">
      2
     </ref>
     <note index="false" resp="volume_editor" xml:id="note2">
      Таосисты — последователи китайского мудреца Лао-Тзе.
     </note>
     и
     <choice original_editorial_correction="др[угих]">
      <sic>
       др
      </sic>
      <corr>
       других
      </corr>
     </choice>
     всех одинаково. А будем жить так, то и жизнь наша будет добро, и смерть не будет страшна нам. Не спасаться нам надо, а жить по-божьи и благодарить его за данную нам жизнь.
    </p>
    <p id="a2239870-fcba-4ace-98c3-645f667f44a0">
     <del>
      На
     </del>
     5 вопрос советовать другим, как жить, [отвечать] не считаю себя в праве. Могу сказать только то, что в моей жизни дало мне спокойствие, уверенность и благо. Дало мне спокойствие, уверенность и благо признание того, что я не христианин, не русский, не дворянин, не член своего семейства, не
     <name placement="text" ref="13883" type="person">
      Лев Николаевич Толстой
     </name>
     , а
     <choice original_editorial_correction="работ[ник]">
      <sic>
       работ
      </sic>
      <corr>
       работник
      </corr>
     </choice>
     божий, посланный в мир для исполнения в нем, в тот короткий срок жизни, который предназначен мне, дела пославшего меня. Дело же это и легкое и радостное одно: любить и делать по мере сил своих добро тем людям, с
     <choice original_editorial_correction="к[оторыми]">
      <sic>
       к
      </sic>
      <corr>
       которыми
      </corr>
     </choice>
     сходишься. Думаю, что так же понимать жизнь можно и магометанину, и буддисту, и еврею, и всякому человеку, к какой бы он ни принадлежал вере.
    </p>
    <p id="f2d1bc85-513e-411e-b481-d680145e928f">
     Посылаю вам Избранные мысли
     <choice original_editorial_correction="Магом[ета]">
      <sic>
       Магом
      </sic>
      <corr>
       Магомета
      </corr>
     </choice>
     ,
     <ref target="#note3">
      3
     </ref>
     <note index="false" resp="volume_editor" xml:id="note3">
      «Изречения Магомета, не вошедшие в коран. Избраны
      <name placement="note" ref="13883" type="person">
       Л. Н. Толстым
      </name>
      », изд. «Посредник», М. 1909.
     </note>
     книжки
     <choice original_editorial_correction="Н[а]">
      <sic>
       Н
      </sic>
      <corr>
       На
      </corr>
     </choice>
     <choice original_editorial_correction="к[аждый]">
      <sic>
       к
      </sic>
      <corr>
       каждый
      </corr>
     </choice>
     <choice original_editorial_correction="д[ень]">
      <sic>
       д
      </sic>
      <corr>
       день
      </corr>
     </choice>
     и
     <choice original_editorial_correction="Кр[аткое]">
      <sic>
       Кр
      </sic>
      <corr>
       Краткое
      </corr>
     </choice>
     <choice original_editorial_correction="ев[ангелие]">
      <sic>
       ев
      </sic>
      <corr>
       евангелие
      </corr>
     </choice>
     (детское),
     <ref target="#note4">
      4
     </ref>
     <note index="false" resp="volume_editor" xml:id="note4">
      «Учение Христа, изложенное для детей», изд. «Посредник» М. 1909.
     </note>
     в которых] вы найдете подтверждение
     <choice original_editorial_correction="высказанны[х]">
      <sic>
       высказанны
      </sic>
      <corr>
       высказанных
      </corr>
     </choice>
     в этом письме мыслей.
    </p>
    <noteGrp type="comments">
     <note index="false" type="comments">
      <p id="74a2af0a-79c2-4283-9e30-0ff2aacb07ef" rend="Textpetit_otstup left">
       Печатается по копии, сверенной с черновиком-автографом, написанным на почтовой бумаге. Письмо датируется 5 января 1910 г., хотя в копии имеется написанная неизвестной рукой чернилами дата: «19 января 1910 г. ». Основанием даты 5 января 1910 г. служит: а) запись в Дневнике Толстого от 5 января 1910 г.: «Писал ответы Шмидту и магометанину из Самары» (см. т. 58, стр. 4); б) помета на конверте об ответе Толстого 5 января 1910 г.
      </p>
     </note>
     <note index="false" type="comments">
      <p id="31101342-7130-4ce0-a602-4ea88a1bc8b4" rend="petit">
       <name placement="comments" ref="9405" type="person">
        Магомет Фатих Муртазин
       </name>
       — самарский мулла, в письме из Самары от 1 января 1910 г. просил ответить на пять вопросов. Содержание первых четырех вопросов передано в ответах Толстого. Пятый вопрос формулирован Муртазином следующим образом: «Нет ли Вашего особого совета к нашему мусульманскому народу? »
      </p>
     </note>
    </noteGrp>
   </div>
  </body>
 </text>
</TEI>
