<?xml version="1.0" encoding="utf-8"?>
<TEI xmlns="http://www.tei-c.org/ns/1.0" xmlns:xi="http://www.w3.org/2001/XInclude">
 <teiHeader>
  <fileDesc>
   <titleStmt>
    <title xml:id="v81_281_P_P_Sokolovu">
     Письма и документы. Tolstoy Digital
    </title>
    <title type="main">
     Письмо П. П. Соколову от 11 апреля 1910 г.
    </title>
    <title type="bibl">
     Толстой Л. Н. Письмо П. П. Соколову, 11 апреля 1910 г. // Толстой Л. Н. Полное собрание сочинений: в 90 тт. Т. 81. М.: Гос. изд. «Художественная литература», 1956. С.
    </title>
    <respStmt>
     <resp>
      Идея, постановка задач, руководство:
     </resp>
     <name>
      Анастасия Бонч-Осмоловская, Фёкла Толстая, Борис Орехов, Тимофей Лукашевский
     </name>
    </respStmt>
    <respStmt>
     <resp>
      Подготовка TEI/XML:
     </resp>
     <name>
      Евгений Можаев, Даниил Скоринкин, Ирина Павлова, Матвей Колбасов, Елена Сидорова, Кирилл Милинцевич, Лев Буланов, Макар Федоров, Константин Петров
     </name>
    </respStmt>
    <respStmt>
     <resp>
      Подготовка метаданных:
     </resp>
     <name>
      Мария Картышева, Вероника Файнберг
     </name>
    </respStmt>
    <respStmt>
     <resp>
      Разметка имен собственных:
     </resp>
     <name>
      Никита Северин, Елена Северина
     </name>
    </respStmt>
    <respStmt>
     <resp>
      Исправление древнегреческого текста:
     </resp>
     <name>
      Ольга Алиева
     </name>
    </respStmt>
    <funder>
     Проект «Слово Толстого»
    </funder>
   </titleStmt>
   <publicationStmt>
    <publisher>
     <orgName>
      Tolstoy Digital, DH CLOUD, Научно-образовательный союз «Родное Слово» проект «Слово Толстого»
     </orgName>
    </publisher>
    <availability>
     <p id="f52b2e9f-1139-436c-8906-94260a2c33f7">
      Тексты и метатекстовая разметка доступны для свободного использования и распространения по лицензии Creative Commons Attribution Share-Alike (cc by-sa)
     </p>
    </availability>
    <date from="2015" to="2022"/>
   </publicationStmt>
   <notesStmt>
    <note>
     Публикуемые документы был получены с сайта tolstoy.ru в формате html, переведены в формат TEI. Исправлены некоторые ошибки распознавания. Тексты, написанные в дореформенной орфографии, сопоставлены с их версиями в современной орфографии.
    </note>
   </notesStmt>
   <sourceDesc>
    <biblStruct>
     <analytic>
      <author>
       Толстой Лев Николаевич
      </author>
     </analytic>
     <monogr>
      <title level="m">
       Полное собрание сочинений. Том 81
      </title>
      <imprint>
       <pubPlace>
        Москва
       </pubPlace>
       <publisher>
        Государственное издательство «Художественная литература»
       </publisher>
       <date when="1956"/>
      </imprint>
      <biblScope unit="vol">
       81
      </biblScope>
      <biblScope unit="page">
       220-223
      </biblScope>
     </monogr>
     <series>
      <title level="s">
       Л. Н. Толстой. Полное собрание сочинений: в 90 тт.
      </title>
     </series>
    </biblStruct>
    <bibl>
     Публикуется впервые
    </bibl>
   </sourceDesc>
  </fileDesc>
  <encodingDesc>
   <classDecl>
    <xi:include href="../../reference/taxonomy.xml"/>
   </classDecl>
  </encodingDesc>
  <profileDesc>
   <correspDesc>
    <correspAction type="sending">
     <persName ref="13883">
      Л. Н. Толстой
     </persName>
     <placeName>
      Ясная Поляна
     </placeName>
     <date when="1910-04-11"/>
    </correspAction>
    <correspAction type="receiving">
     <persName ref="12931">
      Соколов Петр Павлович
     </persName>
    </correspAction>
   </correspDesc>
   <langUsage>
    <language ident="ru"/>
   </langUsage>
   <textClass>
    <catRef ana="#tolstoy_heritage" target="library"/>
    <catRef ana="#letters" target="type"/>
    <catRef ana="#sent" target="sent"/>
   </textClass>
  </profileDesc>
 </teiHeader>
 <xenoData>
  <number type="in a volume">
   281
  </number>
 </xenoData>
 <text xml:id="P.P.Sokolovu_281" xmlns="http://www.tei-c.org/ns/1.0" xmlns:xi="http://www.w3.org/2001/XInclude">
  <body>
   <div>
    <pb n="220"/>
    <opener index="false">
     * 281.
     <name placement="text" ref="12931" type="person">
      П. П. Соколову
     </name>
     .1910 г. Апреля 11. Я. П.
    </opener>
    <p id="1849a2d3-7b78-4462-977f-63808a5262d3" rend="right">
     Ясная Поляна. 11 апреля 1910.
    </p>
    <p id="e90acf1e-5e64-4286-a84c-0d85aa67662e">
     Я не отвечал вам на ваши письма, потому что мы с вами говорим на разных языках, и хотя я, простите за самоуверенность, знаю тот язык, на котором вы говорите, вы не имеете ни малейшего понятия о том языке, на котором я говорю, и, что хуже всего, слыша некоторые звуки моего языка, имеющие значение на вашем языке, вам кажется, что когда я говорю cheval,
     <ref target="#note1">
      1
     </ref>
     <note index="false" resp="volume_editor" xml:id="note1">
      По-французски — лошадь.
     </note>
     что я ругаюсь, называя кого-то «швалью» и т. п.
    </p>
    <p id="60b49e1b-e2d1-4f2d-a34a-5071b4d6920e">
     Для того, чтобы вы могли понять мой ответ на ваши вопросы вы должны выучиться тому языку, на котором я говорю. Но учить вас этому языку так, как учат арифметике, грамматике и др. знаниям, то самое, чего вы от меня хотите,
     <hi style="opdelimiter">
      спрашивая,
     </hi>
     <pb n="221"/>
     <hi style="npdelimiter">
      с
     </hi>
     вычислением страниц, какие книги нужно читать и какие прежде и какие после, учить вас этому языку я никак не могу, уже по одному тому, что, как это видно по вашему письму, вы всё уже знаете и вам нечему учиться.
    </p>
    <p id="d5a24e1e-7139-448d-8f74-abe75505d058">
     Вопросы ваши такие: 1) Как примирить противоречие между законом любви и
     <hi>
      законом жизни
     </hi>
     , по которому овцы кротостью никогда не заставят волков есть сено? и 2) Что из написанного во все времена необходимо прочесть каждому человеку?
    </p>
    <p id="72be1ade-d176-494a-a732-3b0908b6018c">
     По первому вопросу видно, что вы несомненно знаете какой-то, мне и всем людям, говорящим на моем языке, совершенно неизвестный
     <hi>
      «закон жизни
     </hi>
     », по которому люди разделяются на разумные и добрые существа и на существа, лишенные этих свойств.
    </p>
    <p id="0a5d695b-ab6c-4392-b731-23319460b980">
     Я с людьми, говорящими одним со мной языком: браминами, Буддой, Конфуцием, Лao-Тзе, Христом, Магометом, Паскалем, Руссо, Кантом, Фихте, Шопенгауэром, Эмерсоном, Лихтенбергом
     <ref target="#note2">
      2
     </ref>
     <note index="false" resp="volume_editor" xml:id="note2">
      Георг Кристоф Лихтенберг (1742—1799), немецкий математик и философ.
     </note>
     и многими и многими другими, не только не знаю того «закона», по которому люди разделяются на овец и волков, но знаю, напротив, закон, прямо противоположный этому мнимому «закону», а именно тот, что всякий человек есть существо, одаренное теми же, иногда в большей, иногда в меньшей степени, свойствами разума и любви, как и все другие, и что поэтому отношение всякого разумного человека к своим ближним никак не может состоять в том, чтобы признавать их животными (что неудобно уже по одному тому, что люди, признаваемые
     <hi>
      мною
     </hi>
     животными, могут точно так же признавать себя людьми, а меня животным), а только в том, чтобы стараться понимать жизнь своих ближних и любить их.
    </p>
    <p id="5ebb70d5-8293-4422-a28e-f97b1b71dd2e">
     Насчет же овец и волков я ничего не знаю, да и не интересуюсь знать, так как нужно мне не рассуждение о мнимых законах эволюции, а только одно: как мне наилучшим образом прожить предстоящий мне более или менее короткий срок жизни. Это по первому вопросу. Второй же вопрос еще более очевидно показывает — простите меня — совершенно непонимание вами того, о чем вы говорите. Вам кажется всё так просто: «Потрудитесь, Лев Николаевич, написать мне программу, вот как было в гимназии: столько-то часов латыни, столько-то арифметики, столько-то закона божия, или в университете: столько-то химии, столько-то физики — я всё это выучу, память у меня хорошая, и
     <hi style="opdelimiter">
      готово».
     </hi>
    </p>
    <p id="43ff0059-ceaf-48c6-8c78-846a44a278ce">
     <pb n="222"/>
     <hi style="npdelimiter">
      Разве
     </hi>
     не очевидно, что человек, который думает так, не знает даже первых приемов изучения того, что он желает знать. Для того, чтобы познать не те мнимые объективные законы мира, которые придумывают от нечего делать разные ученые, а тот вечный закон, которым руководилась и должна руководиться жизнь всякого человека, нужна не одна память, чтобы выучить, что назначено в программе и писано в книжках, а нужна самостоятельная работа мысли и жажда ее. Правда, что для познания этого вечного и важнейшего закона жизни полезно изучение всего того, что сделано для этого величайшими умами и сердцами всего человечества, но все-таки главное условие для этого познания есть самостоятельная работа и прежде всего жажда истины, которая неизбежно наведет ищущего на то, что ему нужно. Нельзя накормить того, кто не хочет есть. Нельзя и научить того, кто ищет знания не для удовлетворения внутренней потребности, а для того, чтобы быть ученым, или для того, чтобы писать книги и учить других. Научиться человек может только сам, тогда, когда он всей душой ищет истины и только ради истины. И такой человек не будет дожидаться программы и каталога книг, а сам найдет то, что ему нужно, и с той стороны, с которой ему это нужно.
    </p>
    <p id="87749805-80f8-4986-be6e-34dbb662ac7f">
     Пожалуйста, простите меня, если мой ответ будет неприятен вам. Я, должно быть, много старше вас, гожусь вам в деды, и потому позволю себе еще дать вам два, по-моему, очень важные совета, которые, надеюсь, что помогут вам разобраться в занимающих вас вопросах. Первый совет такой, какой мне приходится давать обращающимся ко мне с вопросами о религии православным верующим. Как таким людям ответ мой всегда состоит в том, что если они серьезно хотят узнать истину, то им прежде всего надо усомниться в истинности той веры и всех положений ее, которые они считают непогрешимыми. Так же точно и вам я советую прежде всего усомниться в тех догматах научной веры, в которую вы так слепо веруете. Для того, чтобы узнать истину, вам надо, прежде всего, освободиться от той лжи, которая вами признается истиной. Так, напр., в данном случае вы, признавая за несомненную истину дарвинскую теорию эволюции, хотите на основании этой легкомысленной, односторонней теории, объяснить себе закон человеческой жизни, что совершенно ошибочно. Ошибочно потому, что главный и в сущности единственный вопрос человеческой жизни — только в
     <hi style="opdelimiter">
      том,
     </hi>
     <pb n="223"/>
     <hi style="npdelimiter">
      как
     </hi>
     мне жить, т. е. что мне делать? Для того же, чтобы ответить на этот вопрос человеку, ему нужно узнать — кто он? На этот же вопрос теория эволюции или ничего не отвечает, или отвечает бессмыслицею, а именно: произошел ты от каких-то вещественных временных процессов, никогда нигде не начинавшихся, идешь ты этим рядом процессов к чему-то, тоже ничем не кончающемуся. Так что сама теория эволюции если и может представлять некоторый интерес для праздных людей рассуждениями и наблюдениями над временными явлениями о том, как произошла лягушка и т. п., то теория эта при приложении ее к объяснению жизни человеческой может привести только к величайшим заблуждениям и нелепостям.
    </p>
    <p id="ca6b1197-66ee-4b8a-9088-a5fa0c3cd828">
     Так что первый мой совет — в том, чтобы вы постарались освободиться от слепой веры в то, что в наше время называется «наукой».
    </p>
    <p id="b5bf6e51-c87f-4682-96dc-d5b65f9fac28">
     Второй же совет мой в том, чтобы вы как можно меньше доверяли себе, не думали бы об научении других людей, как можно больше обращали бы внимания на себя, на свое нравственное совершенствование. Человек — это дробь. Все качества, достоинства человека — числитель. Мнение же его о себе — знаменатель. Избави бог, если, как это часто бывает, разрастается до бесконечности знаменатель.
    </p>
    <p id="70424552-336a-44bb-9513-c08de3dc2726">
     Еще раз прошу простить за всё то, что будет вам неприятно в этом письме. Руководило мною серьезное, братское отношение к вам.
    </p>
    <p id="d9e79aa9-2e72-47b7-8b21-0db682dd9e32">
     Письмо это прошу не печатать.
    </p>
    <noteGrp type="comments">
     <note index="false" type="comments">
      <p id="7a2a6c30-7999-4d7b-9978-c36be8bdc39c" rend="Textpetit_otstup left">
       Печатается по второй копии, которая была перепечатана с сохранившейся первой копии с большими исправлениями Толстого. Первая копия была перепечатана с черновика-автографа.
      </p>
     </note>
     <note index="false" type="comments">
      <p id="7a07c448-5827-4a7a-9f21-77d3c7044ead" rend="petit">
       Ответ на второе письмо инженера из Петербурга П. П. Соколова от 8 апреля (почт. штемпель) (первое письмо см. «Список писем по поручению», № 59). Соколов писал, что он не удовлетворен ответом секретаря Толстого на его вопросы, и подробно развивал свою точку зрения на необходимость прибегать в некоторых случаях жизни к насилию, доказывая, что невозможно в жизни сделать так, чтобы «овцы кротостью заставляли волков есть сено». Говоря об огромном количестве книг, которые все прочесть невозможно, он просил Толстого составить список, хотя бы в «40 книг по 500 листов», которые нужно рекомендовать прочесть всем. На письмо Толстого Соколов вновь отвечал длинным обиженным письмом от 21 апреля с возражениями Толстому, которое осталось без
       <hi style="opdelimiter">
        ответа.
       </hi>
      </p>
     </note>
    </noteGrp>
   </div>
  </body>
 </text>
</TEI>
