<?xml version="1.0" encoding="utf-8"?>
<TEI xmlns="http://www.tei-c.org/ns/1.0" xmlns:xi="http://www.w3.org/2001/XInclude">
 <teiHeader>
  <fileDesc>
   <titleStmt>
    <title xml:id="v81_318_M_GandiM_Gandhi">
     Письма и документы. Tolstoy Digital
    </title>
    <title type="main">
     Письмо М. Ганди (М. Gandhi) от 25 апреля 1910 г.
    </title>
    <title type="bibl">
     Толстой Л. Н. Письмо М. Ганди (М. Gandhi), 25 апреля 1910 г. // Толстой Л. Н. Полное собрание сочинений: в 90 тт. Т. 81. М.: Гос. изд. «Художественная литература», 1956. С.
    </title>
    <respStmt>
     <resp>
      Идея, постановка задач, руководство:
     </resp>
     <name>
      Анастасия Бонч-Осмоловская, Фёкла Толстая, Борис Орехов, Тимофей Лукашевский
     </name>
    </respStmt>
    <respStmt>
     <resp>
      Подготовка TEI/XML:
     </resp>
     <name>
      Евгений Можаев, Даниил Скоринкин, Ирина Павлова, Матвей Колбасов, Елена Сидорова, Кирилл Милинцевич, Лев Буланов, Макар Федоров, Константин Петров
     </name>
    </respStmt>
    <respStmt>
     <resp>
      Подготовка метаданных:
     </resp>
     <name>
      Мария Картышева, Вероника Файнберг
     </name>
    </respStmt>
    <respStmt>
     <resp>
      Разметка имен собственных:
     </resp>
     <name>
      Никита Северин, Елена Северина
     </name>
    </respStmt>
    <respStmt>
     <resp>
      Исправление древнегреческого текста:
     </resp>
     <name>
      Ольга Алиева
     </name>
    </respStmt>
    <funder>
     Проект «Слово Толстого»
    </funder>
   </titleStmt>
   <publicationStmt>
    <publisher>
     <orgName>
      Tolstoy Digital, DH CLOUD, Научно-образовательный союз «Родное Слово» проект «Слово Толстого»
     </orgName>
    </publisher>
    <availability>
     <p id="12973dcb-c289-44d9-b822-7294d6682d7a">
      Тексты и метатекстовая разметка доступны для свободного использования и распространения по лицензии Creative Commons Attribution Share-Alike (cc by-sa)
     </p>
    </availability>
    <date from="2015" to="2022"/>
   </publicationStmt>
   <notesStmt>
    <note>
     Публикуемые документы был получены с сайта tolstoy.ru в формате html, переведены в формат TEI. Исправлены некоторые ошибки распознавания. Тексты, написанные в дореформенной орфографии, сопоставлены с их версиями в современной орфографии.
    </note>
   </notesStmt>
   <sourceDesc>
    <biblStruct>
     <analytic>
      <author>
       Толстой Лев Николаевич
      </author>
     </analytic>
     <monogr>
      <title level="m">
       Полное собрание сочинений. Том 81
      </title>
      <imprint>
       <pubPlace>
        Москва
       </pubPlace>
       <publisher>
        Государственное издательство «Художественная литература»
       </publisher>
       <date when="1956"/>
      </imprint>
      <biblScope unit="vol">
       81
      </biblScope>
      <biblScope unit="page">
       247-249
      </biblScope>
     </monogr>
     <series>
      <title level="s">
       Л. Н. Толстой. Полное собрание сочинений: в 90 тт.
      </title>
     </series>
    </biblStruct>
    <bibl/>
   </sourceDesc>
  </fileDesc>
  <encodingDesc>
   <classDecl>
    <xi:include href="../../reference/taxonomy.xml"/>
   </classDecl>
  </encodingDesc>
  <profileDesc>
   <correspDesc>
    <correspAction type="sending">
     <persName ref="13883">
      Л. Н. Толстой
     </persName>
     <placeName>
      Ясная Поляна
     </placeName>
     <date when="1910-04-25"/>
    </correspAction>
    <correspAction type="receiving">
     <persName ref="3098">
      Ганди Мохандас Кармчанд («индус из Трансвааля») (Mohandas Gandhi)
     </persName>
    </correspAction>
   </correspDesc>
   <langUsage>
    <language ident="ru"/>
   </langUsage>
   <textClass>
    <catRef ana="#tolstoy_heritage" target="library"/>
    <catRef ana="#letters" target="type"/>
    <catRef ana="#sent" target="sent"/>
   </textClass>
  </profileDesc>
 </teiHeader>
 <xenoData>
  <number type="in a volume">
   318
  </number>
 </xenoData>
 <text xml:id="M.GandiM.Gandhi_318" xmlns="http://www.tei-c.org/ns/1.0" xmlns:xi="http://www.w3.org/2001/XInclude">
  <body>
   <div>
    <pb n="247"/>
    <opener index="false">
     318. М. Ганди (М. Gandhi).1910г. Апреля 25. Я. П.
    </opener>
    <p id="d8dc02cd-0f79-4ee9-bebf-e7c382456c2c" rend="right">
     Аpr. 25/May 8 1910.
    </p>
    <p id="be0a6d0a-a507-45c6-ad27-c1fdccdecf83" rend="Obrashenie">
     Dear Friend,
    </p>
    <p id="6bda8a1a-f440-480e-8321-dcc4a436ed41">
     I just received your letter and your book: «The Indian Home Rule».
    </p>
    <p id="d54486e1-2e2b-461b-a638-789d0b046e12">
     I read your book with great interest because I think that the question you treat in it: the passive resistance — is a question of the greatest importance, not only for India but for the whole humanity.
    </p>
    <p id="32120c8d-1374-4f47-8ec8-b3907cf5032d">
     I could not find your former letters but came across your biography by J.Doss
     <ref target="#note1">
      1
     </ref>
     <note index="false" resp="volume_editor" xml:id="note1">
      Повидимому, Толстой ошибся в написании фамилии автора, так как речь идет о книге Дока: «
      <hi style="big">
       М. К. Gandhi, An London Jndian Patriot in south Africa», by Ioseph J. Doke. Baptist Minister. Johannesburg. With an Introduction by Lord Ampthill. Publish by The London-Chronicle.
      </hi>
     </note>
     which too interested me much and gave me the possibity to know and understand you
     <hi style="opdelimiter">
      better.
     </hi>
    </p>
    <p id="87fae182-4ae8-4f4e-88b5-6b6c17913fee">
     <pb n="248"/>
     <hi style="npdelimiter">
      I
     </hi>
     am not quite well at present and therefore abstain from writing to you all what I have to say about your book and all your work which I appreciate very much, but I will do it as soon as I feel better.
     <ref target="#note2">
      2
     </ref>
     <note index="false" resp="volume_editor" xml:id="note2">
      См. письмо Толстого к Ганди от 7 сентября 1910 г., т. 82.
     </note>
    </p>
    <p id="41c814f0-6712-4bf3-8dea-7e39d689016b" rend="right">
     Your friend and brother
    </p>
    <lb/>
    <p id="7d797bd0-d062-4a5c-8710-043e94bcf929" rend="petit right">
     Ясная Поляна
    </p>
    <p id="b7d89464-a99d-4dbe-890c-e9664b203a67" rend="petit right">
     Апр. 25/Май 8 1910.
    </p>
    <lb/>
    <p id="12b949ea-d8ca-4d76-bf46-51238d1fbc4d" rend="Obrashenie petit">
     Дорогой друг,
    </p>
    <p id="74e3a090-52cb-4f94-be08-a228d832ccce" rend="petit">
     Только что получил ваше письмо и книгу «Самоуправление Индии». Я прочел вашу книгу с большим интересом, так как я думаю, что вопрос, который вы в ней обсуждаете — пассивное сопротивление — вопрос величайшей важности, не только для Индии, но и для всего человечества.
    </p>
    <p id="0786c334-b46a-4fdd-a69f-af9ed72cf3ed" rend="petit">
     Я не мог отыскать ваших предыдущих писем, но нашел вашу биографию, написанную Дж. Доссом,
     <ref target="#note3">
      3
     </ref>
     <note index="false" resp="volume_editor" xml:id="note3">
      Повидимому, Толстой ошибся в написании фамилии автора, так как речь идет о книге Дока: «
      <hi style="big">
       М. К. Gandhi, An London Jndian Patriot in south Africa», by Ioseph J. Doke. Baptist Minister. Johannesburg. With an Introduction by Lord Ampthill. Publish by The London-Chronicle.
      </hi>
     </note>
     которая тоже очень заинтересовала меня и дала мне возможность лучше узнать и понять вас.
    </p>
    <p id="0553aa99-e273-4b3a-8c36-00eec08397b8" rend="petit">
     В настоящее время я не совсем здоров и потому воздерживаюсь писать вам всё, что я хотел бы сказать по поводу вашей книги и всей вашей работы, которую очень ценю, но напишу, как только мне станет лучше.
     <ref target="#note4">
      4
     </ref>
     <note index="false" resp="volume_editor" xml:id="note4">
      См. письмо Толстого к Ганди от 7 сентября 1910 г., т. 82.
     </note>
    </p>
    <p id="e17a0337-7fbd-4ad2-93dc-777febc3bd13" rend="petit right">
     Ваш друг и брат
    </p>
    <noteGrp type="comments">
     <note index="false" type="comments">
      <p id="7f28ce68-f944-4153-bef8-d4e48d308870" rend="Textpetit_otstup left">
       Печатается по копии, переписанной рукой О. К. Толстой, сверенной с черновиком, написанным ее же рукой и исправленным Толстым. В черновике этом только второй абзац остался написанным рукой О. К. Толстой, вся остальная часть черновика представляет собою автограф Толстого.
      </p>
     </note>
     <note index="false" type="comments">
      <p id="84f5893b-3f7c-42a4-bcb8-387202835df6" rend="petit">
       Впервые опубликовано в России в «Литературном наследстве», № 37-38, стр. 346, вместе с письмами Ганди к Толстому. Дата определяется пометой рукой О. К. Толстой на копии и на черновике.
      </p>
     </note>
     <note index="false" type="comments">
      <p id="7a480388-3718-4d26-bd8d-904c4526768b" rend="petit">
       <name placement="comments" ref="3098" type="person">
        Мохандас Ганди
       </name>
       , по прозванию Махатма (великая душа) (1869—1947) — крупнейший деятель национально-освободительного движении индусского народа в борьбе против иноземного владычества в Индии. В 1909 г. ездил в Лондон и оттуда писал Толстому. См. письмо Толстого к Ганди от 1 октября 1909 г., т. 80.
      </p>
     </note>
     <note index="false" type="comments">
      <p id="9ea42c1d-d0ea-4b6f-87de-0ce33ba302aa" rend="petit">
       Ответ на письмо Ганди из Иоганнесбурга от 4 апреля нов. ст. 1910 г., опубликованное также в № 37-38 «Литературного наследства», стр. 344.
      </p>
     </note>
    </noteGrp>
   </div>
  </body>
 </text>
</TEI>
