<?xml version="1.0" encoding="utf-8"?>
<TEI xmlns="http://www.tei-c.org/ns/1.0" xmlns:xi="http://www.w3.org/2001/XInclude">
 <teiHeader>
  <fileDesc>
   <titleStmt>
    <title xml:id="v81_289_D_IstgemuJohnEastham">
     Письма и документы. Tolstoy Digital
    </title>
    <title type="main">
     Письмо Д. Истгэму (John Eastham) от 15 апреля 1910 г.
    </title>
    <title type="bibl">
     Толстой Л. Н. Письмо Д. Истгэму (John Eastham), 15 апреля 1910 г. // Толстой Л. Н. Полное собрание сочинений: в 90 тт. Т. 81. М.: Гос. изд. «Художественная литература», 1956. С.
    </title>
    <respStmt>
     <resp>
      Идея, постановка задач, руководство:
     </resp>
     <name>
      Анастасия Бонч-Осмоловская, Фёкла Толстая, Борис Орехов, Тимофей Лукашевский
     </name>
    </respStmt>
    <respStmt>
     <resp>
      Подготовка TEI/XML:
     </resp>
     <name>
      Евгений Можаев, Даниил Скоринкин, Ирина Павлова, Матвей Колбасов, Елена Сидорова, Кирилл Милинцевич, Лев Буланов, Макар Федоров, Константин Петров
     </name>
    </respStmt>
    <respStmt>
     <resp>
      Подготовка метаданных:
     </resp>
     <name>
      Мария Картышева, Вероника Файнберг
     </name>
    </respStmt>
    <respStmt>
     <resp>
      Разметка имен собственных:
     </resp>
     <name>
      Никита Северин, Елена Северина
     </name>
    </respStmt>
    <respStmt>
     <resp>
      Исправление древнегреческого текста:
     </resp>
     <name>
      Ольга Алиева
     </name>
    </respStmt>
    <funder>
     Проект «Слово Толстого»
    </funder>
   </titleStmt>
   <publicationStmt>
    <publisher>
     <orgName>
      Tolstoy Digital, DH CLOUD, Научно-образовательный союз «Родное Слово» проект «Слово Толстого»
     </orgName>
    </publisher>
    <availability>
     <p id="ae9d2769-7838-474f-ab28-9d2e15daa024">
      Тексты и метатекстовая разметка доступны для свободного использования и распространения по лицензии Creative Commons Attribution Share-Alike (cc by-sa)
     </p>
    </availability>
    <date from="2015" to="2022"/>
   </publicationStmt>
   <notesStmt>
    <note>
     Публикуемые документы был получены с сайта tolstoy.ru в формате html, переведены в формат TEI. Исправлены некоторые ошибки распознавания. Тексты, написанные в дореформенной орфографии, сопоставлены с их версиями в современной орфографии.
    </note>
   </notesStmt>
   <sourceDesc>
    <biblStruct>
     <analytic>
      <author>
       Толстой Лев Николаевич
      </author>
     </analytic>
     <monogr>
      <title level="m">
       Полное собрание сочинений. Том 81
      </title>
      <imprint>
       <pubPlace>
        Москва
       </pubPlace>
       <publisher>
        Государственное издательство «Художественная литература»
       </publisher>
       <date when="1956"/>
      </imprint>
      <biblScope unit="vol">
       81
      </biblScope>
      <biblScope unit="page">
       228-230
      </biblScope>
     </monogr>
     <series>
      <title level="s">
       Л. Н. Толстой. Полное собрание сочинений: в 90 тт.
      </title>
     </series>
    </biblStruct>
    <bibl/>
   </sourceDesc>
  </fileDesc>
  <encodingDesc>
   <classDecl>
    <xi:include href="../../reference/taxonomy.xml"/>
   </classDecl>
  </encodingDesc>
  <profileDesc>
   <correspDesc>
    <correspAction type="sending">
     <persName ref="13883">
      Л. Н. Толстой
     </persName>
     <placeName>
      Ясная Поляна
     </placeName>
     <date when="1910-04-15"/>
    </correspAction>
    <correspAction type="receiving">
     <persName ref="5858">
      Истгэм Джон А. (Истам) (John Eastham)
     </persName>
    </correspAction>
   </correspDesc>
   <langUsage>
    <language ident="ru"/>
   </langUsage>
   <textClass>
    <catRef ana="#tolstoy_heritage" target="library"/>
    <catRef ana="#letters" target="type"/>
    <catRef ana="#sent" target="sent"/>
   </textClass>
  </profileDesc>
 </teiHeader>
 <xenoData>
  <number type="in a volume">
   289
  </number>
 </xenoData>
 <text xml:id="D.IstgemuJohnEastham_289" xmlns="http://www.tei-c.org/ns/1.0" xmlns:xi="http://www.w3.org/2001/XInclude">
  <body>
   <div>
    <pb n="228"/>
    <opener index="false">
     289.
     <name placement="text" ref="5858" type="person">
      Джону А. Истгэму (John Eastham)
     </name>
     . Черновое.1910 г. Апреля 15. Я. П.
    </opener>
    <p id="5c659279-52fa-4906-9286-03306db6f555" rend="right">
     15 апреля 1910 г. Ясная Поляна.
    </p>
    <p id="d50e1157-6571-4a98-a922-ac71bac83186">
     Получил ваш призыв прибыть или прислать слова поощрения и купон для ответа. Прочел ваш план и не только не могу удержаться от желания высказать вам вызванные во мне чувства вашим призывом, не только не могу удержаться, но считаю своим долгом перед своей совестью и богом высказать вам их.
    </p>
    <p id="0533b7ff-1948-448c-b50d-1aa0effdb9b2">
     Мне 82 года, я каждый день жду смерти, и потому прилично, учтиво лгать мне уже не приходится. Мало того, совесть требует сказать насколько возможно громко то, что я думаю о вашей забаве, — иначе не могу назвать вашу деятельность. Деятельность эта отвратительна, возмутительна.
    </p>
    <p id="06c73a56-cd46-433f-a57a-6307bc63be96">
     Когда во времена Наполеона I военные люди гордились и хвалились теми убийствами,
     <choice original_editorial_correction="к[оторые]">
      <sic>
       к
      </sic>
      <corr>
       которые
      </corr>
     </choice>
     они совершали на войнах, они были святы в сравнении с вами и всеми членами подобных вашему обществ. Те люди, во-1-ых, верили в то, что война должна быть; во-2-ых, сами готовы были ради того, во что они верили, на жертву, раны, смерть. Вы же ни во что не верите и тем менее в тот мир,
     <choice original_editorial_correction="к[оторый]">
      <sic>
       к
      </sic>
      <corr>
       который
      </corr>
     </choice>
     вы будто проповедуете, и готовитесь только к тем тщеславным забавам,
     <choice original_editorial_correction="к[оторые]">
      <sic>
       к
      </sic>
      <corr>
       которые
      </corr>
     </choice>
     , одурманивая людей, должны привлечь их в ваш
     <hi style="opdelimiter">
      лагерь.
     </hi>
    </p>
    <p id="7915c296-1bf6-4614-ae91-cf7a34e52eb0">
     <pb n="229"/>
     <hi style="npdelimiter">
      Мир!
     </hi>
     Заботы о мире англичан с их Индией и всеми колониями, или
     <choice original_editorial_correction="нем[цев]">
      <sic>
       нем
      </sic>
      <corr>
       немцев
      </corr>
     </choice>
     ,
     <choice original_editorial_correction="франц[узов]">
      <sic>
       франц
      </sic>
      <corr>
       французов
      </corr>
     </choice>
     , русских, не говорю уже об покоренных народах, с их классами богатых и бедных рабов,
     <choice original_editorial_correction="к[оторые]">
      <sic>
       к
      </sic>
      <corr>
       которые
      </corr>
     </choice>
     удерживаются в своем положении только войсками, с восхваляемым патриотизмом всех этих и властвующих, и покоренных народов.
    </p>
    <p id="e231266d-af74-496e-916f-912bc92cc8ca">
     Говорить о мире и проповедовать его в нашем мире всё равно, что говорить о трезвости и проповедовать ее в трактире или в винной лавке, существующих только тем пьянством.
     <ref target="#note1">
      1
     </ref>
     <note index="false" resp="volume_editor" xml:id="note1">
      Далее в автографе помечено: *** в
      <choice original_editorial_correction="запи[сной]">
       <sic>
        запи
       </sic>
       <corr>
        записной
       </corr>
      </choice>
      <choice original_editorial_correction="кн[ижке]">
       <sic>
        кн
       </sic>
       <corr>
        книжке
       </corr>
      </choice>
      .
     </note>
    </p>
    <p id="60186387-c5af-4c6c-8de9-b320fc490137">
     Пока есть отдельные народы и государства, не может не быть войны. Прекратиться война может только тогда, когда все люди будут, как Сократ, считать себя гражданами не отдельного народа, а всего мира, и будут, как Христос, считать братьями всех людей, и потому — столь же невозможным убивать или готовиться к убийству каких бы то ни было людей и при каких бы то ни было условиях, как невозможно убивать или готовиться к убийству при каких бы то ни было условиях своих детей или родителей.
    </p>
    <p id="1817fbf2-1559-45c2-b51a-f3a1db06ea21">
     Прекратиться может война только тем, что люди перестанут, как теперь, смеяться над религией, воображая себе какую-то
     <choice original_editorial_correction="христ[ианскую]">
      <sic>
       христ
      </sic>
      <corr>
       христианскую
      </corr>
     </choice>
     религию, заключающуюся в вере в искупление, и
     <choice original_editorial_correction="др[угие]">
      <sic>
       др
      </sic>
      <corr>
       другие
      </corr>
     </choice>
     глупости, а когда точно поверят в вечный и единственный, всем известный, общий, один закон бога, выраженный не одним
     <choice original_editorial_correction="Хр[истом]">
      <sic>
       Хр
      </sic>
      <corr>
       Христом
      </corr>
     </choice>
     , но всеми мудрыми и святыми людьми мира, закон о том, что все люди братья и потому должны любить, а уже никак не убивать друг друга. А признают люди этот закон, и война кончится, кончится
     <choice original_editorial_correction="п[отому]">
      <sic>
       п
      </sic>
      <corr>
       потому
      </corr>
     </choice>
     ,
     <choice original_editorial_correction="ч[то]">
      <sic>
       ч
      </sic>
      <corr>
       что
      </corr>
     </choice>
     не будет солдат. Всё это так просто и ясно. Но именно потому, что это просто и ясно, неискренние люди, дорожащие своим ложным положением, не хотят видеть этого.
    </p>
    <p id="81e6b6de-c2a2-40e0-8c0b-694ed501ac95">
     2×2= 4. Да, это правда, но ведь не в этом дело. Это ведь арифметика, но есть другие соображения. Человеку нельзя и не должно убивать ближнего! Кто же спорит с этим. Это правда. Но есть другие соображения — дипломатические, политические, так что отказываться от участия в убийстве не всегда целесообразно. Это будет антимилитаризм. А антимилитаризм — нехорошо. А нужно совсем другое. И начинаются рассуждения... Стыдно и гадко. Простите меня. Знаю, что не надо
     <choice original_editorial_correction="б[ыло]">
      <sic>
       б
      </sic>
      <corr>
       было
      </corr>
     </choice>
     писать в таком раздраженном тоне, но не мог иначе. Простите.
    </p>
    <p id="a994e8af-8e29-4737-972a-5b50672533c9" rend="right">
     Л.
     <hi style="opdelimiter">
      Т.
     </hi>
    </p>
    <noteGrp type="comments">
     <note index="false" type="comments">
      <p id="7f3193c5-9090-4f8b-8590-6cfc66a6ca24" rend="Textpetit_otstup left">
       <pb n="230"/>
       <hi style="npdelimiter">
        Печатается
       </hi>
       по черновику-автографу, начатому на почтовой бумаге и продолженному на письме Джона Истгэма, поверх зачеркнутых Толстым строк его письма. Письмо отправлено не было. Отрывок опубликован в статье «Толстой против войны. Из неопубликованных материалов» — «Россия» 1924, 3, стр. 178—179. Впервые полностью опубликовано в «Литературном наследстве», № 37—38, стр. 615. Дата определяется записью Толстого в Дневнике 15 апреля 1910 г. (см. т. 58, стр. 38) и пометою В. Ф. Булгакова на автографе. Отрывок опубликован в Записных книжках Толстого 1910 г., т. 58, стр. 172.
      </p>
     </note>
     <note index="false" type="comments">
      <p id="9b027e01-0ae2-43cb-83f9-b6ca23b6a9b7" rend="petit">
       Ответ на обращение американского буржуазного пацифиста Джона Истгэма с предложением присутствовать на митинге пацифистов в гостинице «Cecil» в Лондоне 18 мая 1910 г. или прислать «несколько слов сочувствия». Вместе с письмом
       <name placement="comments" ref="5858" type="person">
        Джон Истгэм
       </name>
       прислал печатный проспект Первого всеобщего конгресса рас (First Universale Congress of Races), открытие которого предполагалось в июле 1911 г.
      </p>
     </note>
    </noteGrp>
   </div>
  </body>
 </text>
</TEI>
