<?xml version="1.0" encoding="utf-8"?>
<TEI xmlns="http://www.tei-c.org/ns/1.0" xmlns:xi="http://www.w3.org/2001/XInclude">
 <teiHeader>
  <fileDesc>
   <titleStmt>
    <title xml:id="v81_231_A_YAkurnovuiV_Lyubimovu">
     Письма и документы. Tolstoy Digital
    </title>
    <title type="main">
     Письмо А. Якурнову и В. Любимову от 24 марта 1910 г.
    </title>
    <title type="bibl">
     Толстой Л. Н. Письмо А. Якурнову и В. Любимову, 24 марта 1910 г. // Толстой Л. Н. Полное собрание сочинений: в 90 тт. Т. 81. М.: Гос. изд. «Художественная литература», 1956. С.
    </title>
    <respStmt>
     <resp>
      Идея, постановка задач, руководство:
     </resp>
     <name>
      Анастасия Бонч-Осмоловская, Фёкла Толстая, Борис Орехов, Тимофей Лукашевский
     </name>
    </respStmt>
    <respStmt>
     <resp>
      Подготовка TEI/XML:
     </resp>
     <name>
      Евгений Можаев, Даниил Скоринкин, Ирина Павлова, Матвей Колбасов, Елена Сидорова, Кирилл Милинцевич, Лев Буланов, Макар Федоров, Константин Петров
     </name>
    </respStmt>
    <respStmt>
     <resp>
      Подготовка метаданных:
     </resp>
     <name>
      Мария Картышева, Вероника Файнберг
     </name>
    </respStmt>
    <respStmt>
     <resp>
      Разметка имен собственных:
     </resp>
     <name>
      Никита Северин, Елена Северина
     </name>
    </respStmt>
    <respStmt>
     <resp>
      Исправление древнегреческого текста:
     </resp>
     <name>
      Ольга Алиева
     </name>
    </respStmt>
    <funder>
     Проект «Слово Толстого»
    </funder>
   </titleStmt>
   <publicationStmt>
    <publisher>
     <orgName>
      Tolstoy Digital, DH CLOUD, Научно-образовательный союз «Родное Слово» проект «Слово Толстого»
     </orgName>
    </publisher>
    <availability>
     <p id="ca78054e-8b68-4629-a6ba-dae848820269">
      Тексты и метатекстовая разметка доступны для свободного использования и распространения по лицензии Creative Commons Attribution Share-Alike (cc by-sa)
     </p>
    </availability>
    <date from="2015" to="2022"/>
   </publicationStmt>
   <notesStmt>
    <note>
     Публикуемые документы был получены с сайта tolstoy.ru в формате html, переведены в формат TEI. Исправлены некоторые ошибки распознавания. Тексты, написанные в дореформенной орфографии, сопоставлены с их версиями в современной орфографии.
    </note>
   </notesStmt>
   <sourceDesc>
    <biblStruct>
     <analytic>
      <author>
       Толстой Лев Николаевич
      </author>
     </analytic>
     <monogr>
      <title level="m">
       Полное собрание сочинений. Том 81
      </title>
      <imprint>
       <pubPlace>
        Москва
       </pubPlace>
       <publisher>
        Государственное издательство «Художественная литература»
       </publisher>
       <date when="1956"/>
      </imprint>
      <biblScope unit="vol">
       81
      </biblScope>
      <biblScope unit="page">
       179-179
      </biblScope>
     </monogr>
     <series>
      <title level="s">
       Л. Н. Толстой. Полное собрание сочинений: в 90 тт.
      </title>
     </series>
    </biblStruct>
    <bibl>
     Публикуется впервые
    </bibl>
   </sourceDesc>
  </fileDesc>
  <encodingDesc>
   <classDecl>
    <xi:include href="../../reference/taxonomy.xml"/>
   </classDecl>
  </encodingDesc>
  <profileDesc>
   <correspDesc>
    <correspAction type="sending">
     <persName ref="13883">
      Л. Н. Толстой
     </persName>
     <placeName>
      Ясная Поляна
     </placeName>
     <date when="1910-03-24"/>
    </correspAction>
    <correspAction type="receiving">
     <persName ref="16176">
      Якурнов Алексей
     </persName>
     <persName ref="8169">
      Любимов Василий
     </persName>
    </correspAction>
   </correspDesc>
   <langUsage>
    <language ident="ru"/>
   </langUsage>
   <textClass>
    <catRef ana="#tolstoy_heritage" target="library"/>
    <catRef ana="#letters" target="type"/>
    <catRef ana="#sent" target="sent"/>
   </textClass>
  </profileDesc>
 </teiHeader>
 <xenoData>
  <number type="in a volume">
   231
  </number>
 </xenoData>
 <text xml:id="A.YAkurnovuiV.Lyubimovu_231" xmlns="http://www.tei-c.org/ns/1.0" xmlns:xi="http://www.w3.org/2001/XInclude">
  <body>
   <div>
    <pb n="179"/>
    <opener index="false">
     * 231. А. Якурнову и В. Любимову.1910 г. Марта 24. Я. П.
    </opener>
    <p id="545d1d69-c4a3-45c6-9285-7567034f89b7" rend="right">
     24 марта 10 г. Ясная Поляна.
    </p>
    <p id="9f94894d-9c15-4003-ad4f-dc3c59fcf216">
     Посылаю вам книгу «На каждый день». Из нее вы узнаете, как, по моему мнению, надо жить всякому человеку.
    </p>
    <noteGrp type="comments">
     <note index="false" type="comments">
      <p id="2eeb2275-0e95-4d42-a697-2a114d57bd3c" rend="Textpetit_otstup left">
       Печатается по копии, сверенной с черновиком-автографом, написанным на конверте письма Якурнова и Любимова. В автографе перед текстом Толстым помечено: Марка.
      </p>
     </note>
     <note index="false" type="comments">
      <p id="74d678ef-163c-47ec-85be-10418048f9db" rend="petit">
       <name placement="comments" ref="16176" type="person">
        Алексей Якурнов
       </name>
       и
       <name placement="comments" ref="8169" type="person">
        Василий Любимов
       </name>
       , окончившие городское училище в г. Нолинске Вятской губ., в своем письме от 17 марта просили Толстого ответить им, только что начинающим жизнь, на вопрос: «Как жить? »
      </p>
     </note>
    </noteGrp>
   </div>
  </body>
 </text>
</TEI>
