<?xml version="1.0" encoding="utf-8"?>
<TEI xmlns="http://www.tei-c.org/ns/1.0" xmlns:xi="http://www.w3.org/2001/XInclude">
 <teiHeader>
  <fileDesc>
   <titleStmt>
    <title xml:id="v81_287_S_Bessmertnomu_Kozakovu">
     Письма и документы. Tolstoy Digital
    </title>
    <title type="main">
     Письмо С. Бессмертному-Козакову от 14 апреля 1910 г.
    </title>
    <title type="bibl">
     Толстой Л. Н. Письмо С. Бессмертному-Козакову, 14 апреля 1910 г. // Толстой Л. Н. Полное собрание сочинений: в 90 тт. Т. 81. М.: Гос. изд. «Художественная литература», 1956. С.
    </title>
    <respStmt>
     <resp>
      Идея, постановка задач, руководство:
     </resp>
     <name>
      Анастасия Бонч-Осмоловская, Фёкла Толстая, Борис Орехов, Тимофей Лукашевский
     </name>
    </respStmt>
    <respStmt>
     <resp>
      Подготовка TEI/XML:
     </resp>
     <name>
      Евгений Можаев, Даниил Скоринкин, Ирина Павлова, Матвей Колбасов, Елена Сидорова, Кирилл Милинцевич, Лев Буланов, Макар Федоров, Константин Петров
     </name>
    </respStmt>
    <respStmt>
     <resp>
      Подготовка метаданных:
     </resp>
     <name>
      Мария Картышева, Вероника Файнберг
     </name>
    </respStmt>
    <respStmt>
     <resp>
      Разметка имен собственных:
     </resp>
     <name>
      Никита Северин, Елена Северина
     </name>
    </respStmt>
    <respStmt>
     <resp>
      Исправление древнегреческого текста:
     </resp>
     <name>
      Ольга Алиева
     </name>
    </respStmt>
    <funder>
     Проект «Слово Толстого»
    </funder>
   </titleStmt>
   <publicationStmt>
    <publisher>
     <orgName>
      Tolstoy Digital, DH CLOUD, Научно-образовательный союз «Родное Слово» проект «Слово Толстого»
     </orgName>
    </publisher>
    <availability>
     <p id="c54ff39c-4bd7-462a-a9ca-c8cb6fcfda9e">
      Тексты и метатекстовая разметка доступны для свободного использования и распространения по лицензии Creative Commons Attribution Share-Alike (cc by-sa)
     </p>
    </availability>
    <date from="2015" to="2022"/>
   </publicationStmt>
   <notesStmt>
    <note>
     Публикуемые документы был получены с сайта tolstoy.ru в формате html, переведены в формат TEI. Исправлены некоторые ошибки распознавания. Тексты, написанные в дореформенной орфографии, сопоставлены с их версиями в современной орфографии.
    </note>
   </notesStmt>
   <sourceDesc>
    <biblStruct>
     <analytic>
      <author>
       Толстой Лев Николаевич
      </author>
     </analytic>
     <monogr>
      <title level="m">
       Полное собрание сочинений. Том 81
      </title>
      <imprint>
       <pubPlace>
        Москва
       </pubPlace>
       <publisher>
        Государственное издательство «Художественная литература»
       </publisher>
       <date when="1956"/>
      </imprint>
      <biblScope unit="vol">
       81
      </biblScope>
      <biblScope unit="page">
       226-227
      </biblScope>
     </monogr>
     <series>
      <title level="s">
       Л. Н. Толстой. Полное собрание сочинений: в 90 тт.
      </title>
     </series>
    </biblStruct>
    <bibl>
     Публикуется впервые
    </bibl>
   </sourceDesc>
  </fileDesc>
  <encodingDesc>
   <classDecl>
    <xi:include href="../../reference/taxonomy.xml"/>
   </classDecl>
  </encodingDesc>
  <profileDesc>
   <correspDesc>
    <correspAction type="sending">
     <persName ref="13883">
      Л. Н. Толстой
     </persName>
     <placeName>
      Ясная Поляна
     </placeName>
     <date when="1910-04-14"/>
    </correspAction>
    <correspAction type="receiving">
     <persName ref="1353">
      Бессмертный-Козаков Сергей
     </persName>
    </correspAction>
   </correspDesc>
   <langUsage>
    <language ident="ru"/>
   </langUsage>
   <textClass>
    <catRef ana="#tolstoy_heritage" target="library"/>
    <catRef ana="#letters" target="type"/>
    <catRef ana="#sent" target="sent"/>
   </textClass>
  </profileDesc>
 </teiHeader>
 <xenoData>
  <number type="in a volume">
   287
  </number>
 </xenoData>
 <text xml:id="S.Bessmertnomu-Kozakovu_287" xmlns="http://www.tei-c.org/ns/1.0" xmlns:xi="http://www.w3.org/2001/XInclude">
  <body>
   <div>
    <pb n="226"/>
    <opener index="false">
     * 287. С. Бессмертному-Козакову.1910 г. Апреля 14. Я. П.
    </opener>
    <p id="a37d2a3a-c099-4181-a4d3-ee24e2d83698" rend="right">
     Ясная Поляна. 14 апреля 1910 г.
    </p>
    <p id="b6687040-6b25-4daa-8123-96a27c32044e" rend="Obrashenie">
     Любезный брат Бессмертный!
    </p>
    <p id="4d38456a-f152-4c59-a6d6-9ddef1a854dc">
     Получил твое хорошее письмо. То, что ты пишешь, что мы, всё человечество, одно тело на земле и должны откликаться один к одному —это очень справедливо, и я так же думаю. Ты спрашиваешь, нравится ли мне та жизнь, в какой я нахожусь,— нет, не нравится. Не нравится потому, что живу я с своими родными в роскоши, а вокруг меня бедность и нужда, и я от роскоши не могу избавиться и бедноте и нужде не могу помочь. В этом мне жизнь моя не нравится. Нравится же она мне в том, что в моей власти и что могу делать и делаю по мере своих сил, а именно по завету Христа, любить бога и
     <hi style="opdelimiter">
      ближнего.
     </hi>
    </p>
    <p id="e9599912-c542-4a27-907a-459756bc0a90">
     <pb n="227"/>
     <hi style="npdelimiter">
      Любить
     </hi>
     бога — значит: любить совершенство добра и к нему, сколько можешь, приближаться. Любить ближнего — значит: одинаково любить всех людей, как братьев и сестер своих. Вот к этому-то самому и к одному этому я стремлюсь. И так как, хотя плохо, но понемножку приближаюсь к этому, то и не скорблю, а только радуюсь.
    </p>
    <p id="1d9ca4fd-bf61-4116-8fb7-369833374a8e">
     Спрашиваешь еще, что если радуюсь, то чему радуюсь и какую ожидаю радость. Радуюсь тому, что могу исполнить, по мере своих сил, заданный мне от Хозяина урок: работать для установления того царства божия, к которому мы все стремимся.
    </p>
    <p id="fffbdabc-2afe-4b1f-a1e9-2468be0e5a17">
     Спрашивая о том, чего я ожидаю, ты, может быть, спрашиваешь, как я смотрю на близкую мне по моим годам смерть? Ожидаю ее иногда с радостью, когда слишком много зла видишь вокруг себя и хочешь уйти от него; иногда ожидаешь ее равнодушно, зная, что я, умирая, пойду к тому доброму хозяину-богу любви, который послал меня, и что мне у него кроме добра ничего быть не может. В каком же виде будет это добро, я не знаю и знать не могу и не желаю. Мне довольно знать то, что, умирая, я иду к тому же богу любви, от которого пришел в мир. Бояться же смерти, слава богу, не боюсь и, чем ближе к ней, то всё она мне естественнее и роднее.
    </p>
    <p id="e7f291f9-2330-45f7-96a6-12edf05f788f">
     Посылаю вам книги «На каждый день», в которых увидите более подробно то самое, что пишу вам в этом письме.
    </p>
    <noteGrp type="comments">
     <note index="false" type="comments">
      <p id="e5a41465-a7f1-4b24-bbb9-cef4e9884827" rend="Textpetit_otstup left">
       Печатается по копии.
      </p>
     </note>
     <note index="false" type="comments">
      <p id="f36d1115-9256-40e6-983d-b465c1b5114a" rend="petit">
       Ответ Толстого на письмо сектанта-«бессмертника» из Москвы Сергея Козакова, подписавшегося в своем письме «Сергей Бессмертный».
      </p>
     </note>
     <note index="false" type="comments">
      <p id="d114cc2c-f944-4a05-a742-39b60241ba74" rend="petit">
       «Бессмертники» — небольшая группа сектантов в Москве, верившая в телесное бессмертие людей.
      </p>
     </note>
    </noteGrp>
   </div>
  </body>
 </text>
</TEI>
