<?xml version="1.0" encoding="utf-8"?>
<TEI xmlns="http://www.tei-c.org/ns/1.0" xmlns:xi="http://www.w3.org/2001/XInclude">
 <teiHeader>
  <fileDesc>
   <titleStmt>
    <title xml:id="v81_275_A_YA_Molochnikovoj">
     Письма и документы. Tolstoy Digital
    </title>
    <title type="main">
     Письмо А. Я. Молочниковой от 8 апреля 1910 г.
    </title>
    <title type="bibl">
     Толстой Л. Н. Письмо А. Я. Молочниковой, 8 апреля 1910 г. // Толстой Л. Н. Полное собрание сочинений: в 90 тт. Т. 81. М.: Гос. изд. «Художественная литература», 1956. С.
    </title>
    <respStmt>
     <resp>
      Идея, постановка задач, руководство:
     </resp>
     <name>
      Анастасия Бонч-Осмоловская, Фёкла Толстая, Борис Орехов, Тимофей Лукашевский
     </name>
    </respStmt>
    <respStmt>
     <resp>
      Подготовка TEI/XML:
     </resp>
     <name>
      Евгений Можаев, Даниил Скоринкин, Ирина Павлова, Матвей Колбасов, Елена Сидорова, Кирилл Милинцевич, Лев Буланов, Макар Федоров, Константин Петров
     </name>
    </respStmt>
    <respStmt>
     <resp>
      Подготовка метаданных:
     </resp>
     <name>
      Мария Картышева, Вероника Файнберг
     </name>
    </respStmt>
    <respStmt>
     <resp>
      Разметка имен собственных:
     </resp>
     <name>
      Никита Северин, Елена Северина
     </name>
    </respStmt>
    <respStmt>
     <resp>
      Исправление древнегреческого текста:
     </resp>
     <name>
      Ольга Алиева
     </name>
    </respStmt>
    <funder>
     Проект «Слово Толстого»
    </funder>
   </titleStmt>
   <publicationStmt>
    <publisher>
     <orgName>
      Tolstoy Digital, DH CLOUD, Научно-образовательный союз «Родное Слово» проект «Слово Толстого»
     </orgName>
    </publisher>
    <availability>
     <p id="270e9808-45f3-44f4-a45c-d1121adc280d">
      Тексты и метатекстовая разметка доступны для свободного использования и распространения по лицензии Creative Commons Attribution Share-Alike (cc by-sa)
     </p>
    </availability>
    <date from="2015" to="2022"/>
   </publicationStmt>
   <notesStmt>
    <note>
     Публикуемые документы был получены с сайта tolstoy.ru в формате html, переведены в формат TEI. Исправлены некоторые ошибки распознавания. Тексты, написанные в дореформенной орфографии, сопоставлены с их версиями в современной орфографии.
    </note>
   </notesStmt>
   <sourceDesc>
    <biblStruct>
     <analytic>
      <author>
       Толстой Лев Николаевич
      </author>
     </analytic>
     <monogr>
      <title level="m">
       Полное собрание сочинений. Том 81
      </title>
      <imprint>
       <pubPlace>
        Москва
       </pubPlace>
       <publisher>
        Государственное издательство «Художественная литература»
       </publisher>
       <date when="1956"/>
      </imprint>
      <biblScope unit="vol">
       81
      </biblScope>
      <biblScope unit="page">
       218-218
      </biblScope>
     </monogr>
     <series>
      <title level="s">
       Л. Н. Толстой. Полное собрание сочинений: в 90 тт.
      </title>
     </series>
    </biblStruct>
    <bibl/>
   </sourceDesc>
  </fileDesc>
  <encodingDesc>
   <classDecl>
    <xi:include href="../../reference/taxonomy.xml"/>
   </classDecl>
  </encodingDesc>
  <profileDesc>
   <correspDesc>
    <correspAction type="sending">
     <persName ref="13883">
      Л. Н. Толстой
     </persName>
     <placeName>
      Ясная Поляна
     </placeName>
     <date when="1910-04-08"/>
    </correspAction>
    <correspAction type="receiving">
     <persName ref="9171">
      Молочникова Анна Яковлевна
     </persName>
    </correspAction>
   </correspDesc>
   <langUsage>
    <language ident="ru"/>
   </langUsage>
   <textClass>
    <catRef ana="#tolstoy_heritage" target="library"/>
    <catRef ana="#letters" target="type"/>
    <catRef ana="#sent" target="sent"/>
   </textClass>
  </profileDesc>
 </teiHeader>
 <xenoData>
  <number type="in a volume">
   275
  </number>
 </xenoData>
 <text xml:id="A.YA.Molochnikovoj_275" xmlns="http://www.tei-c.org/ns/1.0" xmlns:xi="http://www.w3.org/2001/XInclude">
  <body>
   <div>
    <pb n="218"/>
    <opener index="false">
     275. А. Я. Молочниковой.1910 г. Апреля 8. Я. П.
    </opener>
    <p id="ab66ca8c-1343-4cb1-9606-9645e173a7ac" rend="Obrashenie">
     <name placement="text" ref="9171" type="person">
      Анна Яковлевна
     </name>
     ,
    </p>
    <p id="8344f402-7f53-45a5-9f87-dbc798c996a6">
     Получил нынче письмо от вашего мужа. Передайте ему, что Маклакову написал. Извещу об ответе. Благодарю его за то, что пишет мне. Передайте ему мою любовь. Вчера говорил с Беленьким
     <ref target="#note1">
      1
     </ref>
     <note index="false" resp="volume_editor" xml:id="note1">
      См. прим. 2 к письму № 252.
     </note>
     о напечатании его описания тюрьмы. Мне очень хочется этого. И мы устроим с Беленьким, как лучше.
    </p>
    <p id="f2d80de2-e0f0-42c2-be67-3a65329b98ef">
     Братски жму руку и желаю вам твердости душевной.
    </p>
    <p id="29ebc8f3-03eb-412a-95cb-1fe831cea438" rend="right">
     <name placement="text" ref="13883" type="person">
      Лев Толстой
     </name>
     .
    </p>
    <p id="fdf57b17-900b-4f6a-b5e1-b8fdae5bb95b">
     8 апр. 1910.
    </p>
    <noteGrp type="comments">
     <note index="false" type="comments">
      <p id="59719744-ab92-4684-a026-8235f12c80e9" rend="Textpetit_otstup left">
       Впервые опубликовано в ПТСО, стр. 352.
      </p>
     </note>
     <note index="false" type="comments">
      <p id="2000a957-b232-4387-ac9d-4d6f6208e416" rend="petit">
       Ответ на письмо В. А. Молочникова от 5 апреля 1910 г., в котором он просил Толстого обратиться к В. А. Маклакову с просьбой взять на себя его защиту.
      </p>
     </note>
    </noteGrp>
   </div>
  </body>
 </text>
</TEI>
