<?xml version="1.0" encoding="utf-8"?>
<TEI xmlns="http://www.tei-c.org/ns/1.0" xmlns:xi="http://www.w3.org/2001/XInclude">
 <teiHeader>
  <fileDesc>
   <titleStmt>
    <title xml:id="v81_134_M_A_Mamedxanly">
     Письма и документы. Tolstoy Digital
    </title>
    <title type="main">
     Письмо М. А. Мамедханлы от 18 февраля 1910 г.
    </title>
    <title type="bibl">
     Толстой Л. Н. Письмо М. А. Мамедханлы, 18 февраля 1910 г. // Толстой Л. Н. Полное собрание сочинений: в 90 тт. Т. 81. М.: Гос. изд. «Художественная литература», 1956. С.
    </title>
    <respStmt>
     <resp>
      Идея, постановка задач, руководство:
     </resp>
     <name>
      Анастасия Бонч-Осмоловская, Фёкла Толстая, Борис Орехов, Тимофей Лукашевский
     </name>
    </respStmt>
    <respStmt>
     <resp>
      Подготовка TEI/XML:
     </resp>
     <name>
      Евгений Можаев, Даниил Скоринкин, Ирина Павлова, Матвей Колбасов, Елена Сидорова, Кирилл Милинцевич, Лев Буланов, Макар Федоров, Константин Петров
     </name>
    </respStmt>
    <respStmt>
     <resp>
      Подготовка метаданных:
     </resp>
     <name>
      Мария Картышева, Вероника Файнберг
     </name>
    </respStmt>
    <respStmt>
     <resp>
      Разметка имен собственных:
     </resp>
     <name>
      Никита Северин, Елена Северина
     </name>
    </respStmt>
    <respStmt>
     <resp>
      Исправление древнегреческого текста:
     </resp>
     <name>
      Ольга Алиева
     </name>
    </respStmt>
    <funder>
     Проект «Слово Толстого»
    </funder>
   </titleStmt>
   <publicationStmt>
    <publisher>
     <orgName>
      Tolstoy Digital, DH CLOUD, Научно-образовательный союз «Родное Слово» проект «Слово Толстого»
     </orgName>
    </publisher>
    <availability>
     <p id="70999911-2382-47bc-b67a-282c3994fa4e">
      Тексты и метатекстовая разметка доступны для свободного использования и распространения по лицензии Creative Commons Attribution Share-Alike (cc by-sa)
     </p>
    </availability>
    <date from="2015" to="2022"/>
   </publicationStmt>
   <notesStmt>
    <note>
     Публикуемые документы был получены с сайта tolstoy.ru в формате html, переведены в формат TEI. Исправлены некоторые ошибки распознавания. Тексты, написанные в дореформенной орфографии, сопоставлены с их версиями в современной орфографии.
    </note>
   </notesStmt>
   <sourceDesc>
    <biblStruct>
     <analytic>
      <author>
       Толстой Лев Николаевич
      </author>
     </analytic>
     <monogr>
      <title level="m">
       Полное собрание сочинений. Том 81
      </title>
      <imprint>
       <pubPlace>
        Москва
       </pubPlace>
       <publisher>
        Государственное издательство «Художественная литература»
       </publisher>
       <date when="1956"/>
      </imprint>
      <biblScope unit="vol">
       81
      </biblScope>
      <biblScope unit="page">
       106-106
      </biblScope>
     </monogr>
     <series>
      <title level="s">
       Л. Н. Толстой. Полное собрание сочинений: в 90 тт.
      </title>
     </series>
    </biblStruct>
    <bibl>
     Публикуется впервые
    </bibl>
   </sourceDesc>
  </fileDesc>
  <encodingDesc>
   <classDecl>
    <xi:include href="../../reference/taxonomy.xml"/>
   </classDecl>
  </encodingDesc>
  <profileDesc>
   <correspDesc>
    <correspAction type="sending">
     <persName ref="13883">
      Л. Н. Толстой
     </persName>
     <placeName>
      Ясная Поляна
     </placeName>
     <date when="1910-02-18"/>
    </correspAction>
    <correspAction type="receiving">
     <persName ref="8462">
      Мамедханлы Мирза Алекпер (Ма-медханов)
     </persName>
    </correspAction>
   </correspDesc>
   <langUsage>
    <language ident="ru"/>
   </langUsage>
   <textClass>
    <catRef ana="#tolstoy_heritage" target="library"/>
    <catRef ana="#letters" target="type"/>
    <catRef ana="#sent" target="sent"/>
   </textClass>
  </profileDesc>
 </teiHeader>
 <xenoData>
  <number type="in a volume">
   134
  </number>
 </xenoData>
 <text xml:id="M.A.Mamedxanly_134" xmlns="http://www.tei-c.org/ns/1.0" xmlns:xi="http://www.w3.org/2001/XInclude">
  <body>
   <div>
    <pb n="106"/>
    <opener index="false">
     * 134. М. А. Мамедханлы.1910 г. Февраля 18. Я. П.
    </opener>
    <p id="684388e9-ad5e-4f9a-bb4a-945e72100734" rend="right">
     18 февраля 1910. Ясная Поляна.
    </p>
    <p id="ecd71b65-5455-4128-be4c-edf3ae3414a5">
     Очень благодарю вас за письмо и книгу (книги же не получил). Я составляю ряд доступных и по цене, и по изложению книжек о главнейших религиозных учениях мира. Хочу составить также книжку и о бехаистах и потому рад материалу, нужному для такого издания.
     <ref target="#note1">
      1
     </ref>
     <note index="false" resp="volume_editor" xml:id="note1">
      Намерение это осталось неосуществленным.
     </note>
    </p>
    <noteGrp type="comments">
     <note index="false" type="comments">
      <p id="0c15707e-0f65-4597-b977-9c439e2f2655" rend="Textpetit_otstup left">
       Печатается по копии, сверенной с черновиком-автографом, написанным на конверте письма Мамедханлы.
      </p>
     </note>
     <note index="false" type="comments">
      <p id="a1f8deef-f502-44e2-951a-98af2de76fbe" rend="petit">
       <name placement="comments" ref="8462" type="person">
        Мирза Алекпер Мамедханлы
       </name>
       — сектант-
       <ref id="behaist" target="slovar">
        бехаист
       </ref>
       из Баку, в письме от 10 февраля 1910 г. писал Толстому о том уважении, которое питают к нему
       <ref id="behaist" target="slovar">
        бехаисты
       </ref>
       , сообщал о получении ноябрьского письма и о посылке своего «нового произведения» «Баб Беха-Улла и Абдул Беха». В письмах 1909 г. подписывался Мамедханов.
      </p>
     </note>
    </noteGrp>
   </div>
  </body>
 </text>
</TEI>
