<?xml version="1.0" encoding="utf-8"?>
<TEI xmlns="http://www.tei-c.org/ns/1.0" xmlns:xi="http://www.w3.org/2001/XInclude">
 <teiHeader>
  <fileDesc>
   <titleStmt>
    <title xml:id="v81_200_H_N_Gusevu">
     Письма и документы. Tolstoy Digital
    </title>
    <title type="main">
     Письмо Н. Н. Гусеву от 18 марта 1910 г.
    </title>
    <title type="bibl">
     Толстой Л. Н. Письмо Н. Н. Гусеву, 18 марта 1910 г. // Толстой Л. Н. Полное собрание сочинений: в 90 тт. Т. 81. М.: Гос. изд. «Художественная литература», 1956. С.
    </title>
    <respStmt>
     <resp>
      Идея, постановка задач, руководство:
     </resp>
     <name>
      Анастасия Бонч-Осмоловская, Фёкла Толстая, Борис Орехов, Тимофей Лукашевский
     </name>
    </respStmt>
    <respStmt>
     <resp>
      Подготовка TEI/XML:
     </resp>
     <name>
      Евгений Можаев, Даниил Скоринкин, Ирина Павлова, Матвей Колбасов, Елена Сидорова, Кирилл Милинцевич, Лев Буланов, Макар Федоров, Константин Петров
     </name>
    </respStmt>
    <respStmt>
     <resp>
      Подготовка метаданных:
     </resp>
     <name>
      Мария Картышева, Вероника Файнберг
     </name>
    </respStmt>
    <respStmt>
     <resp>
      Разметка имен собственных:
     </resp>
     <name>
      Никита Северин, Елена Северина
     </name>
    </respStmt>
    <respStmt>
     <resp>
      Исправление древнегреческого текста:
     </resp>
     <name>
      Ольга Алиева
     </name>
    </respStmt>
    <funder>
     Проект «Слово Толстого»
    </funder>
   </titleStmt>
   <publicationStmt>
    <publisher>
     <orgName>
      Tolstoy Digital, DH CLOUD, Научно-образовательный союз «Родное Слово» проект «Слово Толстого»
     </orgName>
    </publisher>
    <availability>
     <p id="bec194ba-81d9-44c2-8ac3-28eb9c70ccf8">
      Тексты и метатекстовая разметка доступны для свободного использования и распространения по лицензии Creative Commons Attribution Share-Alike (cc by-sa)
     </p>
    </availability>
    <date from="2015" to="2022"/>
   </publicationStmt>
   <notesStmt>
    <note>
     Публикуемые документы был получены с сайта tolstoy.ru в формате html, переведены в формат TEI. Исправлены некоторые ошибки распознавания. Тексты, написанные в дореформенной орфографии, сопоставлены с их версиями в современной орфографии.
    </note>
   </notesStmt>
   <sourceDesc>
    <biblStruct>
     <analytic>
      <author>
       Толстой Лев Николаевич
      </author>
     </analytic>
     <monogr>
      <title level="m">
       Полное собрание сочинений. Том 81
      </title>
      <imprint>
       <pubPlace>
        Москва
       </pubPlace>
       <publisher>
        Государственное издательство «Художественная литература»
       </publisher>
       <date when="1956"/>
      </imprint>
      <biblScope unit="vol">
       81
      </biblScope>
      <biblScope unit="page">
       152-153
      </biblScope>
     </monogr>
     <series>
      <title level="s">
       Л. Н. Толстой. Полное собрание сочинений: в 90 тт.
      </title>
     </series>
    </biblStruct>
    <bibl/>
   </sourceDesc>
  </fileDesc>
  <encodingDesc>
   <classDecl>
    <xi:include href="../../reference/taxonomy.xml"/>
   </classDecl>
  </encodingDesc>
  <profileDesc>
   <correspDesc>
    <correspAction type="sending">
     <persName ref="13883">
      Л. Н. Толстой
     </persName>
     <placeName>
      Ясная Поляна
     </placeName>
     <date when="1910-03-18"/>
    </correspAction>
    <correspAction type="receiving">
     <persName ref="4055">
      Гусев Николай Николаевич
     </persName>
    </correspAction>
   </correspDesc>
   <langUsage>
    <language ident="ru"/>
    <language ident="ru-petr1708"/>
   </langUsage>
   <textClass>
    <catRef ana="#tolstoy_heritage" target="library"/>
    <catRef ana="#letters" target="type"/>
    <catRef ana="#sent" target="sent"/>
   </textClass>
  </profileDesc>
 </teiHeader>
 <xenoData>
  <number type="in a volume">
   200
  </number>
 </xenoData>
 <text xml:id="H.N.Gusevu_200" xmlns="http://www.tei-c.org/ns/1.0" xmlns:xi="http://www.w3.org/2001/XInclude">
  <body>
   <div>
    <pb n="152"/>
    <opener index="false">
     200. H. H. Гусеву.1910 г. Марта 18. Я. П.
    </opener>
    <p id="86587f55-0f15-445d-89f2-f6dec4931c1f">
     Получил Ваше последнее письмо, милый
     <choice original_editorial_correction="Ник[олай]">
      <sic>
       Ник
      </sic>
      <corr>
       <name placement="text" ref="4055" type="person">
        Николай
       </name>
      </corr>
     </choice>
     <choice original_editorial_correction="Ник[олаевич]">
      <sic>
       <name placement="text" ref="4055" type="person">
        Ник
       </name>
      </sic>
      <corr>
       <name placement="text" ref="4055" type="person">
        Николаевич
       </name>
      </corr>
     </choice>
     , и стараюсь, но не могу не огорчаться и об том, что все-таки я, живущий себе спокойно среди всех возмутительных условий роскоши и безопасности (хотя бы сглазить), все-таки я причина и страданий, и тяжелых испытаний любимых мною, таких хороших людей.
    </p>
    <p id="3e02daf2-def6-4292-8058-9a2f82854a7d">
     Чувство мое о вас двоякое: вера в то, что вы перенесете испытание так, как вы, знаю, искренно пишете, готовитесь перенести, и страх за тяжелые минуты, часы,
     <choice original_editorial_correction="мож[ет]">
      <sic>
       мож
      </sic>
      <corr>
       может
      </corr>
     </choice>
     <choice original_editorial_correction="б[ыт]">
      <sic>
       б
      </sic>
      <corr>
       <choice>
        <reg>
         быт
        </reg>
        <orig>
         бытъ
        </orig>
       </choice>
      </corr>
     </choice>
     (чего избави бог) месяцы горя, уныния и раскаяния в том, чему надо радоваться, а не раскаиваться.
    </p>
    <p id="f67d5434-70c2-45d0-8c60-ee941fb860aa">
     Пожалуйста, если будет возможно писать мне, пишите всю задушевную правду, если хотите, мне одному. Как английская пословица говорит: что настоящее общение только вдвоем... Все наши домашние, включая Сухотиных, все вас
     <choice original_editorial_correction="оч[ень]">
      <sic>
       оч
      </sic>
      <corr>
       очень
      </corr>
     </choice>
     любят и искренне опечалились вашим письмом. Но все-таки мне вы много ближе всех и, насколько мы близки к тому, чем хотим жить, настолько близки друг к другу.
    </p>
    <p id="04aaaa7a-4096-484a-8fc7-4b129b6ed448">
     В дурные минуты думайте о том, что то, что с вами случилось, это тот материал, над
     <choice original_editorial_correction="к[оторы]м">
      <sic>
       км
      </sic>
      <corr>
       которым
      </corr>
     </choice>
     вы призваны работать. Мне, по крайней мере, эта мысль и чувство, вызываемое ею, всегда
     <choice original_editorial_correction="оч[ень]">
      <sic>
       оч
      </sic>
      <corr>
       очень
      </corr>
     </choice>
     помогает.
    </p>
    <p id="cc359fde-d064-4406-a28b-3bd20f59d849">
     Прощайте, милый друг, постараемся подняться на ту высоту, на которой безразлично — видеться или не видеться до смерти и сейчас умереть или через X лет.
     <choice original_editorial_correction="Поднять[ся]">
      <sic>
       Поднять
      </sic>
      <corr>
       Подняться
      </corr>
     </choice>
     и держаться на этой высоте мне легче с моей старостью, [чем] вам с вашей молодостью, но все-таки вы можете с вашим — не умом — уму грош цена — а с вашим добрым, любящим и открытым на все лучшее сердцем.
    </p>
    <p id="b46887c3-086b-45b6-9c91-7ed8c6a19fcd" rend="right">
     <name placement="text" ref="13883" type="person">
      Лев Толстой
     </name>
     .
    </p>
    <p id="557452c2-ff8a-4649-b5fa-192947b551b5">
     18 марта.
    </p>
    <noteGrp type="comments">
     <note index="false" type="comments">
      <p id="3197e46a-d423-4e4f-a0b2-16c72067e392" rend="Textpetit_otstup left">
       Печатается по копировальной книге № 86, стр. 34—35. Впервые опубликовано H.H. Гусевым в газете «Утро России» 1910, № 313 от 30 ноября. Дата копировальной книги.
      </p>
     </note>
     <note index="false" type="comments">
      <p id="083acd71-5355-47b2-85e0-4ed56ff51b74" rend="petit">
       H. Н. Гусев прислал Толстому письмо из Корепина от 9 марта 1910 г., в котором писал, что, по-видимому, ему грозит привлечение по 32 ст. Уголовного уложения за распространение преступных изданий, так как при обыске у одного ссыльного нашли запрещенные статьи Толстого.
      </p>
     </note>
     <note index="false" type="comments">
      <p id="677299b5-2f46-4ec1-bca9-a21607dc72e2" rend="emptyline">
       <pb n="153"/>
      </p>
     </note>
    </noteGrp>
   </div>
  </body>
 </text>
</TEI>
