<?xml version="1.0" encoding="utf-8"?>
<TEI xmlns="http://www.tei-c.org/ns/1.0" xmlns:xi="http://www.w3.org/2001/XInclude">
 <teiHeader>
  <fileDesc>
   <titleStmt>
    <title xml:id="v82_108_V_F_Bulgakovu">
     Письма и документы. Tolstoy Digital
    </title>
    <title type="main">
     Письмо В. Ф. Булгакову от 26 июля 1910 г.
    </title>
    <title type="bibl">
     Толстой Л. Н. Письмо В. Ф. Булгакову, 26 июля 1910 г. // Толстой Л. Н. Полное собрание сочинений: в 90 тт. Т. 82. М.: Гос. изд. «Художественная литература», 1956. С.
    </title>
    <respStmt>
     <resp>
      Идея, постановка задач, руководство:
     </resp>
     <name>
      Анастасия Бонч-Осмоловская, Фёкла Толстая, Борис Орехов, Тимофей Лукашевский
     </name>
    </respStmt>
    <respStmt>
     <resp>
      Подготовка TEI/XML:
     </resp>
     <name>
      Евгений Можаев, Даниил Скоринкин, Ирина Павлова, Матвей Колбасов, Елена Сидорова, Кирилл Милинцевич, Лев Буланов, Макар Федоров, Константин Петров
     </name>
    </respStmt>
    <respStmt>
     <resp>
      Подготовка метаданных:
     </resp>
     <name>
      Мария Картышева, Вероника Файнберг
     </name>
    </respStmt>
    <respStmt>
     <resp>
      Разметка имен собственных:
     </resp>
     <name>
      Никита Северин, Елена Северина
     </name>
    </respStmt>
    <respStmt>
     <resp>
      Исправление древнегреческого текста:
     </resp>
     <name>
      Ольга Алиева
     </name>
    </respStmt>
    <funder>
     Проект «Слово Толстого»
    </funder>
   </titleStmt>
   <publicationStmt>
    <publisher>
     <orgName>
      Tolstoy Digital, DH CLOUD, Научно-образовательный союз «Родное Слово» проект «Слово Толстого»
     </orgName>
    </publisher>
    <availability>
     <p id="2622572c-74bc-43ff-b5af-7bab8a3014bc">
      Тексты и метатекстовая разметка доступны для свободного использования и распространения по лицензии Creative Commons Attribution Share-Alike (cc by-sa)
     </p>
    </availability>
    <date from="2015" to="2022"/>
   </publicationStmt>
   <notesStmt>
    <note>
     Публикуемые документы был получены с сайта tolstoy.ru в формате html, переведены в формат TEI. Исправлены некоторые ошибки распознавания. Тексты, написанные в дореформенной орфографии, сопоставлены с их версиями в современной орфографии.
    </note>
   </notesStmt>
   <sourceDesc>
    <biblStruct>
     <analytic>
      <author>
       Толстой Лев Николаевич
      </author>
     </analytic>
     <monogr>
      <title level="m">
       Полное собрание сочинений. Том 82
      </title>
      <imprint>
       <pubPlace>
        Москва
       </pubPlace>
       <publisher>
        Государственное издательство «Художественная литература»
       </publisher>
       <date when="1956"/>
      </imprint>
      <biblScope unit="vol">
       82
      </biblScope>
      <biblScope unit="page">
       87-87
      </biblScope>
     </monogr>
     <series>
      <title level="s">
       Л. Н. Толстой. Полное собрание сочинений: в 90 тт.
      </title>
     </series>
    </biblStruct>
    <bibl/>
   </sourceDesc>
  </fileDesc>
  <encodingDesc>
   <classDecl>
    <xi:include href="../../reference/taxonomy.xml"/>
   </classDecl>
  </encodingDesc>
  <profileDesc>
   <correspDesc>
    <correspAction type="sending">
     <persName ref="13883">
      Л. Н. Толстой
     </persName>
     <placeName>
      Ясная Поляна
     </placeName>
     <date when="1910-07-26"/>
    </correspAction>
    <correspAction type="receiving">
     <persName ref="2013">
      Булгаков Валентин Федорович
     </persName>
    </correspAction>
   </correspDesc>
   <langUsage>
    <language ident="ru"/>
   </langUsage>
   <textClass>
    <catRef ana="#tolstoy_heritage" target="library"/>
    <catRef ana="#letters" target="type"/>
    <catRef ana="#sent" target="sent"/>
   </textClass>
  </profileDesc>
 </teiHeader>
 <xenoData>
  <number type="in a volume">
   108
  </number>
 </xenoData>
 <text xml:id="V.F.Bulgakovu_108" xmlns="http://www.tei-c.org/ns/1.0" xmlns:xi="http://www.w3.org/2001/XInclude">
  <body>
   <div>
    <pb n="87"/>
    <opener index="false">
     108.
     <name placement="text" ref="2013" type="person">
      В. Ф. Булгакову
     </name>
     .1910 г. Июля 26. Я. П.
    </opener>
    <p id="3bacbd2d-7cb9-43d3-bbda-2c7518b65556">
     Блатову — вполне хорошо.
    </p>
    <p id="9dc87db6-62bf-4eb4-9658-40d406a52449">
     Тучаку — тоже.
    </p>
    <p id="c8fef8b2-40a8-4ea9-8eb4-160a3a48784d">
     Трушову — тоже.
    </p>
    <p id="f856971a-0fdc-4734-be36-0b8989f34af6">
     Кабанову — тоже.
    </p>
    <noteGrp type="comments">
     <note index="false" type="comments">
      <p id="17c5b29c-bc95-456e-8f15-6a8fa19c5e64" rend="Textpetit_otstup left">
       В подлиннике под автографом Толстого надпись В. Ф. Булгакова: «Аттестат, выданный
       <choice original_editorial_correction="Л[ьвом]">
        <sic>
         Л
        </sic>
        <corr>
         <name placement="comments" ref="13883" type="person">
          Львом
         </name>
        </corr>
       </choice>
       <choice original_editorial_correction="Н[иколаевичем]">
        <sic>
         <name placement="comments" ref="13883" type="person">
          Н
         </name>
        </sic>
        <corr>
         <name placement="comments" ref="13883" type="person">
          Николаевичем
         </name>
        </corr>
       </choice>
       за написанные мною по его поручению письма 26 июля 1910 г. В. Б.». Впервые опубликовано В. Ф. Булгаковым в его Дневнике, стр. 251. Кроме того, см. В. Ф. Булгаков, «Трагедия Льва Толстого», изд. «Прибой», Л. 1928, стр. 63 и 64. См. «Список писем по поручению», 192, 196, 199, 200.
      </p>
     </note>
    </noteGrp>
   </div>
  </body>
 </text>
</TEI>
