<?xml version="1.0" encoding="utf-8"?>
<TEI xmlns="http://www.tei-c.org/ns/1.0" xmlns:xi="http://www.w3.org/2001/XInclude">
 <teiHeader>
  <fileDesc>
   <titleStmt>
    <title xml:id="v82_254_Kiselevoj">
     Письма и документы. Tolstoy Digital
    </title>
    <title type="main">
     Письмо Киселевой с 17 октября 1910 г. по 18 октября 1910 г.
    </title>
    <title type="bibl">
     Толстой Л. Н. Письмо Киселевой, 17 октября 1910 г. — 18 октября 1910 г. // Толстой Л. Н. Полное собрание сочинений: в 90 тт. Т. 82. М.: Гос. изд. «Художественная литература», 1956. С.
    </title>
    <respStmt>
     <resp>
      Идея, постановка задач, руководство:
     </resp>
     <name>
      Анастасия Бонч-Осмоловская, Фёкла Толстая, Борис Орехов, Тимофей Лукашевский
     </name>
    </respStmt>
    <respStmt>
     <resp>
      Подготовка TEI/XML:
     </resp>
     <name>
      Евгений Можаев, Даниил Скоринкин, Ирина Павлова, Матвей Колбасов, Елена Сидорова, Кирилл Милинцевич, Лев Буланов, Макар Федоров, Константин Петров
     </name>
    </respStmt>
    <respStmt>
     <resp>
      Подготовка метаданных:
     </resp>
     <name>
      Мария Картышева, Вероника Файнберг
     </name>
    </respStmt>
    <respStmt>
     <resp>
      Разметка имен собственных:
     </resp>
     <name>
      Никита Северин, Елена Северина
     </name>
    </respStmt>
    <respStmt>
     <resp>
      Исправление древнегреческого текста:
     </resp>
     <name>
      Ольга Алиева
     </name>
    </respStmt>
    <funder>
     Проект «Слово Толстого»
    </funder>
   </titleStmt>
   <publicationStmt>
    <publisher>
     <orgName>
      Tolstoy Digital, DH CLOUD, Научно-образовательный союз «Родное Слово» проект «Слово Толстого»
     </orgName>
    </publisher>
    <availability>
     <p id="dd7ccbc4-5ca3-46d9-a9d9-a6e47c4c1df9">
      Тексты и метатекстовая разметка доступны для свободного использования и распространения по лицензии Creative Commons Attribution Share-Alike (cc by-sa)
     </p>
    </availability>
    <date from="2015" to="2022"/>
   </publicationStmt>
   <notesStmt>
    <note>
     Публикуемые документы был получены с сайта tolstoy.ru в формате html, переведены в формат TEI. Исправлены некоторые ошибки распознавания. Тексты, написанные в дореформенной орфографии, сопоставлены с их версиями в современной орфографии.
    </note>
   </notesStmt>
   <sourceDesc>
    <biblStruct>
     <analytic>
      <author>
       Толстой Лев Николаевич
      </author>
     </analytic>
     <monogr>
      <title level="m">
       Полное собрание сочинений. Том 82
      </title>
      <imprint>
       <pubPlace>
        Москва
       </pubPlace>
       <publisher>
        Государственное издательство «Художественная литература»
       </publisher>
       <date when="1956"/>
      </imprint>
      <biblScope unit="vol">
       82
      </biblScope>
      <biblScope unit="page">
       192-193
      </biblScope>
     </monogr>
     <series>
      <title level="s">
       Л. Н. Толстой. Полное собрание сочинений: в 90 тт.
      </title>
     </series>
    </biblStruct>
    <bibl>
     Публикуется впервые
    </bibl>
   </sourceDesc>
  </fileDesc>
  <encodingDesc>
   <classDecl>
    <xi:include href="../../reference/taxonomy.xml"/>
   </classDecl>
  </encodingDesc>
  <profileDesc>
   <correspDesc>
    <correspAction type="sending">
     <persName ref="13883">
      Л. Н. Толстой
     </persName>
     <placeName>
      Ясная Поляна
     </placeName>
     <date notAfter="1910-10-18" notBefore="1910-10-17"/>
    </correspAction>
    <correspAction type="receiving">
     <persName ref="6428">
      Киселева
     </persName>
    </correspAction>
   </correspDesc>
   <langUsage>
    <language ident="ru"/>
   </langUsage>
   <textClass>
    <catRef ana="#tolstoy_heritage" target="library"/>
    <catRef ana="#letters" target="type"/>
    <catRef ana="#sent" target="sent"/>
   </textClass>
  </profileDesc>
 </teiHeader>
 <xenoData>
  <number type="in a volume">
   254
  </number>
 </xenoData>
 <text xml:id="Kiselevoj_254" xmlns="http://www.tei-c.org/ns/1.0" xmlns:xi="http://www.w3.org/2001/XInclude">
  <body>
   <div>
    <pb n="192"/>
    <opener index="false">
     * 254. Киселевой.1910 г. Октября 17—18. Я. П.
    </opener>
    <p id="64465580-1dac-4c54-99cd-e33a921dbbc8" rend="right">
     17 октября 10 года. Ясная Поляна.
    </p>
    <p id="ff9a7667-ca73-4ddf-b5ba-e06241e6a517">
     Цель жизни каждого отдельного человека одна: внутреннее совершенствование, состоящее в увеличении в себе любви. То, что в этом цель жизни, доказывается тем, что, во-первых, это совершенствование в противоположность всем другим целям жизни, которые не в нашей власти, зависит только от нашей воли и потому всегда возможно; во-вторых, тем, что это
     <hi style="opdelimiter">
      совершенствование
     </hi>
     <pb n="193"/>
     <hi style="npdelimiter">
      в
     </hi>
     любви тотчас же дает тем большую радость и спокойствие, чем больше сделал усилия для этого совершенствования. В-третьих, тем, что цель жизни, положенная в совершенствовании, уничтожает страх прекращения жизни личности в смерти, так как любовь переносит интересы жизни вне личности; и, в-четвертых, еще и потому, что все величайшие учители жизни от Браминов, Будды и до Христа, Магомета и всех других мудрецов только именно эту цель указывали людям.
    </p>
    <noteGrp type="comments">
     <note index="false" type="comments">
      <p id="35d901c3-6fa7-4e49-b2f1-5b27f959be33" rend="Textpetit_otstup left">
       Печатается по копии, сверенной с черновиком-автографом, начатым на конверте письма Киселевой и продолженным на почтовой бумаге.
      </p>
     </note>
     <note index="false" type="comments">
      <p id="78dff864-59ea-4b4f-b4d4-186d6f2c0779" rend="petit">
       Письма Киселевой, отправленного из Оренбурга 13 октября 1910 г. (почт. шт.), не сохранилось. На конверте надпись Толстого: Просто уничтожить письмо, и A. Л. Толстой: «Письмо уничтожено.
       <choice original_editorial_correction="Отв[етил]">
        <sic>
         Отв
        </sic>
        <corr>
         Ответил
        </corr>
       </choice>
       18
       <choice original_editorial_correction="окт[ября]">
        <sic>
         окт
        </sic>
        <corr>
         октября
        </corr>
       </choice>
       10 г.
       <choice original_editorial_correction="Л[ев]">
        <sic>
         Л
        </sic>
        <corr>
         Лев
        </corr>
       </choice>
       <choice original_editorial_correction="Н[иколаевич]">
        <sic>
         Н
        </sic>
        <corr>
         Николаевич
        </corr>
       </choice>
       ».
      </p>
     </note>
    </noteGrp>
   </div>
  </body>
 </text>
</TEI>
