<?xml version="1.0" encoding="utf-8"?>
<TEI xmlns="http://www.tei-c.org/ns/1.0" xmlns:xi="http://www.w3.org/2001/XInclude">
 <teiHeader>
  <fileDesc>
   <titleStmt>
    <title xml:id="v82_145_M_E_SHashkinu">
     Письма и документы. Tolstoy Digital
    </title>
    <title type="main">
     Письмо М. Е. Шашкину от 16 августа 1910 г.
    </title>
    <title type="bibl">
     Толстой Л. Н. Письмо М. Е. Шашкину, 16 августа 1910 г. // Толстой Л. Н. Полное собрание сочинений: в 90 тт. Т. 82. М.: Гос. изд. «Художественная литература», 1956. С.
    </title>
    <respStmt>
     <resp>
      Идея, постановка задач, руководство:
     </resp>
     <name>
      Анастасия Бонч-Осмоловская, Фёкла Толстая, Борис Орехов, Тимофей Лукашевский
     </name>
    </respStmt>
    <respStmt>
     <resp>
      Подготовка TEI/XML:
     </resp>
     <name>
      Евгений Можаев, Даниил Скоринкин, Ирина Павлова, Матвей Колбасов, Елена Сидорова, Кирилл Милинцевич, Лев Буланов, Макар Федоров, Константин Петров
     </name>
    </respStmt>
    <respStmt>
     <resp>
      Подготовка метаданных:
     </resp>
     <name>
      Мария Картышева, Вероника Файнберг
     </name>
    </respStmt>
    <respStmt>
     <resp>
      Разметка имен собственных:
     </resp>
     <name>
      Никита Северин, Елена Северина
     </name>
    </respStmt>
    <respStmt>
     <resp>
      Исправление древнегреческого текста:
     </resp>
     <name>
      Ольга Алиева
     </name>
    </respStmt>
    <funder>
     Проект «Слово Толстого»
    </funder>
   </titleStmt>
   <publicationStmt>
    <publisher>
     <orgName>
      Tolstoy Digital, DH CLOUD, Научно-образовательный союз «Родное Слово» проект «Слово Толстого»
     </orgName>
    </publisher>
    <availability>
     <p id="764b71ed-c1b6-47ca-89e3-c63f80169e49">
      Тексты и метатекстовая разметка доступны для свободного использования и распространения по лицензии Creative Commons Attribution Share-Alike (cc by-sa)
     </p>
    </availability>
    <date from="2015" to="2022"/>
   </publicationStmt>
   <notesStmt>
    <note>
     Публикуемые документы был получены с сайта tolstoy.ru в формате html, переведены в формат TEI. Исправлены некоторые ошибки распознавания. Тексты, написанные в дореформенной орфографии, сопоставлены с их версиями в современной орфографии.
    </note>
   </notesStmt>
   <sourceDesc>
    <biblStruct>
     <analytic>
      <author>
       Толстой Лев Николаевич
      </author>
     </analytic>
     <monogr>
      <title level="m">
       Полное собрание сочинений. Том 82
      </title>
      <imprint>
       <pubPlace>
        Москва
       </pubPlace>
       <publisher>
        Государственное издательство «Художественная литература»
       </publisher>
       <date when="1956"/>
      </imprint>
      <biblScope unit="vol">
       82
      </biblScope>
      <biblScope unit="page">
       113-113
      </biblScope>
     </monogr>
     <series>
      <title level="s">
       Л. Н. Толстой. Полное собрание сочинений: в 90 тт.
      </title>
     </series>
    </biblStruct>
    <bibl/>
   </sourceDesc>
  </fileDesc>
  <encodingDesc>
   <classDecl>
    <xi:include href="../../reference/taxonomy.xml"/>
   </classDecl>
  </encodingDesc>
  <profileDesc>
   <correspDesc>
    <correspAction type="sending">
     <persName ref="13883">
      Л. Н. Толстой
     </persName>
     <placeName>
      Кочеты
     </placeName>
     <date when="1910-08-16"/>
    </correspAction>
    <correspAction type="receiving">
     <persName ref="15492">
      Шашкин Мефодий Ефимович
     </persName>
    </correspAction>
   </correspDesc>
   <langUsage>
    <language ident="ru"/>
   </langUsage>
   <textClass>
    <catRef ana="#tolstoy_heritage" target="library"/>
    <catRef ana="#letters" target="type"/>
    <catRef ana="#sent" target="sent"/>
   </textClass>
  </profileDesc>
 </teiHeader>
 <xenoData>
  <number type="in a volume">
   145
  </number>
 </xenoData>
 <text xml:id="M.E.SHashkinu_145" xmlns="http://www.tei-c.org/ns/1.0" xmlns:xi="http://www.w3.org/2001/XInclude">
  <body>
   <div>
    <pb n="113"/>
    <opener index="false">
     145.
     <name placement="text" ref="15492" type="person">
      М. Е. Шашкину
     </name>
     .1910 г. Августа 16. Кочеты.
    </opener>
    <p id="486ead71-929d-4d82-96b9-d77ceafa5e5e" rend="right">
     16 августа 10 года. Кочеты.
    </p>
    <p id="c385ad6a-09a8-4d83-97e2-3a640ad338d6" rend="right">
     Шашкину.
    </p>
    <p id="4be51489-fe63-4f18-b274-168a2d1aea4b">
     Тем пороком, каким вы страдаете, страдали многие и многие люди и потом выздоравливали и проживали хорошую и полезную для себя, и для других жизнь. От всех пороков, и так же как и от вашего, есть только одно лекарство. Лекарство это в том, чтобы жить духовной жизнью, т. е. для души, для бога. А жить для души, для бога значит понимать, что явились мы на свет не по своей воле, а по воле бога, и потому и жить надо не для себя, не для того, чтобы угождать себе и делать свою волю, а жить для бога, угождать ему и делать его волю. Для того же, чтобы понять его волю, надо читать учение мудрых и святых людей и, главное, евангелие.
    </p>
    <p id="05bd09c0-aa36-477b-8ee1-fdd66607d6d9">
     Приезжать вам ко мне не нужно. Я вам ничего не скажу такого, что бы не было сказано в моих книгах. Посылаю вам
     <ref target="#note1">
      1
     </ref>
     <note index="false" resp="volume_editor" xml:id="note1">
      По черновику:
      <hi style="big">
       <choice original_editorial_correction="Д[етское]">
        <sic>
         Д
        </sic>
        <corr>
         Детское
        </corr>
       </choice>
       <choice original_editorial_correction="е[вангелие]">
        <sic>
         е
        </sic>
        <corr>
         евангелие
        </corr>
       </choice>
       ,
       <choice original_editorial_correction="Л[юбите]">
        <sic>
         Л
        </sic>
        <corr>
         Любите
        </corr>
       </choice>
       <choice original_editorial_correction="д[руг]">
        <sic>
         д
        </sic>
        <corr>
         друг
        </corr>
       </choice>
       <choice original_editorial_correction="д[руга]">
        <sic>
         д
        </sic>
        <corr>
         друга
        </corr>
       </choice>
       ,
       <choice original_editorial_correction="Эпик[тет]">
        <sic>
         Эпик
        </sic>
        <corr>
         Эпиктет
        </corr>
       </choice>
       .
      </hi>
     </note>
     некоторые из них.
    </p>
    <p id="3e9e9dbf-6f45-4c3c-9da9-887f8600c922">
     Главное будьте уверены, что вы победите вашу слабость. Если и падете, не унывайте и боритесь сначала, и опять сначала.
    </p>
    <p id="267913b7-58c8-4dc0-8c57-c82052938a8f" rend="right">
     <name placement="text" ref="13883" type="person">
      Лев Толстой
     </name>
     .
    </p>
    <noteGrp type="comments">
     <note index="false" type="comments">
      <p id="6613b26d-ac3f-464f-9b3c-53ab23fd0f0e" rend="Textpetit_otstup left">
       Кроме машинописного подлинника, сохранился черновик-автограф, написанный на двух страницах почтовой бумаги. Впервые опубликовано в сборнике «Толстовский музей в С.-Петербурге», СПБ. 1912, стр. 42—58.
      </p>
     </note>
     <note index="false" type="comments">
      <p id="085bd298-8abf-4caf-bb19-c718ce14f2bc" rend="petit">
       Ответ на письмо
       <name placement="comments" ref="15492" type="person">
        Мефодия Ефимовича Шашкина
       </name>
       (р. 1884), описывавшего свою тяжелую, полную с самого детства лишений жизнь, свои страдания от мучающего его порока, которым он давно страдает. Теперь он думает о самоубийстве, так как не в силах превозмочь тягости
       <hi style="opdelimiter">
        жизни.
       </hi>
      </p>
     </note>
    </noteGrp>
   </div>
  </body>
 </text>
</TEI>
