<?xml version="1.0" encoding="utf-8"?>
<TEI xmlns="http://www.tei-c.org/ns/1.0" xmlns:xi="http://www.w3.org/2001/XInclude">
 <teiHeader>
  <fileDesc>
   <titleStmt>
    <title xml:id="v82_230_M_N_YAkovlevoj">
     Письма и документы. Tolstoy Digital
    </title>
    <title type="main">
     Письмо М. Н. Яковлевой от 2 октября 1910 г.
    </title>
    <title type="bibl">
     Толстой Л. Н. Письмо М. Н. Яковлевой, 2 октября 1910 г. // Толстой Л. Н. Полное собрание сочинений: в 90 тт. Т. 82. М.: Гос. изд. «Художественная литература», 1956. С.
    </title>
    <respStmt>
     <resp>
      Идея, постановка задач, руководство:
     </resp>
     <name>
      Анастасия Бонч-Осмоловская, Фёкла Толстая, Борис Орехов, Тимофей Лукашевский
     </name>
    </respStmt>
    <respStmt>
     <resp>
      Подготовка TEI/XML:
     </resp>
     <name>
      Евгений Можаев, Даниил Скоринкин, Ирина Павлова, Матвей Колбасов, Елена Сидорова, Кирилл Милинцевич, Лев Буланов, Макар Федоров, Константин Петров
     </name>
    </respStmt>
    <respStmt>
     <resp>
      Подготовка метаданных:
     </resp>
     <name>
      Мария Картышева, Вероника Файнберг
     </name>
    </respStmt>
    <respStmt>
     <resp>
      Разметка имен собственных:
     </resp>
     <name>
      Никита Северин, Елена Северина
     </name>
    </respStmt>
    <respStmt>
     <resp>
      Исправление древнегреческого текста:
     </resp>
     <name>
      Ольга Алиева
     </name>
    </respStmt>
    <funder>
     Проект «Слово Толстого»
    </funder>
   </titleStmt>
   <publicationStmt>
    <publisher>
     <orgName>
      Tolstoy Digital, DH CLOUD, Научно-образовательный союз «Родное Слово» проект «Слово Толстого»
     </orgName>
    </publisher>
    <availability>
     <p id="c5f72bdf-bcfc-4847-a9de-32fd0ef12fdd">
      Тексты и метатекстовая разметка доступны для свободного использования и распространения по лицензии Creative Commons Attribution Share-Alike (cc by-sa)
     </p>
    </availability>
    <date from="2015" to="2022"/>
   </publicationStmt>
   <notesStmt>
    <note>
     Публикуемые документы был получены с сайта tolstoy.ru в формате html, переведены в формат TEI. Исправлены некоторые ошибки распознавания. Тексты, написанные в дореформенной орфографии, сопоставлены с их версиями в современной орфографии.
    </note>
   </notesStmt>
   <sourceDesc>
    <biblStruct>
     <analytic>
      <author>
       Толстой Лев Николаевич
      </author>
     </analytic>
     <monogr>
      <title level="m">
       Полное собрание сочинений. Том 82
      </title>
      <imprint>
       <pubPlace>
        Москва
       </pubPlace>
       <publisher>
        Государственное издательство «Художественная литература»
       </publisher>
       <date when="1956"/>
      </imprint>
      <biblScope unit="vol">
       82
      </biblScope>
      <biblScope unit="page">
       177-178
      </biblScope>
     </monogr>
     <series>
      <title level="s">
       Л. Н. Толстой. Полное собрание сочинений: в 90 тт.
      </title>
     </series>
    </biblStruct>
    <bibl/>
   </sourceDesc>
  </fileDesc>
  <encodingDesc>
   <classDecl>
    <xi:include href="../../reference/taxonomy.xml"/>
   </classDecl>
  </encodingDesc>
  <profileDesc>
   <correspDesc>
    <correspAction type="sending">
     <persName ref="13883">
      Л. Н. Толстой
     </persName>
     <placeName>
      Ясная Поляна
     </placeName>
     <date when="1910-10-02"/>
    </correspAction>
    <correspAction type="receiving">
     <persName ref="16169">
      Яковлева Мария Николаевна (М. Ямпольская)
     </persName>
    </correspAction>
   </correspDesc>
   <langUsage>
    <language ident="ru"/>
   </langUsage>
   <textClass>
    <catRef ana="#tolstoy_heritage" target="library"/>
    <catRef ana="#letters" target="type"/>
    <catRef ana="#sent" target="sent"/>
   </textClass>
  </profileDesc>
 </teiHeader>
 <xenoData>
  <number type="in a volume">
   230
  </number>
 </xenoData>
 <text xml:id="M.N.YAkovlevoj_230" xmlns="http://www.tei-c.org/ns/1.0" xmlns:xi="http://www.w3.org/2001/XInclude">
  <body>
   <div>
    <pb n="177"/>
    <opener index="false">
     230.
     <name placement="text" ref="16169" type="person">
      М. Н. Яковлевой
     </name>
     .1910 г. Октября 2. Я. П.
    </opener>
    <p id="11ebf6a0-9566-4536-9239-9667611b3853" rend="right">
     Яковлевой
    </p>
    <p id="ace56c18-3d3b-4094-be2d-a5aae300cc34" rend="right">
     2 окт. 10 г.
    </p>
    <p id="968f6857-1797-47f2-bac0-b922e306aa65">
     Получил ваше хорошее письмо, и хочется ответить. Но знайте, что если я когда и не отвечу, это не значит, что мне неприятно ваше письмо, а значит только, что недосуг.
    </p>
    <p id="15d7e813-0478-4978-bef3-65d760c3d9ec">
     Ответить хочется вам вот на что: во-первых, на то, что вы пишете про свои неуспехи в совершенствовании, то и как я знаю, что вы искренни и пишете правду, то, что чувствуете, то это сознание своего неуспеха в движении вперед есть только важный признак настоящего совершенствования; только тогда действительно совершенствуется человек, когда он не видит этого, но, не переставая, желает. Это одно. Другое то, что вы не можете себе представить, какие могут быть последствия от вашей кроткой, доброй жизни. Если бы вы видели последствия своей доброй жизни, а это была бы уже не добрая жизнь для души, для бога, а подобие доброй жизни для людей. Знаю, что трудно, особенно молодым, жить для души, для бога, забывая о последствиях своей деятельности, но нужно приучаться к этому, потому что в этом главная сила и благо человека. То же, что всякий добрый поступок, в какой бы глуши он ни был совершен, неизбежно будет иметь свои непременно благодетельные последствия, — в это должен верить всякий человек, верящий в бога: «а если я не могу их видеть, эти последствия, если бы даже их и не было, — что мне за дело? Я делаю для бога, для того бога, который живет во мне». Таковы все ваши маленькие усилия доброй, мирной жизни в семье. Знаю, что трудно, но советую вам делать усилие в этом
     <hi style="opdelimiter">
      направлении.
     </hi>
     <pb n="178"/>
     <hi style="npdelimiter">
      Читаете
     </hi>
     ли вы «Круг чтения» и «На
     <choice original_editorial_correction="кажд[ый]">
      <sic>
       кажд
      </sic>
      <corr>
       каждый
      </corr>
     </choice>
     <choice original_editorial_correction="д[ень]">
      <sic>
       д
      </sic>
      <corr>
       день
      </corr>
     </choice>
     »? Я читаю и нахожу в этом подкрепление, советую и вам.
    </p>
    <p id="90c6b024-c46b-43cd-8b36-406d53c65829" rend="right">
     <name placement="text" ref="13883" type="person">
      Лев Толстой
     </name>
     .
    </p>
    <noteGrp type="comments">
     <note index="false" type="comments">
      <p id="d3a77559-f387-4831-ba5e-0a8786e22e59" rend="Textpetit_otstup left">
       Впервые опубликовано в газете «Русское слово» 1910, № 226 от 2 октября.
      </p>
     </note>
     <note index="false" type="comments">
      <p id="b94083c7-0ac0-4d22-9761-c0e26c5eecfc" rend="petit">
       Ответ на письмо М. Н. Яковлевой от 27 сентября.
      </p>
     </note>
    </noteGrp>
   </div>
  </body>
 </text>
</TEI>
