<?xml version="1.0" encoding="utf-8"?>
<TEI xmlns="http://www.tei-c.org/ns/1.0" xmlns:xi="http://www.w3.org/2001/XInclude">
 <teiHeader>
  <fileDesc>
   <titleStmt>
    <title xml:id="v82_026_A_L_Tolstoj">
     Письма и документы. Tolstoy Digital
    </title>
    <title type="main">
     Письмо А. Л. Толстой от 15 мая 1910 г.
    </title>
    <title type="bibl">
     Толстой Л. Н. Письмо А. Л. Толстой, 15 мая 1910 г. // Толстой Л. Н. Полное собрание сочинений: в 90 тт. Т. 82. М.: Гос. изд. «Художественная литература», 1956. С.
    </title>
    <respStmt>
     <resp>
      Идея, постановка задач, руководство:
     </resp>
     <name>
      Анастасия Бонч-Осмоловская, Фёкла Толстая, Борис Орехов, Тимофей Лукашевский
     </name>
    </respStmt>
    <respStmt>
     <resp>
      Подготовка TEI/XML:
     </resp>
     <name>
      Евгений Можаев, Даниил Скоринкин, Ирина Павлова, Матвей Колбасов, Елена Сидорова, Кирилл Милинцевич, Лев Буланов, Макар Федоров, Константин Петров
     </name>
    </respStmt>
    <respStmt>
     <resp>
      Подготовка метаданных:
     </resp>
     <name>
      Мария Картышева, Вероника Файнберг
     </name>
    </respStmt>
    <respStmt>
     <resp>
      Разметка имен собственных:
     </resp>
     <name>
      Никита Северин, Елена Северина
     </name>
    </respStmt>
    <respStmt>
     <resp>
      Исправление древнегреческого текста:
     </resp>
     <name>
      Ольга Алиева
     </name>
    </respStmt>
    <funder>
     Проект «Слово Толстого»
    </funder>
   </titleStmt>
   <publicationStmt>
    <publisher>
     <orgName>
      Tolstoy Digital, DH CLOUD, Научно-образовательный союз «Родное Слово» проект «Слово Толстого»
     </orgName>
    </publisher>
    <availability>
     <p id="19257a8f-3afe-4cad-a45b-e296e81d8a89">
      Тексты и метатекстовая разметка доступны для свободного использования и распространения по лицензии Creative Commons Attribution Share-Alike (cc by-sa)
     </p>
    </availability>
    <date from="2015" to="2022"/>
   </publicationStmt>
   <notesStmt>
    <note>
     Публикуемые документы был получены с сайта tolstoy.ru в формате html, переведены в формат TEI. Исправлены некоторые ошибки распознавания. Тексты, написанные в дореформенной орфографии, сопоставлены с их версиями в современной орфографии.
    </note>
   </notesStmt>
   <sourceDesc>
    <biblStruct>
     <analytic>
      <author>
       Толстой Лев Николаевич
      </author>
     </analytic>
     <monogr>
      <title level="m">
       Полное собрание сочинений. Том 82
      </title>
      <imprint>
       <pubPlace>
        Москва
       </pubPlace>
       <publisher>
        Государственное издательство «Художественная литература»
       </publisher>
       <date when="1956"/>
      </imprint>
      <biblScope unit="vol">
       82
      </biblScope>
      <biblScope unit="page">
       28-28
      </biblScope>
     </monogr>
     <series>
      <title level="s">
       Л. Н. Толстой. Полное собрание сочинений: в 90 тт.
      </title>
     </series>
    </biblStruct>
    <bibl>
     Публикуется впервые
    </bibl>
   </sourceDesc>
  </fileDesc>
  <encodingDesc>
   <classDecl>
    <xi:include href="../../reference/taxonomy.xml"/>
   </classDecl>
  </encodingDesc>
  <profileDesc>
   <correspDesc>
    <correspAction type="sending">
     <persName ref="13883">
      Л. Н. Толстой
     </persName>
     <placeName>
      Кочеты
     </placeName>
     <date when="1910-05-15"/>
    </correspAction>
    <correspAction type="receiving">
     <persName ref="13815">
      Толстая Александра Львовна
     </persName>
    </correspAction>
   </correspDesc>
   <langUsage>
    <language ident="ru"/>
   </langUsage>
   <textClass>
    <catRef ana="#tolstoy_heritage" target="library"/>
    <catRef ana="#letters" target="type"/>
    <catRef ana="#sent" target="sent"/>
   </textClass>
  </profileDesc>
 </teiHeader>
 <xenoData>
  <number type="in a volume">
   26
  </number>
 </xenoData>
 <text xml:id="A.L.Tolstoj_26" xmlns="http://www.tei-c.org/ns/1.0" xmlns:xi="http://www.w3.org/2001/XInclude">
  <body>
   <div>
    <pb n="28"/>
    <opener index="false">
     * 26. A. Л. Толстой.1910 г. Мая 15. Кочеты.
    </opener>
    <p id="e52c5b5d-b58b-4205-9b13-db2ec601ba07">
     Опять пишу, опять о тебе думаю, тебя чувствую, как каждый вечер. У меня в комнате навоняла лампа, и пишу в Танином кабинете. Она проводила нынче мама через Абрикосовых на Мценск и теперь стоит подле меня, и мы с ней говорили про мама. Таня милая так хорошо умеет видеть в ней — мама — всё доброе. Я ей благодарен за это. Тут теперь всё семейство, и жизнь очень приятна, легка. Остается мне жить здесь 4 дня. Хотя я ничего не делал здесь, мне было очень хорошо. Надеюсь, будет так же до конца. Нынче не было от тебя письма. Надеюсь, будет завтра, и хорошее. Нынче с утра ходил по деревне и много и приятно беседовал с мужиками и бабами. Вечером приехал сосед Матвеев — ученый.
     <ref target="#note1">
      1
     </ref>
     <note index="false" resp="volume_editor" xml:id="note1">
      <name placement="note" ref="8648" type="person">
       Владимир Александрович Матвеев
      </name>
      , сосед Сухотиных, дипломат, служивший в Персии, знаток языков и религиозных движений Востока. См. т. 58, прим. 695.
     </note>
     Какая страшная разница и в пользу первых. Прощай, душенька. Целую тебя. Привет Варе.
    </p>
    <p id="9323ea85-045c-4c2a-9eb3-2f324dc779e1" rend="right">
     Л. Т.
    </p>
    <noteGrp type="comments">
     <note index="false" type="comments">
      <p id="5b22d2ce-94fb-4065-85fd-bbf24cf88375" rend="Textpetit_otstup left">
       Печатается по копии из АЧ.
      </p>
     </note>
    </noteGrp>
   </div>
  </body>
 </text>
</TEI>
