<?xml version="1.0" encoding="utf-8"?>
<TEI xmlns="http://www.tei-c.org/ns/1.0" xmlns:xi="http://www.w3.org/2001/XInclude">
 <teiHeader>
  <fileDesc>
   <titleStmt>
    <title xml:id="v82_002_A_L_Tolstoj">
     Письма и документы. Tolstoy Digital
    </title>
    <title type="main">
     Письмо А. Л. Толстой от 1 мая 1910 г.
    </title>
    <title type="bibl">
     Толстой Л. Н. Письмо А. Л. Толстой, 1 мая 1910 г. // Толстой Л. Н. Полное собрание сочинений: в 90 тт. Т. 82. М.: Гос. изд. «Художественная литература», 1956. С.
    </title>
    <respStmt>
     <resp>
      Идея, постановка задач, руководство:
     </resp>
     <name>
      Анастасия Бонч-Осмоловская, Фёкла Толстая, Борис Орехов, Тимофей Лукашевский
     </name>
    </respStmt>
    <respStmt>
     <resp>
      Подготовка TEI/XML:
     </resp>
     <name>
      Евгений Можаев, Даниил Скоринкин, Ирина Павлова, Матвей Колбасов, Елена Сидорова, Кирилл Милинцевич, Лев Буланов, Макар Федоров, Константин Петров
     </name>
    </respStmt>
    <respStmt>
     <resp>
      Подготовка метаданных:
     </resp>
     <name>
      Мария Картышева, Вероника Файнберг
     </name>
    </respStmt>
    <respStmt>
     <resp>
      Разметка имен собственных:
     </resp>
     <name>
      Никита Северин, Елена Северина
     </name>
    </respStmt>
    <respStmt>
     <resp>
      Исправление древнегреческого текста:
     </resp>
     <name>
      Ольга Алиева
     </name>
    </respStmt>
    <funder>
     Проект «Слово Толстого»
    </funder>
   </titleStmt>
   <publicationStmt>
    <publisher>
     <orgName>
      Tolstoy Digital, DH CLOUD, Научно-образовательный союз «Родное Слово» проект «Слово Толстого»
     </orgName>
    </publisher>
    <availability>
     <p id="a1daf0e0-0f90-4f63-ab85-7f7a198f6b68">
      Тексты и метатекстовая разметка доступны для свободного использования и распространения по лицензии Creative Commons Attribution Share-Alike (cc by-sa)
     </p>
    </availability>
    <date from="2015" to="2022"/>
   </publicationStmt>
   <notesStmt>
    <note>
     Публикуемые документы был получены с сайта tolstoy.ru в формате html, переведены в формат TEI. Исправлены некоторые ошибки распознавания. Тексты, написанные в дореформенной орфографии, сопоставлены с их версиями в современной орфографии.
    </note>
   </notesStmt>
   <sourceDesc>
    <biblStruct>
     <analytic>
      <author>
       Толстой Лев Николаевич
      </author>
     </analytic>
     <monogr>
      <title level="m">
       Полное собрание сочинений. Том 82
      </title>
      <imprint>
       <pubPlace>
        Москва
       </pubPlace>
       <publisher>
        Государственное издательство «Художественная литература»
       </publisher>
       <date when="1956"/>
      </imprint>
      <biblScope unit="vol">
       82
      </biblScope>
      <biblScope unit="page">
       12-13
      </biblScope>
     </monogr>
     <series>
      <title level="s">
       Л. Н. Толстой. Полное собрание сочинений: в 90 тт.
      </title>
     </series>
    </biblStruct>
    <bibl>
     Публикуется впервые
    </bibl>
   </sourceDesc>
  </fileDesc>
  <encodingDesc>
   <classDecl>
    <xi:include href="../../reference/taxonomy.xml"/>
   </classDecl>
  </encodingDesc>
  <profileDesc>
   <correspDesc>
    <correspAction type="sending">
     <persName ref="13883">
      Л. Н. Толстой
     </persName>
     <placeName>
      Ясная Поляна
     </placeName>
     <date when="1910-05-01"/>
    </correspAction>
    <correspAction type="receiving">
     <persName ref="13815">
      Толстая Александра Львовна
     </persName>
    </correspAction>
   </correspDesc>
   <langUsage>
    <language ident="ru"/>
   </langUsage>
   <textClass>
    <catRef ana="#tolstoy_heritage" target="library"/>
    <catRef ana="#letters" target="type"/>
    <catRef ana="#sent" target="sent"/>
   </textClass>
  </profileDesc>
 </teiHeader>
 <xenoData>
  <number type="in a volume">
   2
  </number>
 </xenoData>
 <text xml:id="A.L.Tolstoj_2" xmlns="http://www.tei-c.org/ns/1.0" xmlns:xi="http://www.w3.org/2001/XInclude">
  <body>
   <div>
    <pb n="12"/>
    <opener index="false">
     * 2. A. Л. Толстой.1910 г. Мая 1. Я. П.
    </opener>
    <p id="13bef870-d9cb-48d9-b769-322c7d3f40cc">
     Нынче получил твое письмо.
     <ref target="#note1">
      1
     </ref>
     <note index="false" resp="volume_editor" xml:id="note1">
      Письмо
      <name placement="note" ref="13815" type="person">
       Александры Львовны Толстой
      </name>
      из Крыма, где она лечилась.
     </note>
     И за то спасибо, милый дружок, и письмо Вари Ольге.
     <ref target="#note2">
      2
     </ref>
     <note index="false" resp="volume_editor" xml:id="note2">
      Письмо В. М. Феокритовой к О. К. Толстой.
     </note>
     Я ее очень благодарю и за письмо и за заботу о тебе. Жалко мне очень, что ты поддаешься докторам. Ничего они не знают и не могут. Климат, здоровье, покойный образ жизни — да, а остальное всё вздор и расслабление духовное. От Тани вчера было письмо пригласительное.
     <ref target="#note3">
      3
     </ref>
     <note index="false" resp="volume_editor" xml:id="note3">
      Письмо T. Л. Сухотиной, приглашавшей Толстого к себе в имение Кочеты Мценского уезда Орловской губ.
     </note>
     Нынче я встретил мама,
     <ref target="#note4">
      4
     </ref>
     <note index="false" resp="volume_editor" xml:id="note4">
      С. А. Толстая возвратилась из Москвы.
     </note>
     объявил ей, что хочу ехать и встретил мало препятствий и собрался, уложил и, если буду жив, завтра утром поеду с
     <choice original_editorial_correction="Душ[аном]">
      <sic>
       Душ
      </sic>
      <corr>
       Душаном
      </corr>
     </choice>
     и Булгаковым. Мама хочет приехать во вторник 4-го. Всё у меня хорошо. Ольга нынче уехала с детьми.
     <ref target="#note5">
      5
     </ref>
     <note index="false" resp="volume_editor" xml:id="note5">
      <name placement="note" ref="13838" type="person">
       Ольга Константиновна Толстая
      </name>
      (1872—1951) с дочерью
      <name placement="note" ref="13844" type="person">
       Софьей Андреевной
      </name>
      (р. 1900) и сыном
      <name placement="note" ref="13877" type="person">
       Ильей Андреевичем
      </name>
      (р. 1903) Толстыми.
     </note>
     Пиши к Тане. Хотя и много вижу здесь приятных людей, в Кочетах, думаю, будет покойнее.
    </p>
    <p id="2fcfb078-e2d2-41c2-9441-4ca36f3b6b31" rend="right">
     Л. Т.
    </p>
    <noteGrp type="comments">
     <note index="false" type="comments">
      <p id="a9c29708-c19d-4911-be2e-8c8b16e0d403" rend="Textpetit_otstup left">
       Печатается по копии из АЧ.
      </p>
     </note>
    </noteGrp>
   </div>
  </body>
 </text>
</TEI>
