<?xml version="1.0" encoding="utf-8"?>
<TEI xmlns="http://www.tei-c.org/ns/1.0" xmlns:xi="http://www.w3.org/2001/XInclude">
 <teiHeader>
  <fileDesc>
   <titleStmt>
    <title xml:id="v82_289_A_L_Tolstoj">
     Письма и документы. Tolstoy Digital
    </title>
    <title type="main">
     Письмо А. Л. Толстой от 28 октября 1910 г.
    </title>
    <title type="bibl">
     Толстой Л. Н. Письмо А. Л. Толстой, 28 октября 1910 г. // Толстой Л. Н. Полное собрание сочинений: в 90 тт. Т. 82. М.: Гос. изд. «Художественная литература», 1956. С.
    </title>
    <respStmt>
     <resp>
      Идея, постановка задач, руководство:
     </resp>
     <name>
      Анастасия Бонч-Осмоловская, Фёкла Толстая, Борис Орехов, Тимофей Лукашевский
     </name>
    </respStmt>
    <respStmt>
     <resp>
      Подготовка TEI/XML:
     </resp>
     <name>
      Евгений Можаев, Даниил Скоринкин, Ирина Павлова, Матвей Колбасов, Елена Сидорова, Кирилл Милинцевич, Лев Буланов, Макар Федоров, Константин Петров
     </name>
    </respStmt>
    <respStmt>
     <resp>
      Подготовка метаданных:
     </resp>
     <name>
      Мария Картышева, Вероника Файнберг
     </name>
    </respStmt>
    <respStmt>
     <resp>
      Разметка имен собственных:
     </resp>
     <name>
      Никита Северин, Елена Северина
     </name>
    </respStmt>
    <respStmt>
     <resp>
      Исправление древнегреческого текста:
     </resp>
     <name>
      Ольга Алиева
     </name>
    </respStmt>
    <funder>
     Проект «Слово Толстого»
    </funder>
   </titleStmt>
   <publicationStmt>
    <publisher>
     <orgName>
      Tolstoy Digital, DH CLOUD, Научно-образовательный союз «Родное Слово» проект «Слово Толстого»
     </orgName>
    </publisher>
    <availability>
     <p id="a2450f32-0aa7-4e19-a401-0df30115c38b">
      Тексты и метатекстовая разметка доступны для свободного использования и распространения по лицензии Creative Commons Attribution Share-Alike (cc by-sa)
     </p>
    </availability>
    <date from="2015" to="2022"/>
   </publicationStmt>
   <notesStmt>
    <note>
     Публикуемые документы был получены с сайта tolstoy.ru в формате html, переведены в формат TEI. Исправлены некоторые ошибки распознавания. Тексты, написанные в дореформенной орфографии, сопоставлены с их версиями в современной орфографии.
    </note>
   </notesStmt>
   <sourceDesc>
    <biblStruct>
     <analytic>
      <author>
       Толстой Лев Николаевич
      </author>
     </analytic>
     <monogr>
      <title level="m">
       Полное собрание сочинений. Том 82
      </title>
      <imprint>
       <pubPlace>
        Москва
       </pubPlace>
       <publisher>
        Государственное издательство «Художественная литература»
       </publisher>
       <date when="1956"/>
      </imprint>
      <biblScope unit="vol">
       82
      </biblScope>
      <biblScope unit="page">
       215-216
      </biblScope>
     </monogr>
     <series>
      <title level="s">
       Л. Н. Толстой. Полное собрание сочинений: в 90 тт.
      </title>
     </series>
    </biblStruct>
    <bibl/>
   </sourceDesc>
  </fileDesc>
  <encodingDesc>
   <classDecl>
    <xi:include href="../../reference/taxonomy.xml"/>
   </classDecl>
  </encodingDesc>
  <profileDesc>
   <correspDesc>
    <correspAction type="sending">
     <persName ref="13883">
      Л. Н. Толстой
     </persName>
     <placeName>
      Козельск
     </placeName>
     <date when="1910-10-28"/>
    </correspAction>
    <correspAction type="receiving">
     <persName ref="13815">
      Толстая Александра Львовна
     </persName>
    </correspAction>
   </correspDesc>
   <langUsage>
    <language ident="ru"/>
   </langUsage>
   <textClass>
    <catRef ana="#tolstoy_heritage" target="library"/>
    <catRef ana="#letters" target="type"/>
    <catRef ana="#sent" target="sent"/>
   </textClass>
  </profileDesc>
 </teiHeader>
 <xenoData>
  <number type="in a volume">
   289
  </number>
 </xenoData>
 <text xml:id="A.L.Tolstoj_289" xmlns="http://www.tei-c.org/ns/1.0" xmlns:xi="http://www.w3.org/2001/XInclude">
  <body>
   <div>
    <pb n="215"/>
    <opener index="false">
     289. A. Л. Толстой.1910 г. Октября 28. 7 ч. 53 м. вечера. Козельск.
    </opener>
    <p id="4e3afac8-d3c5-436f-9846-bc11aa819619" rend="right">
     28-го 7 ч. 53 м. пополудни.
    </p>
    <p id="7e3f86a6-c740-4a9d-8db6-531c1a78a2b9" rend="right">
     В Ясенки из Козельска.
    </p>
    <p id="8d852afb-e1be-4cfb-aa6c-cde655eef7af">
     Ночуем Оптиной. Завтра Шамордино.
     <ref target="#note1">
      1
     </ref>
     <note index="false" resp="volume_editor" xml:id="note1">
      См. прим. 5 к письму № 291.
     </note>
     Адрес Подборки. Здоров.
    </p>
    <p id="af964c53-4924-43b8-bf06-2c93e809b780" rend="right">
     Николаев.
     <ref target="#note2">
      2
     </ref>
     <note index="false" resp="volume_editor" xml:id="note2">
      Условные фамилии, придуманные Толстым: для себя — Т. Николаев, для А. Л. Толстой — Фролова, для В. Г. Черткова — Семенов.
     </note>
    </p>
    <p id="ab01a221-4033-486e-be0d-b823f4b83602">
     Адрес:Ясенки
    </p>
    <p id="6cad119b-4295-4b15-b5eb-de97ebd14de4">
     Черткову
    </p>
    <p id="0467db50-262d-440f-b126-4d636976712e">
     Саше
    </p>
    <noteGrp type="comments">
     <note index="false" type="comments">
      <p id="63636935-f83f-495b-90b1-4e9026f373a0" rend="Textpetit_otstup left">
       Телеграмма печатается по копии. Впервые опубликовано в сборнике ТПТ, стр. 139. Телеграмма отправлена в дополнение к письму к А. Л. Толстой (см. № 287).
      </p>
     </note>
    </noteGrp>
   </div>
  </body>
 </text>
</TEI>
