<?xml version="1.0" encoding="utf-8"?>
<TEI xmlns="http://www.tei-c.org/ns/1.0" xmlns:xi="http://www.w3.org/2001/XInclude">
 <teiHeader>
  <fileDesc>
   <titleStmt>
    <title xml:id="v82_086_S_F_Popovu">
     Письма и документы. Tolstoy Digital
    </title>
    <title type="main">
     Письмо С. Ф. Попову от 12 июля 1910 г.
    </title>
    <title type="bibl">
     Толстой Л. Н. Письмо С. Ф. Попову, 12 июля 1910 г. // Толстой Л. Н. Полное собрание сочинений: в 90 тт. Т. 82. М.: Гос. изд. «Художественная литература», 1956. С.
    </title>
    <respStmt>
     <resp>
      Идея, постановка задач, руководство:
     </resp>
     <name>
      Анастасия Бонч-Осмоловская, Фёкла Толстая, Борис Орехов, Тимофей Лукашевский
     </name>
    </respStmt>
    <respStmt>
     <resp>
      Подготовка TEI/XML:
     </resp>
     <name>
      Евгений Можаев, Даниил Скоринкин, Ирина Павлова, Матвей Колбасов, Елена Сидорова, Кирилл Милинцевич, Лев Буланов, Макар Федоров, Константин Петров
     </name>
    </respStmt>
    <respStmt>
     <resp>
      Подготовка метаданных:
     </resp>
     <name>
      Мария Картышева, Вероника Файнберг
     </name>
    </respStmt>
    <respStmt>
     <resp>
      Разметка имен собственных:
     </resp>
     <name>
      Никита Северин, Елена Северина
     </name>
    </respStmt>
    <respStmt>
     <resp>
      Исправление древнегреческого текста:
     </resp>
     <name>
      Ольга Алиева
     </name>
    </respStmt>
    <funder>
     Проект «Слово Толстого»
    </funder>
   </titleStmt>
   <publicationStmt>
    <publisher>
     <orgName>
      Tolstoy Digital, DH CLOUD, Научно-образовательный союз «Родное Слово» проект «Слово Толстого»
     </orgName>
    </publisher>
    <availability>
     <p id="6d92a713-ac7f-4a85-9d5f-d09bb11dae8c">
      Тексты и метатекстовая разметка доступны для свободного использования и распространения по лицензии Creative Commons Attribution Share-Alike (cc by-sa)
     </p>
    </availability>
    <date from="2015" to="2022"/>
   </publicationStmt>
   <notesStmt>
    <note>
     Публикуемые документы был получены с сайта tolstoy.ru в формате html, переведены в формат TEI. Исправлены некоторые ошибки распознавания. Тексты, написанные в дореформенной орфографии, сопоставлены с их версиями в современной орфографии.
    </note>
   </notesStmt>
   <sourceDesc>
    <biblStruct>
     <analytic>
      <author>
       Толстой Лев Николаевич
      </author>
     </analytic>
     <monogr>
      <title level="m">
       Полное собрание сочинений. Том 82
      </title>
      <imprint>
       <pubPlace>
        Москва
       </pubPlace>
       <publisher>
        Государственное издательство «Художественная литература»
       </publisher>
       <date when="1956"/>
      </imprint>
      <biblScope unit="vol">
       82
      </biblScope>
      <biblScope unit="page">
       72-72
      </biblScope>
     </monogr>
     <series>
      <title level="s">
       Л. Н. Толстой. Полное собрание сочинений: в 90 тт.
      </title>
     </series>
    </biblStruct>
    <bibl>
     Публикуется впервые
    </bibl>
   </sourceDesc>
  </fileDesc>
  <encodingDesc>
   <classDecl>
    <xi:include href="../../reference/taxonomy.xml"/>
   </classDecl>
  </encodingDesc>
  <profileDesc>
   <correspDesc>
    <correspAction type="sending">
     <persName ref="13883">
      Л. Н. Толстой
     </persName>
     <placeName>
      Ясная Поляна
     </placeName>
     <date when="1910-07-12"/>
    </correspAction>
    <correspAction type="receiving">
     <persName ref="11115">
      Попов Сергей Федорович
     </persName>
    </correspAction>
   </correspDesc>
   <langUsage>
    <language ident="ru"/>
   </langUsage>
   <textClass>
    <catRef ana="#tolstoy_heritage" target="library"/>
    <catRef ana="#letters" target="type"/>
    <catRef ana="#sent" target="sent"/>
   </textClass>
  </profileDesc>
 </teiHeader>
 <xenoData>
  <number type="in a volume">
   86
  </number>
 </xenoData>
 <text xml:id="S.F.Popovu_86" xmlns="http://www.tei-c.org/ns/1.0" xmlns:xi="http://www.w3.org/2001/XInclude">
  <body>
   <div>
    <pb n="72"/>
    <opener index="false">
     * 86.
     <name placement="text" ref="11115" type="person">
      С. Ф. Попову
     </name>
     .1910 г. Июля 12. Я. П.
    </opener>
    <p id="128b7df2-871b-4c34-a7d3-50ff062464a5" rend="right">
     12 июля 10 г. Ясная Поляна.
    </p>
    <p id="ac7e60da-667c-40a8-86e4-7acd03ad0b76">
     То, что вы были арестованы и просидели так долго в тюрьме, было для меня грустной новостью. Напишите, пожалуйста, о том, как вы провели время в тюрьме — ваше душевное состояние и пришлите, пожалуйста, протокол.
    </p>
    <p id="2518fde9-c315-4d48-8445-b24a308c370c">
     Очень желаю в чем могу братски служить вам. О себе могу написать только то, что хотя и плохо и медленно, но стараюсь подвигаться к той единой цели всех людей: к исправлению своих грехов и к исполнению заповеди Христа любви к богу и ближнему.
    </p>
    <p id="54b8a7ca-ffdb-4648-99ca-e01ccdb71b28">
     Посылаю вам «Предисловие» к книге, которая выходит и которую пришлю вам.
     <ref target="#note1">
      1
     </ref>
     <note index="false" resp="volume_editor" xml:id="note1">
      Предисловие к книге «Путь жизни» 1910 г.
     </note>
     В предисловии этом я стараюсь изложить свое понимание жизни.
    </p>
    <p id="016b9821-7831-4d70-881b-3e780dadaf63" rend="right">
     Любящий вас брат.
    </p>
    <noteGrp type="comments">
     <note index="false" type="comments">
      <p id="3c6e7ad9-dedc-4028-b1ab-68c295a254d7" rend="Textpetit_otstup left">
       Печатается по копии, сверенной с черновиком-автографом, написанным карандашом на двух страницах почтовой бумаги. Па конверте Толстой пометил: Сделать всё, о чем просит, и известить
       <choice original_editorial_correction="Ч[ерткова]">
        <sic>
         Ч
        </sic>
        <corr>
         Черткова
        </corr>
       </choice>
       .
      </p>
     </note>
     <note index="false" type="comments">
      <p id="feeff987-e65d-47d2-a95d-42c3e68ada4a" rend="petit">
       <name placement="comments" ref="11115" type="person">
        Сергей Федорович Попов
       </name>
       — знакомый Толстого крестьянин Козловского уезда Тамбовской губ. (с. Пыльно-Лапино), писал Толстому о том, что был арестован козловскими жандармами, теперь освобожден.
      </p>
     </note>
    </noteGrp>
   </div>
  </body>
 </text>
</TEI>
