<?xml version="1.0" encoding="utf-8"?>
<TEI xmlns="http://www.tei-c.org/ns/1.0" xmlns:xi="http://www.w3.org/2001/XInclude">
 <teiHeader>
  <fileDesc>
   <titleStmt>
    <title xml:id="v82_191_D_VitaliGiulioVitali">
     Письма и документы. Tolstoy Digital
    </title>
    <title type="main">
     Письмо Д. Витали (Giulio Vitali) от 12 сентября 1910 г.
    </title>
    <title type="bibl">
     Толстой Л. Н. Письмо Д. Витали (Giulio Vitali), 12 сентября 1910 г. // Толстой Л. Н. Полное собрание сочинений: в 90 тт. Т. 82. М.: Гос. изд. «Художественная литература», 1956. С.
    </title>
    <respStmt>
     <resp>
      Идея, постановка задач, руководство:
     </resp>
     <name>
      Анастасия Бонч-Осмоловская, Фёкла Толстая, Борис Орехов, Тимофей Лукашевский
     </name>
    </respStmt>
    <respStmt>
     <resp>
      Подготовка TEI/XML:
     </resp>
     <name>
      Евгений Можаев, Даниил Скоринкин, Ирина Павлова, Матвей Колбасов, Елена Сидорова, Кирилл Милинцевич, Лев Буланов, Макар Федоров, Константин Петров
     </name>
    </respStmt>
    <respStmt>
     <resp>
      Подготовка метаданных:
     </resp>
     <name>
      Мария Картышева, Вероника Файнберг
     </name>
    </respStmt>
    <respStmt>
     <resp>
      Разметка имен собственных:
     </resp>
     <name>
      Никита Северин, Елена Северина
     </name>
    </respStmt>
    <respStmt>
     <resp>
      Исправление древнегреческого текста:
     </resp>
     <name>
      Ольга Алиева
     </name>
    </respStmt>
    <funder>
     Проект «Слово Толстого»
    </funder>
   </titleStmt>
   <publicationStmt>
    <publisher>
     <orgName>
      Tolstoy Digital, DH CLOUD, Научно-образовательный союз «Родное Слово» проект «Слово Толстого»
     </orgName>
    </publisher>
    <availability>
     <p id="a1574841-5753-44bb-a4fa-322f811bca5c">
      Тексты и метатекстовая разметка доступны для свободного использования и распространения по лицензии Creative Commons Attribution Share-Alike (cc by-sa)
     </p>
    </availability>
    <date from="2015" to="2022"/>
   </publicationStmt>
   <notesStmt>
    <note>
     Публикуемые документы был получены с сайта tolstoy.ru в формате html, переведены в формат TEI. Исправлены некоторые ошибки распознавания. Тексты, написанные в дореформенной орфографии, сопоставлены с их версиями в современной орфографии.
    </note>
   </notesStmt>
   <sourceDesc>
    <biblStruct>
     <analytic>
      <author>
       Толстой Лев Николаевич
      </author>
     </analytic>
     <monogr>
      <title level="m">
       Полное собрание сочинений. Том 82
      </title>
      <imprint>
       <pubPlace>
        Москва
       </pubPlace>
       <publisher>
        Государственное издательство «Художественная литература»
       </publisher>
       <date when="1956"/>
      </imprint>
      <biblScope unit="vol">
       82
      </biblScope>
      <biblScope unit="page">
       148-149
      </biblScope>
     </monogr>
     <series>
      <title level="s">
       Л. Н. Толстой. Полное собрание сочинений: в 90 тт.
      </title>
     </series>
    </biblStruct>
    <bibl/>
   </sourceDesc>
  </fileDesc>
  <encodingDesc>
   <classDecl>
    <xi:include href="../../reference/taxonomy.xml"/>
   </classDecl>
  </encodingDesc>
  <profileDesc>
   <correspDesc>
    <correspAction type="sending">
     <persName ref="13883">
      Л. Н. Толстой
     </persName>
     <placeName>
      Кочеты
     </placeName>
     <date when="1910-09-12"/>
    </correspAction>
    <correspAction type="receiving">
     <persName ref="2628">
      Витали Джулио (Giulio Vitali)
     </persName>
    </correspAction>
   </correspDesc>
   <langUsage>
    <language ident="ru"/>
   </langUsage>
   <textClass>
    <catRef ana="#tolstoy_heritage" target="library"/>
    <catRef ana="#letters" target="type"/>
    <catRef ana="#sent" target="sent"/>
   </textClass>
  </profileDesc>
 </teiHeader>
 <xenoData>
  <number type="in a volume">
   191
  </number>
 </xenoData>
 <text xml:id="D.VitaliGiulioVitali_191" xmlns="http://www.tei-c.org/ns/1.0" xmlns:xi="http://www.w3.org/2001/XInclude">
  <body>
   <div>
    <pb n="148"/>
    <opener index="false">
     191.
     <name placement="text" ref="2628" type="person">
      Д. Витали (Giulio Vitali)
     </name>
     .1910г. Сентября 12. Кочеты.
    </opener>
    <p id="55876209-0810-4b02-9783-53d4e8cb43de" rend="Obrashenie">
     Monsieur,
    </p>
    <p id="d6a56347-d677-4815-8faa-85f92f0ff022">
     Le docteur Makovizky m’a communiqué votre lettre au sujet du livre que vous écrivez. Je trouve que les exposés des articles du 1-er au 6-ème rendent avec toute la clarté désirable ma manière d’envisager les questions réligieuses et morales. Je crois seulement que l’article 7 sur l’amour sexuel n’est pas au niveau de l’importance des articles précédents.
    </p>
    <p id="b593a126-724a-4f2b-9157-a4dc69b18567">
     Recevez je vous prie, Monsieur, l’assurance de ma sympathie et de ma réconnaissance pour les bons sentiments que vous manifestez dans votre lettre à mon égard.
    </p>
    <p id="bc3ebfde-7a73-489f-ab4e-8868ac5b27c4" rend="right">
     Léon Tolstoy.
    </p>
    <p id="3ea8e57b-a6c3-4a54-b565-cd7b47cf5064">
     12/25 sept. 1910.
    </p>
    <p id="75fb2119-9ed5-4cb4-a37d-e8a7a5fcbf17">
     Kocety.
    </p>
    <lb/>
    <p id="43219cf3-4963-46b8-a22a-4ea24e6b9d1a" rend="Obrashenie petit">
     Милостивый государь,
    </p>
    <p id="bc6ebc78-03cf-444c-8069-684b6f2bcf9e" rend="petit">
     Доктор Маковицкий передал мне содержание вашего письма по поводу книги, о которой вы пишете. Я нахожу, что изложение пунктов от 1-го до 6-го передает со всей желательной ясностью мое отношение к вопросам религиозным и нравственным. Мне только кажется,
     <hi style="opdelimiter">
      что
     </hi>
     <pb n="149"/>
     <hi style="npdelimiter">
      7-й
     </hi>
     пункт, о половой любви, уступает по своей значительности предыдущим.
    </p>
    <p id="5806e418-6946-43cc-8a67-183d7fcbe4c7" rend="petit">
     Примите, м. г., уверение в моей симпатии и благодарности за те добрые чувства, которые вы мне выражаете.
    </p>
    <p id="c6a9b777-5bc5-403c-9aad-74f658641721" rend="petit right">
     <name placement="text" ref="13883" type="person">
      Л. Толстой
     </name>
     .
    </p>
    <p id="ea97fc44-483e-4335-8381-b1db475b476d">
     12/25 сент. 1910.
    </p>
    <p id="11350369-e5e6-46b4-8fbd-f21b6d665aa9">
     Кочеты.
    </p>
    <noteGrp type="comments">
     <note index="false" type="comments">
      <p id="46647147-f07a-43e9-a036-a9f5b69b3241" rend="Textpetit_otstup left">
       Печатается по фотокопии с подлинника-автографа, опубликованного Витали в его книге: «Leone Tolstoi. Contrata bifrliografia e lettere autografe», Roma, Libreria Editrice Romana 1911, стр. XVII. Кроме того, сохранился черновик-автограф, написанный на одной странице бумаги.
      </p>
     </note>
     <note index="false" type="comments">
      <p id="e8fc8eed-83d3-400b-b9bc-4b43511bc07a" rend="petit">
       <name placement="comments" ref="2628" type="person">
        Джулио Витали
       </name>
       — итальянский писатель, автор вышеупомянутой биографии и других статей о Толстом. Письмо Толстого вызвано письмом Витали к Д. П. Маковицкому от 13 сентября нов. ст. 1910 г., в котором он советовался относительно своей работы. Д. П. Маковицкий в ЯЗ 12 сентября 1910 г. записал: «Я получил письмо — ответ от Джулио, в Италии, из Рима. Пишет о своей книге о Толстом. Лев Николаевич говорил с восторгом о его письме: «Описывает содержание моих взглядов, религиозных, прекрасно».
      </p>
     </note>
     <note index="false" type="comments">
      <p id="5a293778-35ac-4053-8bd1-758670d5ed4a" rend="petit">
       Сохранилось письмо Витали к Толстому от 27 июня нов. ст. 1910 г. на французском языке, в котором он писал, что занят составлением книги о Толстом, заказанной ему издательством, так как, хотя Толстой и очень популярен в Италии, но его знают недостаточно глубоко. Он просил в своем письме прислать хронологический список всех произведений Толстого. Судя по приведенной выше записи в ЯЗ, на письмо Витали отвечал Д. П. Маковицкий. В сентябре Д. П. Маковицкий получил новое письмо Витали от 13 сентября нов. ст., где он излагал в семи пунктах мировоззрение Толстого. Толстой решил сам ответить на это письмо Витали к Маковицкому. Кроме Толстого, Витали ответил и Д. П. Маковицкий 12 октября. Его ответ опубликован в вышеупомянутой книге Витали на стр. IX. См. запись Толстого в Дневнике 1910 г.: «Очень хорошее [письмо] от итальянца в Риме о моем мировоззрении» (т. 58, стр. 101).
      </p>
     </note>
    </noteGrp>
   </div>
  </body>
 </text>
</TEI>
