<?xml version="1.0" encoding="utf-8"?>
<TEI xmlns="http://www.tei-c.org/ns/1.0" xmlns:xi="http://www.w3.org/2001/XInclude">
 <teiHeader>
  <fileDesc>
   <titleStmt>
    <title xml:id="v82_301_E_MooduAylmerMaude">
     Письма и документы. Tolstoy Digital
    </title>
    <title type="main">
     Письмо Э. Мооду (Aylmer Maude от 3 ноября 1910 г.
    </title>
    <title type="bibl">
     Толстой Л. Н. Письмо Э. Мооду (Aylmer Maude, 3 ноября 1910 г. // Толстой Л. Н. Полное собрание сочинений: в 90 тт. Т. 82. М.: Гос. изд. «Художественная литература», 1956. С.
    </title>
    <respStmt>
     <resp>
      Идея, постановка задач, руководство:
     </resp>
     <name>
      Анастасия Бонч-Осмоловская, Фёкла Толстая, Борис Орехов, Тимофей Лукашевский
     </name>
    </respStmt>
    <respStmt>
     <resp>
      Подготовка TEI/XML:
     </resp>
     <name>
      Евгений Можаев, Даниил Скоринкин, Ирина Павлова, Матвей Колбасов, Елена Сидорова, Кирилл Милинцевич, Лев Буланов, Макар Федоров, Константин Петров
     </name>
    </respStmt>
    <respStmt>
     <resp>
      Подготовка метаданных:
     </resp>
     <name>
      Мария Картышева, Вероника Файнберг
     </name>
    </respStmt>
    <respStmt>
     <resp>
      Разметка имен собственных:
     </resp>
     <name>
      Никита Северин, Елена Северина
     </name>
    </respStmt>
    <respStmt>
     <resp>
      Исправление древнегреческого текста:
     </resp>
     <name>
      Ольга Алиева
     </name>
    </respStmt>
    <funder>
     Проект «Слово Толстого»
    </funder>
   </titleStmt>
   <publicationStmt>
    <publisher>
     <orgName>
      Tolstoy Digital, DH CLOUD, Научно-образовательный союз «Родное Слово» проект «Слово Толстого»
     </orgName>
    </publisher>
    <availability>
     <p id="f973232d-6a92-4f62-b018-6018389108af">
      Тексты и метатекстовая разметка доступны для свободного использования и распространения по лицензии Creative Commons Attribution Share-Alike (cc by-sa)
     </p>
    </availability>
    <date from="2015" to="2022"/>
   </publicationStmt>
   <notesStmt>
    <note>
     Публикуемые документы был получены с сайта tolstoy.ru в формате html, переведены в формат TEI. Исправлены некоторые ошибки распознавания. Тексты, написанные в дореформенной орфографии, сопоставлены с их версиями в современной орфографии.
    </note>
   </notesStmt>
   <sourceDesc>
    <biblStruct>
     <analytic>
      <author>
       Толстой Лев Николаевич
      </author>
     </analytic>
     <monogr>
      <title level="m">
       Полное собрание сочинений. Том 82
      </title>
      <imprint>
       <pubPlace>
        Москва
       </pubPlace>
       <publisher>
        Государственное издательство «Художественная литература»
       </publisher>
       <date when="1956"/>
      </imprint>
      <biblScope unit="vol">
       82
      </biblScope>
      <biblScope unit="page">
       223-224
      </biblScope>
     </monogr>
     <series>
      <title level="s">
       Л. Н. Толстой. Полное собрание сочинений: в 90 тт.
      </title>
     </series>
    </biblStruct>
    <bibl/>
   </sourceDesc>
  </fileDesc>
  <encodingDesc>
   <classDecl>
    <xi:include href="../../reference/taxonomy.xml"/>
   </classDecl>
  </encodingDesc>
  <profileDesc>
   <correspDesc>
    <correspAction type="sending">
     <persName ref="13883">
      Л. Н. Толстой
     </persName>
     <placeName>
      Астапово
     </placeName>
     <date when="1910-11-03"/>
    </correspAction>
    <correspAction type="receiving">
     <persName ref="9220">
      Моод Эльмер (Алексей Францевич) (Aylmer Maude)
     </persName>
    </correspAction>
   </correspDesc>
   <langUsage>
    <language ident="ru"/>
   </langUsage>
   <textClass>
    <catRef ana="#tolstoy_heritage" target="library"/>
    <catRef ana="#letters" target="type"/>
    <catRef ana="#sent" target="sent"/>
   </textClass>
  </profileDesc>
 </teiHeader>
 <xenoData>
  <number type="in a volume">
   301
  </number>
 </xenoData>
 <text xml:id="E.MooduAylmerMaude_301" xmlns="http://www.tei-c.org/ns/1.0" xmlns:xi="http://www.w3.org/2001/XInclude">
  <body>
   <div>
    <pb n="223"/>
    <opener index="false">
     301. Эйльмеру Мооду (Aylmer Maude). Черновое.1910 г. Ноября 3. Астапово.
    </opener>
    <p id="ee0a0e2d-2b82-48e5-8502-3bd3a576341a">
     On my way to the place where I wished to be alone I was [taken ill].
    </p>
    <lb/>
    <p id="38ba6eeb-26e1-4595-896c-d7a63b56b78f">
     На пути к тому месту, где я хотел найти уединение, я
     <hi style="opdelimiter">
      [заболел].
      <ref target="#note1">
       1
      </ref>
      <note index="false" resp="volume_editor" xml:id="note1">
       Последние два слова не были продиктованы Толстым от слабости, они подсказаны Чертковым. См. там же. Это последнее письмо в жизни Толстого.
      </note>
     </hi>
    </p>
    <noteGrp type="comments">
     <note index="false" type="comments">
      <p id="851752a6-1205-4c8a-bb74-6bec09bdc694" rend="Textpetit_otstup left">
       <pb n="224"/>
       <hi style="npdelimiter">
        Печатается
       </hi>
       по записи В. Г. Черткова под диктовку Толстого, произведенной 3 ноября 1910 г. в Астапове. Впервые опубликовано В. Г. Чертковым в его воспоминаниях «О последних днях
       <name placement="comments" ref="13883" type="person">
        Л. Н. Толстого
       </name>
       », изд. Сытина, М. 1911, стр. 10.
      </p>
     </note>
     <note index="false" type="comments">
      <p id="70d40983-0bcc-416b-931a-190d85323724" rend="petit">
       Толстой еще в Ясной Поляне 24 октября получил письмо от Э. Моода из Англии, в котором Моод запрашивал о здоровье Толстого и говорил, что посылает составленную им биографию Толстого на английском языке «The Life of Tolstoy». Кроме того, Моод писал, что у него остались неизрасходованные 50 фунтов стерлингов от английского фонда «Воскресения» (фонд образовался в Англии от издания «Воскресения»), и просил разрешения прислать эти деньги Толстому для раздачи нуждающимся крестьянам.
      </p>
     </note>
     <note index="false" type="comments">
      <p id="0a21c762-21da-4266-9bb4-1af551427c3f" rend="petit">
       Толстой не сразу ответил Мооду потому, что хотел посоветоваться о деньгах Моода с В. Г. Чертковым, и, когда, уже больной, в Астапове увидал Черткова, рассказал ему об этом, но так как сам уже не мог писать от слабости, начал по-английски диктовать Черткову ответ Мооду; ослабев, прервал диктовку письма, которое так и осталось недописанным. Подробнее об этом см. воспоминания В. Г. Черткова «О последних днях
       <name placement="comments" ref="13883" type="person">
        Л. Н. Толстого
       </name>
       », стр. 10.
      </p>
     </note>
    </noteGrp>
   </div>
  </body>
 </text>
</TEI>
