<?xml version="1.0" encoding="utf-8"?>
<TEI xmlns="http://www.tei-c.org/ns/1.0" xmlns:xi="http://www.w3.org/2001/XInclude">
 <teiHeader>
  <fileDesc>
   <titleStmt>
    <title xml:id="v82_290_A_L_Tolstoj">
     Письма и документы. Tolstoy Digital
    </title>
    <title type="main">
     Письмо А. Л. Толстой от 28 октября 1910 г.
    </title>
    <title type="bibl">
     Толстой Л. Н. Письмо А. Л. Толстой, 28 октября 1910 г. // Толстой Л. Н. Полное собрание сочинений: в 90 тт. Т. 82. М.: Гос. изд. «Художественная литература», 1956. С.
    </title>
    <respStmt>
     <resp>
      Идея, постановка задач, руководство:
     </resp>
     <name>
      Анастасия Бонч-Осмоловская, Фёкла Толстая, Борис Орехов, Тимофей Лукашевский
     </name>
    </respStmt>
    <respStmt>
     <resp>
      Подготовка TEI/XML:
     </resp>
     <name>
      Евгений Можаев, Даниил Скоринкин, Ирина Павлова, Матвей Колбасов, Елена Сидорова, Кирилл Милинцевич, Лев Буланов, Макар Федоров, Константин Петров
     </name>
    </respStmt>
    <respStmt>
     <resp>
      Подготовка метаданных:
     </resp>
     <name>
      Мария Картышева, Вероника Файнберг
     </name>
    </respStmt>
    <respStmt>
     <resp>
      Разметка имен собственных:
     </resp>
     <name>
      Никита Северин, Елена Северина
     </name>
    </respStmt>
    <respStmt>
     <resp>
      Исправление древнегреческого текста:
     </resp>
     <name>
      Ольга Алиева
     </name>
    </respStmt>
    <funder>
     Проект «Слово Толстого»
    </funder>
   </titleStmt>
   <publicationStmt>
    <publisher>
     <orgName>
      Tolstoy Digital, DH CLOUD, Научно-образовательный союз «Родное Слово» проект «Слово Толстого»
     </orgName>
    </publisher>
    <availability>
     <p id="ab311d75-7d6c-41a9-afb9-c990e566b859">
      Тексты и метатекстовая разметка доступны для свободного использования и распространения по лицензии Creative Commons Attribution Share-Alike (cc by-sa)
     </p>
    </availability>
    <date from="2015" to="2022"/>
   </publicationStmt>
   <notesStmt>
    <note>
     Публикуемые документы был получены с сайта tolstoy.ru в формате html, переведены в формат TEI. Исправлены некоторые ошибки распознавания. Тексты, написанные в дореформенной орфографии, сопоставлены с их версиями в современной орфографии.
    </note>
   </notesStmt>
   <sourceDesc>
    <biblStruct>
     <analytic>
      <author>
       Толстой Лев Николаевич
      </author>
     </analytic>
     <monogr>
      <title level="m">
       Полное собрание сочинений. Том 82
      </title>
      <imprint>
       <pubPlace>
        Москва
       </pubPlace>
       <publisher>
        Государственное издательство «Художественная литература»
       </publisher>
       <date when="1956"/>
      </imprint>
      <biblScope unit="vol">
       82
      </biblScope>
      <biblScope unit="page">
       216-218
      </biblScope>
     </monogr>
     <series>
      <title level="s">
       Л. Н. Толстой. Полное собрание сочинений: в 90 тт.
      </title>
     </series>
    </biblStruct>
    <bibl/>
   </sourceDesc>
  </fileDesc>
  <encodingDesc>
   <classDecl>
    <xi:include href="../../reference/taxonomy.xml"/>
   </classDecl>
  </encodingDesc>
  <profileDesc>
   <correspDesc>
    <correspAction type="sending">
     <persName ref="13883">
      Л. Н. Толстой
     </persName>
     <placeName>
      Козельск
     </placeName>
     <date when="1910-10-28"/>
    </correspAction>
    <correspAction type="receiving">
     <persName ref="13815">
      Толстая Александра Львовна
     </persName>
    </correspAction>
   </correspDesc>
   <langUsage>
    <language ident="ru"/>
   </langUsage>
   <textClass>
    <catRef ana="#tolstoy_heritage" target="library"/>
    <catRef ana="#letters" target="type"/>
    <catRef ana="#sent" target="sent"/>
   </textClass>
  </profileDesc>
 </teiHeader>
 <xenoData>
  <number type="in a volume">
   290
  </number>
 </xenoData>
 <text xml:id="A.L.Tolstoj_290" xmlns="http://www.tei-c.org/ns/1.0" xmlns:xi="http://www.w3.org/2001/XInclude">
  <body>
   <div>
    <pb n="216"/>
    <opener index="false">
     290. А. Л. Толстой.1910 г. Октября 28. 7 ч. 30 м. вечера. Козельск.
    </opener>
    <p id="fd923046-e815-4445-b75b-7362c3da1d98" rend="right">
     28 октября 1910 г.
    </p>
    <p id="8fcfa6e9-90cb-4126-96b1-6ff803f13044" rend="right">
     Ст. Козельск.
    </p>
    <p id="647ba853-4359-45cf-a745-b7cbc66f86f6">
     Доехали, голубчик Саша, благополучно. Ах, если бы только у вас бы не было не очень неблагополучно. Теперь половина восьмого. Переночуем
     <ref target="#note1">
      1
     </ref>
     <note index="false" resp="volume_editor" xml:id="note1">
      В Оптиной пустыни.
     </note>
     и завтра поедем, если будем живы, в Шамардино.
     <ref target="#note2">
      2
     </ref>
     <note index="false" resp="volume_editor" xml:id="note2">
      Шамординский женский монастырь, где жила сестра Толстого, монахиня Мария Николаевна Толстая (
      <ref target="file:///Volume_82_M.N.TolstojiE.V.Obolenskoj_297.xml">
       см. письмо № 297
      </ref>
      ).
     </note>
     Стараюсь быть
     <ref target="#note3">
      3
     </ref>
     <note index="false" resp="volume_editor" xml:id="note3">
      <hi>
       В опубликованном тексте:
      </hi>
      спокоен
     </note>
     спокойным и должен признаться, что испытываю то же беспокойство, какое и всегда, ожидая всего тяжелого, но не испытываю того стыда, той неловкости, той несвободы, которую испытывал всегда дома. Пришлось от Горбачева
     <ref target="#note4">
      4
     </ref>
     <note index="false" resp="volume_editor" xml:id="note4">
      Горбачево — узловая станция Московско-Курской и Рязано-Уральской ж. д.
     </note>
     ехать в 3-м классе, было неудобно, но очень душевно приятно и поучительно.
     <ref target="#note5">
      5
     </ref>
     <note index="false" resp="volume_editor" xml:id="note5">
      <hi>
       В опубликованном тексте:
      </hi>
      Ел
     </note>
     Ели хорошо и на дороге и в Белеве,
     <ref target="#note6">
      6
     </ref>
     <note index="false" resp="volume_editor" xml:id="note6">
      Белев — железнодорожная станция в 80 км. от Горбачева.
     </note>
     сейчас будем пить чай и спать, стараться спать. Я почти не устал, даже меньше, чем обыкновенно. О тебе ничего не решаю до получения известий от тебя. Пиши в Шамардино и туда же посылай телеграммы, если будет что-нибудь экстренное. Скажи Бате,
     <ref target="#note7">
      7
     </ref>
     <note index="false" resp="volume_editor" xml:id="note7">
      В. Г. Черткову.
     </note>
     чтоб он писал и что я прочел отмеченное в его статье место, но второпях, и желал бы перечесть — пускай пришлет.
     <ref target="#note8">
      8
     </ref>
     <note index="false" resp="volume_editor" xml:id="note8">
      Повидимому, имеется в виду составленная Чертковым краткая история унитарианского движения в Англии под заглавием «Унитарианское христианство», присланная Толстому Чертковым при его письме от 25 октября 1910 г. См. т. 89.
     </note>
     Варе
     <ref target="#note9">
      9
     </ref>
     <note index="false" resp="volume_editor" xml:id="note9">
      В. М. Феокритовой.
     </note>
     скажи, что ее благодарю, как всегда, за ее любовь к тебе и прошу и надеюсь, что она будет беречь тебя и останавливать в твоих порывах. Пожалуйста, голубушка, мало слов, но кротких и твердых.
    </p>
    <p id="14d03b94-d747-4bc2-aefd-1aa0405a513f">
     Пришли мне или привези штучку для заряжения пера (чернила взяты), начатые мною книги Montaigne,
     <ref target="#note10">
      10
     </ref>
     <note index="false" resp="volume_editor" xml:id="note10">
      <hi>
       В опубликованном тексте:
      </hi>
      Монтейнь
     </note>
     Николаев,
     <ref target="#note11">
      11
     </ref>
     <note index="false" resp="volume_editor" xml:id="note11">
      В опубликованном тексте: Николаев, 2-й том,
     </note>
     2-й том Достоевского,
     <ref target="#note12">
      12
     </ref>
     <note index="false" resp="volume_editor" xml:id="note12">
      Ф. М. Достоевский, «Братья Карамзовы» — Полное собрание сочинений Ф. М. Достоевского, т. 14, Спб. 1882, типография бр. Пантелеевых. Книга находится в яснополянском кабинете на том месте, где ее читал в последний раз в Ясной Поляне Толстой.
     </note>
     Une vie.
     <ref target="#note13">
      13
     </ref>
     <note index="false" resp="volume_editor" xml:id="note13">
      «Жизнь» Мопассана. Какой именно экземпляр просил привезти Толстой, не установлено. Книги этой в яснополянской библиотеке не сохранилось.
     </note>
    </p>
    <p id="8985b37e-4c3b-4c78-8375-6747c41c4788">
     Письма все читай и пересылай нужные: Подборки,
     <ref target="#note14">
      14
     </ref>
     <note index="false" resp="volume_editor" xml:id="note14">
      Почтовое отделение Калужской губ.
     </note>
     Шамардино.
    </p>
    <p id="a820cd81-bbef-42fd-92ef-a1a5b27de4f3">
     Владимиру Григорьевичу скажи, что очень рад и очень боюсь того, что сделал. Постараюсь написать сюжеты снов и просящиеся художественные писания. От свидания с ним до времени считаю лучшим воздержаться. Он, как всегда, поймет меня.
    </p>
    <p id="58c15df6-313f-443a-935e-ac60d62b07d4">
     Прощай, голубчик, целую тебя [[4]].
    </p>
    <p id="52642db4-a38e-48c5-86f4-435ab06afbf8" rend="right">
     Л. Т.
    </p>
    <lb/>
    <p id="9f6111f3-a2af-46cd-9995-88a885616fc7">
     Еще пришли маленькие
     <ref target="#note15">
      15
     </ref>
     <note index="false" resp="volume_editor" xml:id="note15">
      <hi>
       В опубликованном тексте:
      </hi>
      ножницы
     </note>
     ножнечки, карандаши, халат.
    </p>
    <noteGrp type="comments">
     <note index="false" type="comments">
      <p id="8543b5a3-a0de-4a0f-aa51-efe66e0bab73" rend="Textpetit_otstup left">
       Печатается по копии, сверенной с первой публикацией в сборнике ТПТ, стр. 142—143. Письмо написано по приезде Толстого на
       <hi style="opdelimiter">
        ст.
       </hi>
       <pb n="217"/>
       <hi style="npdelimiter">
        Козельск
       </hi>
       Рязано-Уральской. ж, д. (линия Горбачево — Смоленск), куда Толстой прибыл по пути в Оптину пустынь 28 октября в 4 ч. 50 м. дня. Письмо было отправлено В. Г. Черткову для передачи
       <name placement="comments" ref="13815" type="person">
        Александре Львовне Толстой
       </name>
       и ею получено только в Астапове.
      </p>
     </note>
    </noteGrp>
   </div>
  </body>
 </text>
</TEI>
