<?xml version="1.0" encoding="utf-8"?>
<TEI xmlns="http://www.tei-c.org/ns/1.0" xmlns:xi="http://www.w3.org/2001/XInclude">
 <teiHeader>
  <fileDesc>
   <titleStmt>
    <title xml:id="v83_058_a14">
     Письма и документы. Tolstoy Digital
    </title>
    <title type="main">
     Письмо С.А.Толстой с 14 ноября 1866 г. по 15 ноября 1866 г.
    </title>
    <title type="bibl">
     Толстой Л. Н. Письмо С. А. Толстой, 14 ноября 1866 г. — 15 ноября 1866 г. // Толстой Л. Н. Полное собрание сочинений: в 90 тт. Т. 83. М.: Гос. изд. «Художественная литература», 1938. С.
    </title>
    <respStmt>
     <resp>
      Идея, постановка задач, руководство:
     </resp>
     <name>
      Анастасия Бонч-Осмоловская, Фёкла Толстая, Борис Орехов, Тимофей Лукашевский
     </name>
    </respStmt>
    <respStmt>
     <resp>
      Подготовка TEI/XML:
     </resp>
     <name>
      Евгений Можаев, Даниил Скоринкин, Ирина Павлова, Матвей Колбасов, Елена Сидорова, Кирилл Милинцевич, Лев Буланов, Макар Федоров, Константин Петров
     </name>
    </respStmt>
    <respStmt>
     <resp>
      Подготовка метаданных:
     </resp>
     <name>
      Мария Картышева, Вероника Файнберг
     </name>
    </respStmt>
    <respStmt>
     <resp>
      Разметка имен собственных:
     </resp>
     <name>
      Никита Северин, Елена Северина
     </name>
    </respStmt>
    <respStmt>
     <resp>
      Исправление древнегреческого текста:
     </resp>
     <name>
      Ольга Алиева
     </name>
    </respStmt>
    <funder>
     Проект «Слово Толстого»
    </funder>
   </titleStmt>
   <publicationStmt>
    <publisher>
     <orgName>
      Tolstoy Digital, DH CLOUD, Научно-образовательный союз «Родное Слово» проект «Слово Толстого»
     </orgName>
    </publisher>
    <availability>
     <p id="652f80f0-26de-4ebb-a398-6af5e943b205">
      Тексты и метатекстовая разметка доступны для свободного использования и распространения по лицензии Creative Commons Attribution Share-Alike (cc by-sa)
     </p>
    </availability>
    <date from="2015" to="2022"/>
   </publicationStmt>
   <notesStmt>
    <note>
     Публикуемые документы был получены с сайта tolstoy.ru в формате html, переведены в формат TEI. Исправлены некоторые ошибки распознавания. Тексты, написанные в дореформенной орфографии, сопоставлены с их версиями в современной орфографии.
    </note>
   </notesStmt>
   <sourceDesc>
    <biblStruct>
     <analytic>
      <author>
       Толстой Лев Николаевич
      </author>
     </analytic>
     <monogr>
      <title level="m">
       Полное собрание сочинений. Том 83
      </title>
      <imprint>
       <pubPlace>
        Москва
       </pubPlace>
       <publisher>
        Государственное издательство «Художественная литература»
       </publisher>
       <date when="1938"/>
      </imprint>
      <biblScope unit="vol">
       83
      </biblScope>
      <biblScope unit="page">
       126-129
      </biblScope>
     </monogr>
     <series>
      <title level="s">
       Л. Н. Толстой. Полное собрание сочинений: в 90 тт.
      </title>
     </series>
    </biblStruct>
    <bibl/>
   </sourceDesc>
  </fileDesc>
  <encodingDesc>
   <classDecl>
    <xi:include href="../../reference/taxonomy.xml"/>
   </classDecl>
  </encodingDesc>
  <profileDesc>
   <correspDesc>
    <correspAction type="sending">
     <persName ref="13883">
      Л. Н. Толстой
     </persName>
     <placeName>
      Москва
     </placeName>
     <date notAfter="1866-11-15" notBefore="1866-11-14"/>
    </correspAction>
    <correspAction type="receiving">
     <persName ref="13844">
      Толстая Софья Андреевна, рожд. Берс
     </persName>
    </correspAction>
   </correspDesc>
   <langUsage>
    <language ident="ru"/>
    <language ident="ru-petr1708"/>
   </langUsage>
   <textClass>
    <catRef ana="#tolstoy_heritage" target="library"/>
    <catRef ana="#letters" target="type"/>
    <catRef ana="#sent" target="sent"/>
   </textClass>
  </profileDesc>
 </teiHeader>
 <xenoData>
  <number type="in a volume">
   58
  </number>
 </xenoData>
 <text xml:id="a14_58" xmlns="http://www.tei-c.org/ns/1.0" xmlns:xi="http://www.w3.org/2001/XInclude">
  <body>
   <div>
    <pb n="126"/>
    <opener index="false">
     58.1866 г. Ноября 14—15. Москва.
    </opener>
    <p id="148634a8-4c85-4fb4-aa53-55fa52e20830">
     Нынче хоть и поздно,
     <choice>
      <reg>
       рад
      </reg>
      <orig>
       радъ
      </orig>
     </choice>
     , что ничто не
     <choice>
      <reg>
       мешает
      </reg>
      <orig>
       мѣшаетъ
      </orig>
     </choice>
     писать
     <choice>
      <reg>
       тебе
      </reg>
      <orig>
       тебѣ
      </orig>
     </choice>
     , мой душенька. Утро точь
     <choice>
      <reg>
       в
      </reg>
      <orig>
       въ
      </orig>
     </choice>
     точь тоже,
     <choice>
      <reg>
       как
      </reg>
      <orig>
       какъ
      </orig>
     </choice>
     и
     <choice>
      <reg>
       прежние
      </reg>
      <orig>
       прежніе
      </orig>
     </choice>
     дни. Но плохо, что немного 70
     <choice>
      <reg>
       лет
      </reg>
      <orig>
       лѣтъ
      </orig>
     </choice>
     <choice>
      <reg>
       все
      </reg>
      <orig>
       всѣ
      </orig>
     </choice>
     эти дни.
     <choice>
      <reg>
       Пошел
      </reg>
      <orig>
       Пошелъ
      </orig>
     </choice>
     <choice>
      <reg>
       в
      </reg>
      <orig>
       въ
      </orig>
     </choice>
     <choice>
      <reg>
       Румянцевский
      </reg>
      <orig>
       Румянцевскій
      </orig>
     </choice>
     музей, и по случаю
     <choice>
      <reg>
       Дагмариного
      </reg>
      <orig>
       Дагмаринаго
      </orig>
     </choice>
     <ref target="#note1">
      1
     </ref>
     <note index="false" resp="volume_editor" xml:id="note1">
      Мария Федоровна — жена
      <name placement="note" ref="8539" type="person">
       Александра III
      </name>
      , рожд. принцесса Мария-София-Фредерика-Дагмара (1847—1928), дочь датского короля Христиана IX.
     </note>
     <choice>
      <reg>
       рождения
      </reg>
      <orig>
       рожденія
      </orig>
     </choice>
     заперто: оттуда,
     <choice>
      <reg>
       чтоб
      </reg>
      <orig>
       чтобъ
      </orig>
     </choice>
     избавить Таню
     <choice>
      <reg>
       от
      </reg>
      <orig>
       отъ
      </orig>
     </choice>
     <choice>
      <reg>
       выезда
      </reg>
      <orig>
       выѣзда
      </orig>
     </choice>
     ,
     <choice>
      <reg>
       поехал
      </reg>
      <orig>
       поѣхалъ
      </orig>
     </choice>
     <choice>
      <reg>
       в
      </reg>
      <orig>
       въ
      </orig>
     </choice>
     <choice>
      <reg>
       английский
      </reg>
      <orig>
       англійскій
      </orig>
     </choice>
     <choice>
      <reg>
       магазин
      </reg>
      <orig>
       магазинъ
      </orig>
     </choice>
     купить ей платье и
     <choice>
      <reg>
       тебе
      </reg>
      <orig>
       тебѣ
      </orig>
     </choice>
     <choice>
      <reg>
       халат
      </reg>
      <orig>
       халатъ
      </orig>
     </choice>
     .
     <choice>
      <reg>
       Халат
      </reg>
      <orig>
       Халатъ
      </orig>
     </choice>
     <choice>
      <reg>
       всем
      </reg>
      <orig>
       всѣмъ
      </orig>
     </choice>
     понравился, а платье не одобрили, но оттого, что
     <choice original_editorial_correction="Т[аня]">
      <sic>
       Т
      </sic>
      <corr>
       Таня
      </corr>
     </choice>
     <choice>
      <reg>
       велела
      </reg>
      <orig>
       велѣла
      </orig>
     </choice>
     купить
     <choice>
      <reg>
       в
      </reg>
      <orig>
       въ
      </orig>
     </choice>
     10 рублей.
    </p>
    <p id="0515ee01-c056-4504-aeee-c7be893670bf">
     Оттуда
     <choice>
      <reg>
       в
      </reg>
      <orig>
       въ
      </orig>
     </choice>
     <choice>
      <reg>
       типографию
      </reg>
      <orig>
       типографію
      </orig>
     </choice>
     .
     <ref target="#note2">
      2
     </ref>
     <note index="false" resp="volume_editor" xml:id="note2">
      Каткова.
     </note>
     <choice>
      <reg>
       Там
      </reg>
      <orig>
       Тамъ
      </orig>
     </choice>
     на мои
     <choice>
      <reg>
       условия
      </reg>
      <orig>
       условія
      </orig>
     </choice>
     согласны, но завтра
     <choice>
      <reg>
       придет
      </reg>
      <orig>
       придетъ
      </orig>
     </choice>
     еще ко
     <choice>
      <reg>
       мне
      </reg>
      <orig>
       мнѣ
      </orig>
     </choice>
     <choice>
      <reg>
       господин
      </reg>
      <orig>
       господинъ
      </orig>
     </choice>
     окончательно переговорить. Дома
     <choice>
      <reg>
       ждал
      </reg>
      <orig>
       ждалъ
      </orig>
     </choice>
     до
     <choice>
      <reg>
       обеда
      </reg>
      <orig>
       обѣда
      </orig>
     </choice>
     <choice>
      <reg>
       Варвинского
      </reg>
      <orig>
       Варвинскаго
      </orig>
     </choice>
     ,
     <choice original_editorial_correction="к[отор]ый">
      <sic>
       кый
      </sic>
      <corr>
       который
      </corr>
     </choice>
     не
     <choice>
      <reg>
       приехал
      </reg>
      <orig>
       прiѣхалъ
      </orig>
     </choice>
     .
     <choice>
      <reg>
       Он
      </reg>
      <orig>
       Онъ
      </orig>
     </choice>
     <choice>
      <reg>
       болен
      </reg>
      <orig>
       болѣнъ
      </orig>
     </choice>
     и завтра Таня
     <choice>
      <reg>
       с
      </reg>
      <orig>
       съ
      </orig>
     </choice>
     папа
     <choice>
      <reg>
       едут
      </reg>
      <orig>
       ѣдутъ
      </orig>
     </choice>
     <choice>
      <reg>
       к
      </reg>
      <orig>
       къ
      </orig>
     </choice>
     нему.
     <choice>
      <reg>
       Пришел
      </reg>
      <orig>
       Пришелъ
      </orig>
     </choice>
     глупый
     <choice original_editorial_correction="С[ухоти]н">
      <sic>
       Сн
      </sic>
      <corr>
       Сухотин
      </corr>
     </choice>
     .
     <ref target="#note3">
      3
     </ref>
     <note index="false" resp="volume_editor" xml:id="note3">
      Сергей Михайлович Сухотин.
     </note>
     <choice>
      <reg>
       После
      </reg>
      <orig>
       Послѣ
      </orig>
     </choice>
     <choice>
      <reg>
       обеда
      </reg>
      <orig>
       обѣда
      </orig>
     </choice>
     <choice>
      <reg>
       поехали
      </reg>
      <orig>
       поѣхали
      </orig>
     </choice>
     <choice>
      <reg>
       в
      </reg>
      <orig>
       въ
      </orig>
     </choice>
     <choice>
      <reg>
       театр
      </reg>
      <orig>
       театръ
      </orig>
     </choice>
     ,
     <choice>
      <reg>
       в
      </reg>
      <orig>
       въ
      </orig>
     </choice>
     Фауста;
     <ref target="#note4">
      4
     </ref>
     <note index="false" resp="volume_editor" xml:id="note4">
      Опера Гуно.
     </note>
     тетя Надя,
     <ref target="#note5">
      5
     </ref>
     <note index="false" resp="volume_editor" xml:id="note5">
      Стендер.
     </note>
     Лиза, мама, Таня и я.
     <choice>
      <reg>
       Потом
      </reg>
      <orig>
       Потомъ
      </orig>
     </choice>
     <choice>
      <reg>
       приехал
      </reg>
      <orig>
       прiѣхалъ
      </orig>
     </choice>
     <choice original_editorial_correction="А[ндрей]">
      <sic>
       А
      </sic>
      <corr>
       <name placement="text" ref="1324" type="person">
        Андрей
       </name>
      </corr>
     </choice>
     <choice original_editorial_correction="Е[встафьевич]">
      <sic>
       <name placement="text" ref="1324" type="person">
        Е
       </name>
      </sic>
      <corr>
       <choice>
        <reg>
         <name placement="text" ref="1324" type="person">
          Евстафьевич
         </name>
        </reg>
        <orig>
         Евстафьевичъ
        </orig>
       </choice>
      </corr>
     </choice>
     .
     <choice>
      <reg>
       В
      </reg>
      <orig>
       Въ
      </orig>
     </choice>
     <choice>
      <reg>
       театре
      </reg>
      <orig>
       театрѣ
      </orig>
     </choice>
     <choice>
      <reg>
       парад
      </reg>
      <orig>
       парадъ
      </orig>
     </choice>
     по случаю рожденья Дагмары.
     <choice>
      <reg>
       Фауст
      </reg>
      <orig>
       Фаустъ
      </orig>
     </choice>
     <choice>
      <reg>
       глуп
      </reg>
      <orig>
       глупъ
      </orig>
     </choice>
     , и хоть ты и не
     <choice>
      <reg>
       веришь
      </reg>
      <orig>
       вѣришь
      </orig>
     </choice>
     , не люблю
     <choice>
      <reg>
       театр
      </reg>
      <orig>
       театръ
      </orig>
     </choice>
     , и всегда хочется критиковать.
     <choice>
      <reg>
       Знакомых
      </reg>
      <orig>
       Знакомыхъ
      </orig>
     </choice>
     никого, исключая Сиверцова,
     <ref target="#note6">
      6
     </ref>
     <note index="false" resp="volume_editor" xml:id="note6">
      <name placement="note" ref="12386" type="person">
       Петр Алексеевич Северцев
      </name>
      (ум. в 1884 г.). «Пьерчик (как его звали) женился впоследствии на двоюродной сестре С. А-ны — Ольге Шидловской. Брат его был знаменитый ученый» (н. п. С. А.). Николай Алексеевич Северцев (1827—1885), зоолог, зоогеограф и путешественник.
     </note>
     <choice original_editorial_correction="к[отор]ый">
      <sic>
       кый
      </sic>
      <corr>
       который
      </corr>
     </choice>
     <choice>
      <reg>
       приходил
      </reg>
      <orig>
       приходилъ
      </orig>
     </choice>
     <choice>
      <reg>
       в
      </reg>
      <orig>
       въ
      </orig>
     </choice>
     ложу. Необыкновенно
     <choice>
      <reg>
       возмужал
      </reg>
      <orig>
       возмужалъ
      </orig>
     </choice>
     и
     <choice>
      <reg>
       похорошел
      </reg>
      <orig>
       похорошѣлъ
      </orig>
     </choice>
     . Да,
     <choice>
      <reg>
       забыл
      </reg>
      <orig>
       забылъ
      </orig>
     </choice>
     .
     <choice>
      <reg>
       Утром
      </reg>
      <orig>
       Утромъ
      </orig>
     </choice>
     <choice>
      <reg>
       был
      </reg>
      <orig>
       былъ
      </orig>
     </choice>
     <choice original_editorial_correction="В[асилий]">
      <sic>
       В
      </sic>
      <corr>
       <choice>
        <reg>
         <name placement="text" ref="5850" type="person">
          Василий
         </name>
        </reg>
        <orig>
         <name placement="text" ref="5850" type="person">
          Василій
         </name>
        </orig>
       </choice>
      </corr>
     </choice>
     <choice>
      <reg>
       <name placement="text" ref="5850" type="person">
        Исленьев
       </name>
      </reg>
      <orig>
       Исленьевъ
      </orig>
     </choice>
     .
     <ref target="#note7">
      7
     </ref>
     <note index="false" resp="volume_editor" xml:id="note7">
      <name placement="note" ref="5850" type="person">
       Василий Владимирович Исленьев
      </name>
      (р. 1826 г.), двоюродный брат С. А. Толстой, штабс-капитан.
     </note>
     <choice>
      <reg>
       Он
      </reg>
      <orig>
       Онъ
      </orig>
     </choice>
     и всегда
     <choice>
      <reg>
       был
      </reg>
      <orig>
       былъ
      </orig>
     </choice>
     <choice>
      <reg>
       противен
      </reg>
      <orig>
       противенъ
      </orig>
     </choice>
     , а теперь еще гаже:
     <choice>
      <reg>
       он
      </reg>
      <orig>
       онъ
      </orig>
     </choice>
     <choice>
      <reg>
       поступил
      </reg>
      <orig>
       поступилъ
      </orig>
     </choice>
     <choice>
      <reg>
       в
      </reg>
      <orig>
       въ
      </orig>
     </choice>
     судебные пристава, — это
     <choice>
      <reg>
       в
      </reg>
      <orig>
       въ
      </orig>
     </choice>
     <choice>
      <reg>
       роде
      </reg>
      <orig>
       родѣ
      </orig>
     </choice>
     <choice>
      <reg>
       частного
      </reg>
      <orig>
       частнаго
      </orig>
     </choice>
     пристава. Я
     <choice>
      <reg>
       сделал
      </reg>
      <orig>
       сдѣлалъ
      </orig>
     </choice>
     <choice>
      <reg>
       открытие
      </reg>
      <orig>
       открытіе
      </orig>
     </choice>
     о
     <choice>
      <reg>
       том
      </reg>
      <orig>
       томъ
      </orig>
     </choice>
     <choice>
      <reg>
       впечатлении
      </reg>
      <orig>
       впечатлѣніи
      </orig>
     </choice>
     ,
     <choice original_editorial_correction="к[отор]ое">
      <sic>
       кое
      </sic>
      <corr>
       которое
      </corr>
     </choice>
     <choice>
      <reg>
       он
      </reg>
      <orig>
       онъ
      </orig>
     </choice>
     <choice>
      <reg>
       производит
      </reg>
      <orig>
       производитъ
      </orig>
     </choice>
     на меня, и Таня подтвердила. Неловко и
     <hi>
      стыдно
     </hi>
     <choice>
      <reg>
       смотреть
      </reg>
      <orig>
       смотрѣть
      </orig>
     </choice>
     на него, точно
     <choice>
      <reg>
       как
      </reg>
      <orig>
       какъ
      </orig>
     </choice>
     будто
     <choice>
      <reg>
       он
      </reg>
      <orig>
       онъ
      </orig>
     </choice>
     нечаянно
     <choice>
      <reg>
       без
      </reg>
      <orig>
       безъ
      </orig>
     </choice>
     <choice>
      <reg>
       панталон
      </reg>
      <orig>
       панталонъ
      </orig>
     </choice>
     , и
     <choice>
      <reg>
       сам
      </reg>
      <orig>
       самъ
      </orig>
     </choice>
     не
     <choice>
      <reg>
       замечает
      </reg>
      <orig>
       замѣчаетъ
      </orig>
     </choice>
     <choice>
      <reg>
       этого
      </reg>
      <orig>
       этаго
      </orig>
     </choice>
     .
     <choice>
      <reg>
       Потом
      </reg>
      <orig>
       Потомъ
      </orig>
     </choice>
     были
     <choice>
      <reg>
       Зайковские
      </reg>
      <orig>
       Зайковскіе
      </orig>
     </choice>
     :
     <choice original_editorial_correction="Дм[итрий]">
      <sic>
       Дм
      </sic>
      <corr>
       <choice>
        <reg>
         <name placement="text" ref="5249" type="person">
          Дмитрий
         </name>
        </reg>
        <orig>
         <name placement="text" ref="5249" type="person">
          Дмитрій
         </name>
        </orig>
       </choice>
      </corr>
     </choice>
     <choice original_editorial_correction="Дм[итриевич]">
      <sic>
       <name placement="text" ref="5249" type="person">
        Дм
       </name>
      </sic>
      <corr>
       <choice>
        <reg>
         <name placement="text" ref="5249" type="person">
          Дмитриевич
         </name>
        </reg>
        <orig>
         <name placement="text" ref="5249" type="person">
          Дмитріевичъ
         </name>
        </orig>
       </choice>
      </corr>
     </choice>
     <ref target="#note8">
      8
     </ref>
     <note index="false" resp="volume_editor" xml:id="note8">
      <name placement="text" ref="5249" type="person">
       Дмитрий Дмитриевич Зайковский
      </name>
      (1838—1867), доктор медицины, доцент Московского университета. «Брат Ольги. Умер молодым, случайно отравившись газами, над которыми производил опыты. Был очень умный и хороший молодой человек» (н. п. С. А.).
     </note>
     и
     <choice>
      <reg>
       Эмилия
      </reg>
      <orig>
       Эмилія
      </orig>
     </choice>
     . Я отрекаюсь
     <choice>
      <reg>
       от
      </reg>
      <orig>
       отъ
      </orig>
     </choice>
     моего
     <choice>
      <reg>
       первого
      </reg>
      <orig>
       перваго
      </orig>
     </choice>
     <choice>
      <reg>
       впечатления
      </reg>
      <orig>
       впечатлѣнія
      </orig>
     </choice>
     о
     <hi style="opdelimiter">
      <choice original_editorial_correction="Д[митрии]">
       <sic>
        Д
       </sic>
       <corr>
        <choice>
         <reg>
          Дмитрии
         </reg>
         <orig>
          Дмитріи
         </orig>
        </choice>
       </corr>
      </choice>
     </hi>
     <pb n="127"/>
     <hi style="npdelimiter">
      <choice>
       <reg>
        Зайковском
       </reg>
       <orig>
        Зайковскомъ
       </orig>
      </choice>
      .
     </hi>
     Ты права,
     <choice>
      <reg>
       он
      </reg>
      <orig>
       онъ
      </orig>
     </choice>
     премилый, умный и comme il faut
     <choice original_editorial_correction="молод[ой]">
      <sic>
       молод
      </sic>
      <corr>
       молодой
      </corr>
     </choice>
     <choice>
      <reg>
       человек
      </reg>
      <orig>
       человѣкъ
      </orig>
     </choice>
     . И
     <choice>
      <reg>
       должен
      </reg>
      <orig>
       долженъ
      </orig>
     </choice>
     быть
     <choice>
      <reg>
       хороший
      </reg>
      <orig>
       хорошій
      </orig>
     </choice>
     .
     <choice>
      <reg>
       С
      </reg>
      <orig>
       Съ
      </orig>
     </choice>
     <choice>
      <reg>
       ним
      </reg>
      <orig>
       нимъ
      </orig>
     </choice>
     я особенно
     <choice original_editorial_correction="б[ыл]">
      <sic>
       б
      </sic>
      <corr>
       <choice>
        <reg>
         был
        </reg>
        <orig>
         былъ
        </orig>
       </choice>
      </corr>
     </choice>
     <choice>
      <reg>
       любезен
      </reg>
      <orig>
       любезенъ
      </orig>
     </choice>
     , и опять
     <choice>
      <reg>
       в
      </reg>
      <orig>
       въ
      </orig>
     </choice>
     твое
     <choice>
      <reg>
       воспоминание
      </reg>
      <orig>
       воспоминаніе
      </orig>
     </choice>
     .
     <choice>
      <reg>
       После
      </reg>
      <orig>
       Послѣ
      </orig>
     </choice>
     <choice>
      <reg>
       обеда
      </reg>
      <orig>
       обѣда
      </orig>
     </choice>
     еще
     <choice>
      <reg>
       получил
      </reg>
      <orig>
       получилъ
      </orig>
     </choice>
     твое первое письмо.
     <ref target="#note9">
      9
     </ref>
     <note index="false" resp="volume_editor" xml:id="note9">
      От 11 ноября С. А. Толстая писала: «Все эти сутки ехала с вами в своем уме, милый мой Лева, и теперь опять воображаю, как у вас весело, как все вам рады, и признаюсь, если бы не веселые, милые голоса Сережи с Таней, то очень было бы грустно и даже скучно, под монотонное храпенье Наташи
      <hi rend="italic">
       Охотницкой
      </hi>
      и тетеньки [
      <name placement="note" ref="4947" type="person">
       Татьяны Александровны Ергольской
      </name>
      ], которые обе спят и дремлют по вечерам. Я нынче весь день почти списывала
      <hi rend="italic">
       “1805 год”
      </hi>
      , и написала мало, потому что рассеяна. А списывать так же приятно, как когда в комнате сидит близкий друг, и не надо его занимать, а только хорошо, что он тут. Так и в переписыванье моем думать не надо, а следить и пользуешься разными мыслями другого, близкого человека, и оттого хорошо. ...... Что у вас, что Таня, ее здоровье, и как найдут ее доктора и родители?» (ПСТ, стр. 65—66.)
     </note>
     И мы оба
     <choice>
      <reg>
       с
      </reg>
      <orig>
       съ
      </orig>
     </choice>
     мама принялись
     <choice>
      <reg>
       так
      </reg>
      <orig>
       такъ
      </orig>
     </choice>
     хвалить тебя, что
     <choice>
      <reg>
       самим
      </reg>
      <orig>
       самимъ
      </orig>
     </choice>
     стало
     <choice>
      <reg>
       совестно
      </reg>
      <orig>
       совѣстно
      </orig>
     </choice>
     .
     <choice>
      <reg>
       Как
      </reg>
      <orig>
       Какъ
      </orig>
     </choice>
     грустно о
     <choice>
      <reg>
       Машиньке
      </reg>
      <orig>
       Машинькѣ
      </orig>
     </choice>
     .
     <ref target="#note10">
      10
     </ref>
     <note index="false" resp="volume_editor" xml:id="note10">
      С. А. Толстая писала в своем письме о М. Н. Толстой: «Нынче утром, вообрази, подают мне из Пирогова записку и к тебе от Егора Михайловича
      <hi rend="italic">
       управляющего М. Н. Толстой
      </hi>
      . Он пишет, что графиня требует возок, чтобы послать его в Хитрово, стало быть к барону. Верно, Любочка
      <hi rend="italic">
       сестра бар. Дельвига
      </hi>
      приедет
      <hi>
       болтать всякий вздор
      </hi>
      , и Машенька, верно, намеревается жить еще долго в Пирогове. Мне, признаться, стало даже очень досадно и неприятно. О возке-то я не очень сокрушаюсь, и в кибиточке доедет, а о девочках думаю с большим сожалением» (там же).
     </note>
     А Таню маленькую я
     <choice>
      <reg>
       так
      </reg>
      <orig>
       такъ
      </orig>
     </choice>
     и вижу, и
     <choice>
      <reg>
       сияю
      </reg>
      <orig>
       сіяю
      </orig>
     </choice>
     при мысли о ней. — Прочти
     <choice>
      <reg>
       им
      </reg>
      <orig>
       имъ
      </orig>
     </choice>
     :
     <hi>
      Сережа милый, и Таня милая, и Илюша милый, я
      <choice>
       <reg>
        их
       </reg>
       <orig>
        ихъ
       </orig>
      </choice>
      люблю. Сережа теперь большой,
      <choice>
       <reg>
        он
       </reg>
       <orig>
        онъ
       </orig>
      </choice>
      <choice>
       <reg>
        будет
       </reg>
       <orig>
        будетъ
       </orig>
      </choice>
      писать
      <choice>
       <reg>
        папаше
       </reg>
       <orig>
        папашѣ
       </orig>
      </choice>
     </hi>
     . И вели ему написать и
     <choice>
      <reg>
       Тане
      </reg>
      <orig>
       Танѣ
      </orig>
     </choice>
     , т.-е. нарисовать что-нибудь
     <choice>
      <reg>
       мне
      </reg>
      <orig>
       мнѣ
      </orig>
     </choice>
     . —
     <choice>
      <reg>
       Из
      </reg>
      <orig>
       Изъ
      </orig>
     </choice>
     театра, не
     <choice>
      <reg>
       дослушав
      </reg>
      <orig>
       дослушавъ
      </orig>
     </choice>
     акта,
     <choice>
      <reg>
       поехал
      </reg>
      <orig>
       поѣхалъ
      </orig>
     </choice>
     <choice>
      <reg>
       к
      </reg>
      <orig>
       къ
      </orig>
     </choice>
     <choice>
      <reg>
       Сушковым
      </reg>
      <orig>
       Сушковымъ
      </orig>
     </choice>
     .
     <ref target="#note11">
      11
     </ref>
     <note index="false" resp="volume_editor" xml:id="note11">
      <name placement="note" ref="13421" type="person">
       Николай Васильевич Сушков
      </name>
      (1796—1871), писатель и его жена Дарья Ивановна (1806—1879), рожд. Тютчева, сестра поэта. «Старая аристократическая супружеская чета, жившая в Москве с племянницей Тютчевой» (н. п. С. А.). Толстой у них часто бывал в 1850-х гг. В некрологе, посвященном Сушкову, сказано: «В продолжение нескольких десятков лет он умел соединять в своем доме людей равных,
      <hi style="opdelimiter">
       иногда
      </hi>
      <hi style="npdelimiter">
       враждебных
      </hi>
      одно другому, направлений» («Русский архив» 1871, стр. 1743).
     </note>
     <choice>
      <reg>
       Там
      </reg>
      <orig>
       Тамъ
      </orig>
     </choice>
     все,
     <choice>
      <reg>
       как
      </reg>
      <orig>
       какъ
      </orig>
     </choice>
     15
     <choice>
      <reg>
       лет
      </reg>
      <orig>
       лѣтъ
      </orig>
     </choice>
     тому
     <choice>
      <reg>
       назад
      </reg>
      <orig>
       назадъ
      </orig>
     </choice>
     , и также гости; одна кн. Мещерская,
     <ref target="#note12">
      12
     </ref>
     <note index="false" resp="volume_editor" xml:id="note12">
      Кн. Марья Александровна Мещерская (ум. в 1903 г.), правнучка гр. П. И. Панина. Жена попечителя Московского учебного округа кн. Николая Петровича Мещерского. Обладательница богатого архива в Дугине Сычевского уезда Смоленской губернии, где и жила. Из ее архива напечатан ряд публикаций в «Русском архиве». Имела сыновей: Александра, Петра (р. 1869 г.) и Сергея и пять дочерей: Софию (по мужу Васильчикова), Марию (по мужу гр. Толстая), Веру (по мужу бар. Оффенберг), Александру (р. 1867 г., по мужу кн. Голицына) и Наталью (по мужу гр. Игнатьева).
     </note>
     урожденная Гр. Панина — огромная, съ мужскими чертами женщина, очень добрая и неглупая. Я ее знавалъ барышней, и теперь у нея 4, у меня 3 дѣтей. Очень звала къ себѣ въ середу. Не знаю, поѣду ли? И еще Кн[яжна] Л[иве]нъ,
     <ref target="#note13">
      13
     </ref>
     <note index="false" resp="volume_editor" xml:id="note13">
      Вероятно, одна из старших дочерей сенатора кн. Александра Карловича Ливен (1801—1880) и Екатерины Никитичны, рожд. Панкратовой (1818—1867): Анна (1840—1871), жена
      <name placement="note" ref="10173" type="person">
       Василия Александровича Олсуфьева
      </name>
      , соседа Толстых по Хамовническому дому, или Елена (1842—1915), фрейлина, в 1880-х и 1890-х гг. начальница Елизаветинского института в Москве, впоследствии — Смольного института в Петербурге.
     </note>
     очень глупая и топорная барышня. Вернулся домой
     <choice>
      <reg>
       вместе
      </reg>
      <orig>
       вмѣстѣ
      </orig>
     </choice>
     <choice>
      <reg>
       с
      </reg>
      <orig>
       съ
      </orig>
     </choice>
     нашими и
     <choice>
      <reg>
       вместе
      </reg>
      <orig>
       вмѣстѣ
      </orig>
     </choice>
     ужинали очень весело. Таня весела, но
     <choice>
      <reg>
       из
      </reg>
      <orig>
       изъ
      </orig>
     </choice>
     театра
     <choice>
      <reg>
       как
      </reg>
      <orig>
       какъ
      </orig>
     </choice>
     вышла,
     <choice>
      <reg>
       так
      </reg>
      <orig>
       такъ
      </orig>
     </choice>
     у ней показалась кровь.
     <choice>
      <reg>
       Ах
      </reg>
      <orig>
       Ахъ
      </orig>
     </choice>
     , эта
     <choice>
      <reg>
       бедная
      </reg>
      <orig>
       бѣдная
      </orig>
     </choice>
     , милая Таня. Не могу
     <choice>
      <reg>
       тебе
      </reg>
      <orig>
       тебѣ
      </orig>
     </choice>
     сказать,
     <choice>
      <reg>
       как
      </reg>
      <orig>
       какъ
      </orig>
     </choice>
     она
     <choice>
      <reg>
       мне
      </reg>
      <orig>
       мнѣ
      </orig>
     </choice>
     жалка и мила. Твое письмо
     <ref target="#note14">
      14
     </ref>
     <note index="false" resp="volume_editor" xml:id="note14">
      Это письмо С. А. Толстой к сестре не сохранилось в архиве Т. А. Кузминской.
     </note>
     тронуло ее
     <choice>
      <reg>
       так
      </reg>
      <orig>
       такъ
      </orig>
     </choice>
     , что она не могла скрыть
     <choice>
      <reg>
       слез
      </reg>
      <orig>
       слезъ
      </orig>
     </choice>
     , и я тоже. Очень грустно, что не
     <choice>
      <reg>
       нам
      </reg>
      <orig>
       намъ
      </orig>
     </choice>
     пришлось ей дать эти деньги, а вся эта крестная путаница. Тютчева,
     <ref target="#note15">
      15
     </ref>
     <note index="false" resp="volume_editor" xml:id="note15">
      <name placement="note" ref="14178" type="person">
       Екатерина Федоровна Тютчева
      </name>
      , дочь поэта.
     </note>
     какъ мнѣ показалось, очень искренно восхищалась прошлогодней частью 1805 года и говорила, что 2-я часть понравилась ей лучше 1-й, а 3 лучше 2-й. Я дорожу этимъ мнѣніемъ также, какъ мнѣніемъ Сухотина; оно также выраженіе толпы, хоть немного и повыше Сухотина. Приставали, чтобы я у нихъ прочелъ что-нибудь, но я сказалъ, что, вопервыхъ, скоро ѣду и мало времени, и что мнѣ нужно, чтобы за одно слушали тѣ, кого я желаю. Онѣ обѣщаютъ пригласить того, кого я хочу, но я не обѣщалъ рѣшительно. Вяземскаго
     <ref target="#note16">
      16
     </ref>
     <note index="false" resp="volume_editor" xml:id="note16">
      Вероятно, имеется в виду друг Пушкина кн.
      <name placement="note" ref="2970" type="person">
       Петр Андреевич Вяземский
      </name>
      (1792—1878), участник войны 1812 г. В 1855—1858 гг. был товарищем министра народного просвещения, ведая делами цензуры. В 1856 г. запретил часть главы «Юности» Толстого. По поводу романа Толстого «Война и мир» кн. Вяземский написал статью: «Воспоминания о 1812 годе», напечатанную в № 1 «Русского архива» за 1869 г.
     </note>
     <choice>
      <reg>
       в
      </reg>
      <orig>
       въ
      </orig>
     </choice>
     <choice>
      <reg>
       Москве
      </reg>
      <orig>
       Москвѣ
      </orig>
     </choice>
     <choice>
      <reg>
       нет
      </reg>
      <orig>
       нѣтъ
      </orig>
     </choice>
     . — Завтра жду уже твоего письма,
     <choice>
      <reg>
       ответа
      </reg>
      <orig>
       отвѣта
      </orig>
     </choice>
     на мое, но теперь
     <choice>
      <reg>
       уж
      </reg>
      <orig>
       ужъ
      </orig>
     </choice>
     недолго писать. Я скоро
     <choice>
      <reg>
       приеду
      </reg>
      <orig>
       прiѣду
      </orig>
     </choice>
     .
     <choice>
      <reg>
       Делать
      </reg>
      <orig>
       Дѣлать
      </orig>
     </choice>
     больше нечего. И
     <choice>
      <reg>
       уж
      </reg>
      <orig>
       ужъ
      </orig>
     </choice>
     очень грустно
     <choice>
      <reg>
       без
      </reg>
      <orig>
       безъ
      </orig>
     </choice>
     тебя. Ежели не собираюсь еще, то потому чувству, что все думается, не
     <choice>
      <reg>
       забыл
      </reg>
      <orig>
       забылъ
      </orig>
     </choice>
     ли чего-нибудь еще
     <choice>
      <reg>
       в
      </reg>
      <orig>
       въ
      </orig>
     </choice>
     <choice>
      <reg>
       Москве
      </reg>
      <orig>
       Москвѣ
      </orig>
     </choice>
     , о
     <choice>
      <reg>
       чем
      </reg>
      <orig>
       чемъ
      </orig>
     </choice>
     <choice>
      <reg>
       после
      </reg>
      <orig>
       послѣ
      </orig>
     </choice>
     <choice>
      <reg>
       пожалеешь
      </reg>
      <orig>
       пожалѣешь
      </orig>
     </choice>
     . Прощай, мой милый
     <choice>
      <reg>
       голубчик
      </reg>
      <orig>
       голубчикъ
      </orig>
     </choice>
     ,
     <choice>
      <reg>
       целую
      </reg>
      <orig>
       цѣлую
      </orig>
     </choice>
     тебя
     <choice>
      <reg>
       в
      </reg>
      <orig>
       въ
      </orig>
     </choice>
     глаза,
     <choice>
      <reg>
       в
      </reg>
      <orig>
       въ
      </orig>
     </choice>
     шею и руки.
     <choice>
      <reg>
       Тетиньке
      </reg>
      <orig>
       Тетинькѣ
      </orig>
     </choice>
     <choice>
      <reg>
       целуй
      </reg>
      <orig>
       цѣлуй
      </orig>
     </choice>
     руку.
     <choice>
      <reg>
       Наташе
      </reg>
      <orig>
       Наташѣ
      </orig>
     </choice>
     <ref target="#note17">
      17
     </ref>
     <note index="false" resp="volume_editor" xml:id="note17">
      <name placement="note" ref="10375" type="person">
       Наталья Петровна Охотницкая
      </name>
      , бедная дворянка, жившая при Т. А. Ергольской. После ее смерти поселилась в богадельне, учрежденной в Спасском Ив. Серг. Тургеневым, где и умерла, впавши в слабоумие. От имени Охотницкой Толстой послал И. С. Аксакову свое стихотворение в прозе «Сон» (см. т. 26).
     </note>
     скажи, что Джой
     <choice>
      <reg>
       в
      </reg>
      <orig>
       въ
      </orig>
     </choice>
     <choice>
      <reg>
       комнатах
      </reg>
      <orig>
       комнатахъ
      </orig>
     </choice>
     . И что
     <choice>
      <reg>
       значит
      </reg>
      <orig>
       значитъ
      </orig>
     </choice>
     <choice>
      <reg>
       уход
      </reg>
      <orig>
       уходъ
      </orig>
     </choice>
     — не
     <choice>
      <reg>
       пакостит
      </reg>
      <orig>
       пакоститъ
      </orig>
     </choice>
     . Долли [?] возьми
     <choice>
      <reg>
       в
      </reg>
      <orig>
       въ
      </orig>
     </choice>
     <hi style="opdelimiter">
      комнаты.
     </hi>
    </p>
    <noteGrp type="comments">
     <note index="false" type="comments">
      <p id="0101e288-30a1-45d0-b606-9f1016cfdf16" rend="Textpetit_otstup left">
       <pb n="128"/>
       <hi style="npdelimiter">
        Печатается
       </hi>
       по автографу, хранящемуся в АТБ. Впервые опубликовано по копии, сделанной С. А. Толстой, ПЖ, стр. 58—60. Датируется на основании упоминания дня рождения Дагмары (
       <name placement="comments" ref="8539" type="person">
        Марии Федоровны
       </name>
       ), бывшего 14 ноября.
      </p>
     </note>
    </noteGrp>
   </div>
  </body>
 </text>
</TEI>
