<?xml version="1.0" encoding="utf-8"?>
<TEI xmlns="http://www.tei-c.org/ns/1.0" xmlns:xi="http://www.w3.org/2001/XInclude">
 <teiHeader>
  <fileDesc>
   <titleStmt>
    <title xml:id="v83_299_a20">
     Письма и документы. Tolstoy Digital
    </title>
    <title type="main">
     Письмо С.А.Толстой от 20 февраля 1885 г.
    </title>
    <title type="bibl">
     Толстой Л. Н. Письмо С. А. Толстой, 20 февраля 1885 г. // Толстой Л. Н. Полное собрание сочинений: в 90 тт. Т. 83. М.: Гос. изд. «Художественная литература», 1938. С.
    </title>
    <respStmt>
     <resp>
      Идея, постановка задач, руководство:
     </resp>
     <name>
      Анастасия Бонч-Осмоловская, Фёкла Толстая, Борис Орехов, Тимофей Лукашевский
     </name>
    </respStmt>
    <respStmt>
     <resp>
      Подготовка TEI/XML:
     </resp>
     <name>
      Евгений Можаев, Даниил Скоринкин, Ирина Павлова, Матвей Колбасов, Елена Сидорова, Кирилл Милинцевич, Лев Буланов, Макар Федоров, Константин Петров
     </name>
    </respStmt>
    <respStmt>
     <resp>
      Подготовка метаданных:
     </resp>
     <name>
      Мария Картышева, Вероника Файнберг
     </name>
    </respStmt>
    <respStmt>
     <resp>
      Разметка имен собственных:
     </resp>
     <name>
      Никита Северин, Елена Северина
     </name>
    </respStmt>
    <respStmt>
     <resp>
      Исправление древнегреческого текста:
     </resp>
     <name>
      Ольга Алиева
     </name>
    </respStmt>
    <funder>
     Проект «Слово Толстого»
    </funder>
   </titleStmt>
   <publicationStmt>
    <publisher>
     <orgName>
      Tolstoy Digital, DH CLOUD, Научно-образовательный союз «Родное Слово» проект «Слово Толстого»
     </orgName>
    </publisher>
    <availability>
     <p id="fb9f3ee2-934a-49da-a8d1-f8a61034ff41">
      Тексты и метатекстовая разметка доступны для свободного использования и распространения по лицензии Creative Commons Attribution Share-Alike (cc by-sa)
     </p>
    </availability>
    <date from="2015" to="2022"/>
   </publicationStmt>
   <notesStmt>
    <note>
     Публикуемые документы был получены с сайта tolstoy.ru в формате html, переведены в формат TEI. Исправлены некоторые ошибки распознавания. Тексты, написанные в дореформенной орфографии, сопоставлены с их версиями в современной орфографии.
    </note>
   </notesStmt>
   <sourceDesc>
    <biblStruct>
     <analytic>
      <author>
       Толстой Лев Николаевич
      </author>
     </analytic>
     <monogr>
      <title level="m">
       Полное собрание сочинений. Том 83
      </title>
      <imprint>
       <pubPlace>
        Москва
       </pubPlace>
       <publisher>
        Государственное издательство «Художественная литература»
       </publisher>
       <date when="1938"/>
      </imprint>
      <biblScope unit="vol">
       83
      </biblScope>
      <biblScope unit="page">
       479-480
      </biblScope>
     </monogr>
     <series>
      <title level="s">
       Л. Н. Толстой. Полное собрание сочинений: в 90 тт.
      </title>
     </series>
    </biblStruct>
    <bibl/>
   </sourceDesc>
  </fileDesc>
  <encodingDesc>
   <classDecl>
    <xi:include href="../../reference/taxonomy.xml"/>
   </classDecl>
  </encodingDesc>
  <profileDesc>
   <correspDesc>
    <correspAction type="sending">
     <persName ref="13883">
      Л. Н. Толстой
     </persName>
     <placeName>
      Москва
     </placeName>
     <date when="1885-02-20"/>
    </correspAction>
    <correspAction type="receiving">
     <persName ref="13844">
      Толстая Софья Андреевна, рожд. Берс
     </persName>
    </correspAction>
   </correspDesc>
   <langUsage>
    <language ident="ru"/>
    <language ident="ru-petr1708"/>
   </langUsage>
   <textClass>
    <catRef ana="#tolstoy_heritage" target="library"/>
    <catRef ana="#letters" target="type"/>
    <catRef ana="#sent" target="sent"/>
   </textClass>
  </profileDesc>
 </teiHeader>
 <xenoData>
  <number type="in a volume">
   299
  </number>
 </xenoData>
 <text xml:id="a20_299" xmlns="http://www.tei-c.org/ns/1.0" xmlns:xi="http://www.w3.org/2001/XInclude">
  <body>
   <div>
    <pb n="479"/>
    <opener index="false">
     299.1885 г. Февраля 20. Москва.
    </opener>
    <p id="a9badfcd-01a3-48a1-a8be-fff6c75a9562">
     У
     <choice>
      <reg>
       нас
      </reg>
      <orig>
       насъ
      </orig>
     </choice>
     все
     <choice>
      <reg>
       идет
      </reg>
      <orig>
       идетъ
      </orig>
     </choice>
     прекрасно.
     <choice>
      <reg>
       Большие
      </reg>
      <orig>
       Большіе
      </orig>
     </choice>
     смирны и
     <choice>
      <reg>
       приятны
      </reg>
      <orig>
       пріятны
      </orig>
     </choice>
     , a
     <choice>
      <reg>
       маленькие
      </reg>
      <orig>
       маленькіе
      </orig>
     </choice>
     прелестны. — Илюша
     <choice>
      <reg>
       чем
      </reg>
      <orig>
       чѣмъ
      </orig>
     </choice>
     то
     <choice>
      <reg>
       рассердил
      </reg>
      <orig>
       разсердилъ
      </orig>
     </choice>
     своего воспитателя, Янчина,
     <ref target="#note1">
      1
     </ref>
     <note index="false" resp="volume_editor" xml:id="note1">
      <name placement="note" ref="16209" type="person">
       Иван Васильевич Янчин
      </name>
      (1818—1889), географ, педагог. Его курсы географии для первых четырех классов гимназии с 1872 г. по 1910 г. выдержали тридцать одно издание. В продолжение двадцати одного года был преподавателем географии, классным наставником и содержателем пансиона Поливановской гимназии. О нем см. «Двадцатипятилетие Московской частной гимназии Поливанова». М. 1893, стр. 14—15, а также некрологи в «Русских ведомостях» за 1889 г., № 323 и «Московских ведомостях» № 325. Письмо Янчина к Толстому не сохранилось.
     </note>
     и тотъ мнѣ написалъ письмо, но завтра Илья обѣщалъ это все устроить. Андрюша читалъ и писалъ, и въ хорошемъ духѣ. Алеша льнетъ ко мнѣ и говоритъ: мы съ папа дружны. Маша озабочена и дѣтьми, и болѣзнью M-me Seur[on]. У нея опять лихорадка была. Я утромъ больше читалъ Georg’a,
     <ref target="#note2">
      2
     </ref>
     <note index="false" resp="volume_editor" xml:id="note2">
      <name placement="note" ref="4371" type="person">
       Генри Джордж
      </name>
      (1839—1897), американский экономист. Его книга, которой увлекался Толстой — «Progress and Poverty»
      <hi rend="italic">
       «Прогресс и бедность»
      </hi>
      , была опубликована в 1879 г. Толстого привлекала теория
      <name placement="note" ref="4371" type="person">
       Генри Джорджа
      </name>
      о едином налоге и национализации земли.
     </note>
     <choice>
      <reg>
       чем
      </reg>
      <orig>
       чѣмъ
      </orig>
     </choice>
     <choice>
      <reg>
       писал
      </reg>
      <orig>
       писалъ
      </orig>
     </choice>
     . Очень
     <choice>
      <reg>
       грипп
      </reg>
      <orig>
       гриппъ
      </orig>
     </choice>
     <choice>
      <reg>
       силен
      </reg>
      <orig>
       силенъ
      </orig>
     </choice>
     . Я не выхожу.
    </p>
    <p id="a5fdfdcb-5172-4a89-8763-a53048b8af87">
     <choice>
      <reg>
       Обедали
      </reg>
      <orig>
       Обѣдали
      </orig>
     </choice>
     одни, — даже M-me Seuron не было, Сережа
     <choice>
      <reg>
       опоздал
      </reg>
      <orig>
       опоздалъ
      </orig>
     </choice>
     .
     <choice>
      <reg>
       Вечером
      </reg>
      <orig>
       Вечеромъ
      </orig>
     </choice>
     , я только
     <choice>
      <reg>
       лег
      </reg>
      <orig>
       легъ
      </orig>
     </choice>
     отдохнуть,
     <choice>
      <reg>
       как
      </reg>
      <orig>
       какъ
      </orig>
     </choice>
     <choice>
      <reg>
       пришел
      </reg>
      <orig>
       пришелъ
      </orig>
     </choice>
     <choice>
      <reg>
       переплетчик
      </reg>
      <orig>
       переплетчикъ
      </orig>
     </choice>
     <choice>
      <reg>
       Богословский
      </reg>
      <orig>
       Богословскій
      </orig>
     </choice>
     , а
     <choice>
      <reg>
       потом
      </reg>
      <orig>
       потомъ
      </orig>
     </choice>
     Сережа
     <choice>
      <reg>
       брат
      </reg>
      <orig>
       братъ
      </orig>
     </choice>
     , а
     <choice>
      <reg>
       потом
      </reg>
      <orig>
       потомъ
      </orig>
     </choice>
     <choice>
      <reg>
       Бибиков
      </reg>
      <orig>
       Бибиковъ
      </orig>
     </choice>
     ,
     <ref target="#note3">
      3
     </ref>
     <note index="false" resp="volume_editor" xml:id="note3">
      А. А. Бибиков.
     </note>
     и
     <choice>
      <reg>
       Богоявленский
      </reg>
      <orig>
       Богоявленскій
      </orig>
     </choice>
     ,
     <ref target="#note4">
      4
     </ref>
     <note index="false" resp="volume_editor" xml:id="note4">
      Николай Ефимович Богоявленский, врач.
     </note>
     и
     <choice>
      <reg>
       сын
      </reg>
      <orig>
       сынъ
      </orig>
     </choice>
     Сережа.
     <choice>
      <reg>
       Брат
      </reg>
      <orig>
       Братъ
      </orig>
     </choice>
     Сережа
     <choice>
      <reg>
       ушел
      </reg>
      <orig>
       ушелъ
      </orig>
     </choice>
     , а эти господа напились чаю наверху и ушли
     <choice>
      <reg>
       в
      </reg>
      <orig>
       въ
      </orig>
     </choice>
     10
     <hi>
      1
     </hi>
     /
     <sub>
      2
     </sub>
     .
     <hi/>
     Сережа
     <choice>
      <reg>
       сын
      </reg>
      <orig>
       сынъ
      </orig>
     </choice>
     теперь
     <choice>
      <reg>
       играет
      </reg>
      <orig>
       играетъ
      </orig>
     </choice>
     , Маша и Леля легли. А Илюша
     <choice>
      <reg>
       поехал
      </reg>
      <orig>
       поѣхалъ
      </orig>
     </choice>
     на
     <choice>
      <reg>
       репетицию
      </reg>
      <orig>
       репетицію
      </orig>
     </choice>
     концерта
     <choice>
      <reg>
       русского
      </reg>
      <orig>
       русскаго
      </orig>
     </choice>
     <choice>
      <reg>
       пенья
      </reg>
      <orig>
       пѣнья
      </orig>
     </choice>
     , который
     <choice>
      <reg>
       дают
      </reg>
      <orig>
       даютъ
      </orig>
     </choice>
     <choice>
      <reg>
       Лопатин
      </reg>
      <orig>
       Лопатинъ
      </orig>
     </choice>
     <ref target="#note6">
      6
     </ref>
     <note index="false" resp="volume_editor" xml:id="note6">
      <name placement="note" ref="8022" type="person">
       Николай Михайлович Лопатин
      </name>
      (1854—1897), певец и собиратель народных песен. Служил участковым мировым судьей. Издал «Полный народный песенник» и совместно с В. Прокуниным «Сборник лирических русских песен». О нем см.: С. Л. Толстой, «В. Прокунин и Н. Лопатин», Сборник этнографической секции «ГИМН». I. 1926.
     </note>
     и
     <choice>
      <reg>
       Лавровский
      </reg>
      <orig>
       Лавровскій
      </orig>
     </choice>
     .
     <ref target="#note7">
      7
     </ref>
     <note index="false" resp="volume_editor" xml:id="note7">
      Это —
      <name placement="note" ref="7547" type="person">
       Иван Иванович Лавров
      </name>
      , певец, темниковский мещанин по происхождению, почти самоучка. Только в зрелых годах его талант был оценен, и он поступил в Московский Большой театр. Записки И. И. Лаврова изданы в 1889 г. Думновым под заглавием «Сцена и жизнь».
     </note>
     —
    </p>
    <p id="ff045025-13f8-4da1-9551-9b0274a32bc2">
     Письмо
     <choice>
      <reg>
       тебе
      </reg>
      <orig>
       тебѣ
      </orig>
     </choice>
     было
     <choice>
      <reg>
       от
      </reg>
      <orig>
       отъ
      </orig>
     </choice>
     <choice>
      <reg>
       Комисии
      </reg>
      <orig>
       Комисіи
      </orig>
     </choice>
     библ.
     <ref target="#note8">
      8
     </ref>
     <note index="false" resp="volume_editor" xml:id="note8">
      Сведений не имеется.
     </note>
     для
     <choice>
      <reg>
       тюрем
      </reg>
      <orig>
       тюремъ
      </orig>
     </choice>
     и
     <choice>
      <reg>
       больниц
      </reg>
      <orig>
       больницъ
      </orig>
     </choice>
     , — благодарность и
     <choice>
      <reg>
       квитанции
      </reg>
      <orig>
       квитанціи
      </orig>
     </choice>
     . Еще коректуры:
     <choice>
      <reg>
       Чем
      </reg>
      <orig>
       Чѣмъ
      </orig>
     </choice>
     <choice original_editorial_correction="люд[и]">
      <sic>
       люд
      </sic>
      <corr>
       люди
      </corr>
     </choice>
     <choice original_editorial_correction="ж[ивы]">
      <sic>
       ж
      </sic>
      <corr>
       живы
      </corr>
     </choice>
     <ref target="#note9">
      9
     </ref>
     <note index="false" resp="volume_editor" xml:id="note9">
      Для двенадцатого тома пятого полного собрания сочинений.
     </note>
     и
     <choice>
      <reg>
       Детство
      </reg>
      <orig>
       Дѣтство
      </orig>
     </choice>
     .
     <ref target="#note10">
      10
     </ref>
     <note index="false" resp="volume_editor" xml:id="note10">
      Для первого тома пятого полного собрания сочинений.
     </note>
     Я не
     <choice>
      <reg>
       поправлял
      </reg>
      <orig>
       поправлялъ
      </orig>
     </choice>
     , только
     <choice>
      <reg>
       поправил
      </reg>
      <orig>
       поправилъ
      </orig>
     </choice>
     <choice>
      <reg>
       в
      </reg>
      <orig>
       въ
      </orig>
     </choice>
     <choice>
      <reg>
       Чем
      </reg>
      <orig>
       Чѣмъ
      </orig>
     </choice>
     люди живы одно
     <choice>
      <reg>
       место
      </reg>
      <orig>
       мѣсто
      </orig>
     </choice>
     .
     <choice>
      <reg>
       Как
      </reg>
      <orig>
       Какъ
      </orig>
     </choice>
     велишь?
    </p>
    <p id="f182ef1f-528e-4bee-9bbc-eb781bed7cc0">
     <choice>
      <reg>
       Целую
      </reg>
      <orig>
       Цѣлую
      </orig>
     </choice>
     тебя и
     <choice>
      <reg>
       всех
      </reg>
      <orig>
       всѣхъ
      </orig>
     </choice>
     <choice>
      <reg>
       милых
      </reg>
      <orig>
       милыхъ
      </orig>
     </choice>
     <choice>
      <reg>
       Кузминских
      </reg>
      <orig>
       Кузминскихъ
      </orig>
     </choice>
     .
    </p>
    <lb/>
    <p id="5295954a-c0ff-4b65-9c56-ad761206d599">
     <hi>
      На конверте:
     </hi>
     <choice>
      <reg>
       Петербург
      </reg>
      <orig>
       Петербургъ
      </orig>
     </choice>
     . Невской 75. А. М. Кузминскому для передачи
     <choice>
      <reg>
       Софье
      </reg>
      <orig>
       Софьѣ
      </orig>
     </choice>
     <choice>
      <reg>
       Андревне
      </reg>
      <orig>
       Андревнѣ
      </orig>
     </choice>
     <hi>
      Толстой
     </hi>
     .
    </p>
    <noteGrp type="comments">
     <note index="false" type="comments">
      <p id="f5a068c2-1dea-4016-9a89-aca95fc0acc2" rend="Textpetit_otstup left">
       Печатается по автографу, хранящемуся в АТБ. Впервые опубликовано по копии, сделанной С. А. Толстой, в ПЖ, стр. 251. Датируется, на основании почтовых штемпелей: «Москва. 21 февраля.
       <hi style="opdelimiter">
        1885;
       </hi>
       <pb n="480"/>
       <hi style="npdelimiter">
        С.-Петербург.
       </hi>
       22 февраля 1885» и слов письма: «ушли в 10
       <hi>
        1
       </hi>
       /
       <sub>
        2
       </sub>
       ..... Маша и Леля легли».
      </p>
     </note>
    </noteGrp>
   </div>
  </body>
 </text>
</TEI>
