<?xml version="1.0" encoding="utf-8"?>
<TEI xmlns="http://www.tei-c.org/ns/1.0" xmlns:xi="http://www.w3.org/2001/XInclude">
 <teiHeader>
  <fileDesc>
   <titleStmt>
    <title xml:id="v83_041_iyulya27">
     Письма и документы. Tolstoy Digital
    </title>
    <title type="main">
     Письмо С.А.Толстой от 27 июля 1865 г.
    </title>
    <title type="bibl">
     Толстой Л. Н. Письмо С. А. Толстой, 27 июля 1865 г. // Толстой Л. Н. Полное собрание сочинений: в 90 тт. Т. 83. М.: Гос. изд. «Художественная литература», 1938. С.
    </title>
    <respStmt>
     <resp>
      Идея, постановка задач, руководство:
     </resp>
     <name>
      Анастасия Бонч-Осмоловская, Фёкла Толстая, Борис Орехов, Тимофей Лукашевский
     </name>
    </respStmt>
    <respStmt>
     <resp>
      Подготовка TEI/XML:
     </resp>
     <name>
      Евгений Можаев, Даниил Скоринкин, Ирина Павлова, Матвей Колбасов, Елена Сидорова, Кирилл Милинцевич, Лев Буланов, Макар Федоров, Константин Петров
     </name>
    </respStmt>
    <respStmt>
     <resp>
      Подготовка метаданных:
     </resp>
     <name>
      Мария Картышева, Вероника Файнберг
     </name>
    </respStmt>
    <respStmt>
     <resp>
      Разметка имен собственных:
     </resp>
     <name>
      Никита Северин, Елена Северина
     </name>
    </respStmt>
    <respStmt>
     <resp>
      Исправление древнегреческого текста:
     </resp>
     <name>
      Ольга Алиева
     </name>
    </respStmt>
    <funder>
     Проект «Слово Толстого»
    </funder>
   </titleStmt>
   <publicationStmt>
    <publisher>
     <orgName>
      Tolstoy Digital, DH CLOUD, Научно-образовательный союз «Родное Слово» проект «Слово Толстого»
     </orgName>
    </publisher>
    <availability>
     <p id="df7fd293-f3b1-4c6f-9b47-d46bf872082a">
      Тексты и метатекстовая разметка доступны для свободного использования и распространения по лицензии Creative Commons Attribution Share-Alike (cc by-sa)
     </p>
    </availability>
    <date from="2015" to="2022"/>
   </publicationStmt>
   <notesStmt>
    <note>
     Публикуемые документы был получены с сайта tolstoy.ru в формате html, переведены в формат TEI. Исправлены некоторые ошибки распознавания. Тексты, написанные в дореформенной орфографии, сопоставлены с их версиями в современной орфографии.
    </note>
   </notesStmt>
   <sourceDesc>
    <biblStruct>
     <analytic>
      <author>
       Толстой Лев Николаевич
      </author>
     </analytic>
     <monogr>
      <title level="m">
       Полное собрание сочинений. Том 83
      </title>
      <imprint>
       <pubPlace>
        Москва
       </pubPlace>
       <publisher>
        Государственное издательство «Художественная литература»
       </publisher>
       <date when="1938"/>
      </imprint>
      <biblScope unit="vol">
       83
      </biblScope>
      <biblScope unit="page">
       101-102
      </biblScope>
     </monogr>
     <series>
      <title level="s">
       Л. Н. Толстой. Полное собрание сочинений: в 90 тт.
      </title>
     </series>
    </biblStruct>
    <bibl/>
   </sourceDesc>
  </fileDesc>
  <encodingDesc>
   <classDecl>
    <xi:include href="../../reference/taxonomy.xml"/>
   </classDecl>
  </encodingDesc>
  <profileDesc>
   <correspDesc>
    <correspAction type="sending">
     <persName ref="13883">
      Л. Н. Толстой
     </persName>
     <placeName>
      Воин
     </placeName>
     <date when="1865-07-27"/>
    </correspAction>
    <correspAction type="receiving">
     <persName ref="13844">
      Толстая Софья Андреевна, рожд. Берс
     </persName>
    </correspAction>
   </correspDesc>
   <langUsage>
    <language ident="ru"/>
    <language ident="ru-petr1708"/>
   </langUsage>
   <textClass>
    <catRef ana="#tolstoy_heritage" target="library"/>
    <catRef ana="#letters" target="type"/>
    <catRef ana="#sent" target="sent"/>
   </textClass>
  </profileDesc>
 </teiHeader>
 <xenoData>
  <number type="in a volume">
   41
  </number>
 </xenoData>
 <text xml:id="iyulya27_41" xmlns="http://www.tei-c.org/ns/1.0" xmlns:xi="http://www.w3.org/2001/XInclude">
  <body>
   <div>
    <pb n="101"/>
    <opener index="false">
     41.1865 г. Июля 27. Воин.
    </opener>
    <p id="4deb0d03-a0ca-4794-9357-2d6460b7c31e">
     Соня! Поэтому ты можешь
     <choice>
      <reg>
       видеть
      </reg>
      <orig>
       видѣть
      </orig>
     </choice>
     , откуда я пишу.
     <ref target="#note1">
      1
     </ref>
     <note index="false" resp="volume_editor" xml:id="note1">
      В левом углу первой страницы почтового листа, на котором написано письмо Толстого, штемпель «Воин». Воин — имение Новосильцовых Орловской губернии в 13 верстах к юго-западу от Мценска.
     </note>
     <choice>
      <reg>
       Приехал
      </reg>
      <orig>
       Прiѣхалъ
      </orig>
     </choice>
     вчера поздно
     <choice>
      <reg>
       к
      </reg>
      <orig>
       къ
      </orig>
     </choice>
     <choice>
      <reg>
       <name placement="text" ref="9898" type="person">
        Новосильцевым
       </name>
      </reg>
      <orig>
       <name placement="text" ref="9898" type="person">
        Новосильцевымъ
       </name>
      </orig>
     </choice>
     <ref target="#note2">
      2
     </ref>
     <note index="false" resp="volume_editor" xml:id="note2">
      <name placement="text" ref="9898" type="person">
       Петр Петрович Новосильцов
      </name>
      (1797—1869), служил в молодости в кавалергардах, в 1838—1851 гг. московский вице-губернатор, в 1851—1858 гг. — рязанский губернатор. В 1866 г. состоял при Министерстве внутренних дел. Тайный советник. Первым браком женат на Мансуровой, вторым на Меропе Александровне Тимашевой-Беринг.
     </note>
     и
     <choice>
      <reg>
       всеми
      </reg>
      <orig>
       всѣми
      </orig>
     </choice>
     неправдами не
     <choice>
      <reg>
       мог
      </reg>
      <orig>
       могъ
      </orig>
     </choice>
     <choice>
      <reg>
       уехать
      </reg>
      <orig>
       уѣхать
      </orig>
     </choice>
     раньше
     <choice>
      <reg>
       нынешнего
      </reg>
      <orig>
       нынѣшняго
      </orig>
     </choice>
     дня, 2-го часа. —
    </p>
    <p id="19d9e1a2-3e93-45ac-99c0-2dcf150db5da">
     <choice>
      <reg>
       Старик
      </reg>
      <orig>
       Старикъ
      </orig>
     </choice>
     <choice>
      <reg>
       заговорил
      </reg>
      <orig>
       заговорилъ
      </orig>
     </choice>
     меня своими анекдотами и
     <choice>
      <reg>
       рассказами
      </reg>
      <orig>
       разсказами
      </orig>
     </choice>
     <choice>
      <reg>
       из
      </reg>
      <orig>
       изъ
      </orig>
     </choice>
     моего
     <choice>
      <reg>
       доброго
      </reg>
      <orig>
       добраго
      </orig>
     </choice>
     ,
     <choice>
      <reg>
       старого
      </reg>
      <orig>
       стараго
      </orig>
     </choice>
     времени 12 года.
     <choice>
      <reg>
       Сын
      </reg>
      <orig>
       Сынъ
      </orig>
     </choice>
     <ref target="#note3">
      3
     </ref>
     <note index="false" resp="volume_editor" xml:id="note3">
      <name placement="note" ref="9896" type="person">
       Иван Петрович Новосильцов
      </name>
      (1827—1890). В связи с поездками на охоту совместно с Толстым Т. А. Кузминская пишет: «С нами иногда ездили..... молодой Новосильцов, сосед более отдаленный, на
      <hi style="opdelimiter">
       кровной
      </hi>
      <hi style="npdelimiter">
       лошади,
      </hi>
      в элегантной охотничьей одежде, с французским языком и прелестным завтраком — пулярки, паштеты и проч., которые он сам резал на тонкие куски» («Моя жизнь дома и в Ясной поляне», III, стр. 82), О нем см. Фет «Мои воспоминания», II, стр. 233.
     </note>
     же
     <choice>
      <reg>
       замучил
      </reg>
      <orig>
       замучилъ
      </orig>
     </choice>
     меня, показывая свое хозяйство. Хозяйство и
     <choice>
      <reg>
       дом
      </reg>
      <orig>
       домъ
      </orig>
     </choice>
     <choice>
      <reg>
       диаметрально
      </reg>
      <orig>
       діаметрально
      </orig>
     </choice>
     <choice>
      <reg>
       противоположны
      </reg>
      <orig>
       противуположны
      </orig>
     </choice>
     хозяйству
     <choice>
      <reg>
       Баронов
      </reg>
      <orig>
       Бароновъ
      </orig>
     </choice>
     .
     <ref target="#note4">
      4
     </ref>
     <note index="false" resp="volume_editor" xml:id="note4">
      Бар.
      <name placement="note" ref="4269" type="person">
       Александр Антонович Дельвиг
      </name>
      (1818—1882), брат поэта
      <name placement="note" ref="4271" type="person">
       Антона Антоновича Дельвига
      </name>
      ; шт.-кап. гвардии, его жена — Хиония Александровна, рожд. Чапкина. С. А. Толстая была в гостях у Дельвигов 28 июля и писала о них Толстому: «Сейчас только приехала я от Дельвигов..... ничего не могу тебе рассказать о их вечере и гостях. Провинциальный сброд с бледными барышнями, с провинциальным львом в русском бархатном казакине и черных пу-де-суа панталонах. Совсем не весело и не смешно. Petits jeux скучные, шутки кавалеров глупые и не смешные; варенья разных сортов на блюдечках. Старички играли в карты, и дети мелькают кое-где и кое-когда в пестрых платьицах и панталончиках с оборочками. Только милы очень сами хозяева, т. е. веселая и действительно удивительно простая Фионочка и сам барон. Добродушные и в самом деле с отсутствием всякого тщеславия..... У баронов разные господа о тебе спрашивали, о твоем писательстве. “Туда же лезут рассуждать”, — подумала я несколько раз» (ПСТ, стр. 56—57). — О Дельвигах см. также у Т. А. Кузминской («Моя жизнь дома и в Ясной поляне», III, стр. 74—75.)
     </note>
     Все для изящества и
     <choice>
      <reg>
       тщеславия
      </reg>
      <orig>
       тщеславія
      </orig>
     </choice>
     : парки,
     <choice>
      <reg>
       беседки
      </reg>
      <orig>
       бесѣдки
      </orig>
     </choice>
     , пруды, point de vue,
     <ref target="#note5">
      5
     </ref>
     <note index="false" resp="volume_editor" xml:id="note5">
      <hi rend="italic">
       разные виды,
      </hi>
     </note>
     и очень хорошо. Но Ясная лучше. И можешь
     <choice>
      <reg>
       себе
      </reg>
      <orig>
       себѣ
      </orig>
     </choice>
     представить,
     <choice>
      <reg>
       вид
      </reg>
      <orig>
       видъ
      </orig>
     </choice>
     его хозяйства
     <choice>
      <reg>
       побудил
      </reg>
      <orig>
       побудилъ
      </orig>
     </choice>
     меня
     <choice>
      <reg>
       к
      </reg>
      <orig>
       къ
      </orig>
     </choice>
     тому, что ты любишь и желаешь, подчистить
     <choice>
      <reg>
       в
      </reg>
      <orig>
       въ
      </orig>
     </choice>
     Ясной. Нынче
     <choice>
      <reg>
       Бог
      </reg>
      <orig>
       Богъ
      </orig>
     </choice>
     <choice>
      <reg>
       знает
      </reg>
      <orig>
       знаетъ
      </orig>
     </choice>
     когда
     <choice>
      <reg>
       приеду
      </reg>
      <orig>
       прiѣду
      </orig>
     </choice>
     , но
     <choice>
      <reg>
       поеду
      </reg>
      <orig>
       поѣду
      </orig>
     </choice>
     , не останавливаясь. Лошадей отпускаю отсюда, потому что
     <choice>
      <reg>
       Барабан
      </reg>
      <orig>
       Барабанъ
      </orig>
     </choice>
     <ref target="#note6">
      6
     </ref>
     <note index="false" resp="volume_editor" xml:id="note6">
      «Старая лошадь, на которой мы много ездили» (п. С. А.). В ответном письме от 28 июля С. А. Толстая писала: «Барабан теперь опять поправился и стал есть корм, а то ты его таки уходил порядком».
     </note>
     <choice>
      <reg>
       захворал
      </reg>
      <orig>
       захворалъ
      </orig>
     </choice>
     .
     <choice>
      <reg>
       В
      </reg>
      <orig>
       Въ
      </orig>
     </choice>
     <choice>
      <reg>
       Орле
      </reg>
      <orig>
       Орлѣ
      </orig>
     </choice>
     все куплю. Я
     <choice>
      <reg>
       рад
      </reg>
      <orig>
       радъ
      </orig>
     </choice>
     , что
     <choice>
      <reg>
       этот
      </reg>
      <orig>
       этотъ
      </orig>
     </choice>
     день меня развлекли, а то дорогой
     <choice>
      <reg>
       мне
      </reg>
      <orig>
       мнѣ
      </orig>
     </choice>
     уже становилось за тебя страшно и грустно.
     <choice>
      <reg>
       Смешно
      </reg>
      <orig>
       Смѣшно
      </orig>
     </choice>
     сказать:
     <choice>
      <reg>
       как
      </reg>
      <orig>
       какъ
      </orig>
     </choice>
     <choice>
      <reg>
       выехал
      </reg>
      <orig>
       выѣхалъ
      </orig>
     </choice>
     ,
     <choice>
      <reg>
       так
      </reg>
      <orig>
       такъ
      </orig>
     </choice>
     <choice>
      <reg>
       почувствовал
      </reg>
      <orig>
       почувствовалъ
      </orig>
     </choice>
     ,
     <choice>
      <reg>
       как
      </reg>
      <orig>
       какъ
      </orig>
     </choice>
     страшно тебя оставлять. — Прощай, душенька, будь паинька и пиши.
     <ref target="#note7">
      7
     </ref>
     <note index="false" resp="volume_editor" xml:id="note7">
      С. А. Толстая писала в ответном письме от 28 июля: «Что же я ничего не пишу тебе о том, что нынче я получила утром твое милое письмо, милое оттого, что ты меня тоже пожалел оставлять, и что не мне одной было так больно и грустно, когда ты уезжал. Я этому очень обрадовалась, и письмо твое было такой радостью нынешнего дня, что я его везде с собой таскала и перечитывала. Я не удивилась, что ты у Новосильцовых задержался, рада, что ты отдохнул и рассеялся». (ПСТ, стр. 57.)
     </note>
     <choice>
      <reg>
       Петр
      </reg>
      <orig>
       Петръ
      </orig>
     </choice>
     <choice>
      <reg>
       Петрович
      </reg>
      <orig>
       Петровичъ
      </orig>
     </choice>
     <choice>
      <reg>
       тут
      </reg>
      <orig>
       тутъ
      </orig>
     </choice>
     <choice>
      <reg>
       ходит
      </reg>
      <orig>
       ходитъ
      </orig>
     </choice>
     , пока я пишу,
     <choice>
      <reg>
       мешает
      </reg>
      <orig>
       мѣшаетъ
      </orig>
     </choice>
     , и
     <choice>
      <reg>
       говорит
      </reg>
      <orig>
       говоритъ
      </orig>
     </choice>
     : «mettez moi aux pieds de la Comtesse»,
     <ref target="#note8">
      8
     </ref>
     <note index="false" resp="volume_editor" xml:id="note8">
      <hi rend="italic">
       повергните меня к стопам графини,
      </hi>
     </note>
     и т. д.
    </p>
    <p id="c8b1b746-e175-4c28-ac0d-e2bcbd90fbeb">
     Прощай.
    </p>
    <p id="78a99c44-d087-4a4e-9c1c-2b27c44d2968">
     27.
    </p>
    <p id="ec5df0eb-5779-4994-8115-8a45d8e0e3e2" rend="right">
     <name placement="text" ref="13883" type="person">
      Л. Толстой
     </name>
     .
    </p>
    <noteGrp type="comments">
     <note index="false" type="comments">
      <p id="c43f67e9-5348-4dd8-ad92-3a434080590f" rend="Textpetit_otstup left">
       Печатается по автографу, хранящемуся в АТБ. Впервые опубликовано по копии С. А. Толстой в ПЖ, стр. 43—44. Датируется на основании пометы Толстого в конце письма: «27» и ответного письма С. А. Толстой от 28 июля. В ПЖ датировано 27 июня.
      </p>
     </note>
    </noteGrp>
   </div>
  </body>
 </text>
</TEI>
