<?xml version="1.0" encoding="utf-8"?>
<TEI xmlns="http://www.tei-c.org/ns/1.0" xmlns:xi="http://www.w3.org/2001/XInclude">
 <teiHeader>
  <fileDesc>
   <titleStmt>
    <title xml:id="v83_256_a15">
     Письма и документы. Tolstoy Digital
    </title>
    <title type="main">
     Письмо С.А.Толстой от 15 ноября 1883 г.
    </title>
    <title type="bibl">
     Толстой Л. Н. Письмо С. А. Толстой, 15 ноября 1883 г. // Толстой Л. Н. Полное собрание сочинений: в 90 тт. Т. 83. М.: Гос. изд. «Художественная литература», 1938. С.
    </title>
    <respStmt>
     <resp>
      Идея, постановка задач, руководство:
     </resp>
     <name>
      Анастасия Бонч-Осмоловская, Фёкла Толстая, Борис Орехов, Тимофей Лукашевский
     </name>
    </respStmt>
    <respStmt>
     <resp>
      Подготовка TEI/XML:
     </resp>
     <name>
      Евгений Можаев, Даниил Скоринкин, Ирина Павлова, Матвей Колбасов, Елена Сидорова, Кирилл Милинцевич, Лев Буланов, Макар Федоров, Константин Петров
     </name>
    </respStmt>
    <respStmt>
     <resp>
      Подготовка метаданных:
     </resp>
     <name>
      Мария Картышева, Вероника Файнберг
     </name>
    </respStmt>
    <respStmt>
     <resp>
      Разметка имен собственных:
     </resp>
     <name>
      Никита Северин, Елена Северина
     </name>
    </respStmt>
    <respStmt>
     <resp>
      Исправление древнегреческого текста:
     </resp>
     <name>
      Ольга Алиева
     </name>
    </respStmt>
    <funder>
     Проект «Слово Толстого»
    </funder>
   </titleStmt>
   <publicationStmt>
    <publisher>
     <orgName>
      Tolstoy Digital, DH CLOUD, Научно-образовательный союз «Родное Слово» проект «Слово Толстого»
     </orgName>
    </publisher>
    <availability>
     <p id="99bdd3ac-674f-4d7e-9168-e85712345111">
      Тексты и метатекстовая разметка доступны для свободного использования и распространения по лицензии Creative Commons Attribution Share-Alike (cc by-sa)
     </p>
    </availability>
    <date from="2015" to="2022"/>
   </publicationStmt>
   <notesStmt>
    <note>
     Публикуемые документы был получены с сайта tolstoy.ru в формате html, переведены в формат TEI. Исправлены некоторые ошибки распознавания. Тексты, написанные в дореформенной орфографии, сопоставлены с их версиями в современной орфографии.
    </note>
   </notesStmt>
   <sourceDesc>
    <biblStruct>
     <analytic>
      <author>
       Толстой Лев Николаевич
      </author>
     </analytic>
     <monogr>
      <title level="m">
       Полное собрание сочинений. Том 83
      </title>
      <imprint>
       <pubPlace>
        Москва
       </pubPlace>
       <publisher>
        Государственное издательство «Художественная литература»
       </publisher>
       <date when="1938"/>
      </imprint>
      <biblScope unit="vol">
       83
      </biblScope>
      <biblScope unit="page">
       412-413
      </biblScope>
     </monogr>
     <series>
      <title level="s">
       Л. Н. Толстой. Полное собрание сочинений: в 90 тт.
      </title>
     </series>
    </biblStruct>
    <bibl/>
   </sourceDesc>
  </fileDesc>
  <encodingDesc>
   <classDecl>
    <xi:include href="../../reference/taxonomy.xml"/>
   </classDecl>
  </encodingDesc>
  <profileDesc>
   <correspDesc>
    <correspAction type="sending">
     <persName ref="13883">
      Л. Н. Толстой
     </persName>
     <placeName>
      Ясная Поляна
     </placeName>
     <date when="1883-11-15"/>
    </correspAction>
    <correspAction type="receiving">
     <persName ref="13844">
      Толстая Софья Андреевна, рожд. Берс
     </persName>
    </correspAction>
   </correspDesc>
   <langUsage>
    <language ident="ru"/>
    <language ident="ru-petr1708"/>
   </langUsage>
   <textClass>
    <catRef ana="#tolstoy_heritage" target="library"/>
    <catRef ana="#letters" target="type"/>
    <catRef ana="#sent" target="sent"/>
   </textClass>
  </profileDesc>
 </teiHeader>
 <xenoData>
  <number type="in a volume">
   256
  </number>
 </xenoData>
 <text xml:id="a15_256" xmlns="http://www.tei-c.org/ns/1.0" xmlns:xi="http://www.w3.org/2001/XInclude">
  <body>
   <div>
    <pb n="412"/>
    <opener index="false">
     256.1883 г. Ноября 15. Я. П.
    </opener>
    <p id="ccb406ef-94c6-4f8c-b098-ed3ba7971ca1">
     Нынче
     <choice>
      <reg>
       в
      </reg>
      <orig>
       въ
      </orig>
     </choice>
     первый
     <choice>
      <reg>
       раз
      </reg>
      <orig>
       разъ
      </orig>
     </choice>
     <choice>
      <reg>
       спал
      </reg>
      <orig>
       спалъ
      </orig>
     </choice>
     <choice>
      <reg>
       почеловечески
      </reg>
      <orig>
       почеловѣчески
      </orig>
     </choice>
     , и проснулся рано.
     <choice>
      <reg>
       Снег
      </reg>
      <orig>
       Снѣгъ
      </orig>
     </choice>
     <choice>
      <reg>
       шел
      </reg>
      <orig>
       шелъ
      </orig>
     </choice>
     все утро, и надежды не было на хорошую порошу, но я всетаки
     <choice>
      <reg>
       поехал
      </reg>
      <orig>
       поѣхалъ
      </orig>
     </choice>
     .
     <choice>
      <reg>
       Получил
      </reg>
      <orig>
       Получилъ
      </orig>
     </choice>
     <choice>
      <reg>
       утром
      </reg>
      <orig>
       утромъ
      </orig>
     </choice>
     твои два — за
     <choice>
      <reg>
       раз
      </reg>
      <orig>
       разъ
      </orig>
     </choice>
     , — оба
     <choice>
      <reg>
       хорошия
      </reg>
      <orig>
       хорошія
      </orig>
     </choice>
     письма
     <ref target="#note1">
      1
     </ref>
     <note index="false" resp="volume_editor" xml:id="note1">
      От 12 и 14 ноября. 12 ноября С. А. Толстая писала: «Нынче был чудный, морозный день, такой, в какие мы, бывало, на коньках по всему пруду катаемся. И так как я особенная мастерица грустить, то я опять до слез грустила о том,
      <hi>
       что
      </hi>
      прошло, чем, бывало, тяготилась и что теперь стало мило и дорого. А о себе думала, что если
      <hi>
       я
      </hi>
      прежде была не хороша, то какая же я теперь мерзость! И что если
      <hi>
       ты
      </hi>
      прежде был хорош, то насколько же ты теперь лучше!» (ПСТ, стр. 240).
     </note>
     и
     <choice>
      <reg>
       поехал
      </reg>
      <orig>
       поѣхалъ
      </orig>
     </choice>
     <choice>
      <reg>
       с
      </reg>
      <orig>
       съ
      </orig>
     </choice>
     <choice>
      <reg>
       более
      </reg>
      <orig>
       болѣе
      </orig>
     </choice>
     <choice>
      <reg>
       спокойным
      </reg>
      <orig>
       спокойнымъ
      </orig>
     </choice>
     <choice>
      <reg>
       духом
      </reg>
      <orig>
       духомъ
      </orig>
     </choice>
     . Пороши не было, но я всетаки
     <choice>
      <reg>
       нашел
      </reg>
      <orig>
       нашелъ
      </orig>
     </choice>
     <choice>
      <reg>
       3-х
      </reg>
      <orig>
       3-хъ
      </orig>
     </choice>
     <choice>
      <reg>
       зайцев
      </reg>
      <orig>
       зайцевъ
      </orig>
     </choice>
     ; но или
     <choice>
      <reg>
       от
      </reg>
      <orig>
       отъ
      </orig>
     </choice>
     того, что бойко, или
     <choice>
      <reg>
       от
      </reg>
      <orig>
       отъ
      </orig>
     </choice>
     того, что не задача, ни
     <choice>
      <reg>
       одного
      </reg>
      <orig>
       однаго
      </orig>
     </choice>
     не
     <choice>
      <reg>
       затравил
      </reg>
      <orig>
       затравилъ
      </orig>
     </choice>
     .
     <choice>
      <reg>
       Один
      </reg>
      <orig>
       Одинъ
      </orig>
     </choice>
     <choice>
      <reg>
       запищал
      </reg>
      <orig>
       запищалъ
      </orig>
     </choice>
     у
     <choice>
      <reg>
       молодого
      </reg>
      <orig>
       молодаго
      </orig>
     </choice>
     Спорта
     <choice>
      <reg>
       в
      </reg>
      <orig>
       въ
      </orig>
     </choice>
     <choice>
      <reg>
       зубах
      </reg>
      <orig>
       зубахъ
      </orig>
     </choice>
     ; но
     <choice>
      <reg>
       крик
      </reg>
      <orig>
       крикъ
      </orig>
     </choice>
     <choice>
      <reg>
       этот
      </reg>
      <orig>
       этотъ
      </orig>
     </choice>
     <choice>
      <reg>
       так
      </reg>
      <orig>
       такъ
      </orig>
     </choice>
     <choice>
      <reg>
       верно
      </reg>
      <orig>
       вѣрно
      </orig>
     </choice>
     <choice>
      <reg>
       удивил
      </reg>
      <orig>
       удивилъ
      </orig>
     </choice>
     его, что
     <choice>
      <reg>
       он
      </reg>
      <orig>
       онъ
      </orig>
     </choice>
     его
     <choice>
      <reg>
       выпустил
      </reg>
      <orig>
       выпустилъ
      </orig>
     </choice>
     , и
     <choice>
      <reg>
       он
      </reg>
      <orig>
       онъ
      </orig>
     </choice>
     <choice>
      <reg>
       ушел
      </reg>
      <orig>
       ушелъ
      </orig>
     </choice>
     . Но
     <choice>
      <reg>
       приятно
      </reg>
      <orig>
       пріятно
      </orig>
     </choice>
     <choice>
      <reg>
       устал
      </reg>
      <orig>
       усталъ
      </orig>
     </choice>
     ,
     <choice>
      <reg>
       проездив
      </reg>
      <orig>
       проѣздивъ
      </orig>
     </choice>
     <choice>
      <reg>
       от
      </reg>
      <orig>
       отъ
      </orig>
     </choice>
     8 до 5
     <choice>
      <reg>
       часов
      </reg>
      <orig>
       часовъ
      </orig>
     </choice>
     . Опять
     <choice>
      <reg>
       обедал
      </reg>
      <orig>
       обѣдалъ
      </orig>
     </choice>
     <choice>
      <reg>
       один
      </reg>
      <orig>
       одинъ
      </orig>
     </choice>
     , опять
     <choice original_editorial_correction="Аг[афья]">
      <sic>
       Аг
      </sic>
      <corr>
       <name placement="text" ref="101" type="person">
        Агафья
       </name>
      </corr>
     </choice>
     <choice original_editorial_correction="Мих[айловна]">
      <sic>
       <name placement="text" ref="101" type="person">
        Мих
       </name>
      </sic>
      <corr>
       <name placement="text" ref="101" type="person">
        Михайловна
       </name>
      </corr>
     </choice>
     , toujours avec un nouveau plaisir.
     <ref target="#note2">
      2
     </ref>
     <note index="false" resp="volume_editor" xml:id="note2">
      всегда с новым удовольствием.
     </note>
     <choice>
      <reg>
       Был
      </reg>
      <orig>
       Былъ
      </orig>
     </choice>
     еще
     <choice>
      <reg>
       Сергей
      </reg>
      <orig>
       Сергѣй
      </orig>
     </choice>
     .
     <ref target="#note3">
      3
     </ref>
     <note index="false" resp="volume_editor" xml:id="note3">
      С. П. Арбузов.
     </note>
     <choice>
      <reg>
       Он
      </reg>
      <orig>
       Онъ
      </orig>
     </choice>
     очень
     <choice>
      <reg>
       жалок
      </reg>
      <orig>
       жалокъ
      </orig>
     </choice>
     и
     <choice>
      <reg>
       смешен
      </reg>
      <orig>
       смѣшенъ
      </orig>
     </choice>
     ,
     <choice>
      <reg>
       как
      </reg>
      <orig>
       какъ
      </orig>
     </choice>
     <choice>
      <reg>
       смешны
      </reg>
      <orig>
       смѣшны
      </orig>
     </choice>
     <choice>
      <reg>
       бывают
      </reg>
      <orig>
       бываютъ
      </orig>
     </choice>
     <choice>
      <reg>
       сумашедшие
      </reg>
      <orig>
       сумашедшіе
      </orig>
     </choice>
     . Я боюсь, что
     <choice>
      <reg>
       он
      </reg>
      <orig>
       онъ
      </orig>
     </choice>
     не справится. Я
     <choice>
      <reg>
       советовал
      </reg>
      <orig>
       совѣтовалъ
      </orig>
     </choice>
     ему
     <choice>
      <reg>
       поместиться
      </reg>
      <orig>
       помѣститься
      </orig>
     </choice>
     <choice>
      <reg>
       в
      </reg>
      <orig>
       въ
      </orig>
     </choice>
     <choice>
      <reg>
       Туле
      </reg>
      <orig>
       Тулѣ
      </orig>
     </choice>
     <choice>
      <reg>
       в
      </reg>
      <orig>
       въ
      </orig>
     </choice>
     лакеи и порекомендую его
     <choice>
      <reg>
       к
      </reg>
      <orig>
       къ
      </orig>
     </choice>
     <choice>
      <reg>
       знакомым
      </reg>
      <orig>
       знакомымъ
      </orig>
     </choice>
     . —
     <choice>
      <reg>
       В
      </reg>
      <orig>
       Въ
      </orig>
     </choice>
     <choice>
      <reg>
       глазах
      </reg>
      <orig>
       глазахъ
      </orig>
     </choice>
     <choice>
      <reg>
       снег
      </reg>
      <orig>
       снѣгъ
      </orig>
     </choice>
     ,
     <choice>
      <reg>
       следы
      </reg>
      <orig>
       слѣды
      </orig>
     </choice>
     чуть видные,
     <choice>
      <reg>
       в
      </reg>
      <orig>
       въ
      </orig>
     </choice>
     <choice>
      <reg>
       ушах
      </reg>
      <orig>
       ушахъ
      </orig>
     </choice>
     <choice>
      <reg>
       голос
      </reg>
      <orig>
       голосъ
      </orig>
     </choice>
     <choice original_editorial_correction="Аг[афьи]">
      <sic>
       Аг
      </sic>
      <corr>
       <name placement="text" ref="101" type="person">
        Агафьи
       </name>
      </corr>
     </choice>
     <choice original_editorial_correction="Мих[айловны]">
      <sic>
       <name placement="text" ref="101" type="person">
        Мих
       </name>
      </sic>
      <corr>
       <name placement="text" ref="101" type="person">
        Михайловны
       </name>
      </corr>
     </choice>
     ,
     <choice>
      <reg>
       в
      </reg>
      <orig>
       въ
      </orig>
     </choice>
     <choice>
      <reg>
       голове
      </reg>
      <orig>
       головѣ
      </orig>
     </choice>
     пустота,
     <choice>
      <reg>
       в
      </reg>
      <orig>
       въ
      </orig>
     </choice>
     <choice>
      <reg>
       сердце
      </reg>
      <orig>
       сердцѣ
      </orig>
     </choice>
     бы полное
     <choice>
      <reg>
       спокойствие
      </reg>
      <orig>
       спокойствіе
      </orig>
     </choice>
     , если
     <choice>
      <reg>
       б
      </reg>
      <orig>
       бъ
      </orig>
     </choice>
     не
     <choice>
      <reg>
       беспокойство
      </reg>
      <orig>
       безпокойство
      </orig>
     </choice>
     о
     <choice>
      <reg>
       вас
      </reg>
      <orig>
       васъ
      </orig>
     </choice>
     .
    </p>
    <p id="d745458e-e289-41ad-ab3a-330a8032202a">
     <choice>
      <reg>
       Известие
      </reg>
      <orig>
       Извѣстіе
      </orig>
     </choice>
     о
     <choice>
      <reg>
       твоем
      </reg>
      <orig>
       твоемъ
      </orig>
     </choice>
     нездоровьи — подробности я очень
     <choice>
      <reg>
       рад
      </reg>
      <orig>
       радъ
      </orig>
     </choice>
     <choice>
      <reg>
       был
      </reg>
      <orig>
       былъ
      </orig>
     </choice>
     узнать. Если это
     <choice>
      <reg>
       так
      </reg>
      <orig>
       такъ
      </orig>
     </choice>
     , то ты должна быть не
     <choice>
      <reg>
       в
      </reg>
      <orig>
       въ
      </orig>
     </choice>
     <choice>
      <reg>
       нормальном
      </reg>
      <orig>
       нормальномъ
      </orig>
     </choice>
     <choice>
      <reg>
       состоянии
      </reg>
      <orig>
       состояніи
      </orig>
     </choice>
     . Я знаю, —
     <choice>
      <reg>
       слыхал
      </reg>
      <orig>
       слыхалъ
      </orig>
     </choice>
     , что это ужасно
     <choice>
      <reg>
       действует
      </reg>
      <orig>
       дѣйствуетъ
      </orig>
     </choice>
     на душу.
     <ref target="#note4">
      4
     </ref>
     <note index="false" resp="volume_editor" xml:id="note4">
      Новая беременность Александрой Львовной Толстой.
     </note>
     На счастье, что ты знаешь это. Душенька, если бы ты могла привыкнуть
     <choice>
      <reg>
       к
      </reg>
      <orig>
       къ
      </orig>
     </choice>
     той мысли,
     <choice>
      <reg>
       к
      </reg>
      <orig>
       къ
      </orig>
     </choice>
     которой мы
     <choice>
      <reg>
       все
      </reg>
      <orig>
       всѣ
      </orig>
     </choice>
     волей неволей
     <choice>
      <reg>
       привыкнем
      </reg>
      <orig>
       привыкнемъ
      </orig>
     </choice>
     , что мы физически никогда не
     <choice>
      <reg>
       в
      </reg>
      <orig>
       въ
      </orig>
     </choice>
     нашей власти, но за то нравственно всегда полная свобода и власть.
     <choice>
      <reg>
       Как
      </reg>
      <orig>
       Какъ
      </orig>
     </choice>
     легче жить, когда не то что поймешь это, — ты понимаешь, — но когда
     <choice>
      <reg>
       поверишь
      </reg>
      <orig>
       повѣришь
      </orig>
     </choice>
     и на
     <choice>
      <reg>
       деле
      </reg>
      <orig>
       дѣлѣ
      </orig>
     </choice>
     живешь
     <choice>
      <reg>
       так
      </reg>
      <orig>
       такъ
      </orig>
     </choice>
     .
    </p>
    <p id="0d46d9e2-923d-4e16-b263-e70c08f36497">
     Завтра
     <choice>
      <reg>
       будет
      </reg>
      <orig>
       будетъ
      </orig>
     </choice>
     настоящая пороша, я опять
     <choice>
      <reg>
       поеду
      </reg>
      <orig>
       поѣду
      </orig>
     </choice>
     , и
     <choice>
      <reg>
       послезавтра
      </reg>
      <orig>
       послѣзавтра
      </orig>
     </choice>
     буду
     <choice>
      <reg>
       с
      </reg>
      <orig>
       съ
      </orig>
     </choice>
     тобой, если
     <choice>
      <reg>
       жив
      </reg>
      <orig>
       живъ
      </orig>
     </choice>
     буду. Какой
     <choice>
      <reg>
       Кошелев
      </reg>
      <orig>
       Кошелевъ
      </orig>
     </choice>
     ?
     <ref target="#note5">
      5
     </ref>
     <note index="false" resp="volume_editor" xml:id="note5">
      С. А. Толстая писала 12 ноября: «сейчас пришел Саша Перфильев, кадет, и говорит, что Кошелев умер. Какой Кошелев — я не знаю, отец или сын. В газетах еще нет». Скончался 12 ноября
      <name placement="note" ref="7051" type="person">
       Александр Иванович Кошелев
      </name>
      (1806—1883), публицист, славянофил, общественный деятель.
     </note>
     Если это
     <choice>
      <reg>
       старик
      </reg>
      <orig>
       старикъ
      </orig>
     </choice>
     ,
     <choice original_editorial_correction="к[оторый]">
      <sic>
       к
      </sic>
      <corr>
       который
      </corr>
     </choice>
     <choice original_editorial_correction="б[ыл]">
      <sic>
       б
      </sic>
      <corr>
       <choice>
        <reg>
         был
        </reg>
        <orig>
         былъ
        </orig>
       </choice>
      </corr>
     </choice>
     у меня
     <choice>
      <reg>
       в
      </reg>
      <orig>
       въ
      </orig>
     </choice>
     день моего
     <choice>
      <reg>
       отъезда
      </reg>
      <orig>
       отъѣзда
      </orig>
     </choice>
     , то
     <choice>
      <reg>
       мне
      </reg>
      <orig>
       мнѣ
      </orig>
     </choice>
     это очень поразительно. —
     <choice>
      <reg>
       Он
      </reg>
      <orig>
       Онъ
      </orig>
     </choice>
     <choice>
      <reg>
       говорил
      </reg>
      <orig>
       говорилъ
      </orig>
     </choice>
     про политику, а я
     <choice>
      <reg>
       видел
      </reg>
      <orig>
       видѣлъ
      </orig>
     </choice>
     <choice>
      <reg>
       в
      </reg>
      <orig>
       въ
      </orig>
     </choice>
     <choice>
      <reg>
       нем
      </reg>
      <orig>
       немъ
      </orig>
     </choice>
     смерть.
    </p>
    <p id="64291b3a-c3f4-45e4-a3ef-ce20810ea1c1">
     Обнимаю тебя,
     <choice>
      <reg>
       поцелуй
      </reg>
      <orig>
       поцѣлуй
      </orig>
     </choice>
     <choice>
      <reg>
       детей
      </reg>
      <orig>
       дѣтей
      </orig>
     </choice>
     .
     <choice>
      <reg>
       Как
      </reg>
      <orig>
       Какъ
      </orig>
     </choice>
     бы хорошо было, коли бы ты перестала
     <choice>
      <reg>
       болеть
      </reg>
      <orig>
       болѣть
      </orig>
     </choice>
     ! —
    </p>
    <p id="8c073d59-1890-417b-839b-9e2ce112c7fe">
     11-й
     <choice>
      <reg>
       час
      </reg>
      <orig>
       часъ
      </orig>
     </choice>
     . Ложусь спать.
    </p>
    <lb/>
    <p id="4e8570cd-5073-4f9a-9180-9b06efa0256f">
     <hi>
      На конверте:
     </hi>
     Москва. Хамовники.
     <choice>
      <reg>
       Дом
      </reg>
      <orig>
       Домъ
      </orig>
     </choice>
     Гр.
     <choice>
      <reg>
       Толстого
      </reg>
      <orig>
       Толстаго
      </orig>
     </choice>
     .
     <choice>
      <reg>
       Графине
      </reg>
      <orig>
       Графинѣ
      </orig>
     </choice>
     <choice>
      <reg>
       Софье
      </reg>
      <orig>
       Софьѣ
      </orig>
     </choice>
     <choice>
      <reg>
       Андревне
      </reg>
      <orig>
       Андревнѣ
      </orig>
     </choice>
     <hi style="opdelimiter">
      Толстой.
     </hi>
    </p>
    <noteGrp type="comments">
     <note index="false" type="comments">
      <p id="ce9bae31-aacf-4264-b8f3-7ac2f2ca4abd" rend="Textpetit_otstup left">
       <pb n="413"/>
       <hi style="npdelimiter">
        Печатается
       </hi>
       по автографу, хранящемуся в АТБ. Впервые письмо опубликовано по копии, сделанной С. А. Толстой, в ПЖ, стр. 210—211. Датируется на основании почтовых штемпелей: «Почтовый вагон. 16 ноября 1883; Москва. 16 ноября 1883» и заключительных слов письма: «11-й час. Ложусь спать».
      </p>
     </note>
    </noteGrp>
   </div>
  </body>
 </text>
</TEI>
