<?xml version="1.0" encoding="utf-8"?>
<TEI xmlns="http://www.tei-c.org/ns/1.0" xmlns:xi="http://www.w3.org/2001/XInclude">
 <teiHeader>
  <fileDesc>
   <titleStmt>
    <title xml:id="v83_298_a19">
     Письма и документы. Tolstoy Digital
    </title>
    <title type="main">
     Письмо С.А.Толстой от 19 февраля 1885 г.
    </title>
    <title type="bibl">
     Толстой Л. Н. Письмо С. А. Толстой, 19 февраля 1885 г. // Толстой Л. Н. Полное собрание сочинений: в 90 тт. Т. 83. М.: Гос. изд. «Художественная литература», 1938. С.
    </title>
    <respStmt>
     <resp>
      Идея, постановка задач, руководство:
     </resp>
     <name>
      Анастасия Бонч-Осмоловская, Фёкла Толстая, Борис Орехов, Тимофей Лукашевский
     </name>
    </respStmt>
    <respStmt>
     <resp>
      Подготовка TEI/XML:
     </resp>
     <name>
      Евгений Можаев, Даниил Скоринкин, Ирина Павлова, Матвей Колбасов, Елена Сидорова, Кирилл Милинцевич, Лев Буланов, Макар Федоров, Константин Петров
     </name>
    </respStmt>
    <respStmt>
     <resp>
      Подготовка метаданных:
     </resp>
     <name>
      Мария Картышева, Вероника Файнберг
     </name>
    </respStmt>
    <respStmt>
     <resp>
      Разметка имен собственных:
     </resp>
     <name>
      Никита Северин, Елена Северина
     </name>
    </respStmt>
    <respStmt>
     <resp>
      Исправление древнегреческого текста:
     </resp>
     <name>
      Ольга Алиева
     </name>
    </respStmt>
    <funder>
     Проект «Слово Толстого»
    </funder>
   </titleStmt>
   <publicationStmt>
    <publisher>
     <orgName>
      Tolstoy Digital, DH CLOUD, Научно-образовательный союз «Родное Слово» проект «Слово Толстого»
     </orgName>
    </publisher>
    <availability>
     <p id="4a1a378b-537a-4b9b-a674-62de4df1f6eb">
      Тексты и метатекстовая разметка доступны для свободного использования и распространения по лицензии Creative Commons Attribution Share-Alike (cc by-sa)
     </p>
    </availability>
    <date from="2015" to="2022"/>
   </publicationStmt>
   <notesStmt>
    <note>
     Публикуемые документы был получены с сайта tolstoy.ru в формате html, переведены в формат TEI. Исправлены некоторые ошибки распознавания. Тексты, написанные в дореформенной орфографии, сопоставлены с их версиями в современной орфографии.
    </note>
   </notesStmt>
   <sourceDesc>
    <biblStruct>
     <analytic>
      <author>
       Толстой Лев Николаевич
      </author>
     </analytic>
     <monogr>
      <title level="m">
       Полное собрание сочинений. Том 83
      </title>
      <imprint>
       <pubPlace>
        Москва
       </pubPlace>
       <publisher>
        Государственное издательство «Художественная литература»
       </publisher>
       <date when="1938"/>
      </imprint>
      <biblScope unit="vol">
       83
      </biblScope>
      <biblScope unit="page">
       478-479
      </biblScope>
     </monogr>
     <series>
      <title level="s">
       Л. Н. Толстой. Полное собрание сочинений: в 90 тт.
      </title>
     </series>
    </biblStruct>
    <bibl/>
   </sourceDesc>
  </fileDesc>
  <encodingDesc>
   <classDecl>
    <xi:include href="../../reference/taxonomy.xml"/>
   </classDecl>
  </encodingDesc>
  <profileDesc>
   <correspDesc>
    <correspAction type="sending">
     <persName ref="13883">
      Л. Н. Толстой
     </persName>
     <placeName>
      Москва
     </placeName>
     <date when="1885-02-19"/>
    </correspAction>
    <correspAction type="receiving">
     <persName ref="13844">
      Толстая Софья Андреевна, рожд. Берс
     </persName>
    </correspAction>
   </correspDesc>
   <langUsage>
    <language ident="ru"/>
    <language ident="ru-petr1708"/>
   </langUsage>
   <textClass>
    <catRef ana="#tolstoy_heritage" target="library"/>
    <catRef ana="#letters" target="type"/>
    <catRef ana="#sent" target="sent"/>
   </textClass>
  </profileDesc>
 </teiHeader>
 <xenoData>
  <number type="in a volume">
   298
  </number>
 </xenoData>
 <text xml:id="a19_298" xmlns="http://www.tei-c.org/ns/1.0" xmlns:xi="http://www.w3.org/2001/XInclude">
  <body>
   <div>
    <pb n="478"/>
    <opener index="false">
     298.1885 г. Февраля 19. Москва.
    </opener>
    <p id="0201d197-4c47-4325-b3f7-bd919f91b072">
     Маша
     <ref target="#note1">
      1
     </ref>
     <note index="false" resp="volume_editor" xml:id="note1">
      Мария Львовна
      <hi style="opdelimiter">
       Толстая.
      </hi>
     </note>
     послала письмо прежде,
     <choice>
      <reg>
       чем
      </reg>
      <orig>
       чѣмъ
      </orig>
     </choice>
     мы
     <choice>
      <reg>
       свиделись
      </reg>
      <orig>
       свидѣлись
      </orig>
     </choice>
     . У
     <choice>
      <reg>
       нас
      </reg>
      <orig>
       насъ
      </orig>
     </choice>
     <choice>
      <reg>
       все
      </reg>
      <orig>
       всѣ
      </orig>
     </choice>
     здоровы,
     <choice>
      <reg>
       кроме
      </reg>
      <orig>
       кромѣ
      </orig>
     </choice>
     M-me Seuron, и у меня
     <choice>
      <reg>
       грипп
      </reg>
      <orig>
       гриппъ
      </orig>
     </choice>
     усилился. Я не выхожу. Несмотря на то, много
     <choice>
      <reg>
       работал
      </reg>
      <orig>
       работалъ
      </orig>
     </choice>
     вчера, еще и
     <choice>
      <reg>
       вечером
      </reg>
      <orig>
       вечеромъ
      </orig>
     </choice>
     .
     <choice>
      <reg>
       Вечер
      </reg>
      <orig>
       Вечеръ
      </orig>
     </choice>
     <choice>
      <reg>
       сидели
      </reg>
      <orig>
       сидѣли
      </orig>
     </choice>
     одни, и
     <choice>
      <reg>
       в
      </reg>
      <orig>
       въ
      </orig>
     </choice>
     12 все потушили. Кланяйся
     <choice>
      <reg>
       милым
      </reg>
      <orig>
       милымъ
      </orig>
     </choice>
     <choice>
      <reg>
       Кузминским
      </reg>
      <orig>
       Кузминскимъ
      </orig>
     </choice>
     <ref target="#note2">
      2
     </ref>
     <note index="false" resp="volume_editor" xml:id="note2">
      Семья Т. А. и A. M. Кузминских, у которых остановилась С. А. Толстая, поехавшая с дочерью в Петербург.
     </note>
     и пиши.
    </p>
    <p id="efa92b25-b7ed-4cab-99e3-15548d32339e" rend="right">
     <name placement="text" ref="13883" type="person">
      Л. Толстой
     </name>
     .
    </p>
    <lb/>
    <p id="692bd16d-13ac-4be2-a2d8-310626472a14">
     <hi>
      На обороте открытки:
     </hi>
     <choice>
      <reg>
       Петербург
      </reg>
      <orig>
       Петербургъ
      </orig>
     </choice>
     .
     <choice>
      <reg>
       Невский
      </reg>
      <orig>
       Невскій
      </orig>
     </choice>
     . 75. А. М. Кузминскому для передачи С. Толстой.
    </p>
    <noteGrp type="comments">
     <note index="false" type="comments">
      <p id="c1155b54-1eb3-4b1b-bec0-2893e8835527" rend="Textpetit_otstup left">
       Печатается по автографу, хранящемуся в АТБ. Открытое письмо. Впервые опубликовано по копии, сделанной С. А. Толстой, в ПЖ, стр. 252. Датируется на основании почтовых штемпелей: «Москва. 20 февраля. 1885; С. Петербург. 21 февраля 1885» и датировки следующего письма. В ПЖ датировано 21 февраля.
      </p>
     </note>
    </noteGrp>
   </div>
  </body>
 </text>
</TEI>
