<?xml version="1.0" encoding="utf-8"?>
<TEI xmlns="http://www.tei-c.org/ns/1.0" xmlns:xi="http://www.w3.org/2001/XInclude">
 <teiHeader>
  <fileDesc>
   <titleStmt>
    <title xml:id="v83_242_a20">
     Письма и документы. Tolstoy Digital
    </title>
    <title type="main">
     Письмо С.А.Толстой от 20 июня 1883 г.
    </title>
    <title type="bibl">
     Толстой Л. Н. Письмо С. А. Толстой, 20 июня 1883 г. // Толстой Л. Н. Полное собрание сочинений: в 90 тт. Т. 83. М.: Гос. изд. «Художественная литература», 1938. С.
    </title>
    <respStmt>
     <resp>
      Идея, постановка задач, руководство:
     </resp>
     <name>
      Анастасия Бонч-Осмоловская, Фёкла Толстая, Борис Орехов, Тимофей Лукашевский
     </name>
    </respStmt>
    <respStmt>
     <resp>
      Подготовка TEI/XML:
     </resp>
     <name>
      Евгений Можаев, Даниил Скоринкин, Ирина Павлова, Матвей Колбасов, Елена Сидорова, Кирилл Милинцевич, Лев Буланов, Макар Федоров, Константин Петров
     </name>
    </respStmt>
    <respStmt>
     <resp>
      Подготовка метаданных:
     </resp>
     <name>
      Мария Картышева, Вероника Файнберг
     </name>
    </respStmt>
    <respStmt>
     <resp>
      Разметка имен собственных:
     </resp>
     <name>
      Никита Северин, Елена Северина
     </name>
    </respStmt>
    <respStmt>
     <resp>
      Исправление древнегреческого текста:
     </resp>
     <name>
      Ольга Алиева
     </name>
    </respStmt>
    <funder>
     Проект «Слово Толстого»
    </funder>
   </titleStmt>
   <publicationStmt>
    <publisher>
     <orgName>
      Tolstoy Digital, DH CLOUD, Научно-образовательный союз «Родное Слово» проект «Слово Толстого»
     </orgName>
    </publisher>
    <availability>
     <p id="366d23d4-0e96-4e32-85fe-098df471c029">
      Тексты и метатекстовая разметка доступны для свободного использования и распространения по лицензии Creative Commons Attribution Share-Alike (cc by-sa)
     </p>
    </availability>
    <date from="2015" to="2022"/>
   </publicationStmt>
   <notesStmt>
    <note>
     Публикуемые документы был получены с сайта tolstoy.ru в формате html, переведены в формат TEI. Исправлены некоторые ошибки распознавания. Тексты, написанные в дореформенной орфографии, сопоставлены с их версиями в современной орфографии.
    </note>
   </notesStmt>
   <sourceDesc>
    <biblStruct>
     <analytic>
      <author>
       Толстой Лев Николаевич
      </author>
     </analytic>
     <monogr>
      <title level="m">
       Полное собрание сочинений. Том 83
      </title>
      <imprint>
       <pubPlace>
        Москва
       </pubPlace>
       <publisher>
        Государственное издательство «Художественная литература»
       </publisher>
       <date when="1938"/>
      </imprint>
      <biblScope unit="vol">
       83
      </biblScope>
      <biblScope unit="page">
       393-394
      </biblScope>
     </monogr>
     <series>
      <title level="s">
       Л. Н. Толстой. Полное собрание сочинений: в 90 тт.
      </title>
     </series>
    </biblStruct>
    <bibl/>
   </sourceDesc>
  </fileDesc>
  <encodingDesc>
   <classDecl>
    <xi:include href="../../reference/taxonomy.xml"/>
   </classDecl>
  </encodingDesc>
  <profileDesc>
   <correspDesc>
    <correspAction type="sending">
     <persName ref="13883">
      Л. Н. Толстой
     </persName>
     <placeName>
      Самарский хутор
     </placeName>
     <date when="1883-06-20"/>
    </correspAction>
    <correspAction type="receiving">
     <persName ref="13844">
      Толстая Софья Андреевна, рожд. Берс
     </persName>
    </correspAction>
   </correspDesc>
   <langUsage>
    <language ident="ru"/>
    <language ident="ru-petr1708"/>
   </langUsage>
   <textClass>
    <catRef ana="#tolstoy_heritage" target="library"/>
    <catRef ana="#letters" target="type"/>
    <catRef ana="#sent" target="sent"/>
   </textClass>
  </profileDesc>
 </teiHeader>
 <xenoData>
  <number type="in a volume">
   242
  </number>
 </xenoData>
 <text xml:id="a20_242" xmlns="http://www.tei-c.org/ns/1.0" xmlns:xi="http://www.w3.org/2001/XInclude">
  <body>
   <div>
    <pb n="393"/>
    <opener index="false">
     242.1883 г. Июня 20. Самарский хутор.
    </opener>
    <p id="c6f9ba29-3c77-4435-aab2-0c8a82d4d4b0" rend="right">
     <choice>
      <reg>
       Понедельник
      </reg>
      <orig>
       Понедѣльникъ
      </orig>
     </choice>
     —
     <choice>
      <reg>
       вечер
      </reg>
      <orig>
       вечеръ
      </orig>
     </choice>
     .
    </p>
    <p id="8e4ef481-c8fd-418f-a4e3-5e92b314a262">
     Сережа завтра
     <choice>
      <reg>
       едет
      </reg>
      <orig>
       ѣдетъ
      </orig>
     </choice>
     и
     <choice>
      <reg>
       свезет
      </reg>
      <orig>
       свезетъ
      </orig>
     </choice>
     это письмо,
     <choice>
      <reg>
       в
      </reg>
      <orig>
       въ
      </orig>
     </choice>
     Самару.
     <choice>
      <reg>
       Сам
      </reg>
      <orig>
       Самъ
      </orig>
     </choice>
     <choice>
      <reg>
       он
      </reg>
      <orig>
       онъ
      </orig>
     </choice>
     <choice>
      <reg>
       едет
      </reg>
      <orig>
       ѣдетъ
      </orig>
     </choice>
     на
     <choice>
      <reg>
       пароходе
      </reg>
      <orig>
       пароходѣ
      </orig>
     </choice>
     <choice>
      <reg>
       с
      </reg>
      <orig>
       съ
      </orig>
     </choice>
     четой
     <choice>
      <reg>
       Богоявленских
      </reg>
      <orig>
       Богоявленскихъ
      </orig>
     </choice>
     и
     <choice>
      <reg>
       с
      </reg>
      <orig>
       съ
      </orig>
     </choice>
     <choice original_editorial_correction="Ив[аном]">
      <sic>
       Ив
      </sic>
      <corr>
       <choice>
        <reg>
         <name placement="text" ref="5552" type="person">
          Иваном
         </name>
        </reg>
        <orig>
         <name placement="text" ref="5552" type="person">
          Иваномъ
         </name>
        </orig>
       </choice>
      </corr>
     </choice>
     <choice original_editorial_correction="Мих[айловичем]">
      <sic>
       <name placement="text" ref="5552" type="person">
        Мих
       </name>
      </sic>
      <corr>
       <choice>
        <reg>
         <name placement="text" ref="5552" type="person">
          Михайловичем
         </name>
        </reg>
        <orig>
         Михайловичемъ
        </orig>
       </choice>
      </corr>
     </choice>
     . —
     <choice>
      <reg>
       Последнее
      </reg>
      <orig>
       Послѣднее
      </orig>
     </choice>
     письмо мое
     <choice>
      <reg>
       к
      </reg>
      <orig>
       къ
      </orig>
     </choice>
     <choice>
      <reg>
       тебе
      </reg>
      <orig>
       тебѣ
      </orig>
     </choice>
     у меня на
     <choice>
      <reg>
       сердце
      </reg>
      <orig>
       сердцѣ
      </orig>
     </choice>
     .
     <choice>
      <reg>
       Может
      </reg>
      <orig>
       Можетъ
      </orig>
     </choice>
     быть, я
     <choice>
      <reg>
       был
      </reg>
      <orig>
       былъ
      </orig>
     </choice>
     <choice>
      <reg>
       в
      </reg>
      <orig>
       въ
      </orig>
     </choice>
     <choice>
      <reg>
       дурном
      </reg>
      <orig>
       дурномъ
      </orig>
     </choice>
     <choice>
      <reg>
       расположении
      </reg>
      <orig>
       расположеніи
      </orig>
     </choice>
     духа, когда
     <choice>
      <reg>
       писал
      </reg>
      <orig>
       писалъ
      </orig>
     </choice>
     . Во
     <choice>
      <reg>
       всяком
      </reg>
      <orig>
       всякомъ
      </orig>
     </choice>
     <choice>
      <reg>
       случае
      </reg>
      <orig>
       случаѣ
      </orig>
     </choice>
     не сердись на меня и не скучай, если только у тебя все хорошо.
     <choice>
      <reg>
       Совсем
      </reg>
      <orig>
       Совсѣмъ
      </orig>
     </choice>
     хорошо
     <choice>
      <reg>
       с
      </reg>
      <orig>
       съ
      </orig>
     </choice>
     такой большой семьей не
     <choice>
      <reg>
       может
      </reg>
      <orig>
       можетъ
      </orig>
     </choice>
     быть всегда; но если
     <choice>
      <reg>
       нет
      </reg>
      <orig>
       нѣтъ
      </orig>
     </choice>
     особенно
     <choice>
      <reg>
       дурного
      </reg>
      <orig>
       дурнаго
      </orig>
     </choice>
     .
     <choice>
      <reg>
       Последния
      </reg>
      <orig>
       Послѣднія
      </orig>
     </choice>
     письма твои
     <ref target="#note1">
      1
     </ref>
     <note index="false" resp="volume_editor" xml:id="note1">
      Вероятно имеется в виду письмо от 12 июня.
     </note>
     успокоили меня
     <choice>
      <reg>
       насчет
      </reg>
      <orig>
       насчетъ
      </orig>
     </choice>
     коклюша. Но справедливо ли? — Я все время
     <choice>
      <reg>
       был
      </reg>
      <orig>
       былъ
      </orig>
     </choice>
     очень
     <choice>
      <reg>
       здоров
      </reg>
      <orig>
       здоровъ
      </orig>
     </choice>
     ; но вчера
     <choice>
      <reg>
       расстроился
      </reg>
      <orig>
       разстроился
      </orig>
     </choice>
     <choice>
      <reg>
       желудком
      </reg>
      <orig>
       желудкомъ
      </orig>
     </choice>
     , и нынче опять поправился —
     <choice>
      <reg>
       без
      </reg>
      <orig>
       безъ
      </orig>
     </choice>
     <choice>
      <reg>
       всяких
      </reg>
      <orig>
       всякихъ
      </orig>
     </choice>
     <choice>
      <reg>
       лекарств
      </reg>
      <orig>
       лекарствъ
      </orig>
     </choice>
     . Скучно
     <choice>
      <reg>
       мне
      </reg>
      <orig>
       мнѣ
      </orig>
     </choice>
     <choice>
      <reg>
       без
      </reg>
      <orig>
       безъ
      </orig>
     </choice>
     тебя и
     <choice>
      <reg>
       всех
      </reg>
      <orig>
       всѣхъ
      </orig>
     </choice>
     <choice>
      <reg>
       наших
      </reg>
      <orig>
       нашихъ
      </orig>
     </choice>
     — мочи
     <choice>
      <reg>
       нет
      </reg>
      <orig>
       нѣтъ
      </orig>
     </choice>
     ; но
     <choice>
      <reg>
       потратив
      </reg>
      <orig>
       потративъ
      </orig>
     </choice>
     уже столько времени, надо кончить, и потому пробуду
     <choice>
      <reg>
       все
      </reg>
      <orig>
       всѣ
      </orig>
     </choice>
     5
     <choice>
      <reg>
       недель
      </reg>
      <orig>
       недѣль
      </orig>
     </choice>
     , т. е.
     <choice>
      <reg>
       выеду
      </reg>
      <orig>
       выѣду
      </orig>
     </choice>
     , если буду
     <choice>
      <reg>
       жив
      </reg>
      <orig>
       живъ
      </orig>
     </choice>
     , во
     <choice>
      <reg>
       вторник
      </reg>
      <orig>
       вторникъ
      </orig>
     </choice>
     , т.-е. 28, если не ошибаюсь.
     <choice>
      <reg>
       Сокращает
      </reg>
      <orig>
       Сокращаетъ
      </orig>
     </choice>
     <choice>
      <reg>
       мне
      </reg>
      <orig>
       мнѣ
      </orig>
     </choice>
     <choice>
      <reg>
       здесь
      </reg>
      <orig>
       здѣсь
      </orig>
     </choice>
     время — работа
     <choice>
      <reg>
       землемерства
      </reg>
      <orig>
       землемѣрства
      </orig>
     </choice>
     и хозяйство; и
     <choice>
      <reg>
       как
      </reg>
      <orig>
       какъ
      </orig>
     </choice>
     <choice>
      <reg>
       раз
      </reg>
      <orig>
       разъ
      </orig>
     </choice>
     <choice>
      <reg>
       к
      </reg>
      <orig>
       къ
      </orig>
     </choice>
     этому же времени и
     <choice>
      <reg>
       дела
      </reg>
      <orig>
       дѣла
      </orig>
     </choice>
     <choice>
      <reg>
       все
      </reg>
      <orig>
       всѣ
      </orig>
     </choice>
     кончу. Работа
     <choice>
      <reg>
       землемерства
      </reg>
      <orig>
       землемѣрства
      </orig>
     </choice>
     немного отрывала меня
     <choice>
      <reg>
       от
      </reg>
      <orig>
       отъ
      </orig>
     </choice>
     <choice>
      <reg>
       правильного
      </reg>
      <orig>
       правильнаго
      </orig>
     </choice>
     питья кумыса, и
     <choice>
      <reg>
       уж
      </reg>
      <orig>
       ужъ
      </orig>
     </choice>
     очень я изжегся на
     <choice>
      <reg>
       солнце
      </reg>
      <orig>
       солнцѣ
      </orig>
     </choice>
     ,
     <choice>
      <reg>
       так
      </reg>
      <orig>
       такъ
      </orig>
     </choice>
     что весь луплюсь; но эту
     <choice>
      <reg>
       последнюю
      </reg>
      <orig>
       послѣднюю
      </orig>
     </choice>
     <choice>
      <reg>
       неделю
      </reg>
      <orig>
       недѣлю
      </orig>
     </choice>
     хочу себя
     <ref target="#note2">
      2
     </ref>
     <note index="false" resp="volume_editor" xml:id="note2">
      <hi>
       В подлиннике:
      </hi>
      <choice>
       <reg>
        себе
       </reg>
       <orig>
        себѣ
       </orig>
      </choice>
      .
     </note>
     беречь. — Несмотря на скуку,
     <choice>
      <reg>
       впечатлений
      </reg>
      <orig>
       впечатлѣній
      </orig>
     </choice>
     я
     <choice>
      <reg>
       получил
      </reg>
      <orig>
       получилъ
      </orig>
     </choice>
     пропасть; но именно
     <choice>
      <reg>
       впечатлений
      </reg>
      <orig>
       впечатлѣній
      </orig>
     </choice>
     , а не мыслей. Мыслей
     <choice>
      <reg>
       нет
      </reg>
      <orig>
       нѣтъ
      </orig>
     </choice>
     . И не скажу, чтобы
     <choice>
      <reg>
       без
      </reg>
      <orig>
       безъ
      </orig>
     </choice>
     <choice>
      <reg>
       них
      </reg>
      <orig>
       нихъ
      </orig>
     </choice>
     было хорошо. Чувствуешь себя
     <choice>
      <reg>
       глупым
      </reg>
      <orig>
       глупымъ
      </orig>
     </choice>
     и
     <choice>
      <reg>
       дрянным
      </reg>
      <orig>
       дряннымъ
      </orig>
     </choice>
     . — Желаешь
     <choice>
      <reg>
       себе
      </reg>
      <orig>
       себѣ
      </orig>
     </choice>
     всего получше и боишься смерти и
     <choice>
      <reg>
       болезни
      </reg>
      <orig>
       болѣзни
      </orig>
     </choice>
     , А это все дурно. — Письмо это
     <choice>
      <reg>
       вероятно
      </reg>
      <orig>
       вѣроятно
      </orig>
     </choice>
     ты получишь незадолго до моего
     <choice>
      <reg>
       приезда
      </reg>
      <orig>
       прiѣзда
      </orig>
     </choice>
     и
     <choice>
      <reg>
       вместе
      </reg>
      <orig>
       вмѣстѣ
      </orig>
     </choice>
     <choice>
      <reg>
       с
      </reg>
      <orig>
       съ
      </orig>
     </choice>
     Сережей.
     <choice>
      <reg>
       Он
      </reg>
      <orig>
       Онъ
      </orig>
     </choice>
     хоть плохой
     <choice>
      <reg>
       рассказчик
      </reg>
      <orig>
       разсказчикъ
      </orig>
     </choice>
     , все таки
     <choice>
      <reg>
       расскажет
      </reg>
      <orig>
       разскажетъ
      </orig>
     </choice>
     все про меня и
     <choice>
      <reg>
       наших
      </reg>
      <orig>
       нашихъ
      </orig>
     </choice>
     жителей,
     <choice original_editorial_correction="кот[орые]">
      <sic>
       кот
      </sic>
      <corr>
       которые
      </corr>
     </choice>
     , я знаю, тебя
     <choice>
      <reg>
       тревожат
      </reg>
      <orig>
       тревожатъ
      </orig>
     </choice>
     — напрасно.
     <choice>
      <reg>
       Народ
      </reg>
      <orig>
       Народъ
      </orig>
     </choice>
     все добрый, но для
     <hi style="opdelimiter">
      меня
     </hi>
     <pb n="394"/>
     <hi style="npdelimiter">
      <choice>
       <reg>
        совсем
       </reg>
       <orig>
        совсѣмъ
       </orig>
      </choice>
     </hi>
     неинтересный. Все
     <choice>
      <reg>
       их
      </reg>
      <orig>
       ихъ
      </orig>
     </choice>
     <choice>
      <reg>
       миросозерцание
      </reg>
      <orig>
       міросозерцаніе
      </orig>
     </choice>
     <choice>
      <reg>
       мне
      </reg>
      <orig>
       мнѣ
      </orig>
     </choice>
     давно знакомо.
    </p>
    <p id="15830696-ef9f-499f-97aa-a9af5390191e">
     <choice>
      <reg>
       Хотел
      </reg>
      <orig>
       Хотѣлъ
      </orig>
     </choice>
     я
     <choice>
      <reg>
       с
      </reg>
      <orig>
       съ
      </orig>
     </choice>
     Сережей послать
     <choice>
      <reg>
       в
      </reg>
      <orig>
       въ
      </orig>
     </choice>
     Москву деньги, чтобы заплатить проценты за
     <choice>
      <reg>
       дом
      </reg>
      <orig>
       домъ
      </orig>
     </choice>
     . Да не помню
     <choice>
      <reg>
       срок
      </reg>
      <orig>
       срокъ
      </orig>
     </choice>
     , количество и боюсь ему поручить. —
    </p>
    <p id="1353dd35-687e-4771-94ad-b65cb1aff0a5">
     <choice>
      <reg>
       Денег
      </reg>
      <orig>
       Денегъ
      </orig>
     </choice>
     я привезу,
     <choice>
      <reg>
       вероятно
      </reg>
      <orig>
       вѣроятно
      </orig>
     </choice>
     около 1000 рублей
     <choice>
      <reg>
       с
      </reg>
      <orig>
       съ
      </orig>
     </choice>
     собою. Тогда
     <choice>
      <reg>
       пошлем
      </reg>
      <orig>
       пошлемъ
      </orig>
     </choice>
     . —
    </p>
    <p id="fc119879-3375-4103-a776-fc14804b2934">
     Посылаю
     <choice>
      <reg>
       с
      </reg>
      <orig>
       съ
      </orig>
     </choice>
     Сережей
     <choice>
      <reg>
       человека
      </reg>
      <orig>
       человѣка
      </orig>
     </choice>
     до Самары, чтобы
     <choice>
      <reg>
       он
      </reg>
      <orig>
       онъ
      </orig>
     </choice>
     <choice>
      <reg>
       привез
      </reg>
      <orig>
       привезъ
      </orig>
     </choice>
     <choice>
      <reg>
       мне
      </reg>
      <orig>
       мнѣ
      </orig>
     </choice>
     твои письма, и
     <choice>
      <reg>
       с
      </reg>
      <orig>
       съ
      </orig>
     </choice>
     <choice>
      <reg>
       большим
      </reg>
      <orig>
       большимъ
      </orig>
     </choice>
     <choice>
      <reg>
       волнением
      </reg>
      <orig>
       волненіемъ
      </orig>
     </choice>
     буду ждать
     <choice>
      <reg>
       их
      </reg>
      <orig>
       ихъ
      </orig>
     </choice>
     <choice>
      <reg>
       в
      </reg>
      <orig>
       въ
      </orig>
     </choice>
     <choice>
      <reg>
       четверг
      </reg>
      <orig>
       четвергъ
      </orig>
     </choice>
     . —
    </p>
    <p id="ba3605d8-4574-4254-a710-a3eed3ee1e76">
     Лошадей
     <choice>
      <reg>
       Сухотинских
      </reg>
      <orig>
       Сухотинскихъ
      </orig>
     </choice>
     и
     <choice>
      <reg>
       своих
      </reg>
      <orig>
       своихъ
      </orig>
     </choice>
     <choice>
      <reg>
       несколько
      </reg>
      <orig>
       нѣсколько
      </orig>
     </choice>
     все не
     <choice>
      <reg>
       успеваю
      </reg>
      <orig>
       успѣваю
      </orig>
     </choice>
     отправить. Должно быть, отправлю на этой
     <choice>
      <reg>
       неделе
      </reg>
      <orig>
       недѣлѣ
      </orig>
     </choice>
     . —
    </p>
    <p id="0e697e76-eaf7-49a5-8f62-14d2aa540a8c">
     Прощай, душенька.
     <choice>
      <reg>
       Слишком
      </reg>
      <orig>
       Слишкомъ
      </orig>
     </choice>
     много хочется сказать,
     <choice>
      <reg>
       от
      </reg>
      <orig>
       отъ
      </orig>
     </choice>
     этого не пишу.
     <choice>
      <reg>
       Целую
      </reg>
      <orig>
       Цѣлую
      </orig>
     </choice>
     <choice>
      <reg>
       всех
      </reg>
      <orig>
       всѣхъ
      </orig>
     </choice>
     . Напишу еще по
     <choice>
      <reg>
       получении
      </reg>
      <orig>
       полученіи
      </orig>
     </choice>
     <choice>
      <reg>
       твоих
      </reg>
      <orig>
       твоихъ
      </orig>
     </choice>
     . — Обнимаю
     <choice original_editorial_correction="те[бя]">
      <sic>
       те
      </sic>
      <corr>
       тебя
      </corr>
     </choice>
     .
    </p>
    <lb/>
    <p id="b2602562-324e-47f4-a560-de68757163c1">
     <hi>
      На конверте:
     </hi>
     Тула.
     <choice>
      <reg>
       Графине
      </reg>
      <orig>
       Графинѣ
      </orig>
     </choice>
     <choice>
      <reg>
       Софье
      </reg>
      <orig>
       Софьѣ
      </orig>
     </choice>
     <choice>
      <reg>
       Андревне
      </reg>
      <orig>
       Андревнѣ
      </orig>
     </choice>
     Толстой.
    </p>
    <noteGrp type="comments">
     <note index="false" type="comments">
      <p id="bbe87eb0-aaba-4bbd-b7ee-7612f3c856fa" rend="Textpetit_otstup left">
       Печатается по автографу, хранящемуся в АТБ. Впервые опубликовано по копии, сделанной С. А. Толстой, в ПЖ, стр. 198—199. Датируется на основании почтовых штемпелей: «Бузулук. 23 июнь. 1883; Тула. 26 июнь. 1883» и пометы Толстого «понедельник», который падал на 20 июня 1883 г.
      </p>
     </note>
    </noteGrp>
   </div>
  </body>
 </text>
</TEI>
