<?xml version="1.0" encoding="utf-8"?>
<TEI xmlns="http://www.tei-c.org/ns/1.0" xmlns:xi="http://www.w3.org/2001/XInclude">
 <teiHeader>
  <fileDesc>
   <titleStmt>
    <title xml:id="v83_016_a10ili11">
     Письма и документы. Tolstoy Digital
    </title>
    <title type="main">
     Письмо С.А.Толстой от 10 августа 1864 г.
    </title>
    <title type="bibl">
     Толстой Л. Н. Письмо С. А. Толстой, 10 августа 1864 г. // Толстой Л. Н. Полное собрание сочинений: в 90 тт. Т. 83. М.: Гос. изд. «Художественная литература», 1938. С.
    </title>
    <respStmt>
     <resp>
      Идея, постановка задач, руководство:
     </resp>
     <name>
      Анастасия Бонч-Осмоловская, Фёкла Толстая, Борис Орехов, Тимофей Лукашевский
     </name>
    </respStmt>
    <respStmt>
     <resp>
      Подготовка TEI/XML:
     </resp>
     <name>
      Евгений Можаев, Даниил Скоринкин, Ирина Павлова, Матвей Колбасов, Елена Сидорова, Кирилл Милинцевич, Лев Буланов, Макар Федоров, Константин Петров
     </name>
    </respStmt>
    <respStmt>
     <resp>
      Подготовка метаданных:
     </resp>
     <name>
      Мария Картышева, Вероника Файнберг
     </name>
    </respStmt>
    <respStmt>
     <resp>
      Разметка имен собственных:
     </resp>
     <name>
      Никита Северин, Елена Северина
     </name>
    </respStmt>
    <respStmt>
     <resp>
      Исправление древнегреческого текста:
     </resp>
     <name>
      Ольга Алиева
     </name>
    </respStmt>
    <funder>
     Проект «Слово Толстого»
    </funder>
   </titleStmt>
   <publicationStmt>
    <publisher>
     <orgName>
      Tolstoy Digital, DH CLOUD, Научно-образовательный союз «Родное Слово» проект «Слово Толстого»
     </orgName>
    </publisher>
    <availability>
     <p id="8be29ceb-0434-48f2-9843-3482b34491c2">
      Тексты и метатекстовая разметка доступны для свободного использования и распространения по лицензии Creative Commons Attribution Share-Alike (cc by-sa)
     </p>
    </availability>
    <date from="2015" to="2022"/>
   </publicationStmt>
   <notesStmt>
    <note>
     Публикуемые документы был получены с сайта tolstoy.ru в формате html, переведены в формат TEI. Исправлены некоторые ошибки распознавания. Тексты, написанные в дореформенной орфографии, сопоставлены с их версиями в современной орфографии.
    </note>
   </notesStmt>
   <sourceDesc>
    <biblStruct>
     <analytic>
      <author>
       Толстой Лев Николаевич
      </author>
     </analytic>
     <monogr>
      <title level="m">
       Полное собрание сочинений. Том 83
      </title>
      <imprint>
       <pubPlace>
        Москва
       </pubPlace>
       <publisher>
        Государственное издательство «Художественная литература»
       </publisher>
       <date when="1938"/>
      </imprint>
      <biblScope unit="vol">
       83
      </biblScope>
      <biblScope unit="page">
       43-45
      </biblScope>
     </monogr>
     <series>
      <title level="s">
       Л. Н. Толстой. Полное собрание сочинений: в 90 тт.
      </title>
     </series>
    </biblStruct>
    <bibl/>
   </sourceDesc>
  </fileDesc>
  <encodingDesc>
   <classDecl>
    <xi:include href="../../reference/taxonomy.xml"/>
   </classDecl>
  </encodingDesc>
  <profileDesc>
   <correspDesc>
    <correspAction type="sending">
     <persName ref="13883">
      Л. Н. Толстой
     </persName>
     <placeName>
      Новоселки
     </placeName>
     <date when="1864-08-10"/>
    </correspAction>
    <correspAction type="receiving">
     <persName ref="13844">
      Толстая Софья Андреевна, рожд. Берс
     </persName>
    </correspAction>
   </correspDesc>
   <langUsage>
    <language ident="ru"/>
    <language ident="ru-petr1708"/>
   </langUsage>
   <textClass>
    <catRef ana="#tolstoy_heritage" target="library"/>
    <catRef ana="#letters" target="type"/>
    <catRef ana="#sent" target="sent"/>
   </textClass>
  </profileDesc>
 </teiHeader>
 <xenoData>
  <number type="in a volume">
   16
  </number>
 </xenoData>
 <text xml:id="a10ili11_16" xmlns="http://www.tei-c.org/ns/1.0" xmlns:xi="http://www.w3.org/2001/XInclude">
  <body>
   <div>
    <pb n="43"/>
    <opener index="false">
     16.1864 г. Августа 10 или 11. Новоселки.
    </opener>
    <p id="d1b6b704-8ef3-487f-bad2-4213bef58a2a">
     <choice>
      <reg>
       Вот
      </reg>
      <orig>
       Вотъ
      </orig>
     </choice>
     опять
     <choice>
      <reg>
       вернейший
      </reg>
      <orig>
       вѣрнѣйшій
      </orig>
     </choice>
     случай.
     <choice>
      <reg>
       Фет
      </reg>
      <orig>
       Фетъ
      </orig>
     </choice>
     <choice>
      <reg>
       везет
      </reg>
      <orig>
       везетъ
      </orig>
     </choice>
     . Я вчера
     <choice>
      <reg>
       приехал
      </reg>
      <orig>
       прiѣхалъ
      </orig>
     </choice>
     <choice>
      <reg>
       в
      </reg>
      <orig>
       въ
      </orig>
     </choice>
     Никольское
     <choice>
      <reg>
       в
      </reg>
      <orig>
       въ
      </orig>
     </choice>
     8. Страшный
     <choice>
      <reg>
       там
      </reg>
      <orig>
       тамъ
      </orig>
     </choice>
     случай,
     <choice>
      <reg>
       поразивший
      </reg>
      <orig>
       поразившій
      </orig>
     </choice>
     меня ужасно.
     <ref target="#note1">
      1
     </ref>
     <note index="false" resp="volume_editor" xml:id="note1">
      Случай послужил Толстому темой для рассказа «Вредный воздух» («Азбука», кн. IV, 1872, стр. 73—76). По рассказу, в колодце было шесть аршин глубины.
     </note>
     Баба скотница упустила бадью
     <choice>
      <reg>
       в
      </reg>
      <orig>
       въ
      </orig>
     </choice>
     колодезь на
     <choice>
      <reg>
       конном
      </reg>
      <orig>
       конномъ
      </orig>
     </choice>
     <choice>
      <reg>
       дворе
      </reg>
      <orig>
       дворѣ
      </orig>
     </choice>
     . Колодезь всего 12
     <choice original_editorial_correction="арш[ин]">
      <sic>
       арш
      </sic>
      <corr>
       <choice>
        <reg>
         аршин
        </reg>
        <orig>
         аршинъ
        </orig>
       </choice>
      </corr>
     </choice>
     .
     <choice>
      <reg>
       Села
      </reg>
      <orig>
       Сѣла
      </orig>
     </choice>
     на палку и
     <choice>
      <reg>
       велела
      </reg>
      <orig>
       велѣла
      </orig>
     </choice>
     себя спустить мужику.
     <choice>
      <reg>
       Мужик
      </reg>
      <orig>
       Мужикъ
      </orig>
     </choice>
     староста,
     <choice>
      <reg>
       пчеловод
      </reg>
      <orig>
       пчеловодъ
      </orig>
     </choice>
     , единственный
     <choice>
      <reg>
       мне
      </reg>
      <orig>
       мнѣ
      </orig>
     </choice>
     знакомый и милый
     <choice>
      <reg>
       в
      </reg>
      <orig>
       въ
      </orig>
     </choice>
     <choice>
      <reg>
       Никольском
      </reg>
      <orig>
       Никольскомъ
      </orig>
     </choice>
     . Баба
     <choice>
      <reg>
       слезла
      </reg>
      <orig>
       слѣзла
      </orig>
     </choice>
     <choice>
      <reg>
       вниз
      </reg>
      <orig>
       внизъ
      </orig>
     </choice>
     и упала
     <choice>
      <reg>
       с
      </reg>
      <orig>
       съ
      </orig>
     </choice>
     палки.
     <choice>
      <reg>
       Мужик
      </reg>
      <orig>
       Мужикъ
      </orig>
     </choice>
     староста
     <choice>
      <reg>
       велел
      </reg>
      <orig>
       велѣлъ
      </orig>
     </choice>
     себя спустить.
     <choice>
      <reg>
       Долез
      </reg>
      <orig>
       Долѣзъ
      </orig>
     </choice>
     до половины,
     <choice>
      <reg>
       упал
      </reg>
      <orig>
       упалъ
      </orig>
     </choice>
     <choice>
      <reg>
       с
      </reg>
      <orig>
       съ
      </orig>
     </choice>
     палки
     <choice>
      <reg>
       вниз
      </reg>
      <orig>
       внизъ
      </orig>
     </choice>
     .
     <choice>
      <reg>
       Побежали
      </reg>
      <orig>
       Побѣжали
      </orig>
     </choice>
     за
     <choice>
      <reg>
       народом
      </reg>
      <orig>
       народомъ
      </orig>
     </choice>
     , вытащили
     <choice>
      <reg>
       через
      </reg>
      <orig>
       черезъ
      </orig>
     </choice>
     полчаса, оба мертвые.
     <choice>
      <reg>
       В
      </reg>
      <orig>
       Въ
      </orig>
     </choice>
     <choice>
      <reg>
       колодце
      </reg>
      <orig>
       колодцѣ
      </orig>
     </choice>
     было всего 3 четверти воды. Вчера хоронили.
     <choice>
      <reg>
       Спал
      </reg>
      <orig>
       Спалъ
      </orig>
     </choice>
     я скверно, мухи
     <choice>
      <reg>
       заели
      </reg>
      <orig>
       заѣли
      </orig>
     </choice>
     .
     <choice>
      <reg>
       Встал
      </reg>
      <orig>
       Всталъ
      </orig>
     </choice>
     <choice>
      <reg>
       в
      </reg>
      <orig>
       въ
      </orig>
     </choice>
     10 и
     <hi style="opdelimiter">
      <choice>
       <reg>
        получил
       </reg>
       <orig>
        получилъ
       </orig>
      </choice>
     </hi>
     <pb n="44"/>
     <hi style="npdelimiter">
      письмо,
     </hi>
     что
     <choice>
      <reg>
       Фет
      </reg>
      <orig>
       Фетъ
      </orig>
     </choice>
     <choice>
      <reg>
       тут
      </reg>
      <orig>
       тутъ
      </orig>
     </choice>
     и
     <choice>
      <reg>
       сейчас
      </reg>
      <orig>
       сейчасъ
      </orig>
     </choice>
     <choice>
      <reg>
       едет
      </reg>
      <orig>
       ѣдетъ
      </orig>
     </choice>
     . Я
     <choice>
      <reg>
       поехал
      </reg>
      <orig>
       поѣхалъ
      </orig>
     </choice>
     <choice>
      <reg>
       к
      </reg>
      <orig>
       къ
      </orig>
     </choice>
     <name placement="note" ref="1738" type="person">
      Борисову
     </name>
     <ref target="#note2">
      2
     </ref>
     <note index="false" resp="volume_editor" xml:id="note2">
      <name placement="note" ref="1738" type="person">
       Иван Петрович Борисов
      </name>
      (ум. 1871 г.), орловский помещик, приятель Фета и Тургенева, служил на Кавказе, близкий знакомый Толстого. Был женат на сестре Фета — Надежде Афанасьевне Шеншиной, сошедшей с ума. В письме к А. А. Толстой от октября 1859 г. Толстой так характеризовал Борисова: «Борисов — одно из самых милых, нежных, любящих и симпатических, и вместе почему-то возбуждающих сострадание существ, которых я когда-либо встречал в жизни. Маленький, с добрыми глазами, робкой улыбкой и нерешительными движениями, но несмотря на то, человек твердый и непоколебимый в деле справедливости и честности... Везде жил честно, в строгом смысле, что так редко при кадетском воспитании, везде был храбр и скромен... Он охотник» (т. 60). В архиве Фета сохранилось двенадцать писем Толстого к Борисову (ИЛИ). Борисов жил в имеиьи Новоселки в 6—8 верстах от Никольского.
     </note>
     и
     <choice>
      <reg>
       от
      </reg>
      <orig>
       отъ
      </orig>
     </choice>
     него пишу.
     <choice>
      <reg>
       Фет
      </reg>
      <orig>
       Фетъ
      </orig>
     </choice>
     <choice>
      <reg>
       болен
      </reg>
      <orig>
       боленъ
      </orig>
     </choice>
     и
     <choice>
      <reg>
       мрачен
      </reg>
      <orig>
       мраченъ
      </orig>
     </choice>
     . Не
     <choice>
      <reg>
       хочет
      </reg>
      <orig>
       хочетъ
      </orig>
     </choice>
     <choice>
      <reg>
       к
      </reg>
      <orig>
       къ
      </orig>
     </choice>
     <choice>
      <reg>
       нам
      </reg>
      <orig>
       намъ
      </orig>
     </choice>
     <choice>
      <reg>
       заехать
      </reg>
      <orig>
       заѣхать
      </orig>
     </choice>
     . Хозяйство
     <choice>
      <reg>
       в
      </reg>
      <orig>
       въ
      </orig>
     </choice>
     <choice>
      <reg>
       Никольском
      </reg>
      <orig>
       Никольскомъ
      </orig>
     </choice>
     превосходно, но урожай не
     <choice>
      <reg>
       слишком
      </reg>
      <orig>
       слишкомъ
      </orig>
     </choice>
     <choice>
      <reg>
       хорош
      </reg>
      <orig>
       хорошъ
      </orig>
     </choice>
     . Завтра я осмотрю земли
     <ref target="#note3">
      3
     </ref>
     <note index="false" resp="volume_editor" xml:id="note3">
      «Свои земли в Никольском» (н. п. С. А.)
     </note>
     и должно быть буду
     <choice>
      <reg>
       готов
      </reg>
      <orig>
       готовъ
      </orig>
     </choice>
     . — Грустно, что мы не могли пожить
     <choice>
      <reg>
       вместе
      </reg>
      <orig>
       вмѣстѣ
      </orig>
     </choice>
     <choice>
      <reg>
       в
      </reg>
      <orig>
       въ
      </orig>
     </choice>
     <choice>
      <reg>
       Никольском
      </reg>
      <orig>
       Никольскомъ
      </orig>
     </choice>
     .
     <choice>
      <reg>
       Фет
      </reg>
      <orig>
       Фетъ
      </orig>
     </choice>
     <choice>
      <reg>
       сидит
      </reg>
      <orig>
       сидитъ
      </orig>
     </choice>
     и
     <choice>
      <reg>
       чешет
      </reg>
      <orig>
       чешетъ
      </orig>
     </choice>
     каламбуры
     <choice>
      <reg>
       такие
      </reg>
      <orig>
       такіе
      </orig>
     </choice>
     , что
     <hi>
      страсть
     </hi>
     , и
     <choice>
      <reg>
       развлекает
      </reg>
      <orig>
       развлекаетъ
      </orig>
     </choice>
     .
     <choice>
      <reg>
       Борисов
      </reg>
      <orig>
       Борисовъ
      </orig>
     </choice>
     <choice>
      <reg>
       даст
      </reg>
      <orig>
       дастъ
      </orig>
     </choice>
     собаку. —
    </p>
    <p id="459a2b00-10dd-415c-8566-bcaddda1d109">
     Прощай, милая. Нынче посылаю
     <choice>
      <reg>
       в
      </reg>
      <orig>
       въ
      </orig>
     </choice>
     Чернь. Авось
     <choice>
      <reg>
       привезут
      </reg>
      <orig>
       привезутъ
      </orig>
     </choice>
     твое письмо. —
    </p>
    <p id="0434bc50-2c72-4a79-b6ce-59ad17b081f3">
     У Борисова пропасть
     <choice>
      <reg>
       слив
      </reg>
      <orig>
       сливъ
      </orig>
     </choice>
     , и
     <choice>
      <reg>
       Фет
      </reg>
      <orig>
       Фетъ
      </orig>
     </choice>
     <choice>
      <reg>
       говорит
      </reg>
      <orig>
       говоритъ
      </orig>
     </choice>
     , что
     <choice>
      <reg>
       здесь
      </reg>
      <orig>
       здѣсь
      </orig>
     </choice>
     <choice>
      <reg>
       живут
      </reg>
      <orig>
       живутъ
      </orig>
     </choice>
     <hi>
      и счастливы
     </hi>
     ища сливы. —
     <choice>
      <reg>
       Целую
      </reg>
      <orig>
       Цѣлую
      </orig>
     </choice>
     <choice>
      <reg>
       крепко
      </reg>
      <orig>
       крѣпко
      </orig>
     </choice>
     .
     <choice>
      <reg>
       Сереже
      </reg>
      <orig>
       Сережѣ
      </orig>
     </choice>
     : атàта,
     <ref target="#note4">
      4
     </ref>
     <note index="false" resp="volume_editor" xml:id="note4">
      Ударение Толстого
     </note>
     атата..
    </p>
    <p id="5f7c157f-3e6d-495f-9b38-833a386f93c2">
     10 Августа.
    </p>
    <noteGrp type="comments">
     <note index="false" type="comments">
      <p id="a427e2e6-928b-4a50-858e-a93c1f2f5d3c" rend="Textpetit_otstup left">
       Печатается по автографу, хранящемуся в АТБ. Отрывок письма опубликован в Б, II, стр. 16; путем ошибочного объединения этого отрывка с отрывком из первого письма от 9 августа (по книге Бирюкова), в ПТС, I, стр. 78—79 напечатано несуществующее отдельное письмо, продатированное августом 1864 г. Полностью письмо напечатано по копии, сделанной С. А. Толстой, в ПЖ, стр. 12. Датировка подлинника; однако, в виду фразы письма: «Я вчера приехал в Никольское» и написания предшествующего письма из Черни 9 августа, датируем: августа 10 или 11 (см. подробнее в примечании к предшествующему письму).
      </p>
     </note>
    </noteGrp>
   </div>
  </body>
 </text>
</TEI>
