<?xml version="1.0" encoding="utf-8"?>
<TEI xmlns="http://www.tei-c.org/ns/1.0" xmlns:xi="http://www.w3.org/2001/XInclude">
 <teiHeader>
  <fileDesc>
   <titleStmt>
    <title xml:id="v83_221_a18">
     Письма и документы. Tolstoy Digital
    </title>
    <title type="main">
     Письмо С.А.Толстой от 18 сентября 1882 г.
    </title>
    <title type="bibl">
     Толстой Л. Н. Письмо С. А. Толстой, 18 сентября 1882 г. // Толстой Л. Н. Полное собрание сочинений: в 90 тт. Т. 83. М.: Гос. изд. «Художественная литература», 1938. С.
    </title>
    <respStmt>
     <resp>
      Идея, постановка задач, руководство:
     </resp>
     <name>
      Анастасия Бонч-Осмоловская, Фёкла Толстая, Борис Орехов, Тимофей Лукашевский
     </name>
    </respStmt>
    <respStmt>
     <resp>
      Подготовка TEI/XML:
     </resp>
     <name>
      Евгений Можаев, Даниил Скоринкин, Ирина Павлова, Матвей Колбасов, Елена Сидорова, Кирилл Милинцевич, Лев Буланов, Макар Федоров, Константин Петров
     </name>
    </respStmt>
    <respStmt>
     <resp>
      Подготовка метаданных:
     </resp>
     <name>
      Мария Картышева, Вероника Файнберг
     </name>
    </respStmt>
    <respStmt>
     <resp>
      Разметка имен собственных:
     </resp>
     <name>
      Никита Северин, Елена Северина
     </name>
    </respStmt>
    <respStmt>
     <resp>
      Исправление древнегреческого текста:
     </resp>
     <name>
      Ольга Алиева
     </name>
    </respStmt>
    <funder>
     Проект «Слово Толстого»
    </funder>
   </titleStmt>
   <publicationStmt>
    <publisher>
     <orgName>
      Tolstoy Digital, DH CLOUD, Научно-образовательный союз «Родное Слово» проект «Слово Толстого»
     </orgName>
    </publisher>
    <availability>
     <p id="616c2ad3-9a36-465a-a991-ccfdf36d708f">
      Тексты и метатекстовая разметка доступны для свободного использования и распространения по лицензии Creative Commons Attribution Share-Alike (cc by-sa)
     </p>
    </availability>
    <date from="2015" to="2022"/>
   </publicationStmt>
   <notesStmt>
    <note>
     Публикуемые документы был получены с сайта tolstoy.ru в формате html, переведены в формат TEI. Исправлены некоторые ошибки распознавания. Тексты, написанные в дореформенной орфографии, сопоставлены с их версиями в современной орфографии.
    </note>
   </notesStmt>
   <sourceDesc>
    <biblStruct>
     <analytic>
      <author>
       Толстой Лев Николаевич
      </author>
     </analytic>
     <monogr>
      <title level="m">
       Полное собрание сочинений. Том 83
      </title>
      <imprint>
       <pubPlace>
        Москва
       </pubPlace>
       <publisher>
        Государственное издательство «Художественная литература»
       </publisher>
       <date when="1938"/>
      </imprint>
      <biblScope unit="vol">
       83
      </biblScope>
      <biblScope unit="page">
       360-361
      </biblScope>
     </monogr>
     <series>
      <title level="s">
       Л. Н. Толстой. Полное собрание сочинений: в 90 тт.
      </title>
     </series>
    </biblStruct>
    <bibl/>
   </sourceDesc>
  </fileDesc>
  <encodingDesc>
   <classDecl>
    <xi:include href="../../reference/taxonomy.xml"/>
   </classDecl>
  </encodingDesc>
  <profileDesc>
   <correspDesc>
    <correspAction type="sending">
     <persName ref="13883">
      Л. Н. Толстой
     </persName>
     <placeName>
      Москва
     </placeName>
     <date when="1882-09-18"/>
    </correspAction>
    <correspAction type="receiving">
     <persName ref="13844">
      Толстая Софья Андреевна, рожд. Берс
     </persName>
    </correspAction>
   </correspDesc>
   <langUsage>
    <language ident="ru"/>
    <language ident="ru-petr1708"/>
   </langUsage>
   <textClass>
    <catRef ana="#tolstoy_heritage" target="library"/>
    <catRef ana="#letters" target="type"/>
    <catRef ana="#sent" target="sent"/>
   </textClass>
  </profileDesc>
 </teiHeader>
 <xenoData>
  <number type="in a volume">
   221
  </number>
 </xenoData>
 <text xml:id="a18_221" xmlns="http://www.tei-c.org/ns/1.0" xmlns:xi="http://www.w3.org/2001/XInclude">
  <body>
   <div>
    <pb n="360"/>
    <opener index="false">
     221.1882 г. Сентября 18. Москва.
    </opener>
    <p id="05e3af9e-bcb4-482b-96cc-5dac0083540f" rend="right">
     <hi>
      18. Суббота, 2-й
      <choice>
       <reg>
        час
       </reg>
       <orig>
        часъ
       </orig>
      </choice>
      .
     </hi>
    </p>
    <p id="b6c2a4e2-d71f-4c8a-ba6b-bf591a91360d">
     Пишу
     <choice>
      <reg>
       от
      </reg>
      <orig>
       отъ
      </orig>
     </choice>
     Костиньки.
     <choice>
      <reg>
       Сейчас
      </reg>
      <orig>
       Сейчасъ
      </orig>
     </choice>
     <choice>
      <reg>
       пришел
      </reg>
      <orig>
       пришелъ
      </orig>
     </choice>
     <choice>
      <reg>
       к
      </reg>
      <orig>
       къ
      </orig>
     </choice>
     нему,
     <ref target="#note1">
      1
     </ref>
     <note index="false" resp="volume_editor" xml:id="note1">
      В редакцию «Московских ведомостей», что явствует из штампа почтового листа, на котором написано письмо.
     </note>
     и на дворъ Волк[онскаго дома], гдѣ укладываютъ мебель, а пришелъ въ восторгъ отъ квартиры, к[оторую] я нашелъ Сережѣ въ домѣ Роговичъ, квартира Вышеславцева,
     <ref target="#note2">
      2
     </ref>
     <note index="false" resp="volume_editor" xml:id="note2">
      <name placement="note" ref="2948" type="person">
       Петр Михайлович Вышеславцев
      </name>
      1-й, присяжный поверенный.
     </note>
     на 7
     <choice original_editorial_correction="м[есяцев]">
      <sic>
       м
      </sic>
      <corr>
       <choice>
        <reg>
         месяцев
        </reg>
        <orig>
         мѣсяцевъ
        </orig>
       </choice>
      </corr>
     </choice>
     , по 110 р.
     <choice>
      <reg>
       в
      </reg>
      <orig>
       въ
      </orig>
     </choice>
     <choice>
      <reg>
       месяц
      </reg>
      <orig>
       мѣсяцъ
      </orig>
     </choice>
     ,
     <ref target="#note3">
      3
     </ref>
     <note index="false" resp="volume_editor" xml:id="note3">
      <hi>
       В подлиннике:
      </hi>
      <choice>
       <reg>
        месяцев
       </reg>
       <orig>
        мѣсяцевъ
       </orig>
      </choice>
      . — Об этой квартире Толстой в тот же день написал брату С. Н. Толстому. См. письма 1882 г., т. 63, стр. 102. «В этой квартире и прожила зиму семья гр.
      <name placement="note" ref="13906" type="person">
       Сергея Николаевича Толстого
      </name>
      » (н. п. С. А.). См. также описание квартиры дочерью С. Н. Толстого, Марией Сергеевной Бибиковой (Юбилейный сборник «Лев Николаевич Толстой», ГИЗ. M.-Л. 1928, стр. 115).
     </note>
     чисто, тепло, роскошно. Я очень
     <choice>
      <reg>
       рад
      </reg>
      <orig>
       радъ
      </orig>
     </choice>
     , что
     <choice>
      <reg>
       мне
      </reg>
      <orig>
       мнѣ
      </orig>
     </choice>
     удалось. Нынче
     <choice>
      <reg>
       утром
      </reg>
      <orig>
       утромъ
      </orig>
     </choice>
     <choice>
      <reg>
       приехал
      </reg>
      <orig>
       прiѣхалъ
      </orig>
     </choice>
     Илюша, веселый, бодрый.
     <choice>
      <reg>
       Говорит
      </reg>
      <orig>
       Говоритъ
      </orig>
     </choice>
     , что выспался хорошо
     <choice>
      <reg>
       в
      </reg>
      <orig>
       въ
      </orig>
     </choice>
     <choice>
      <reg>
       вагоне
      </reg>
      <orig>
       вагонѣ
      </orig>
     </choice>
     . Я
     <choice>
      <reg>
       пошел
      </reg>
      <orig>
       пошелъ
      </orig>
     </choice>
     <choice>
      <reg>
       в
      </reg>
      <orig>
       въ
      </orig>
     </choice>
     <choice>
      <reg>
       гимназию
      </reg>
      <orig>
       гимназію
      </orig>
     </choice>
     ,
     <hi>
      4
     </hi>
     <choice>
      <reg>
       поговорил
      </reg>
      <orig>
       поговорилъ
      </orig>
     </choice>
     о
     <choice>
      <reg>
       нем
      </reg>
      <orig>
       немъ
      </orig>
     </choice>
     и
     <choice>
      <reg>
       объявил
      </reg>
      <orig>
       объявилъ
      </orig>
     </choice>
     Поливанову, что я Лелю оставлю дома. Вчера я
     <choice>
      <reg>
       целый
      </reg>
      <orig>
       цѣлый
      </orig>
     </choice>
     день
     <choice>
      <reg>
       бегал
      </reg>
      <orig>
       бѣгалъ
      </orig>
     </choice>
     по
     <hi style="opdelimiter">
      <choice>
       <reg>
        квартирам
       </reg>
       <orig>
        квартирамъ
       </orig>
      </choice>
      ,
     </hi>
     <pb n="361"/>
     <hi style="npdelimiter">
      <choice>
       <reg>
        зашел
       </reg>
       <orig>
        зашелъ
       </orig>
      </choice>
     </hi>
     <choice>
      <reg>
       к
      </reg>
      <orig>
       къ
      </orig>
     </choice>
     <choice>
      <reg>
       Вариньке
      </reg>
      <orig>
       Варинькѣ
      </orig>
     </choice>
     ,
     <choice>
      <reg>
       где
      </reg>
      <orig>
       гдѣ
      </orig>
     </choice>
     <choice>
      <reg>
       обедали
      </reg>
      <orig>
       обѣдали
      </orig>
     </choice>
     Сережа и Леля, и оттуда
     <choice>
      <reg>
       пришел
      </reg>
      <orig>
       пришелъ
      </orig>
     </choice>
     домой, проголодался и
     <choice>
      <reg>
       наелся
      </reg>
      <orig>
       наѣлся
      </orig>
     </choice>
     борщу
     <choice>
      <reg>
       вчерашнего
      </reg>
      <orig>
       вчерашняго
      </orig>
     </choice>
     <choice>
      <reg>
       так
      </reg>
      <orig>
       такъ
      </orig>
     </choice>
     плотно, что насилу поднялся идти
     <choice>
      <reg>
       к
      </reg>
      <orig>
       къ
      </orig>
     </choice>
     <choice>
      <reg>
       Олсуфьевым
      </reg>
      <orig>
       Олсуфьевымъ
      </orig>
     </choice>
     .
     <ref target="#note4">
      4
     </ref>
     <note index="false" resp="volume_editor" xml:id="note4">
      Гр.
      <name placement="note" ref="10169" type="person">
       Адам Васильевич Олсуфьев
      </name>
      .
     </note>
     У
     <choice original_editorial_correction="Олс[уфьевых]">
      <sic>
       Олс
      </sic>
      <corr>
       <choice>
        <reg>
         Олсуфьевых
        </reg>
        <orig>
         Олсуфьевыхъ
        </orig>
       </choice>
      </corr>
     </choice>
     <choice>
      <reg>
       был
      </reg>
      <orig>
       былъ
      </orig>
     </choice>
     <choice>
      <reg>
       Александр
      </reg>
      <orig>
       Александръ
      </orig>
     </choice>
     <choice>
      <reg>
       Олсуфьев
      </reg>
      <orig>
       Олсуфьевъ
      </orig>
     </choice>
     <ref target="#note5">
      5
     </ref>
     <note index="false" resp="volume_editor" xml:id="note5">
      Гр.
      <name placement="note" ref="10171" type="person">
       Александр Васильевич Олсуфьев
      </name>
      (1843—1907), брат Адама Васильевича. Впоследствии генерал-адъютант, помощник начальника императорской главной квартиры; с ним Толстой был в переписке. Прототип
      <hi style="opdelimiter">
       Богатырева.
      </hi>
     </note>
     <choice>
      <reg>
       с
      </reg>
      <orig>
       съ
      </orig>
     </choice>
     женой
     <ref target="#note6">
      6
     </ref>
     <note index="false" resp="volume_editor" xml:id="note6">
      Гр.
      <name placement="note" ref="10181" type="person">
       Екатерина Львовна Олсуфьева
      </name>
      (1847—1902), рожд. гр. Соллогуб, жена Александра Васильевича Олсуфьева с 1875 г.
     </note>
     и очень
     <choice>
      <reg>
       мне
      </reg>
      <orig>
       мнѣ
      </orig>
     </choice>
     понравился.
     <choice>
      <reg>
       Пришел
      </reg>
      <orig>
       Пришелъ
      </orig>
     </choice>
     домой
     <choice>
      <reg>
       с
      </reg>
      <orig>
       съ
      </orig>
     </choice>
     Сережей
     <choice>
      <reg>
       позднее
      </reg>
      <orig>
       позднѣе
      </orig>
     </choice>
     <choice>
      <reg>
       обыкновенного
      </reg>
      <orig>
       обыкновеннаго
      </orig>
     </choice>
     и
     <choice>
      <reg>
       спал
      </reg>
      <orig>
       спалъ
      </orig>
     </choice>
     дурно. — Твои письма
     <choice>
      <reg>
       радуют
      </reg>
      <orig>
       радуютъ
      </orig>
     </choice>
     меня.
     <choice>
      <reg>
       Место
      </reg>
      <orig>
       Мѣсто
      </orig>
     </choice>
     <choice>
      <reg>
       из
      </reg>
      <orig>
       изъ
      </orig>
     </choice>
     Сенеки
     <ref target="#note7">
      7
     </ref>
     <note index="false" resp="volume_editor" xml:id="note7">
      С. А. Толстая писала 15 сентября: «Когда все вечером спят, я иногда читаю Сенеку; мне не понравилось, что он, описывая “Colère”
      <hi rend="italic">
       “Гнев”
      </hi>
      , такое обращает внимание на внешность человека». — Толстой имеет в виду следующее место первой главы I книги трактата Сенеки «De ira», где описывается человек в состоянии гнева: «глаза его воспламеняются, сверкают, лицо становится пурпурового цвета, потому что кровь, отхлынувшая от сердца, начинает кипеть и бросаться в голову; губы дрожат, зубы стиснуты, волосы вздымаются, дыхание делается затрудненным и с присвистом, суставы его начинают скручиваться и хрустеть, он стонет, рычит, речь прерывается междометиями, руки судорожно сжимаются, ноги стучат о землю» и т. д.
     </note>
     я знаю и не
     <choice>
      <reg>
       согласен
      </reg>
      <orig>
       согласенъ
      </orig>
     </choice>
     . О
     <choice>
      <reg>
       моем
      </reg>
      <orig>
       моемъ
      </orig>
     </choice>
     <choice>
      <reg>
       душевном
      </reg>
      <orig>
       душевномъ
      </orig>
     </choice>
     <choice>
      <reg>
       состоянии
      </reg>
      <orig>
       состояніи
      </orig>
     </choice>
     трудно писать. Одно, что оно хорошее и спокойное. Лельку я хочу
     <choice>
      <reg>
       с
      </reg>
      <orig>
       съ
      </orig>
     </choice>
     собой привезти. Если ты не одобришь, — телеграфируй. Я
     <choice>
      <reg>
       в
      </reg>
      <orig>
       въ
      </orig>
     </choice>
     <choice>
      <reg>
       сомнении
      </reg>
      <orig>
       сомнѣніи
      </orig>
     </choice>
     : и хочется ему
     <choice>
      <reg>
       приятное
      </reg>
      <orig>
       пріятное
      </orig>
     </choice>
     <choice>
      <reg>
       сделать
      </reg>
      <orig>
       сдѣлать
      </orig>
     </choice>
     и не оставлять его, и чувствую, что это баловство. Я
     <choice>
      <reg>
       приеду
      </reg>
      <orig>
       прiѣду
      </orig>
     </choice>
     , если
     <choice original_editorial_correction="б[уду]">
      <sic>
       б
      </sic>
      <corr>
       буду
      </corr>
     </choice>
     <choice>
      <reg>
       жив
      </reg>
      <orig>
       живъ
      </orig>
     </choice>
     ,
     <choice>
      <reg>
       в
      </reg>
      <orig>
       въ
      </orig>
     </choice>
     <choice>
      <reg>
       понедельник
      </reg>
      <orig>
       понедѣльникъ
      </orig>
     </choice>
     <choice>
      <reg>
       с
      </reg>
      <orig>
       съ
      </orig>
     </choice>
     <choice>
      <reg>
       почтовым
      </reg>
      <orig>
       почтовымъ
      </orig>
     </choice>
     , стало быть, телеграфировать нечего.
    </p>
    <p id="f2ea1771-9c75-4559-b877-5844d0814a64">
     Ивана
     <choice>
      <reg>
       переменять
      </reg>
      <orig>
       перемѣнять
      </orig>
     </choice>
     я не
     <choice>
      <reg>
       советую
      </reg>
      <orig>
       совѣтую
      </orig>
     </choice>
     .
     <ref target="#note8">
      8
     </ref>
     <note index="false" resp="volume_editor" xml:id="note8">
      По поводу инцидента с Ильей Львовичем Толстым см. прим. 1 к письму № 215 от 13 сентября 1882 г.
     </note>
     <choice>
      <reg>
       Хорошего
      </reg>
      <orig>
       Хорошаго
      </orig>
     </choice>
     лакея
     <choice>
      <reg>
       в
      </reg>
      <orig>
       въ
      </orig>
     </choice>
     эту
     <choice>
      <reg>
       цену
      </reg>
      <orig>
       цѣну
      </orig>
     </choice>
     не найдешь. А если
     <choice>
      <reg>
       из
      </reg>
      <orig>
       изъ
      </orig>
     </choice>
     <choice>
      <reg>
       этого
      </reg>
      <orig>
       этаго
      </orig>
     </choice>
     <choice>
      <reg>
       низшего
      </reg>
      <orig>
       низшаго
      </orig>
     </choice>
     сорта лакей не
     <choice>
      <reg>
       пьет
      </reg>
      <orig>
       пьетъ
      </orig>
     </choice>
     и
     <choice>
      <reg>
       смирен
      </reg>
      <orig>
       смиренъ
      </orig>
     </choice>
     , и; то благо. — Таня
     <choice>
      <reg>
       верно
      </reg>
      <orig>
       вѣрно
      </orig>
     </choice>
     <choice>
      <reg>
       преследует
      </reg>
      <orig>
       преслѣдуетъ
      </orig>
     </choice>
     его. —
    </p>
    <p id="1157f669-8d76-43df-bca9-613ab02ec925">
     Ну, прощай, душенька,
     <choice>
      <reg>
       целую
      </reg>
      <orig>
       цѣлую
      </orig>
     </choice>
     тебя и
     <choice>
      <reg>
       детей
      </reg>
      <orig>
       дѣтей
      </orig>
     </choice>
     .
    </p>
    <lb/>
    <p id="e38bbd8a-935a-4c14-a19b-d59b69b3f8c8">
     <hi>
      На конверте:
     </hi>
     Тула. Е. С.
     <choice>
      <reg>
       Графине
      </reg>
      <orig>
       Графинѣ
      </orig>
     </choice>
     <choice>
      <reg>
       Софье
      </reg>
      <orig>
       Софьѣ
      </orig>
     </choice>
     <choice>
      <reg>
       Андревне
      </reg>
      <orig>
       Андревнѣ
      </orig>
     </choice>
     Толстой.
    </p>
    <noteGrp type="comments">
     <note index="false" type="comments">
      <p id="6e55168d-580f-4494-81eb-ae07484aa38e" rend="Textpetit_otstup left">
       Печатается по автографу, хранящемуся в АТБ. Впервые опубликовано по копии, сделанной С. А. Толстой, в ПЖ, стр. 178—179. Датируется на основании почтовых штемпелей: «Моск. почт. центр. отд. 18 сентября 1882; Тула 20 сентября 1882» и пометы Толстого «суббота», которая падала на 18 сентября 1882 г.
      </p>
     </note>
    </noteGrp>
   </div>
  </body>
 </text>
</TEI>
