<?xml version="1.0" encoding="utf-8"?>
<TEI xmlns="http://www.tei-c.org/ns/1.0" xmlns:xi="http://www.w3.org/2001/XInclude">
 <teiHeader>
  <fileDesc>
   <titleStmt>
    <title xml:id="v83_010_aprelya22_23">
     Письма и документы. Tolstoy Digital
    </title>
    <title type="main">
     Письмо С.А.Толстой с 22 апреля 1864 г. по 23 апреля 1864 г.
    </title>
    <title type="bibl">
     Толстой Л. Н. Письмо С. А. Толстой, 22 апреля 1864 г. — 23 апреля 1864 г. // Толстой Л. Н. Полное собрание сочинений: в 90 тт. Т. 83. М.: Гос. изд. «Художественная литература», 1938. С.
    </title>
    <respStmt>
     <resp>
      Идея, постановка задач, руководство:
     </resp>
     <name>
      Анастасия Бонч-Осмоловская, Фёкла Толстая, Борис Орехов, Тимофей Лукашевский
     </name>
    </respStmt>
    <respStmt>
     <resp>
      Подготовка TEI/XML:
     </resp>
     <name>
      Евгений Можаев, Даниил Скоринкин, Ирина Павлова, Матвей Колбасов, Елена Сидорова, Кирилл Милинцевич, Лев Буланов, Макар Федоров, Константин Петров
     </name>
    </respStmt>
    <respStmt>
     <resp>
      Подготовка метаданных:
     </resp>
     <name>
      Мария Картышева, Вероника Файнберг
     </name>
    </respStmt>
    <respStmt>
     <resp>
      Разметка имен собственных:
     </resp>
     <name>
      Никита Северин, Елена Северина
     </name>
    </respStmt>
    <respStmt>
     <resp>
      Исправление древнегреческого текста:
     </resp>
     <name>
      Ольга Алиева
     </name>
    </respStmt>
    <funder>
     Проект «Слово Толстого»
    </funder>
   </titleStmt>
   <publicationStmt>
    <publisher>
     <orgName>
      Tolstoy Digital, DH CLOUD, Научно-образовательный союз «Родное Слово» проект «Слово Толстого»
     </orgName>
    </publisher>
    <availability>
     <p id="e2f425cd-5316-4000-a879-f8b5fd0001bf">
      Тексты и метатекстовая разметка доступны для свободного использования и распространения по лицензии Creative Commons Attribution Share-Alike (cc by-sa)
     </p>
    </availability>
    <date from="2015" to="2022"/>
   </publicationStmt>
   <notesStmt>
    <note>
     Публикуемые документы был получены с сайта tolstoy.ru в формате html, переведены в формат TEI. Исправлены некоторые ошибки распознавания. Тексты, написанные в дореформенной орфографии, сопоставлены с их версиями в современной орфографии.
    </note>
   </notesStmt>
   <sourceDesc>
    <biblStruct>
     <analytic>
      <author>
       Толстой Лев Николаевич
      </author>
     </analytic>
     <monogr>
      <title level="m">
       Полное собрание сочинений. Том 83
      </title>
      <imprint>
       <pubPlace>
        Москва
       </pubPlace>
       <publisher>
        Государственное издательство «Художественная литература»
       </publisher>
       <date when="1938"/>
      </imprint>
      <biblScope unit="vol">
       83
      </biblScope>
      <biblScope unit="page">
       27-33
      </biblScope>
     </monogr>
     <series>
      <title level="s">
       Л. Н. Толстой. Полное собрание сочинений: в 90 тт.
      </title>
     </series>
    </biblStruct>
    <bibl/>
   </sourceDesc>
  </fileDesc>
  <encodingDesc>
   <classDecl>
    <xi:include href="../../reference/taxonomy.xml"/>
   </classDecl>
  </encodingDesc>
  <profileDesc>
   <correspDesc>
    <correspAction type="sending">
     <persName ref="13883">
      Л. Н. Толстой
     </persName>
     <placeName>
      Пирогово
     </placeName>
     <date notAfter="1864-04-23" notBefore="1864-04-22"/>
    </correspAction>
    <correspAction type="receiving">
     <persName ref="13844">
      Толстая Софья Андреевна, рожд. Берс
     </persName>
    </correspAction>
   </correspDesc>
   <langUsage>
    <language ident="ru"/>
    <language ident="ru-petr1708"/>
   </langUsage>
   <textClass>
    <catRef ana="#tolstoy_heritage" target="library"/>
    <catRef ana="#letters" target="type"/>
    <catRef ana="#sent" target="sent"/>
   </textClass>
  </profileDesc>
 </teiHeader>
 <xenoData>
  <number type="in a volume">
   10
  </number>
 </xenoData>
 <text xml:id="aprelya22-23_10" xmlns="http://www.tei-c.org/ns/1.0" xmlns:xi="http://www.w3.org/2001/XInclude">
  <body>
   <div>
    <pb n="27"/>
    <opener index="false">
     10.1864 г. Апрель 22—23. Пирогово.
    </opener>
    <p id="8b84fa4c-8cdd-4a72-ac01-84028445531e" rend="right">
     22.10 час.
    </p>
    <p id="883338c2-71cd-4c32-8658-76a63ed3a791">
     <choice>
      <reg>
       Приехали
      </reg>
      <orig>
       Прiѣхали
      </orig>
     </choice>
     мы отлично, ничто не рвалось, не ломалось, и Саша
     <ref target="#note1">
      1
     </ref>
     <note index="false" resp="volume_editor" xml:id="note1">
      Александр Андреевич Берс (1845—1918), брат
      <name placement="note" ref="13844" type="person">
       Софьи Андреевны
      </name>
      . Воспитывался в Московском кадетском корпусе, который окончил в 1863 г., служил в Преображенском полку, позднее был градоначальником Батума. В 1880-х и 1890-х гг. — Орловский вице-губернатор, затем член совета Московского Земельного банка. Был женат на кж. Патти (Матроне) Дмитриевне Эристовой, с которой развелся, и в январе 1887 г. женился на Анне Александровне Митрофановой. — Толстой подчеркнул во фразе об А. А. Берсе, что он остался
      <hi style="opdelimiter">
       доволен
      </hi>
      <hi style="npdelimiter">
       <lb/>
      </hi>
      <hi>
       сиденьем,
      </hi>
      имея в виду прибаутку, которая была ходовой в семье Берсов: «Сиденье беспокойное, кислота завелась».
     </note>
     остался
     <choice>
      <reg>
       доволен
      </reg>
      <orig>
       доволенъ
      </orig>
     </choice>
     <hi>
      <choice>
       <reg>
        сидѣньем
       </reg>
       <orig>
        сидѣньемъ
       </orig>
      </choice>
      .
     </hi>
     <choice>
      <reg>
       В
      </reg>
      <orig>
       Въ
      </orig>
     </choice>
     <choice>
      <reg>
       Пирогове
      </reg>
      <orig>
       Пироговѣ
      </orig>
     </choice>
     <ref target="#note2">
      2
     </ref>
     <note index="false" resp="volume_editor" xml:id="note2">
      Имение Крапивенского уезда, Тульской губернии в 32 верстах от Ясной поляны. Принадлежало раньше троюродному дяде Толстого,
      <name placement="note" ref="13625" type="person">
       Александру Алексеевичу Темяшеву
      </name>
      , давало дохода в год до 70 тысяч рублей. В 1837 г. Темяшев фиктивно запродал
      <name placement="note" ref="13890" type="person">
       Николаю Ильичу
      </name>
      Толстому Пирогово, причем последний выдал векселя на сумму 200 тысяч рублей, остальные 300 т. р. ассигнациями другим путем зачислил, как частью якобы заплаченные наличными и частью переводом долга Темяшева на себя. В хлопотах по этому делу он и умер. По разделу 1847 г. между братьями Толстыми часть именья досталась
      <name placement="note" ref="13835" type="person">
       Марии Николаевне Толстой
      </name>
      , другою частью владел Сергей Николаевич Толстой.
     </note>
     прежде,
     <choice>
      <reg>
       чем
      </reg>
      <orig>
       чѣмъ
      </orig>
     </choice>
     <choice>
      <reg>
       в
      </reg>
      <orig>
       въ
      </orig>
     </choice>
     <choice>
      <reg>
       дом
      </reg>
      <orig>
       домъ
      </orig>
     </choice>
     , вошли на конный
     <choice>
      <reg>
       двор
      </reg>
      <orig>
       дворъ
      </orig>
     </choice>
     и
     <choice>
      <reg>
       мне
      </reg>
      <orig>
       мнѣ
      </orig>
     </choice>
     <choice>
      <reg>
       так
      </reg>
      <orig>
       такъ
      </orig>
     </choice>
     грустно стало —
     <hi>
      страсть
     </hi>
     ! глядя на конюшни, прежде
     <choice>
      <reg>
       полные
      </reg>
      <orig>
       полныя
      </orig>
     </choice>
     тысячными лошадьми и теперь
     <choice>
      <reg>
       пустые
      </reg>
      <orig>
       пустыя
      </orig>
     </choice>
     или
     <choice>
      <reg>
       заставленные
      </reg>
      <orig>
       заставленныя
      </orig>
     </choice>
     одрами. — Я 4 года не
     <choice>
      <reg>
       был
      </reg>
      <orig>
       былъ
      </orig>
     </choice>
     <choice>
      <reg>
       в
      </reg>
      <orig>
       въ
      </orig>
     </choice>
     <choice>
      <reg>
       Пирогове
      </reg>
      <orig>
       Пироговѣ
      </orig>
     </choice>
     , и ужасно грустно
     <choice>
      <reg>
       после
      </reg>
      <orig>
       послѣ
      </orig>
     </choice>
     всего
     <choice>
      <reg>
       прежнего
      </reg>
      <orig>
       прежняго
      </orig>
     </choice>
     <choice>
      <reg>
       изобилия
      </reg>
      <orig>
       изобилія
      </orig>
     </choice>
     и богатства
     <choice>
      <reg>
       видеть
      </reg>
      <orig>
       видѣть
      </orig>
     </choice>
     мерзость
     <choice>
      <reg>
       запустения
      </reg>
      <orig>
       запустѣнія
      </orig>
     </choice>
     и среди
     <choice>
      <reg>
       запустения
      </reg>
      <orig>
       запустѣнія
      </orig>
     </choice>
     городской
     <choice>
      <reg>
       домик
      </reg>
      <orig>
       домикъ
      </orig>
     </choice>
     <choice>
      <reg>
       с
      </reg>
      <orig>
       съ
      </orig>
     </choice>
     убитыми
     <choice>
      <reg>
       щебнем
      </reg>
      <orig>
       щебнемъ
      </orig>
     </choice>
     <choice>
      <reg>
       перед
      </reg>
      <orig>
       передъ
      </orig>
     </choice>
     окнами дорожками.
     <choice>
      <reg>
       Дом
      </reg>
      <orig>
       Домъ
      </orig>
     </choice>
     оказался
     <choice>
      <reg>
       нетоплен
      </reg>
      <orig>
       нетопленъ
      </orig>
     </choice>
     , и мы пошли (мы, я
     <choice>
      <reg>
       перезяб
      </reg>
      <orig>
       перезябъ
      </orig>
     </choice>
     , особенно на
     <choice>
      <reg>
       козлах
      </reg>
      <orig>
       козлахъ
      </orig>
     </choice>
     ) пошли к прикащику,
     <choice original_editorial_correction="к[отор]ый">
      <sic>
       кый
      </sic>
      <corr>
       который
      </corr>
     </choice>
     есть удивительно жалкой и
     <choice>
      <reg>
       смешной
      </reg>
      <orig>
       смѣшной
      </orig>
     </choice>
     dummer Junge,
     <ref target="#note3">
      3
     </ref>
     <note index="false" resp="volume_editor" xml:id="note3">
      <hi rend="italic">
       дурачек
      </hi>
     </note>
     <choice>
      <reg>
       как
      </reg>
      <orig>
       какъ
      </orig>
     </choice>
     я и
     <choice>
      <reg>
       объявил
      </reg>
      <orig>
       объявилъ
      </orig>
     </choice>
     Келлеру.
     <ref target="#note4">
      4
     </ref>
     <note index="false" resp="volume_editor" xml:id="note4">
      Густав Федорович Келлер, немец, приглашенный в Яснополянскую школу Толстым во время его путешествия по Германии. В 1864 г. служил у гр. С. Н. Толстого в качестве воспитателя его сына,
      <name placement="note" ref="13864" type="person">
       Григория Сергеевича
      </name>
      . Впоследствии учитель немецкого языка в Тульской гимназии. Подробнее см. т. 8, стр. 508—509.
     </note>
     <choice>
      <reg>
       В
      </reg>
      <orig>
       Въ
      </orig>
     </choice>
     <choice>
      <reg>
       хозяйстве
      </reg>
      <orig>
       хозяйствѣ
      </orig>
     </choice>
     Сережи
     <ref target="#note5">
      5
     </ref>
     <note index="false" resp="volume_editor" xml:id="note5">
      Сергей Николаевич Толстой (р. 17 февраля 1826 г., ум. 23 августа 1904 г.), брат Толстого, с которым всю жизнь он был очень близок и находился в постоянной переписке. Сохранилось около 175 писем Толстого к брату. Учился в Казанском университете, откуда выбыл в 1847 г. С. Н. Толстой был женат с 7 июня 1867 г. на цыганке
      <name placement="note" ref="13833" type="person">
       Марии Михайловне Шишкиной
      </name>
      (1829—1919), прожив с ней восемнадцать лет до венчания. В своих «Воспоминаниях», написанных в год смерти С. Н. Толстого, Толстой так говорит о брате: «Сережей я восхищался и подражал ему, любил его, хотел быть им. Я восхищался его красивой наружностью, его пением (он всегда пел), его рисованием, его веселием и в особенности, как ни странно это сказать, его непосредственностью, эгоизмом..... На днях он умер, и в предсмертной болезни и умирая, он был так же непостижим мне и так же дорог, как и в давнишние времена детства. В старости, в последнее время, он больше любил меня, дорожил моей привязанностью, гордился мною, желал быть со мной согласен, но не мог и оставался таким, каким был: совсем особенным, самим собою, красивым, породистым, гордым и, главное, до такой степени правдивым и искренним человеком, какого я никогда не встречал» (т. 35). Илья Львович Толстой так вспоминает о Сергее Николаевиче Толстом: «В нем особенно ярко проявлялась семейная черта, свойственная отчасти и моему отцу
      <hi rend="italic">
       т. е. Л. Н. Толстому
      </hi>
      — это страшная сдержанность в выражении сердечной нежности, скрываемой часто под личиной равнодушия, а иногда даже неожиданной резкости. Зато в смысле сарказма и остроумия он был необычайно самобытен» («Мои воспоминания», изд. Сытина, М. 1914, стр. 119).
     </note>
     <choice>
      <reg>
       мне
      </reg>
      <orig>
       мнѣ
      </orig>
     </choice>
     <choice>
      <reg>
       делать
      </reg>
      <orig>
       дѣлать
      </orig>
     </choice>
     нечего, хотя я чувствую, что и одной внушительной болтовней
     <choice>
      <reg>
       с
      </reg>
      <orig>
       съ
      </orig>
     </choice>
     Старостой и
     <choice>
      <reg>
       Прикащиком
      </reg>
      <orig>
       Прикащикомъ
      </orig>
     </choice>
     я не
     <choice>
      <reg>
       бесполезен
      </reg>
      <orig>
       безполезенъ
      </orig>
     </choice>
     .
     <choice>
      <reg>
       Сейчас
      </reg>
      <orig>
       Сейчасъ
      </orig>
     </choice>
     <choice>
      <reg>
       сделал
      </reg>
      <orig>
       сдѣлалъ
      </orig>
     </choice>
     ошибку. Загнали скотину крестьянскую, и
     <choice>
      <reg>
       один
      </reg>
      <orig>
       одинъ
      </orig>
     </choice>
     <choice>
      <reg>
       мужик
      </reg>
      <orig>
       мужикъ
      </orig>
     </choice>
     самовольно
     <choice>
      <reg>
       увел
      </reg>
      <orig>
       увелъ
      </orig>
     </choice>
     , я его
     <choice>
      <reg>
       напугал
      </reg>
      <orig>
       напугалъ
      </orig>
     </choice>
     , и
     <choice>
      <reg>
       он
      </reg>
      <orig>
       онъ
      </orig>
     </choice>
     <choice>
      <reg>
       пришел
      </reg>
      <orig>
       пришелъ
      </orig>
     </choice>
     просить прощенья за это и
     <choice>
      <reg>
       он
      </reg>
      <orig>
       онъ
      </orig>
     </choice>
     <choice>
      <reg>
       без
      </reg>
      <orig>
       безъ
      </orig>
     </choice>
     носа и потому очень
     <choice>
      <reg>
       жалок
      </reg>
      <orig>
       жалокъ
      </orig>
     </choice>
     , и я его
     <choice>
      <reg>
       простил
      </reg>
      <orig>
       простилъ
      </orig>
     </choice>
     , не
     <choice>
      <reg>
       штраф
      </reg>
      <orig>
       штрафъ
      </orig>
     </choice>
     , но наказанье. И теперь раскаиваюсь. Саша
     <choice>
      <reg>
       с
      </reg>
      <orig>
       съ
      </orig>
     </choice>
     <choice>
      <reg>
       Келлером
      </reg>
      <orig>
       Келлеромъ
      </orig>
     </choice>
     пошли на тягу, а я сижу
     <choice>
      <reg>
       с
      </reg>
      <orig>
       съ
      </orig>
     </choice>
     <choice>
      <reg>
       попом
      </reg>
      <orig>
       попомъ
      </orig>
     </choice>
     , который
     <choice>
      <reg>
       говорит
      </reg>
      <orig>
       говоритъ
      </orig>
     </choice>
     , что
     <choice>
      <reg>
       мужик
      </reg>
      <orig>
       мужикъ
      </orig>
     </choice>
     <choice>
      <reg>
       этот
      </reg>
      <orig>
       этотъ
      </orig>
     </choice>
     <choice>
      <reg>
       потерял
      </reg>
      <orig>
       потерялъ
      </orig>
     </choice>
     <choice>
      <reg>
       нос
      </reg>
      <orig>
       носъ
      </orig>
     </choice>
     , ходя
     <hi>
      <choice>
       <reg>
        к
       </reg>
       <orig>
        къ
       </orig>
      </choice>
      <choice>
       <reg>
        аристократкам
       </reg>
       <orig>
        аристократкамъ
       </orig>
      </choice>
      .
     </hi>
     <choice>
      <reg>
       Есть
      </reg>
      <orig>
       Ѣсть
      </orig>
     </choice>
     <choice>
      <reg>
       нам
      </reg>
      <orig>
       намъ
      </orig>
     </choice>
     очень
     <choice>
      <reg>
       хотелось
      </reg>
      <orig>
       хотѣлось
      </orig>
     </choice>
     , но мы напились чаю, и Сережка
     <ref target="#note6">
      6
     </ref>
     <note index="false" resp="volume_editor" xml:id="note6">
      Сергей Петрович Арбузов (1849—1904), сын Петра Федоровича Арбузова, крепостного крестьянина П. А. Воейкова, помещика Крапивенского уезда, Тульской губернии, и няни Толстых — Марии Афанасьевны. Привезенный в Ясную поляну в 1862 г. братом Воейкова, Иосифом Александровичем, служившим управляющим у Толстого, сначала учился в школе, через год был взят в дом в качестве помощника лакея. После назначения Алексея Степановича Орехова приказчиком, С. П. Арбузов стал старшим лакеем в доме. Прослужил у Толстых 22 года. В 1883 г. за пьянство ему было отказано, и он переехал в Тулу, куда перевез жену и детей, и открыл в 1884 г. в городе столярную мастерскую, изготовляя ящики для гармоний. Автор книги: «Гр. Л. Н. Толстой, Воспоминания С. П. Арбузова, бывшего слуги графа
      <name placement="note" ref="13883" type="person">
       Л. Н. Толстого
      </name>
      ». М. 1904.
     </note>
     <choice>
      <reg>
       нам
      </reg>
      <orig>
       намъ
      </orig>
     </choice>
     <choice>
      <reg>
       варит
      </reg>
      <orig>
       варитъ
      </orig>
     </choice>
     курицу. —
    </p>
    <p id="fb5267a8-08b4-41cf-93c5-f71a6a954dac">
     23
     <choice>
      <reg>
       Апреля
      </reg>
      <orig>
       Апрѣля
      </orig>
     </choice>
     4
     <hi>
      1
     </hi>
     /
     <sub>
      2
     </sub>
     часа. Я проснулся
     <choice>
      <reg>
       в
      </reg>
      <orig>
       въ
      </orig>
     </choice>
     4, не смотря на то, что
     <choice>
      <reg>
       лег
      </reg>
      <orig>
       легъ
      </orig>
     </choice>
     <choice>
      <reg>
       в
      </reg>
      <orig>
       въ
      </orig>
     </choice>
     <choice>
      <reg>
       12-м
      </reg>
      <orig>
       12-мъ
      </orig>
     </choice>
     часу, и
     <choice>
      <reg>
       сейчас
      </reg>
      <orig>
       сейчасъ
      </orig>
     </choice>
     <choice>
      <reg>
       перебудил
      </reg>
      <orig>
       перебудилъ
      </orig>
     </choice>
     <choice>
      <reg>
       всех
      </reg>
      <orig>
       всѣхъ
      </orig>
     </choice>
     ,
     <choice>
      <reg>
       велел
      </reg>
      <orig>
       велѣлъ
      </orig>
     </choice>
     ставить
     <choice>
      <reg>
       самовар
      </reg>
      <orig>
       самоваръ
      </orig>
     </choice>
     и закладывать лошадей. —
     <choice>
      <reg>
       Домик
      </reg>
      <orig>
       Домикъ
      </orig>
     </choice>
     точно картонная игрушечка и прекрасно
     <choice>
      <reg>
       устроен
      </reg>
      <orig>
       устроенъ
      </orig>
     </choice>
     до
     <hi style="opdelimiter">
      <choice>
       <reg>
        малейших
       </reg>
       <orig>
        малѣйшихъ
       </orig>
      </choice>
     </hi>
     <pb n="28"/>
     <hi style="npdelimiter">
      подробностей;
     </hi>
     но
     <choice>
      <reg>
       был
      </reg>
      <orig>
       былъ
      </orig>
     </choice>
     <choice>
      <reg>
       так
      </reg>
      <orig>
       такъ
      </orig>
     </choice>
     <choice>
      <reg>
       холоден
      </reg>
      <orig>
       холоденъ
      </orig>
     </choice>
     , что мы
     <choice>
      <reg>
       обедали
      </reg>
      <orig>
       обѣдали
      </orig>
     </choice>
     , или ужинали
     <choice>
      <reg>
       скорее
      </reg>
      <orig>
       скорѣе
      </orig>
     </choice>
     ,
     <choice>
      <reg>
       в
      </reg>
      <orig>
       въ
      </orig>
     </choice>
     <choice>
      <reg>
       кухне
      </reg>
      <orig>
       кухнѣ
      </orig>
     </choice>
     . Я все
     <choice>
      <reg>
       болтал
      </reg>
      <orig>
       болталъ
      </orig>
     </choice>
     <choice>
      <reg>
       с
      </reg>
      <orig>
       съ
      </orig>
     </choice>
     <choice>
      <reg>
       попом
      </reg>
      <orig>
       попомъ
      </orig>
     </choice>
     , а Сережка
     <choice>
      <reg>
       тут
      </reg>
      <orig>
       тутъ
      </orig>
     </choice>
     же,
     <choice>
      <reg>
       подле
      </reg>
      <orig>
       подлѣ
      </orig>
     </choice>
     <choice>
      <reg>
       нас
      </reg>
      <orig>
       насъ
      </orig>
     </choice>
     на
     <choice>
      <reg>
       плите
      </reg>
      <orig>
       плитѣ
      </orig>
     </choice>
     <choice>
      <reg>
       готовил
      </reg>
      <orig>
       готовилъ
      </orig>
     </choice>
     кушанье.
    </p>
    <p id="0b971dc1-7ece-479e-83ac-797655de9bfc">
     <choice>
      <reg>
       После
      </reg>
      <orig>
       Послѣ
      </orig>
     </choice>
     ужина я
     <choice>
      <reg>
       прошел
      </reg>
      <orig>
       прошелъ
      </orig>
     </choice>
     <choice>
      <reg>
       в
      </reg>
      <orig>
       въ
      </orig>
     </choice>
     подробности по всему дому и
     <choice>
      <reg>
       узнал
      </reg>
      <orig>
       узналъ
      </orig>
     </choice>
     вещи Сережины (разный мелочи),
     <choice>
      <reg>
       которых
      </reg>
      <orig>
       которыхъ
      </orig>
     </choice>
     я не
     <choice>
      <reg>
       видал
      </reg>
      <orig>
       видалъ
      </orig>
     </choice>
     давно,
     <choice>
      <reg>
       которые
      </reg>
      <orig>
       которыя
      </orig>
     </choice>
     знаю 25
     <choice>
      <reg>
       лет
      </reg>
      <orig>
       лѣтъ
      </orig>
     </choice>
     , когда мы оба были
     <choice>
      <reg>
       детьми
      </reg>
      <orig>
       дѣтьми
      </orig>
     </choice>
     , и ужасно
     <choice>
      <reg>
       мне
      </reg>
      <orig>
       мнѣ
      </orig>
     </choice>
     стало грустно,
     <choice>
      <reg>
       как
      </reg>
      <orig>
       какъ
      </orig>
     </choice>
     будто я его
     <choice>
      <reg>
       потерял
      </reg>
      <orig>
       потерялъ
      </orig>
     </choice>
     навсегда. И оно почти
     <choice>
      <reg>
       так
      </reg>
      <orig>
       такъ
      </orig>
     </choice>
     . Они спали наверху
     <choice>
      <reg>
       вместе
      </reg>
      <orig>
       вмѣстѣ
      </orig>
     </choice>
     , а я внизу, должно быть, на
     <choice>
      <reg>
       том
      </reg>
      <orig>
       томъ
      </orig>
     </choice>
     <choice>
      <reg>
       диване
      </reg>
      <orig>
       диванѣ
      </orig>
     </choice>
     , на
     <choice>
      <reg>
       котором
      </reg>
      <orig>
       которомъ
      </orig>
     </choice>
     Таня за ширмами держала его.
     <ref target="#note8">
      8
     </ref>
     <note index="false" resp="volume_editor" xml:id="note8">
      О посещении Т. А. Берс в 1863 г. Пирогова, которое имеет в виду Толстой, сама Т. А. Кузминская рассказывает так: «Приехавши к Сергею Николаевичу, я побежала в сад..... Вдруг набежала темная, большая туча, и разразилась сильная гроза. Я боялась грозы. Перед каждым ударом грома молния освещала полутемную комнату. Сергей Николаевич не отходил от меня. Я сидела у окна в кресле и волновалась от частой молнии. Вдруг ярким светом осветилась вся комната и тут же грянул невероятно сильный удар грома так, что рамы в окнах задрожали. Я испугалась, вскочила с кресла и невольно кинулась к нему, как бы под его защиту. В глазах моих стояли слезы. Он взял обе мои руки и стал меня успокаивать. Его бережно нежное обращение благотворно подействовало на меня. После этого удара гроза отдалялась, но дождь лил как из ведра..... В этот вечер без объяснения в любви мы чувствовали ту близость и единение душ, когда и без слов понимаешь друг друга. Это было зарождение того сильного чувства веры в будущее счастье, которое возвышает и поднимает человека и делает его лучше и добрее. Мы долго еще сидели, пережидая дождь, и всё время находили темы для разговоров. Подали чай и Сергей Николаевич просил меня хозяйничать. Видя мое утомленное лицо, он посоветовал мне после чая лечь спать. Принес всю постель и сам постелил ее в соседней комнате. Как сейчас помню ее, — небольшая с ширмами у дивана» («Моя жизнь дома и в Ясной поляне», II, стр. 85—87). См. ее же письмо Поливанову
      <hi style="opdelimiter">
       с
      </hi>
      <hi style="npdelimiter">
       описанием
      </hi>
      этого вечера (Иллюстр. прил. к «Новому времени» за 1916 г., № 14413, стр. 10—11).
     </note>
     И эта вся поэтическая и грустная
     <choice>
      <reg>
       история
      </reg>
      <orig>
       исторія
      </orig>
     </choice>
     живо представилась
     <choice>
      <reg>
       мне
      </reg>
      <orig>
       мнѣ
      </orig>
     </choice>
     . Оба
     <choice>
      <reg>
       хорошие
      </reg>
      <orig>
       хорошіе
      </orig>
     </choice>
     люди, и оба красивые и добрые;
     <choice>
      <reg>
       стареющий
      </reg>
      <orig>
       старѣющій
      </orig>
     </choice>
     и чуть не
     <choice>
      <reg>
       ребенок
      </reg>
      <orig>
       ребенокъ
      </orig>
     </choice>
     , и оба теперь несчастливы; а я понимаю, что это
     <choice>
      <reg>
       воспоминание
      </reg>
      <orig>
       воспоминаніе
      </orig>
     </choice>
     этой ночи — одни
     <choice>
      <reg>
       в
      </reg>
      <orig>
       въ
      </orig>
     </choice>
     <choice>
      <reg>
       пустом
      </reg>
      <orig>
       пустомъ
      </orig>
     </choice>
     и
     <choice>
      <reg>
       хорошеньком
      </reg>
      <orig>
       хорошенькомъ
      </orig>
     </choice>
     <choice>
      <reg>
       доме
      </reg>
      <orig>
       домѣ
      </orig>
     </choice>
     — останется у
     <choice>
      <reg>
       них
      </reg>
      <orig>
       нихъ
      </orig>
     </choice>
     <choice>
      <reg>
       обоих
      </reg>
      <orig>
       обоихъ
      </orig>
     </choice>
     <choice>
      <reg>
       самым
      </reg>
      <orig>
       самымъ
      </orig>
     </choice>
     <choice>
      <reg>
       поэтическим
      </reg>
      <orig>
       поэтическимъ
      </orig>
     </choice>
     <choice>
      <reg>
       воспоминанием
      </reg>
      <orig>
       воспоминаніемъ
      </orig>
     </choice>
     , и потому что оба были милы, особенно Сережа. Вообще
     <choice>
      <reg>
       мне
      </reg>
      <orig>
       мнѣ
      </orig>
     </choice>
     стало грустно на
     <choice>
      <reg>
       этом
      </reg>
      <orig>
       этомъ
      </orig>
     </choice>
     же
     <choice>
      <reg>
       диване
      </reg>
      <orig>
       диванѣ
      </orig>
     </choice>
     и
     <choice>
      <reg>
       об
      </reg>
      <orig>
       объ
      </orig>
     </choice>
     <choice>
      <reg>
       них
      </reg>
      <orig>
       нихъ
      </orig>
     </choice>
     ,
     <del>
      и
     </del>
     о
     <choice>
      <reg>
       Сереже
      </reg>
      <orig>
       Сережѣ
      </orig>
     </choice>
     , особенно глядя на
     <choice>
      <reg>
       ящичек
      </reg>
      <orig>
       ящичекъ
      </orig>
     </choice>
     <choice>
      <reg>
       с
      </reg>
      <orig>
       съ
      </orig>
     </choice>
     красками, —
     <choice>
      <reg>
       тут
      </reg>
      <orig>
       тутъ
      </orig>
     </choice>
     <choice>
      <reg>
       в
      </reg>
      <orig>
       въ
      </orig>
     </choice>
     <choice>
      <reg>
       комнате
      </reg>
      <orig>
       комнатѣ
      </orig>
     </choice>
     , —
     <choice>
      <reg>
       из
      </reg>
      <orig>
       изъ
      </orig>
     </choice>
     <choice original_editorial_correction="к[отор]ого">
      <sic>
       кого
      </sic>
      <corr>
       которого
      </corr>
     </choice>
     <choice>
      <reg>
       он
      </reg>
      <orig>
       онъ
      </orig>
     </choice>
     <choice>
      <reg>
       красил
      </reg>
      <orig>
       красилъ
      </orig>
     </choice>
     , когда ему было 13
     <choice>
      <reg>
       лет
      </reg>
      <orig>
       лѣтъ
      </orig>
     </choice>
     ;
     <choice>
      <reg>
       он
      </reg>
      <orig>
       онъ
      </orig>
     </choice>
     <choice>
      <reg>
       был
      </reg>
      <orig>
       былъ
      </orig>
     </choice>
     хорошенькой, веселой, открытый
     <choice>
      <reg>
       мальчик
      </reg>
      <orig>
       мальчикъ
      </orig>
     </choice>
     ,
     <choice>
      <reg>
       рисовал
      </reg>
      <orig>
       рисовалъ
      </orig>
     </choice>
     и все, бывало,
     <choice>
      <reg>
       пел
      </reg>
      <orig>
       пѣлъ
      </orig>
     </choice>
     <choice>
      <reg>
       разные
      </reg>
      <orig>
       разныя
      </orig>
     </choice>
     <choice>
      <reg>
       песни
      </reg>
      <orig>
       пѣсни
      </orig>
     </choice>
     , не переставая. А теперь его, того Сережи,
     <choice>
      <reg>
       как
      </reg>
      <orig>
       какъ
      </orig>
     </choice>
     будто
     <choice>
      <reg>
       нет
      </reg>
      <orig>
       нѣтъ
      </orig>
     </choice>
     .
    </p>
    <p id="3c1f1d2a-a64c-4689-98d2-7bb11b94981c">
     <choice>
      <reg>
       Потом
      </reg>
      <orig>
       Потомъ
      </orig>
     </choice>
     у меня
     <choice>
      <reg>
       в
      </reg>
      <orig>
       въ
      </orig>
     </choice>
     <choice>
      <reg>
       ухе
      </reg>
      <orig>
       ухѣ
      </orig>
     </choice>
     <choice>
      <reg>
       шумело
      </reg>
      <orig>
       шумѣло
      </orig>
     </choice>
     и стало грустно о
     <choice>
      <reg>
       тебе
      </reg>
      <orig>
       тебѣ
      </orig>
     </choice>
     (о
     <choice>
      <reg>
       Сереже
      </reg>
      <orig>
       Сережѣ
      </orig>
     </choice>
     <choice>
      <reg>
       меньшом
      </reg>
      <orig>
       меньшомъ
      </orig>
     </choice>
     я еще не
     <choice>
      <reg>
       жалею
      </reg>
      <orig>
       жалѣю
      </orig>
     </choice>
     ), и
     <choice>
      <reg>
       нашел
      </reg>
      <orig>
       нашелъ
      </orig>
     </choice>
     <choice>
      <reg>
       страх
      </reg>
      <orig>
       страхъ
      </orig>
     </choice>
     , что я тебя
     <choice>
      <reg>
       оставил
      </reg>
      <orig>
       оставилъ
      </orig>
     </choice>
     ;
     <choice>
      <reg>
       потом
      </reg>
      <orig>
       потомъ
      </orig>
     </choice>
     <choice>
      <reg>
       заснул
      </reg>
      <orig>
       заснулъ
      </orig>
     </choice>
     и
     <choice>
      <reg>
       видел
      </reg>
      <orig>
       видѣлъ
      </orig>
     </choice>
     во
     <choice>
      <reg>
       сне
      </reg>
      <orig>
       снѣ
      </orig>
     </choice>
     <choice>
      <reg>
       разные
      </reg>
      <orig>
       разныя
      </orig>
     </choice>
     лица
     <choice>
      <reg>
       из
      </reg>
      <orig>
       изъ
      </orig>
     </choice>
     моего романа.
     <ref target="#note9">
      9
     </ref>
     <note index="false" resp="volume_editor" xml:id="note9">
      Имеется в виду «Война и мир» — в то время первая редакция романа — «1805 год».
     </note>
     —
     <choice>
      <reg>
       Едем
      </reg>
      <orig>
       Ѣдемъ
      </orig>
     </choice>
     мы
     <choice>
      <reg>
       далее
      </reg>
      <orig>
       далѣе
      </orig>
     </choice>
     на
     <choice>
      <reg>
       Машинькиных
      </reg>
      <orig>
       Машинькиныхъ
      </orig>
     </choice>
     <ref target="#note10">
      10
     </ref>
     <note index="false" resp="volume_editor" xml:id="note10">
      Гр.
      <name placement="note" ref="13835" type="person">
       Мария Николаевна Толстая
      </name>
      (1830—1912), единственная сестра Толстого, с 1847 г. была замужем за своим троюродным братом, Валерианом Петровичем Толстым. По соседству с имением ее мужа «Покровское» жили Фет и Тургенев. Последний, заинтересованный литературными опытами Толстого, стал бывать у М. Н. Толстой. Первый шаг к знакомству с Толстым был сделан Тургеневым в Покровском: оттуда Тургенев впервые обратился с письмом к Толстому, находившемуся тогда в Крыму. Свое знакомство с М. Н. Толстой и поездки в Покровское Тургенев запечатлел в рассказе «Фауст». В 1857 г. М. Н. Толстая разошлась с мужем, после чего жила в Пирогове, владея частью именья, а затем уехала за границу. Две зимы (1861—1862 и 1862—1863 гг.) провела в Алжире. В 1861 г. увлеклась шведом, Гектором-Виктором де-Клееном, ставшим ее гражданским мужем. По возвращении в Россию, после смерти В. П. Толстого в 1865 г. переехала в Покровское. С большим мастерством исполняла роль странницы в комедии Толстого «Нигилист», сыгранной в Ясной поляне в 1866 г. Впоследствии М. Н. Толстая поселилась в Шамардинском монастыре Калужской губ., где в 1891 г. постриглась в монахини. К ней в Шамардино Толстой прежде всего направился, когда уехал 28 октября 1910 г. из Ясной поляны. Т. А. Кузминская пишет о
      <name placement="note" ref="13835" type="person">
       Марии Николаевне
      </name>
      в своих воспоминаниях: «
      <name placement="note" ref="13835" type="person">
       Мария Николаевна
      </name>
      была сильно избалована не только
      <name placement="note" ref="4947" type="person">
       Татьяной Александровной [Ергольской
      </name>
      ], но и всей семьей. Малейшая воля ее исполнялась, и всё внимание было сосредоточено на единственной дочери. Это баловство отразилось на характере
      <name placement="note" ref="13835" type="person">
       Марии Николаевны
      </name>
      и развило в ней известные черты эгоизма, которые проглядывали и впоследствии. Она была требовательна к окружающим, ревниво относилась к своим привычкам и впоследствии никогда не разделяла взгляда
      <name placement="note" ref="13883" type="person">
       Льва Николаевича
      </name>
      на равенство людей» («Мои воспоминания о гр. Марии Николаевне Толстой». Спб. 1914, стр. 7). Е. В. Оболенская характеризует свою мать, М. Н. Толстую, так: «Вообще характер матери был трудный..... она была капризной, раздражительной и, как очень нервная, несдержанной..... Нежности в ее характере не было, но мы знали, что она горячо нас любит» («Моя мать и
      <name placement="note" ref="13883" type="person">
       Лев Николаевич
      </name>
      » «Октябрь» 1928, кн. 9—10, стр. 226 и 234). И. Л. Толстой следующим образом описывает взаимоотношения Толстого и
      <name placement="note" ref="13835" type="person">
       Марии Николаевны
      </name>
      : «Странно, что религиозный кризис в жизни моего отца и
      <name placement="note" ref="13835" type="person">
       Марии Николаевны
      </name>
      произошел почти одновременно..... Одно время, когда отец совершенно отшатнулся от православия, а тетя Маша, еще не постриженная, мечтала попасть в монастырь, я помню, что между нею и отцом бывали жестокие принципиальные споры. Это было давно, и тогда оба они проявляли резкую нетерпимость. Иногда на этой почве у них бывали размолвки. Но не надолго..... Позднее, когда
      <name placement="note" ref="13835" type="person">
       Мария Николаевна
      </name>
      была уже пострижена, споры между нею и моим отцом стали реже, а за последние годы их жизни я не слыхал их ни разу. Чем старше они становились оба, тем нежнее делались их
      <hi style="opdelimiter">
       взаимные
      </hi>
      <hi style="npdelimiter">
       отношения
      </hi>
      и тем бережнее они относились к убеждениям друг друга» («Мои воспоминания», изд. Сытина, М. 1914, стр. 258). О ней см. П. Бирюков «Гр. М. Н. Толстая» («Русские ведомости» 1912 г., № 83). М. Н. Толстой посвящен рассказ Толстого «Два гусара». 16 писем Тургенева к М. Н. Толстой и В. П. Толстому опубликованы В. И. Срезневским в сборнике «Звенья» (№ 1). Толстой изобразил свою сестру в образе Любочки из «Детства, отрочества и юности».
     </note>
     <choice>
      <reg>
       лошадях
      </reg>
      <orig>
       лошадяхъ
      </orig>
     </choice>
     , а
     <choice>
      <reg>
       Келлер
      </reg>
      <orig>
       Келлеръ
      </orig>
     </choice>
     <choice>
      <reg>
       в
      </reg>
      <orig>
       въ
      </orig>
     </choice>
     <choice>
      <reg>
       телеге
      </reg>
      <orig>
       телѣгѣ
      </orig>
     </choice>
     на
     <choice>
      <reg>
       моих
      </reg>
      <orig>
       моихъ
      </orig>
     </choice>
     <choice>
      <reg>
       с
      </reg>
      <orig>
       съ
      </orig>
     </choice>
     <choice>
      <reg>
       пчельником
      </reg>
      <orig>
       пчельникомъ
      </orig>
     </choice>
     ,
     <choice original_editorial_correction="к[отор]ый">
      <sic>
       кый
      </sic>
      <corr>
       который
      </corr>
     </choice>
     не
     <choice>
      <reg>
       приходил
      </reg>
      <orig>
       приходилъ
      </orig>
     </choice>
     <choice>
      <reg>
       от
      </reg>
      <orig>
       отъ
      </orig>
     </choice>
     того, что у него 3-го дня
     <choice>
      <reg>
       умер
      </reg>
      <orig>
       умеръ
      </orig>
     </choice>
     зять.
     <choice>
      <reg>
       Обещал
      </reg>
      <orig>
       Обѣщалъ
      </orig>
     </choice>
     <choice>
      <reg>
       мне
      </reg>
      <orig>
       мнѣ
      </orig>
     </choice>
     еще
     <choice>
      <reg>
       пчельник
      </reg>
      <orig>
       пчельникъ
      </orig>
     </choice>
     <choice>
      <reg>
       с
      </reg>
      <orig>
       съ
      </orig>
     </choice>
     собой привесть (и
     <choice>
      <reg>
       с
      </reg>
      <orig>
       съ
      </orig>
     </choice>
     <choice>
      <reg>
       Келером
      </reg>
      <orig>
       Келеромъ
      </orig>
     </choice>
     ) бабу кухарку. Боюсь,
     <choice>
      <reg>
       Келер
      </reg>
      <orig>
       Келеръ
      </orig>
     </choice>
     бы не
     <choice>
      <reg>
       обиделся
      </reg>
      <orig>
       обидѣлся
      </orig>
     </choice>
     . Еще
     <choice>
      <reg>
       нанял
      </reg>
      <orig>
       нанялъ
      </orig>
     </choice>
     мужика, Кондратья,
     <ref target="#note11">
      11
     </ref>
     <note index="false" resp="volume_editor" xml:id="note11">
      «Кучер» (н. п. С. А.). В 1864 г. был уже стариком; страдал запоями.
     </note>
     <choice>
      <reg>
       жившего
      </reg>
      <orig>
       жившаго
      </orig>
     </choice>
     у Сережи и
     <choice>
      <reg>
       разочтенного
      </reg>
      <orig>
       разочтеннаго
      </orig>
     </choice>
     <choice>
      <reg>
       Прикащиком
      </reg>
      <orig>
       Прикащикомъ
      </orig>
     </choice>
     , именно
     <choice>
      <reg>
       с
      </reg>
      <orig>
       съ
      </orig>
     </choice>
     той
     <choice>
      <reg>
       целью
      </reg>
      <orig>
       цѣлью
      </orig>
     </choice>
     , чтобы отдать его
     <choice>
      <reg>
       Сереже
      </reg>
      <orig>
       Сережѣ
      </orig>
     </choice>
     , когда
     <choice>
      <reg>
       он
      </reg>
      <orig>
       онъ
      </orig>
     </choice>
     вернется. А по
     <choice>
      <reg>
       показаниям
      </reg>
      <orig>
       показаніямъ
      </orig>
     </choice>
     Келлера, Сережа
     <choice>
      <reg>
       им
      </reg>
      <orig>
       имъ
      </orig>
     </choice>
     <choice>
      <reg>
       дорожит
      </reg>
      <orig>
       дорожитъ
      </orig>
     </choice>
     .
    </p>
    <p id="9bfd3b8e-c81a-49bb-a603-9cb2c0847cf6">
     <choice>
      <reg>
       Хозяйственные
      </reg>
      <orig>
       Хозяйственныя
      </orig>
     </choice>
     <choice>
      <reg>
       дела
      </reg>
      <orig>
       дѣла
      </orig>
     </choice>
     у Сережи и Маши, сколько можно
     <choice>
      <reg>
       видеть
      </reg>
      <orig>
       видѣть
      </orig>
     </choice>
     при
     <choice>
      <reg>
       поверхностном
      </reg>
      <orig>
       поверхностномъ
      </orig>
     </choice>
     <choice>
      <reg>
       обзоре
      </reg>
      <orig>
       обзорѣ
      </orig>
     </choice>
     , не дурны, и даже
     <choice>
      <reg>
       столяр-прикащик
      </reg>
      <orig>
       столяръ-прикащикъ
      </orig>
     </choice>
     не
     <choice>
      <reg>
       так
      </reg>
      <orig>
       такъ
      </orig>
     </choice>
     <choice>
      <reg>
       дурен
      </reg>
      <orig>
       дуренъ
      </orig>
     </choice>
     ,
     <choice>
      <reg>
       как
      </reg>
      <orig>
       какъ
      </orig>
     </choice>
     показалось сначала. —
     <choice>
      <reg>
       Вот
      </reg>
      <orig>
       Вотъ
      </orig>
     </choice>
     что, пожалуйста, ты
     <choice>
      <reg>
       без
      </reg>
      <orig>
       безъ
      </orig>
     </choice>
     меня не попускайся,
     <choice>
      <reg>
       как
      </reg>
      <orig>
       какъ
      </orig>
     </choice>
     тебя
     <choice>
      <reg>
       в
      </reg>
      <orig>
       въ
      </orig>
     </choice>
     это
     <choice>
      <reg>
       втягивает
      </reg>
      <orig>
       втягиваетъ
      </orig>
     </choice>
     Таня, a
     <choice>
      <reg>
       действуй
      </reg>
      <orig>
       дѣйствуй
      </orig>
     </choice>
     ,
     <choice>
      <reg>
       как
      </reg>
      <orig>
       какъ
      </orig>
     </choice>
     бывало
     <choice>
      <reg>
       в
      </reg>
      <orig>
       въ
      </orig>
     </choice>
     эти дни, когда ты сходишь
     <choice>
      <reg>
       к
      </reg>
      <orig>
       къ
      </orig>
     </choice>
     <choice>
      <reg>
       Мышке
      </reg>
      <orig>
       Мышкѣ
      </orig>
     </choice>
     <ref target="#note12">
      12
     </ref>
     <note index="false" resp="volume_editor" xml:id="note12">
      «Мышка» — по всей вероятности Ольга, дочь Родиона Егоровича Егорова, вышла замуж за Семена Яковлевича Базыкина, по прозвищу Ершова; была очень маленького роста.
     </note>
     и играешь на
     <choice>
      <reg>
       фортепиянах
      </reg>
      <orig>
       фортепіянахъ
      </orig>
     </choice>
     <ref target="#note13">
      13
     </ref>
     <note index="false" resp="volume_editor" xml:id="note13">
      <hi style="opdelimiter">
       и
      </hi>
      <hi style="npdelimiter">
       только
      </hi>
      Сережа
      <choice>
       <reg>
        отрывает
       </reg>
       <orig>
        отрываетъ
       </orig>
      </choice>
      тебя. (Ежели Сережа
      <choice>
       <reg>
        будет
       </reg>
       <orig>
        будетъ
       </orig>
      </choice>
      <choice>
       <reg>
        нездоров
       </reg>
       <orig>
        нездоровъ
       </orig>
      </choice>
      , пришли ко
      <choice>
       <reg>
        мне
       </reg>
       <orig>
        мнѣ
       </orig>
      </choice>
      <choice>
       <reg>
        сейчас
       </reg>
       <orig>
        сейчасъ
       </orig>
      </choice>
      <choice>
       <reg>
        нарочного
       </reg>
       <orig>
        нарочнаго
       </orig>
      </choice>
      .) Я прошу не
      <choice>
       <reg>
        сидеть
       </reg>
       <orig>
        сидѣть
       </orig>
      </choice>
      , а ходить, для того что иначе (я
      <choice>
       <reg>
        имею
       </reg>
       <orig>
        имѣю
       </orig>
      </choice>
      дерзость думать)
      <choice>
       <reg>
        тебе
       </reg>
       <orig>
        тебѣ
       </orig>
      </choice>
      <choice>
       <reg>
        будет
       </reg>
       <orig>
        будетъ
       </orig>
      </choice>
      <choice>
       <reg>
        грустнее
       </reg>
       <orig>
        грустнѣе
       </orig>
      </choice>
      <choice>
       <reg>
        без
       </reg>
       <orig>
        безъ
       </orig>
      </choice>
      меня.
      <ref target="#note14">
       14
      </ref>
      <note index="false" resp="volume_editor" xml:id="note14">
       В своем письме от 23 апреля С. А. Толстая писала Толстому: «Я также акуратно и хорошо хотела описать тебе всё, что было в эти полтора дня у нас и с нами, но вдруг Сережа стал хрипеть, ему заложило грудь, и на меня нашел такой страх, я по обыкновению начинаю теряться и бояться. А без тебя еще страшнее и хуже. Употреблю все средства против простуды, бог даст не опасно. А ужасно, ужасно трудно мне и грустно, и страшно без тебя. Теперь он спит, а я беру на себя и всё тебе описываю. — Вчера, как ты уехал, я себя выдержала и не плакала. Но вдруг у меня будто бы стало очень много дела; я хлопотала, бегала, суетилась, хотя нынче спроси, что я делала, — и я не знаю. Больше возилась с Сережей и с рук его почти не спускала. Гулять не ходила, а вечером вязала. Когда же пришла в свою комнату и хотела, было, ложиться, так мне вдруг стало скучно, что я просидела два часа, писала, да не пошло, плакала, и всю ночь потом почти не спала. А когда заснула, всё видела какие-то страшные сны и пугалась и просыпалась». А на другой день
       <name placement="note" ref="13844" type="person">
        Софья Андреевна
       </name>
       писала: «Ты не можешь себе вообразить этого чувства осиротелости, которое я испытываю без тебя, и испытала особенно, вчера с больным Сережей. Я стала придумывать, как бы скорее тебе дать знать. Пришел Кондратий; оказалось, что верхом он проездит сутки и даже больше
       <hi rend="italic">
        в Никольское
       </hi>
       ; к тому же у него не оказалось вида, а то я его хотела послать на перекладной. Таня говорит: пошли Алексея, он согласился, и вот мое распоряжение. Слава богу, что напрасно послали; хуже бы, если б не напрасно. А ты мне ужасно нужен, я так измучилась, и отдохнуть не с кем» (ПСТ, стр. 6—8).
      </note>
      — Еще я буду писать
      <choice>
       <reg>
        тебе
       </reg>
       <orig>
        тебѣ
       </orig>
      </choice>
      каждый день,
      <choice>
       <reg>
        как
       </reg>
       <orig>
        какъ
       </orig>
      </choice>
      нынче, — все, хоть
      <choice>
       <reg>
        с
       </reg>
       <orig>
        съ
       </orig>
      </choice>
      собой привезу, также и ты
      <hi>
       пиши, пожалуйста;
      </hi>
      но не посылай по
      <choice>
       <reg>
        почте
       </reg>
       <orig>
        почтѣ
       </orig>
      </choice>
      , не
      <choice>
       <reg>
        дойдет
       </reg>
       <orig>
        дойдетъ
       </orig>
      </choice>
      ; а
      <choice>
       <reg>
        в
       </reg>
       <orig>
        въ
       </orig>
      </choice>
      субботу
      <choice>
       <reg>
        вечером
       </reg>
       <orig>
        вечеромъ
       </orig>
      </choice>
      <hi>
       вышли Якова
      </hi>
      ,
      <ref target="#note15">
       15
      </ref>
      <note index="false" resp="volume_editor" xml:id="note15">
       25 апреля С. А. Толстая писала Толстому: «Посылаю тебе лошадей, Левочка, по твоему приказанью; что сделалось с тобой, что ты не приехал раньше? Я ужасно беспокоюсь».
      </note>
      <hi>
       ежели
       <choice>
        <reg>
         он
        </reg>
        <orig>
         онъ
        </orig>
       </choice>
       <choice>
        <reg>
         придет
        </reg>
        <orig>
         придетъ
        </orig>
       </choice>
       и
       <choice>
        <reg>
         будет
        </reg>
        <orig>
         будетъ
        </orig>
       </choice>
       <choice>
        <reg>
         человек
        </reg>
        <orig>
         человѣкъ
        </orig>
       </choice>
       для уборки
       <choice>
        <reg>
         остальных
        </reg>
        <orig>
         остальныхъ
        </orig>
       </choice>
       лошадей, то вышли Якова,
       <choice>
        <reg>
         с
        </reg>
        <orig>
         съ
        </orig>
       </choice>
       лошадьми (подкованными)
       <choice>
        <reg>
         в
        </reg>
        <orig>
         въ
        </orig>
       </choice>
       Лапотково,
      </hi>
      Почтовая станция в 25 верстах к югу от Ясной поляны. Село.
     </note>
     <hi>
      пускай
      <choice>
       <reg>
        он
       </reg>
       <orig>
        онъ
       </orig>
      </choice>
      <choice>
       <reg>
        там
       </reg>
       <orig>
        тамъ
       </orig>
      </choice>
      <choice>
       <reg>
        переночует
       </reg>
       <orig>
        переночуетъ
       </orig>
      </choice>
      и Воскресенье
      <choice>
       <reg>
        едет
       </reg>
       <orig>
        ѣдетъ
       </orig>
      </choice>
      <choice>
       <reg>
        шажком
       </reg>
       <orig>
        шажкомъ
       </orig>
      </choice>
      <choice>
       <reg>
        в
       </reg>
       <orig>
        въ
       </orig>
      </choice>
      <choice>
       <reg>
        Сергиевское
       </reg>
       <orig>
        Сергіевское
       </orig>
      </choice>
     </hi>
     <ref target="#note16">
      16
     </ref>
     <note index="false" resp="volume_editor" xml:id="note16">
      «Большое село кн. Гагариной. Торговля хлебом и другими продуктами» (н. п. С. А.). Почтовая станция в 40 верстах к югу от Ясной поляны. Отсюда ясен маршрут Толстого: он ехал в Никольское-Вяземское с остановкой в Пирогове. Это подтверждается и дневниковой записью С. А. Толстой, которая 22 апреля писала: «Я вдруг сделаю глупость и поеду в Никольское».
     </note>
     <ref target="#note17">
      17
     </ref>
     <note index="false" resp="volume_editor" xml:id="note17">
      <hi>
       и
       <choice>
        <reg>
         там
        </reg>
        <orig>
         тамъ
        </orig>
       </choice>
       тоже
       <choice>
        <reg>
         переночует
        </reg>
        <orig>
         переночуетъ
        </orig>
       </choice>
       , ежели мы не
       <choice>
        <reg>
         приедем
        </reg>
        <orig>
         прiѣдемъ
        </orig>
       </choice>
       <choice>
        <reg>
         в
        </reg>
        <orig>
         въ
        </orig>
       </choice>
       <choice>
        <reg>
         этот
        </reg>
        <orig>
         этотъ
        </orig>
       </choice>
       день.
       <choice>
        <reg>
         Он
        </reg>
        <orig>
         Онъ
        </orig>
       </choice>
       <choice>
        <reg>
         привезет
        </reg>
        <orig>
         привезетъ
        </orig>
       </choice>
       <choice>
        <reg>
         мне
        </reg>
        <orig>
         мнѣ
        </orig>
       </choice>
       твое письмо.
       <choice>
        <reg>
         В
        </reg>
        <orig>
         Въ
        </orig>
       </choice>
       <choice>
        <reg>
         Лапоткове
        </reg>
        <orig>
         Лапотковѣ
        </orig>
       </choice>
       пускай
       <choice>
        <reg>
         он
        </reg>
        <orig>
         онъ
        </orig>
       </choice>
       скажется на
       <choice>
        <reg>
         станции
        </reg>
        <orig>
         станціи
        </orig>
       </choice>
       , а
       <choice>
        <reg>
         в
        </reg>
        <orig>
         въ
        </orig>
       </choice>
       <choice>
        <reg>
         Серьговском
        </reg>
        <orig>
         Серьговскомъ
        </orig>
       </choice>
       пускай
       <choice>
        <reg>
         стоит
        </reg>
        <orig>
         стоитъ
        </orig>
       </choice>
       у Черемушкина.
      </hi>
      <name placement="note" ref="15205" type="person">
       Борис Филиппович Черемушкин
      </name>
      (1821—1895), бывший крепостной кн. Гагариной. «Купец, покупавший хлеб в Ясной поляне» (п. С.
      <hi style="opdelimiter">
       А.).
      </hi>
     </note>
     Овса
     <choice>
      <reg>
       может
      </reg>
      <orig>
       можетъ
      </orig>
     </choice>
     взять
     <choice>
      <reg>
       с
      </reg>
      <orig>
       съ
      </orig>
     </choice>
     собой
     <choice>
      <reg>
       верхом
      </reg>
      <orig>
       верхомъ
      </orig>
     </choice>
     2
     <choice>
      <reg>
       меры
      </reg>
      <orig>
       мѣры
      </orig>
     </choice>
     и что
     <choice>
      <reg>
       недостанет
      </reg>
      <orig>
       недостанетъ
      </orig>
     </choice>
     <choice>
      <reg>
       купит
      </reg>
      <orig>
       купитъ
      </orig>
     </choice>
     . Дорка
     <ref target="#note18">
      18
     </ref>
     <note index="false" resp="volume_editor" xml:id="note18">
      «Дорка — желтый сеттер, наша любимая собака» (п. С. А.). Собака названа была в честь Доры, героини романа Диккенса «Давид Копперфильд». С нее описана «Ласка» в «Анне Карениной» («Красная новь», 1928, сентябрь, стр. 211).
     </note>
     <choice>
      <reg>
       уж
      </reg>
      <orig>
       ужъ
      </orig>
     </choice>
     <choice>
      <reg>
       верно
      </reg>
      <orig>
       вѣрно
      </orig>
     </choice>
     <choice>
      <reg>
       вам
      </reg>
      <orig>
       вамъ
      </orig>
     </choice>
     <choice>
      <reg>
       изменила
      </reg>
      <orig>
       измѣнила
      </orig>
     </choice>
     . Ежели она не
     <choice>
      <reg>
       уехала
      </reg>
      <orig>
       уѣхала
      </orig>
     </choice>
     , внушите Петру Федорову,
     <ref target="#note19">
      19
     </ref>
     <note index="false" resp="volume_editor" xml:id="note19">
      «Дворовый человек, отец лакея Сергея Петровича
      <hi rend="italic">
       Арбузова
      </hi>
      . Дворник при доме» (н. п. С. А.).
     </note>
     что веревки,
     <choice>
      <reg>
       к
      </reg>
      <orig>
       къ
      </orig>
     </choice>
     которой она привязана, или
     <choice>
      <reg>
       цепь
      </reg>
      <orig>
       цѣпь
      </orig>
     </choice>
     <choice>
      <reg>
       он
      </reg>
      <orig>
       онъ
      </orig>
     </choice>
     не
     <choice>
      <reg>
       должен
      </reg>
      <orig>
       долженъ
      </orig>
     </choice>
     отпускать
     <hi>
      ни на одну секунду
     </hi>
     . Прощайте,
     <choice>
      <reg>
       целую
      </reg>
      <orig>
       цѣлую
      </orig>
     </choice>
     ручки
     <choice>
      <reg>
       тетинек
      </reg>
      <orig>
       тетинекъ
      </orig>
     </choice>
     .
     <ref target="#note20">
      20
     </ref>
     <note index="false" resp="volume_editor" xml:id="note20">
      <name placement="note" ref="4947" type="person">
       Татьяна Александровна Ергольская
      </name>
      и
      <name placement="note" ref="16114" type="person">
       Пелагея Ильинична Юшкова
      </name>
      (1801—1875). Когда Толстому было тринадцать лет, в виду смерти воспитывавшей его тетки, он вместе с другими братьями и сестрой перешли на попечение другой своей тетки, П. И. Юшковой, жившей в Казани. Там Толстой прожил с 1841 г. по 1847 г. (О ней см. статью Загоскина «Студенческие годы
      <name placement="note" ref="13883" type="person">
       Л. Н. Толстого
      </name>
      — «Исторический вестник» 1894, январь, стр. 86 и 103). После кончины мужа жила в Тульском женском монастыре, потом совсем переехала в Ясную поляну, где и умерла. В письме от 24 апреля С. А. Толстая писала: «Таня и тетенька
      <name placement="note" ref="4947" type="person">
       Татьяна Александровна
      </name>
      были ужасно милы. Их любящие натуры высказались вполне...
      <name placement="note" ref="4947" type="person">
       Татьяна Александровна
      </name>
      была и бодра и добра, и своим настоящим участием меня просто поддерживала. А очень мы все перепугались! Тетеньку Полину я не видала; она объелась и спала всю ночь преспокойно, только ходила всё в палатку и отпивалась мятой. Прости за грубость и злость на нее».
     </note>
    </p>
    <noteGrp type="comments">
     <note index="false" type="comments">
      <p id="83301b49-7e36-4c01-bb38-67a914b63fb4" rend="Textpetit_otstup left">
       Печатается по автографу, хранящемуся в АТБ. Впервые опубликовано по копии, сделанной С. А. Толстой, в ПЖ, стр. 4, раздельно от второй половины письма, опубликованной в ПЖ, стр. 5—7
       <hi>
        .
       </hi>
       Письмо, повидимому, было привезено в Ясную поляну Келлером, который, судя по письму Толстого, ездил вместе с ним в Пирогово, а затем Келлер уже упоминается в ответном письме С. А. Толстой от 24 апреля, как прибывший в Ясную поляну. Поездка Толстого в Пирогово стояла в связи с пребыванием М. Н. Толстой и С. Н. Толстого за границей: Толстой на время их отсутствия взял на себя заботы об их имениях и денежных делах. О результатах своих поездок Толстой так писал за границу в письме от 15 мая 1864 г. М. Н. и С. Н. Толстым: «Пироговские мужики, несмотря на мои поездки в Пирогово и жалобы Посреднику, не уплатили половины оброка и обещают через неделю. Деньги, которые я посылаю, собраны частью из Сережиного, частью из Машиного оброка, частью за рожь..... В Пирогове, впрочем, всё идет хорошо» (см. т. 61).
      </p>
     </note>
    </noteGrp>
   </div>
  </body>
 </text>
</TEI>
