<?xml version="1.0" encoding="utf-8"?>
<TEI xmlns="http://www.tei-c.org/ns/1.0" xmlns:xi="http://www.w3.org/2001/XInclude">
 <teiHeader>
  <fileDesc>
   <titleStmt>
    <title xml:id="v83_038_a">
     Письма и документы. Tolstoy Digital
    </title>
    <title type="main">
     Письмо С.А.Толстой с 1 марта 1865 г. по 31 марта 1865 г.
    </title>
    <title type="bibl">
     Толстой Л. Н. Письмо С. А. Толстой, 1 марта 1865 г. — 31 марта 1865 г. // Толстой Л. Н. Полное собрание сочинений: в 90 тт. Т. 83. М.: Гос. изд. «Художественная литература», 1938. С.
    </title>
    <respStmt>
     <resp>
      Идея, постановка задач, руководство:
     </resp>
     <name>
      Анастасия Бонч-Осмоловская, Фёкла Толстая, Борис Орехов, Тимофей Лукашевский
     </name>
    </respStmt>
    <respStmt>
     <resp>
      Подготовка TEI/XML:
     </resp>
     <name>
      Евгений Можаев, Даниил Скоринкин, Ирина Павлова, Матвей Колбасов, Елена Сидорова, Кирилл Милинцевич, Лев Буланов, Макар Федоров, Константин Петров
     </name>
    </respStmt>
    <respStmt>
     <resp>
      Подготовка метаданных:
     </resp>
     <name>
      Мария Картышева, Вероника Файнберг
     </name>
    </respStmt>
    <respStmt>
     <resp>
      Разметка имен собственных:
     </resp>
     <name>
      Никита Северин, Елена Северина
     </name>
    </respStmt>
    <respStmt>
     <resp>
      Исправление древнегреческого текста:
     </resp>
     <name>
      Ольга Алиева
     </name>
    </respStmt>
    <funder>
     Проект «Слово Толстого»
    </funder>
   </titleStmt>
   <publicationStmt>
    <publisher>
     <orgName>
      Tolstoy Digital, DH CLOUD, Научно-образовательный союз «Родное Слово» проект «Слово Толстого»
     </orgName>
    </publisher>
    <availability>
     <p id="b61a1e43-8c8f-4924-a94f-9f6fea762ee9">
      Тексты и метатекстовая разметка доступны для свободного использования и распространения по лицензии Creative Commons Attribution Share-Alike (cc by-sa)
     </p>
    </availability>
    <date from="2015" to="2022"/>
   </publicationStmt>
   <notesStmt>
    <note>
     Публикуемые документы был получены с сайта tolstoy.ru в формате html, переведены в формат TEI. Исправлены некоторые ошибки распознавания. Тексты, написанные в дореформенной орфографии, сопоставлены с их версиями в современной орфографии.
    </note>
   </notesStmt>
   <sourceDesc>
    <biblStruct>
     <analytic>
      <author>
       Толстой Лев Николаевич
      </author>
     </analytic>
     <monogr>
      <title level="m">
       Полное собрание сочинений. Том 83
      </title>
      <imprint>
       <pubPlace>
        Москва
       </pubPlace>
       <publisher>
        Государственное издательство «Художественная литература»
       </publisher>
       <date when="1938"/>
      </imprint>
      <biblScope unit="vol">
       83
      </biblScope>
      <biblScope unit="page">
       96-97
      </biblScope>
     </monogr>
     <series>
      <title level="s">
       Л. Н. Толстой. Полное собрание сочинений: в 90 тт.
      </title>
     </series>
    </biblStruct>
    <bibl/>
   </sourceDesc>
  </fileDesc>
  <encodingDesc>
   <classDecl>
    <xi:include href="../../reference/taxonomy.xml"/>
   </classDecl>
  </encodingDesc>
  <profileDesc>
   <correspDesc>
    <correspAction type="sending">
     <persName ref="13883">
      Л. Н. Толстой
     </persName>
     <placeName>
      Ясная Поляна
     </placeName>
     <date notAfter="1865-03-31" notBefore="1865-03-01"/>
    </correspAction>
    <correspAction type="receiving">
     <persName ref="13844">
      Толстая Софья Андреевна, рожд. Берс
     </persName>
    </correspAction>
   </correspDesc>
   <langUsage>
    <language ident="ru"/>
    <language ident="ru-petr1708"/>
   </langUsage>
   <textClass>
    <catRef ana="#tolstoy_heritage" target="library"/>
    <catRef ana="#letters" target="type"/>
    <catRef ana="#sent" target="sent"/>
   </textClass>
  </profileDesc>
 </teiHeader>
 <xenoData>
  <number type="in a volume">
   38
  </number>
 </xenoData>
 <text xml:id="a-_38" xmlns="http://www.tei-c.org/ns/1.0" xmlns:xi="http://www.w3.org/2001/XInclude">
  <body>
   <div>
    <pb n="96"/>
    <opener index="false">
     * 38.1865 г. Март — апрель. Я. П.
    </opener>
    <p id="2ab755bd-21da-4ec2-a1d6-593d34796f83">
     <choice>
      <reg>
       Вот
      </reg>
      <orig>
       Вотъ
      </orig>
     </choice>
     что, Соня милая. Погода гадкая, я не
     <choice>
      <reg>
       совсем
      </reg>
      <orig>
       совсѣмъ
      </orig>
     </choice>
     <choice>
      <reg>
       в
      </reg>
      <orig>
       въ
      </orig>
     </choice>
     <choice>
      <reg>
       духе
      </reg>
      <orig>
       духѣ
      </orig>
     </choice>
     и боюсь, что
     <choice>
      <reg>
       тебе
      </reg>
      <orig>
       тебѣ
      </orig>
     </choice>
     взгрустнется. Я
     <choice>
      <reg>
       поеду
      </reg>
      <orig>
       поѣду
      </orig>
     </choice>
     за
     <choice>
      <reg>
       Засеку
      </reg>
      <orig>
       Засѣку
      </orig>
     </choice>
     недалеко и постараюсь вернуться пораньше, а ты докажи, что
     <choice>
      <reg>
       приметы
      </reg>
      <orig>
       примѣты
      </orig>
     </choice>
     не
     <choice>
      <reg>
       верны
      </reg>
      <orig>
       вѣрны
      </orig>
     </choice>
     и будь весела. Завтра уже
     <choice>
      <reg>
       поеду
      </reg>
      <orig>
       поѣду
      </orig>
     </choice>
     <choice>
      <reg>
       в
      </reg>
      <orig>
       въ
      </orig>
     </choice>
     Тулу.
    </p>
    <p id="f6457cf4-a613-46c5-b171-3a230ccebb07">
     Я буду за
     <choice>
      <reg>
       Засекой
      </reg>
      <orig>
       Засѣкой
      </orig>
     </choice>
     , около Пруднова.
     <ref target="#note1">
      1
     </ref>
     <note index="false" resp="volume_editor" xml:id="note1">
      Село в 12 верстах от Ясной поляны.
     </note>
    </p>
    <noteGrp type="comments">
     <note index="false" type="comments">
      <p id="a204ad18-2101-44be-be25-efc96ed28732" rend="Textpetit_otstup left">
       Печатается по автографу, хранящемуся в АТБ. Публикуется впервые. Датируется на основании: 1) почерка, который указывает на
       <hi style="opdelimiter">
        1860-е
       </hi>
       <pb n="97"/>
       <hi style="npdelimiter">
        годы,
       </hi>
       2) фразы записки: «Завтра уже поеду в Тулу», которую можно сопоставить с дневниковыми записями С. А. Толстой от 14, 15 марта и 1 апреля 1865 г. Сравни предшествующее письмо. Записка, повидимому, написана перед отправлением на охоту. Датируем предположительно.
      </p>
     </note>
    </noteGrp>
   </div>
  </body>
 </text>
</TEI>
