<?xml version="1.0" encoding="utf-8"?>
<TEI xmlns="http://www.tei-c.org/ns/1.0" xmlns:xi="http://www.w3.org/2001/XInclude">
 <teiHeader>
  <fileDesc>
   <titleStmt>
    <title xml:id="v83_269_sentyabrya1">
     Письма и документы. Tolstoy Digital
    </title>
    <title type="main">
     Письмо С.А.Толстой от 1 сентября 1884 г.
    </title>
    <title type="bibl">
     Толстой Л. Н. Письмо С. А. Толстой, 1 сентября 1884 г. // Толстой Л. Н. Полное собрание сочинений: в 90 тт. Т. 83. М.: Гос. изд. «Художественная литература», 1938. С.
    </title>
    <respStmt>
     <resp>
      Идея, постановка задач, руководство:
     </resp>
     <name>
      Анастасия Бонч-Осмоловская, Фёкла Толстая, Борис Орехов, Тимофей Лукашевский
     </name>
    </respStmt>
    <respStmt>
     <resp>
      Подготовка TEI/XML:
     </resp>
     <name>
      Евгений Можаев, Даниил Скоринкин, Ирина Павлова, Матвей Колбасов, Елена Сидорова, Кирилл Милинцевич, Лев Буланов, Макар Федоров, Константин Петров
     </name>
    </respStmt>
    <respStmt>
     <resp>
      Подготовка метаданных:
     </resp>
     <name>
      Мария Картышева, Вероника Файнберг
     </name>
    </respStmt>
    <respStmt>
     <resp>
      Разметка имен собственных:
     </resp>
     <name>
      Никита Северин, Елена Северина
     </name>
    </respStmt>
    <respStmt>
     <resp>
      Исправление древнегреческого текста:
     </resp>
     <name>
      Ольга Алиева
     </name>
    </respStmt>
    <funder>
     Проект «Слово Толстого»
    </funder>
   </titleStmt>
   <publicationStmt>
    <publisher>
     <orgName>
      Tolstoy Digital, DH CLOUD, Научно-образовательный союз «Родное Слово» проект «Слово Толстого»
     </orgName>
    </publisher>
    <availability>
     <p id="5080edf0-221c-4917-b479-c83a28bb6c0f">
      Тексты и метатекстовая разметка доступны для свободного использования и распространения по лицензии Creative Commons Attribution Share-Alike (cc by-sa)
     </p>
    </availability>
    <date from="2015" to="2022"/>
   </publicationStmt>
   <notesStmt>
    <note>
     Публикуемые документы был получены с сайта tolstoy.ru в формате html, переведены в формат TEI. Исправлены некоторые ошибки распознавания. Тексты, написанные в дореформенной орфографии, сопоставлены с их версиями в современной орфографии.
    </note>
   </notesStmt>
   <sourceDesc>
    <biblStruct>
     <analytic>
      <author>
       Толстой Лев Николаевич
      </author>
     </analytic>
     <monogr>
      <title level="m">
       Полное собрание сочинений. Том 83
      </title>
      <imprint>
       <pubPlace>
        Москва
       </pubPlace>
       <publisher>
        Государственное издательство «Художественная литература»
       </publisher>
       <date when="1938"/>
      </imprint>
      <biblScope unit="vol">
       83
      </biblScope>
      <biblScope unit="page">
       427-428
      </biblScope>
     </monogr>
     <series>
      <title level="s">
       Л. Н. Толстой. Полное собрание сочинений: в 90 тт.
      </title>
     </series>
    </biblStruct>
    <bibl/>
   </sourceDesc>
  </fileDesc>
  <encodingDesc>
   <classDecl>
    <xi:include href="../../reference/taxonomy.xml"/>
   </classDecl>
  </encodingDesc>
  <profileDesc>
   <correspDesc>
    <correspAction type="sending">
     <persName ref="13883">
      Л. Н. Толстой
     </persName>
     <placeName>
      Ясная Поляна
     </placeName>
     <date when="1884-09-01"/>
    </correspAction>
    <correspAction type="receiving">
     <persName ref="13844">
      Толстая Софья Андреевна, рожд. Берс
     </persName>
    </correspAction>
   </correspDesc>
   <langUsage>
    <language ident="ru"/>
    <language ident="ru-petr1708"/>
   </langUsage>
   <textClass>
    <catRef ana="#tolstoy_heritage" target="library"/>
    <catRef ana="#letters" target="type"/>
    <catRef ana="#sent" target="sent"/>
   </textClass>
  </profileDesc>
 </teiHeader>
 <xenoData>
  <number type="in a volume">
   269
  </number>
 </xenoData>
 <text xml:id="sentyabrya1_269" xmlns="http://www.tei-c.org/ns/1.0" xmlns:xi="http://www.w3.org/2001/XInclude">
  <body>
   <div>
    <pb n="427"/>
    <opener index="false">
     * 269.1884 г. Сентября 1. Я. П.
    </opener>
    <p id="8887cb34-231c-4198-8465-5a4fbf558f70">
     Посылали
     <choice>
      <reg>
       в
      </reg>
      <orig>
       въ
      </orig>
     </choice>
     Козловку и посылали
     <choice>
      <reg>
       в
      </reg>
      <orig>
       въ
      </orig>
     </choice>
     Тулу, и письма
     <choice>
      <reg>
       от
      </reg>
      <orig>
       отъ
      </orig>
     </choice>
     тебя
     <choice>
      <reg>
       нет
      </reg>
      <orig>
       нѣтъ
      </orig>
     </choice>
     . Я не
     <choice>
      <reg>
       беспокоюсь
      </reg>
      <orig>
       безпокоюсь
      </orig>
     </choice>
     , предполагая, что ты или опоздала или не писала. Хоть и
     <choice>
      <reg>
       надеемся
      </reg>
      <orig>
       надѣемся
      </orig>
     </choice>
     , что ты не получишь
     <choice>
      <reg>
       этого
      </reg>
      <orig>
       этаго
      </orig>
     </choice>
     письма, все таки
     <choice>
      <reg>
       пишем
      </reg>
      <orig>
       пишемъ
      </orig>
     </choice>
     . У
     <choice>
      <reg>
       нас
      </reg>
      <orig>
       насъ
      </orig>
     </choice>
     все благополучно: и Саша,
     <ref target="#note1">
      1
     </ref>
     <note index="false" resp="volume_editor" xml:id="note1">
      <name placement="note" ref="13815" type="person">
       Александра Львовна Толстая
      </name>
      (р. 18 июня 1884 г.), младшая дочь Толстых. Получила домашнее образование. На ее имя Толстой
      <hi style="opdelimiter">
       составил
      </hi>
      <hi style="npdelimiter">
       свое
      </hi>
      последнее завещание, предоставив в полную ее собственность все свои произведения. Завещание утверждено Тульским окружным судом 16 ноября 1910 г. Издала под редакцией В. Г. Черткова «Посмертные художественные произведения
      <name placement="note" ref="13883" type="person">
       Л. Н. Толстого
      </name>
      » в трех томах, 1911. Работала на фронтах в войну 1914—1918 гг. После революции — директор Яснополянского дома-музея и опытно-показательной станции «Ясная поляна». Член редакторского комитета настоящего издания. Организовала в 1918 г. «Кооперативное товарищество изучения и распространения произведений
      <name placement="note" ref="13883" type="person">
       Л. Н. Толстого
      </name>
      », разработавшее архив Толстого (период до 1880 г.). 1930 г. провела в Японии. В настоящее время проживает в Америке. Напечатала воспоминания «Об уходе и смерти
      <name placement="note" ref="13883" type="person">
       Л. Н. Толстого
      </name>
      » в четвертом сборнике «Толстой. Памятники творчества и жизни» М. 1923. По-немецки отдельной книгой: «Tolstois Flucht und Tod. Geschildert von seiner Tochter Alexandra, Kassirer. Berlin (1925 г.) За границей опубликовала свои мемуары на разных языках. По русски — в журнале «Современные записки» (1931, XLV и XLVI). По-немецки: Alexandra Tolstoi, «Wanderer in Ketten» («Странник в цепях»). Fursche-Verlag, Berlin. 1932.
     </note>
     <choice>
      <reg>
       с
      </reg>
      <orig>
       съ
      </orig>
     </choice>
     <choice original_editorial_correction="кот[орой]">
      <sic>
       кот
      </sic>
      <corr>
       которой
      </corr>
     </choice>
     я
     <choice>
      <reg>
       гулькал
      </reg>
      <orig>
       гулькалъ
      </orig>
     </choice>
     , и Алеша,
     <choice original_editorial_correction="к[оторый]">
      <sic>
       к
      </sic>
      <corr>
       который
      </corr>
     </choice>
     <choice>
      <reg>
       покапризничал
      </reg>
      <orig>
       покапризничалъ
      </orig>
     </choice>
     и
     <choice>
      <reg>
       стал
      </reg>
      <orig>
       сталъ
      </orig>
     </choice>
     очень
     <choice>
      <reg>
       мил
      </reg>
      <orig>
       милъ
      </orig>
     </choice>
     , нынче
     <choice>
      <reg>
       утром
      </reg>
      <orig>
       утромъ
      </orig>
     </choice>
     и Миша,
     <choice original_editorial_correction="к[оторый]">
      <sic>
       к
      </sic>
      <corr>
       который
      </corr>
     </choice>
     очень
     <choice>
      <reg>
       мил
      </reg>
      <orig>
       милъ
      </orig>
     </choice>
     и
     <choice>
      <reg>
       добр
      </reg>
      <orig>
       добръ
      </orig>
     </choice>
     , и Андрюша,
     <choice original_editorial_correction="к[оторый]">
      <sic>
       к
      </sic>
      <corr>
       который
      </corr>
     </choice>
     нынче
     <choice>
      <reg>
       после
      </reg>
      <orig>
       послѣ
      </orig>
     </choice>
     <choice>
      <reg>
       увещания
      </reg>
      <orig>
       увѣщанія
      </orig>
     </choice>
     <choice>
      <reg>
       был
      </reg>
      <orig>
       былъ
      </orig>
     </choice>
     очень
     <choice>
      <reg>
       послушен
      </reg>
      <orig>
       послушенъ
      </orig>
     </choice>
     и
     <choice>
      <reg>
       добр
      </reg>
      <orig>
       добръ
      </orig>
     </choice>
     , и Маша,
     <choice>
      <reg>
       с
      </reg>
      <orig>
       съ
      </orig>
     </choice>
     <choice original_editorial_correction="к[оторой]">
      <sic>
       к
      </sic>
      <corr>
       которой
      </corr>
     </choice>
     мы
     <choice>
      <reg>
       бежали
      </reg>
      <orig>
       бѣжали
      </orig>
     </choice>
     на перегонку
     <choice>
      <reg>
       в
      </reg>
      <orig>
       въ
      </orig>
     </choice>
     <choice>
      <reg>
       тот
      </reg>
      <orig>
       тотъ
      </orig>
     </choice>
     <choice>
      <reg>
       дом
      </reg>
      <orig>
       домъ
      </orig>
     </choice>
     и она меня перегнала, и Таня,
     <choice original_editorial_correction="к[оторая]">
      <sic>
       к
      </sic>
      <corr>
       которая
      </corr>
     </choice>
     возила нынче
     <choice>
      <reg>
       в
      </reg>
      <orig>
       въ
      </orig>
     </choice>
     5
     <choice>
      <reg>
       часов
      </reg>
      <orig>
       часовъ
      </orig>
     </choice>
     письмо
     <choice>
      <reg>
       с
      </reg>
      <orig>
       съ
      </orig>
     </choice>
     Машей
     <choice original_editorial_correction="К[узминской]">
      <sic>
       К
      </sic>
      <corr>
       Кузминской
      </corr>
     </choice>
     на Козловку. Про Илюшу ничего не
     <choice>
      <reg>
       знаем
      </reg>
      <orig>
       знаемъ
      </orig>
     </choice>
     . Сережа
     <choice>
      <reg>
       ходит
      </reg>
      <orig>
       ходитъ
      </orig>
     </choice>
     за
     <choice>
      <reg>
       орехами
      </reg>
      <orig>
       орѣхами
      </orig>
     </choice>
     . — Я
     <choice>
      <reg>
       совсем
      </reg>
      <orig>
       совсѣмъ
      </orig>
     </choice>
     <choice>
      <reg>
       здоров
      </reg>
      <orig>
       здоровъ
      </orig>
     </choice>
     . Нынче опять
     <choice>
      <reg>
       Урусов
      </reg>
      <orig>
       Урусовъ
      </orig>
     </choice>
     , и
     <choice>
      <reg>
       сейчас
      </reg>
      <orig>
       сейчасъ
      </orig>
     </choice>
     <choice>
      <reg>
       спорит
      </reg>
      <orig>
       споритъ
      </orig>
     </choice>
     <choice>
      <reg>
       с
      </reg>
      <orig>
       съ
      </orig>
     </choice>
     Таней; что-то о
     <choice>
      <reg>
       нарядах
      </reg>
      <orig>
       нарядахъ
      </orig>
     </choice>
     и о
     <choice>
      <reg>
       женщинах
      </reg>
      <orig>
       женщинахъ
      </orig>
     </choice>
     . — Сережа
     <choice>
      <reg>
       говорит
      </reg>
      <orig>
       говоритъ
      </orig>
     </choice>
     , что Таню
     <choice>
      <reg>
       без
      </reg>
      <orig>
       безъ
      </orig>
     </choice>
     мужа
     <ref target="#note2">
      2
     </ref>
     <note index="false" resp="volume_editor" xml:id="note2">
      Согласно приписке Т. Л. Толстой к предшествующему письму Толстого, Кузминский уехал 1 сентября.
     </note>
     и сестры мы очень затравили.
    </p>
    <p id="d9a9cd3f-7a04-4106-9eb8-6485f776e5c1">
     Я думаю, что это неправда. Она
     <choice>
      <reg>
       как-то
      </reg>
      <orig>
       какъ-то
      </orig>
     </choice>
     раздражительна.
    </p>
    <p id="2258d53e-08cc-4246-9763-3141eaee9cb3">
     Погода нынче прелестная. Я ничего не
     <choice>
      <reg>
       делаю
      </reg>
      <orig>
       дѣлаю
      </orig>
     </choice>
     , но хорошо думаю и ожидаю тебя. Только боюсь, чтобы ты не перемучилась и хлопотами и
     <choice>
      <reg>
       жаром
      </reg>
      <orig>
       жаромъ
      </orig>
     </choice>
     .
    </p>
    <p id="e21240ed-2072-4487-a66c-d5993a928b53">
     Прощай, душенька, должно быть до
     <choice>
      <reg>
       завтрого
      </reg>
      <orig>
       завтраго
      </orig>
     </choice>
     .
     <choice>
      <reg>
       Ждем
      </reg>
      <orig>
       Ждемъ
      </orig>
     </choice>
     и телеграммы, и письма, и тебя.
     <ref target="#note3">
      3
     </ref>
     <note index="false" resp="volume_editor" xml:id="note3">
      С. А. Толстая вернулась из Москвы 4 сентября (по дневниковой записи Толстого).
     </note>
    </p>
    <p id="d3998373-9a1b-4496-9d60-87e8d70db533" rend="right">
     Л.
    </p>
    <noteGrp type="comments">
     <note index="false" type="comments">
      <p id="c19a1b83-fadb-440e-b475-40728110a12e" rend="Textpetit_otstup left">
       Печатается по автографу, хранящемуся в АТБ. Публикуется впервые. Датируется на основании: 1) фразы письма о «гульканьи с Сашей», родившейся 18 июня 1884 г.; 2) связи содержания данного письма с предшествующим (собирание орехов, Илья на охоте); 3) дневниковой записи Толстого под 1 сентября: «Пришел поздно — князь», о приезде кн. Л. Д. Урусова в письме сказано: «Нынче опять Урусов».
      </p>
     </note>
    </noteGrp>
   </div>
  </body>
 </text>
</TEI>
