<?xml version="1.0" encoding="utf-8"?>
<TEI xmlns="http://www.tei-c.org/ns/1.0" xmlns:xi="http://www.w3.org/2001/XInclude">
 <teiHeader>
  <fileDesc>
   <titleStmt>
    <title xml:id="v83_279_a29">
     Письма и документы. Tolstoy Digital
    </title>
    <title type="main">
     Письмо С.А.Толстой от 29 октября 1884 г.
    </title>
    <title type="bibl">
     Толстой Л. Н. Письмо С. А. Толстой, 29 октября 1884 г. // Толстой Л. Н. Полное собрание сочинений: в 90 тт. Т. 83. М.: Гос. изд. «Художественная литература», 1938. С.
    </title>
    <respStmt>
     <resp>
      Идея, постановка задач, руководство:
     </resp>
     <name>
      Анастасия Бонч-Осмоловская, Фёкла Толстая, Борис Орехов, Тимофей Лукашевский
     </name>
    </respStmt>
    <respStmt>
     <resp>
      Подготовка TEI/XML:
     </resp>
     <name>
      Евгений Можаев, Даниил Скоринкин, Ирина Павлова, Матвей Колбасов, Елена Сидорова, Кирилл Милинцевич, Лев Буланов, Макар Федоров, Константин Петров
     </name>
    </respStmt>
    <respStmt>
     <resp>
      Подготовка метаданных:
     </resp>
     <name>
      Мария Картышева, Вероника Файнберг
     </name>
    </respStmt>
    <respStmt>
     <resp>
      Разметка имен собственных:
     </resp>
     <name>
      Никита Северин, Елена Северина
     </name>
    </respStmt>
    <respStmt>
     <resp>
      Исправление древнегреческого текста:
     </resp>
     <name>
      Ольга Алиева
     </name>
    </respStmt>
    <funder>
     Проект «Слово Толстого»
    </funder>
   </titleStmt>
   <publicationStmt>
    <publisher>
     <orgName>
      Tolstoy Digital, DH CLOUD, Научно-образовательный союз «Родное Слово» проект «Слово Толстого»
     </orgName>
    </publisher>
    <availability>
     <p id="0fd72464-b543-45f8-970f-f3f5434031a9">
      Тексты и метатекстовая разметка доступны для свободного использования и распространения по лицензии Creative Commons Attribution Share-Alike (cc by-sa)
     </p>
    </availability>
    <date from="2015" to="2022"/>
   </publicationStmt>
   <notesStmt>
    <note>
     Публикуемые документы был получены с сайта tolstoy.ru в формате html, переведены в формат TEI. Исправлены некоторые ошибки распознавания. Тексты, написанные в дореформенной орфографии, сопоставлены с их версиями в современной орфографии.
    </note>
   </notesStmt>
   <sourceDesc>
    <biblStruct>
     <analytic>
      <author>
       Толстой Лев Николаевич
      </author>
     </analytic>
     <monogr>
      <title level="m">
       Полное собрание сочинений. Том 83
      </title>
      <imprint>
       <pubPlace>
        Москва
       </pubPlace>
       <publisher>
        Государственное издательство «Художественная литература»
       </publisher>
       <date when="1938"/>
      </imprint>
      <biblScope unit="vol">
       83
      </biblScope>
      <biblScope unit="page">
       447-450
      </biblScope>
     </monogr>
     <series>
      <title level="s">
       Л. Н. Толстой. Полное собрание сочинений: в 90 тт.
      </title>
     </series>
    </biblStruct>
    <bibl/>
   </sourceDesc>
  </fileDesc>
  <encodingDesc>
   <classDecl>
    <xi:include href="../../reference/taxonomy.xml"/>
   </classDecl>
  </encodingDesc>
  <profileDesc>
   <correspDesc>
    <correspAction type="sending">
     <persName ref="13883">
      Л. Н. Толстой
     </persName>
     <placeName>
      Ясная Поляна
     </placeName>
     <date when="1884-10-29"/>
    </correspAction>
    <correspAction type="receiving">
     <persName ref="13844">
      Толстая Софья Андреевна, рожд. Берс
     </persName>
    </correspAction>
   </correspDesc>
   <langUsage>
    <language ident="ru"/>
    <language ident="ru-petr1708"/>
   </langUsage>
   <textClass>
    <catRef ana="#tolstoy_heritage" target="library"/>
    <catRef ana="#letters" target="type"/>
    <catRef ana="#sent" target="sent"/>
   </textClass>
  </profileDesc>
 </teiHeader>
 <xenoData>
  <number type="in a volume">
   279
  </number>
 </xenoData>
 <text xml:id="a29_279" xmlns="http://www.tei-c.org/ns/1.0" xmlns:xi="http://www.w3.org/2001/XInclude">
  <body>
   <div>
    <pb n="447"/>
    <opener index="false">
     279.1884 г. Октября 29. Я. П.
    </opener>
    <p id="12503dae-95d7-4aae-89e9-bf2116ecae70">
     Боюсь, письмо нынче
     <choice>
      <reg>
       будет
      </reg>
      <orig>
       будетъ
      </orig>
     </choice>
     короткое. Поздно
     <choice>
      <reg>
       засиделся
      </reg>
      <orig>
       засидѣлся
      </orig>
     </choice>
     <choice>
      <reg>
       с
      </reg>
      <orig>
       съ
      </orig>
     </choice>
     <choice>
      <reg>
       Филипом
      </reg>
      <orig>
       Филипомъ
      </orig>
     </choice>
     , давая ему
     <choice>
      <reg>
       наставления
      </reg>
      <orig>
       наставленія
      </orig>
     </choice>
     .
     <choice>
      <reg>
       Встал
      </reg>
      <orig>
       Всталъ
      </orig>
     </choice>
     рано,
     <choice>
      <reg>
       пошел
      </reg>
      <orig>
       пошелъ
      </orig>
     </choice>
     по хозяйству.
     <choice>
      <reg>
       Потом
      </reg>
      <orig>
       Потомъ
      </orig>
     </choice>
     занялся
     <choice>
      <reg>
       своим
      </reg>
      <orig>
       своимъ
      </orig>
     </choice>
     <choice>
      <reg>
       богословием
      </reg>
      <orig>
       богословіемъ
      </orig>
     </choice>
     <ref target="#note1">
      1
     </ref>
     <note index="false" resp="volume_editor" xml:id="note1">
      Писанием книги «Критика догматического богословия».
     </note>
     — порядочно,
     <choice>
      <reg>
       потом
      </reg>
      <orig>
       потомъ
      </orig>
     </choice>
     <choice>
      <reg>
       поколол
      </reg>
      <orig>
       покололъ
      </orig>
     </choice>
     <choice>
      <reg>
       дров
      </reg>
      <orig>
       дровъ
      </orig>
     </choice>
     , и
     <choice>
      <reg>
       тут
      </reg>
      <orig>
       тутъ
      </orig>
     </choice>
     пришла ко
     <choice>
      <reg>
       мне
      </reg>
      <orig>
       мнѣ
      </orig>
     </choice>
     Арина
     <ref target="#note2">
      2
     </ref>
     <note index="false" resp="volume_editor" xml:id="note2">
      Арина Федоровна Фролкова (р. 1831 г.), рожд. Шинтякова.
     </note>
     жаловаться на свою судьбу. И подвывала она, и голосила почти, и мало она жалка; но я надѣюсь соединить ее съ ея мужемъ.
     <ref target="#note3">
      3
     </ref>
     <note index="false" resp="volume_editor" xml:id="note3">
      <name placement="note" ref="14777" type="person">
       Павел Игнатьевич Фролков
      </name>
      (1827—1892), яснополянский крестьянин.
     </note>
     Она
     <choice>
      <reg>
       ждет
      </reg>
      <orig>
       ждетъ
      </orig>
     </choice>
     только того, чтобы
     <choice>
      <reg>
       он
      </reg>
      <orig>
       онъ
      </orig>
     </choice>
     <choice>
      <reg>
       выразил
      </reg>
      <orig>
       выразилъ
      </orig>
     </choice>
     <choice>
      <reg>
       согласие
      </reg>
      <orig>
       согласіе
      </orig>
     </choice>
     . Я
     <choice>
      <reg>
       хотел
      </reg>
      <orig>
       хотѣлъ
      </orig>
     </choice>
     нынче заняться
     <choice>
      <reg>
       этим
      </reg>
      <orig>
       этимъ
      </orig>
     </choice>
     <choice>
      <reg>
       дипломатическим
      </reg>
      <orig>
       дипломатическимъ
      </orig>
     </choice>
     <choice>
      <reg>
       делом
      </reg>
      <orig>
       дѣломъ
      </orig>
     </choice>
     , но не
     <hi style="opdelimiter">
      <choice>
       <reg>
        успел
       </reg>
       <orig>
        успѣлъ
       </orig>
      </choice>
      .
     </hi>
     <pb n="448"/>
     <hi style="npdelimiter">
      Да
     </hi>
     <choice>
      <reg>
       утром
      </reg>
      <orig>
       утромъ
      </orig>
     </choice>
     были еще
     <choice>
      <reg>
       две
      </reg>
      <orig>
       двѣ
      </orig>
     </choice>
     бабы. Одна
     <choice>
      <reg>
       с
      </reg>
      <orig>
       съ
      </orig>
     </choice>
     просьбой похлопотать о
     <choice>
      <reg>
       муже
      </reg>
      <orig>
       мужѣ
      </orig>
     </choice>
     <choice>
      <reg>
       в
      </reg>
      <orig>
       въ
      </orig>
     </choice>
     <choice>
      <reg>
       остроге
      </reg>
      <orig>
       острогѣ
      </orig>
     </choice>
     . Я
     <choice>
      <reg>
       написал
      </reg>
      <orig>
       написалъ
      </orig>
     </choice>
     Бибикову,
     <ref target="#note4">
      4
     </ref>
     <note index="false" resp="volume_editor" xml:id="note4">
      А. Н. Бибиков, в то время был председателем Крапивенской земской управы.
     </note>
     и,
     <choice>
      <reg>
       может
      </reg>
      <orig>
       можетъ
      </orig>
     </choice>
     быть,
     <choice>
      <reg>
       с
      </reg>
      <orig>
       съ
      </orig>
     </choice>
     пользой, другая старуха судится
     <choice>
      <reg>
       с
      </reg>
      <orig>
       съ
      </orig>
     </choice>
     <choice>
      <reg>
       деверем
      </reg>
      <orig>
       деверемъ
      </orig>
     </choice>
     за квитанцию. Эту я
     <choice>
      <reg>
       уговорил
      </reg>
      <orig>
       уговорилъ
      </orig>
     </choice>
     бросить
     <choice>
      <reg>
       суд
      </reg>
      <orig>
       судъ
      </orig>
     </choice>
     . Я
     <choice>
      <reg>
       вспомнил
      </reg>
      <orig>
       вспомнилъ
      </orig>
     </choice>
     это потому, что
     <choice>
      <reg>
       здесь
      </reg>
      <orig>
       здѣсь
      </orig>
     </choice>
     день кажется такой не
     <choice>
      <reg>
       блестящий
      </reg>
      <orig>
       блестящій
      </orig>
     </choice>
     , а вспомнить, —
     <choice>
      <reg>
       нет
      </reg>
      <orig>
       нѣтъ
      </orig>
     </choice>
     <choice>
      <reg>
       нет
      </reg>
      <orig>
       нѣтъ
      </orig>
     </choice>
     , и оказался полезным
     <choice>
      <reg>
       добрым
      </reg>
      <orig>
       добрымъ
      </orig>
     </choice>
     <choice>
      <reg>
       людям
      </reg>
      <orig>
       людямъ
      </orig>
     </choice>
     .
     <choice>
      <reg>
       Потом
      </reg>
      <orig>
       Потомъ
      </orig>
     </choice>
     <choice>
      <reg>
       поехал
      </reg>
      <orig>
       поѣхалъ
      </orig>
     </choice>
     <choice>
      <reg>
       верхом
      </reg>
      <orig>
       верхомъ
      </orig>
     </choice>
     <choice>
      <reg>
       в
      </reg>
      <orig>
       въ
      </orig>
     </choice>
     Лимоновской
     <choice>
      <reg>
       лес
      </reg>
      <orig>
       лѣсъ
      </orig>
     </choice>
     <ref target="#note5">
      5
     </ref>
     <note index="false" resp="volume_editor" xml:id="note5">
      Березовый лес близ усадьбы Ясной поляны.
     </note>
     <choice>
      <reg>
       посмотреть
      </reg>
      <orig>
       посмотрѣть
      </orig>
     </choice>
     <choice>
      <reg>
       лес
      </reg>
      <orig>
       лѣсъ
      </orig>
     </choice>
     и руду,
     <choice original_editorial_correction="кот[орую]">
      <sic>
       кот
      </sic>
      <corr>
       которую
      </corr>
     </choice>
     <choice>
      <reg>
       там
      </reg>
      <orig>
       тамъ
      </orig>
     </choice>
     нашли. Еще
     <choice original_editorial_correction="Митроф[ан]">
      <sic>
       Митроф
      </sic>
      <corr>
       <choice>
        <reg>
         Митрофан
        </reg>
        <orig>
         Митрофанъ
        </orig>
       </choice>
      </corr>
     </choice>
     <choice>
      <reg>
       нанял
      </reg>
      <orig>
       нанялъ
      </orig>
     </choice>
     таскать.
     <choice>
      <reg>
       Вот
      </reg>
      <orig>
       Вотъ
      </orig>
     </choice>
     <choice>
      <reg>
       как
      </reg>
      <orig>
       какъ
      </orig>
     </choice>
     <choice>
      <reg>
       раз
      </reg>
      <orig>
       разъ
      </orig>
     </choice>
     <choice>
      <reg>
       тот
      </reg>
      <orig>
       тотъ
      </orig>
     </choice>
     хозяйственный
     <choice>
      <reg>
       вопрос
      </reg>
      <orig>
       вопросъ
      </orig>
     </choice>
     ,
     <choice original_editorial_correction="к[оторого]">
      <sic>
       к
      </sic>
      <corr>
       <choice>
        <reg>
         которого
        </reg>
        <orig>
         котораго
        </orig>
       </choice>
      </corr>
     </choice>
     <choice>
      <reg>
       решенье
      </reg>
      <orig>
       рѣшенье
      </orig>
     </choice>
     трудно.
     <choice>
      <reg>
       Там
      </reg>
      <orig>
       Тамъ
      </orig>
     </choice>
     <choice>
      <reg>
       живут
      </reg>
      <orig>
       живутъ
      </orig>
     </choice>
     <choice>
      <reg>
       две
      </reg>
      <orig>
       двѣ
      </orig>
     </choice>
     <choice>
      <reg>
       недели
      </reg>
      <orig>
       недѣли
      </orig>
     </choice>
     два мужика, одному
     <choice>
      <reg>
       60-лет
      </reg>
      <orig>
       60-лѣтъ
      </orig>
     </choice>
     ,
     <choice>
      <reg>
       ночуют
      </reg>
      <orig>
       ночуютъ
      </orig>
     </choice>
     и
     <choice>
      <reg>
       едят
      </reg>
      <orig>
       ѣдятъ
      </orig>
     </choice>
     у Александры.
     <ref target="#note6">
      6
     </ref>
     <note index="false" resp="volume_editor" xml:id="note6">
      Александр Прасекин, по прозвищу Овчарник.
     </note>
     Дни
     <choice>
      <reg>
       проводят
      </reg>
      <orig>
       проводятъ
      </orig>
     </choice>
     на
     <choice>
      <reg>
       работе
      </reg>
      <orig>
       работѣ
      </orig>
     </choice>
     . Работа такая:
     <choice>
      <reg>
       один
      </reg>
      <orig>
       одинъ
      </orig>
     </choice>
     <choice>
      <reg>
       копает
      </reg>
      <orig>
       копаетъ
      </orig>
     </choice>
     <choice>
      <reg>
       в
      </reg>
      <orig>
       въ
      </orig>
     </choice>
     <choice>
      <reg>
       земле
      </reg>
      <orig>
       землѣ
      </orig>
     </choice>
     до 6
     <choice>
      <reg>
       сажен
      </reg>
      <orig>
       саженъ
      </orig>
     </choice>
     глубины,
     <choice>
      <reg>
       кладет
      </reg>
      <orig>
       кладетъ
      </orig>
     </choice>
     землю
     <choice>
      <reg>
       в
      </reg>
      <orig>
       въ
      </orig>
     </choice>
     кадушку и другой
     <choice>
      <reg>
       воротом
      </reg>
      <orig>
       воротомъ
      </orig>
     </choice>
     <choice>
      <reg>
       вытаскивает
      </reg>
      <orig>
       вытаскиваетъ
      </orig>
     </choice>
     <choice>
      <reg>
       пудов
      </reg>
      <orig>
       пудовъ
      </orig>
     </choice>
     5
     <choice>
      <reg>
       в
      </reg>
      <orig>
       въ
      </orig>
     </choice>
     <choice>
      <reg>
       кадушке
      </reg>
      <orig>
       кадушкѣ
      </orig>
     </choice>
     . Кадушка
     <choice>
      <reg>
       над
      </reg>
      <orig>
       надъ
      </orig>
     </choice>
     головой того,
     <choice original_editorial_correction="к[оторый]">
      <sic>
       к
      </sic>
      <corr>
       который
      </corr>
     </choice>
     внизу, —
     <choice>
      <reg>
       упустит
      </reg>
      <orig>
       упуститъ
      </orig>
     </choice>
     <choice>
      <reg>
       верхний
      </reg>
      <orig>
       верхній
      </orig>
     </choice>
     , и нижнему смерть или
     <choice>
      <reg>
       калечество
      </reg>
      <orig>
       калѣчество
      </orig>
     </choice>
     .
     <choice>
      <reg>
       Кроме
      </reg>
      <orig>
       Кромѣ
      </orig>
     </choice>
     того,
     <choice>
      <reg>
       песок
      </reg>
      <orig>
       песокъ
      </orig>
     </choice>
     ,
     <choice>
      <reg>
       которого
      </reg>
      <orig>
       котораго
      </orig>
     </choice>
     на пути дудки
     <choice>
      <reg>
       несколько
      </reg>
      <orig>
       нѣсколько
      </orig>
     </choice>
     <choice>
      <reg>
       аршин
      </reg>
      <orig>
       аршинъ
      </orig>
     </choice>
     ,
     <choice>
      <reg>
       может
      </reg>
      <orig>
       можетъ
      </orig>
     </choice>
     тоже обрушиться, и тоже смерть. До
     <choice>
      <reg>
       обеда
      </reg>
      <orig>
       обѣда
      </orig>
     </choice>
     <choice>
      <reg>
       один
      </reg>
      <orig>
       одинъ
      </orig>
     </choice>
     , a
     <choice>
      <reg>
       после
      </reg>
      <orig>
       послѣ
      </orig>
     </choice>
     <choice>
      <reg>
       обеда
      </reg>
      <orig>
       обѣда
      </orig>
     </choice>
     другой внизу.
     <choice>
      <reg>
       Уговор
      </reg>
      <orig>
       Уговоръ
      </orig>
     </choice>
     работы такой.
     <choice>
      <reg>
       Копают
      </reg>
      <orig>
       Копаютъ
      </orig>
     </choice>
     на свое счастье и
     <choice>
      <reg>
       знание
      </reg>
      <orig>
       знаніе
      </orig>
     </choice>
     . Сколько бы ни прошли
     <choice>
      <reg>
       дудок
      </reg>
      <orig>
       дудокъ
      </orig>
     </choice>
     , ничего не
     <choice>
      <reg>
       получают
      </reg>
      <orig>
       получаютъ
      </orig>
     </choice>
     , пока не
     <choice>
      <reg>
       найдут
      </reg>
      <orig>
       найдутъ
      </orig>
     </choice>
     руды. А если
     <choice>
      <reg>
       найдут
      </reg>
      <orig>
       найдутъ
      </orig>
     </choice>
     , то
     <choice>
      <reg>
       копают
      </reg>
      <orig>
       копаютъ
      </orig>
     </choice>
     3 дудки и за каждую
     <choice>
      <reg>
       получают
      </reg>
      <orig>
       получаютъ
      </orig>
     </choice>
     по 15
     <choice original_editorial_correction="р[ублей]">
      <sic>
       р
      </sic>
      <corr>
       рублей
      </corr>
     </choice>
     . Они прокопали
     <choice>
      <reg>
       две
      </reg>
      <orig>
       двѣ
      </orig>
     </choice>
     напрасно;
     <choice>
      <reg>
       в
      </reg>
      <orig>
       въ
      </orig>
     </choice>
     одной нашли, другую
     <choice>
      <reg>
       кончают
      </reg>
      <orig>
       кончаютъ
      </orig>
     </choice>
     ,
     <choice>
      <reg>
       в
      </reg>
      <orig>
       въ
      </orig>
     </choice>
     <choice original_editorial_correction="к[оторой]">
      <sic>
       к
      </sic>
      <corr>
       которой
      </corr>
     </choice>
     тоже
     <choice>
      <reg>
       будет
      </reg>
      <orig>
       будетъ
      </orig>
     </choice>
     ; а 3-я спорная.
     <choice>
      <reg>
       В
      </reg>
      <orig>
       Въ
      </orig>
     </choice>
     ней есть руда, но по пути
     <choice>
      <reg>
       к
      </reg>
      <orig>
       къ
      </orig>
     </choice>
     ней 6
     <choice>
      <reg>
       аршин
      </reg>
      <orig>
       аршинъ
      </orig>
     </choice>
     песку. И потому опасно копать
     <choice>
      <reg>
       без
      </reg>
      <orig>
       безъ
      </orig>
     </choice>
     сруба. И
     <choice>
      <reg>
       так
      </reg>
      <orig>
       такъ
      </orig>
     </choice>
     обвалилось
     <choice>
      <reg>
       с
      </reg>
      <orig>
       съ
      </orig>
     </choice>
     шапку песку на
     <choice>
      <reg>
       нижнего
      </reg>
      <orig>
       нижняго
      </orig>
     </choice>
     копщика.
     <choice>
      <reg>
       Копач
      </reg>
      <orig>
       Копачъ
      </orig>
     </choice>
     <choice>
      <reg>
       говорит
      </reg>
      <orig>
       говоритъ
      </orig>
     </choice>
     , что эта дудка должна идти
     <choice>
      <reg>
       в
      </reg>
      <orig>
       въ
      </orig>
     </choice>
     <choice>
      <reg>
       счет
      </reg>
      <orig>
       счетъ
      </orig>
     </choice>
     , а
     <choice>
      <reg>
       Митрофан
      </reg>
      <orig>
       Митрофанъ
      </orig>
     </choice>
     <choice>
      <reg>
       говорит
      </reg>
      <orig>
       говоритъ
      </orig>
     </choice>
     , что
     <choice>
      <reg>
       нет
      </reg>
      <orig>
       нѣтъ
      </orig>
     </choice>
     . Посмотришь
     <choice>
      <reg>
       их
      </reg>
      <orig>
       ихъ
      </orig>
     </choice>
     работу, и ясно, что надо дать ему все, что
     <choice>
      <reg>
       он
      </reg>
      <orig>
       онъ
      </orig>
     </choice>
     <choice>
      <reg>
       просит
      </reg>
      <orig>
       проситъ
      </orig>
     </choice>
     ; а посмотришь со стороны только
     <choice>
      <reg>
       расходов
      </reg>
      <orig>
       расходовъ
      </orig>
     </choice>
     и уговора, то ясно, что 15
     <choice original_editorial_correction="р[ублей]">
      <sic>
       р
      </sic>
      <corr>
       рублей
      </corr>
     </choice>
     нельзя бросать. Это очень
     <choice>
      <reg>
       резкий
      </reg>
      <orig>
       рѣзкій
      </orig>
     </choice>
     случай
     <choice>
      <reg>
       хозяйственных
      </reg>
      <orig>
       хозяйственныхъ
      </orig>
     </choice>
     <choice>
      <reg>
       дилемм
      </reg>
      <orig>
       дилеммъ
      </orig>
     </choice>
     ; я потому его
     <choice>
      <reg>
       описал
      </reg>
      <orig>
       описалъ
      </orig>
     </choice>
     .
     <ref target="#note7">
      7
     </ref>
     <note index="false" resp="volume_editor" xml:id="note7">
      С. А. Толстая писала в ответ 30 октября: «Сейчас получила твое хозяйственное (о копачах и проч.) письмо. Значит, еще три дня тебя ждать. Зачем же ты показал такое нетерпение меня видеть? Сегодня весь день я лихорадочно ждала тебя, с таким счастьем и радостью, точно к празднику готовятся. Пока ты спокойно жил, пока я думала, что для тебя это счастье и нужно, до тех пор и сама я приходила в аккуратность и жила спокойно. — Ну, да так надо; только жалко: это охладит мою радость и собьет мою жизнь — эти три дня ожиданья» (ПСТ, стр. 272).
     </note>
    </p>
    <p id="c659eade-069e-4966-a6ea-1a45098136b0">
     <choice>
      <reg>
       Приехал
      </reg>
      <orig>
       Прiѣхалъ
      </orig>
     </choice>
     поздно. Прекрасно
     <choice>
      <reg>
       пообедал
      </reg>
      <orig>
       пообѣдалъ
      </orig>
     </choice>
     ,
     <choice>
      <reg>
       почитал
      </reg>
      <orig>
       почиталъ
      </orig>
     </choice>
     и
     <choice>
      <reg>
       пошел
      </reg>
      <orig>
       пошелъ
      </orig>
     </choice>
     <choice>
      <reg>
       с
      </reg>
      <orig>
       съ
      </orig>
     </choice>
     <choice original_editorial_correction="Дм[итрием]">
      <sic>
       Дм
      </sic>
      <corr>
       <choice>
        <reg>
         <name placement="text" ref="2600" type="person">
          Дмитрием
         </name>
        </reg>
        <orig>
         <name placement="text" ref="2600" type="person">
          Дмитріемъ
         </name>
        </orig>
       </choice>
      </corr>
     </choice>
     <choice original_editorial_correction="Фед[оровичем]">
      <sic>
       <choice>
        <reg>
         <name placement="text" ref="2600" type="person">
          Фед
         </name>
        </reg>
        <orig>
         <name placement="text" ref="2600" type="person">
          Ѳед
         </name>
        </orig>
       </choice>
      </sic>
      <corr>
       <choice>
        <reg>
         <name placement="text" ref="2600" type="person">
          Федоровичем
         </name>
        </reg>
        <orig>
         Ѳедоровичемъ
        </orig>
       </choice>
      </corr>
     </choice>
     <choice>
      <reg>
       в
      </reg>
      <orig>
       въ
      </orig>
     </choice>
     баню;
     <choice>
      <reg>
       потом
      </reg>
      <orig>
       потомъ
      </orig>
     </choice>
     <choice>
      <reg>
       беседовал
      </reg>
      <orig>
       бесѣдовалъ
      </orig>
     </choice>
     <choice>
      <reg>
       с
      </reg>
      <orig>
       съ
      </orig>
     </choice>
     <choice original_editorial_correction="Мар[ьей]">
      <sic>
       Мар
      </sic>
      <corr>
       Марьей
      </corr>
     </choice>
     <choice original_editorial_correction="Аф[анасьевной]">
      <sic>
       Аф
      </sic>
      <corr>
       Афанасьевной
      </corr>
     </choice>
     и
     <choice>
      <reg>
       Филипом
      </reg>
      <orig>
       Филипомъ
      </orig>
     </choice>
     . Много
     <choice>
      <reg>
       интересного
      </reg>
      <orig>
       интереснаго
      </orig>
     </choice>
     . Я нынче
     <choice>
      <reg>
       весел
      </reg>
      <orig>
       веселъ
      </orig>
     </choice>
     ,
     <choice original_editorial_correction="пот[ому]">
      <sic>
       пот
      </sic>
      <corr>
       потому
      </corr>
     </choice>
     <choice original_editorial_correction="ч[то]">
      <sic>
       ч
      </sic>
      <corr>
       что
      </corr>
     </choice>
     <choice>
      <reg>
       от
      </reg>
      <orig>
       отъ
      </orig>
     </choice>
     тебя хорошее, очень хорошее письмо.
     <ref target="#note8">
      8
     </ref>
     <note index="false" resp="volume_editor" xml:id="note8">
      От 27 октября. С. А. Толстая писала в этом письме: «Я часто думаю о деревне, о природе, о тишине и о том, какое от всего этого настроение серьезное, поэтическое, хорошее. А здесь плохо. Живи один, если тебе хорошо; я сочувствую тебе и совсем отрешилась от эгоизма. Уже нет у меня, как бывало, той досады, что не помогаешь мне, что не любишь нас и т. п.» (ПСТ, стр. 268).
     </note>
     Я думаю
     <choice>
      <reg>
       приехать
      </reg>
      <orig>
       прiѣхать
      </orig>
     </choice>
     <choice>
      <reg>
       после
      </reg>
      <orig>
       послѣ
      </orig>
     </choice>
     1-го.
     <choice>
      <reg>
       Так
      </reg>
      <orig>
       Такъ
      </orig>
     </choice>
     все складывается и моя работа, и хозяйственный
     <choice>
      <reg>
       дела
      </reg>
      <orig>
       дѣла
      </orig>
     </choice>
     .
    </p>
    <p id="bb63ec90-4ed9-4b43-a236-1d5e33d463ad">
     <choice>
      <reg>
       Как
      </reg>
      <orig>
       Какъ
      </orig>
     </choice>
     <choice>
      <reg>
       верно
      </reg>
      <orig>
       вѣрно
      </orig>
     </choice>
     ты говоришь, что есть люди,
     <choice original_editorial_correction="кот[орым]">
      <sic>
       кот
      </sic>
      <corr>
       <choice>
        <reg>
         которым
        </reg>
        <orig>
         которымъ
        </orig>
       </choice>
      </corr>
     </choice>
     <choice>
      <reg>
       деться
      </reg>
      <orig>
       дѣться
      </orig>
     </choice>
     некуда, и
     <choice>
      <reg>
       от
      </reg>
      <orig>
       отъ
      </orig>
     </choice>
     <choice>
      <reg>
       этого
      </reg>
      <orig>
       этаго
      </orig>
     </choice>
     ты должна губить свою жизнь.
     <ref target="#note9">
      9
     </ref>
     <note index="false" resp="volume_editor" xml:id="note9">
      С. А. Толстая писала 27 октября: «мои мечты о раннем вставаньи и каком-нибудь деле уходят всё дальше, и дальше, увы! и всё это оттого, что приходят люди, которым деваться некуда и надо убить вечер».
     </note>
     Нынче, завтра, и
     <choice>
      <reg>
       так
      </reg>
      <orig>
       такъ
      </orig>
     </choice>
     всю жизнь. Это
     <hi style="opdelimiter">
      ужасно.
     </hi>
    </p>
    <p id="2f06a5e6-8f12-4b3c-9b13-94b796840372">
     <pb n="449"/>
     <hi style="npdelimiter">
      <choice>
       <reg>
        Будем
       </reg>
       <orig>
        Будемъ
       </orig>
      </choice>
     </hi>
     бороться.
     <choice>
      <reg>
       Как
      </reg>
      <orig>
       Какъ
      </orig>
     </choice>
     это странно, что все важное,
     <choice>
      <reg>
       имеющее
      </reg>
      <orig>
       имѣющее
      </orig>
     </choice>
     самое большое
     <choice>
      <reg>
       влияние
      </reg>
      <orig>
       вліяніе
      </orig>
     </choice>
     на жизнь, все чуть
     <choice>
      <reg>
       заметное
      </reg>
      <orig>
       замѣтное
      </orig>
     </choice>
     , тихое, — и доброе, и дурное.
    </p>
    <p id="b16b5944-bd45-4a45-9df8-a975108ecb65" rend="v">
     Early to bed and early to rise,
    </p>
    <p id="92dea919-79d5-438f-aa63-29e25d8f9647" rend="v">
     To be healthy, wealthy and wise.
     <ref target="#note10">
      10
     </ref>
     <note index="false" resp="volume_editor" xml:id="note10">
      <hi rend="italic">
       Рано ложась спать и рано вставая, Делаешься здоровым, богатым и мудрым.
      </hi>
     </note>
    </p>
    <p id="ce52383b-c275-4410-a9e5-ab692bf8348f">
     Это почти правда. Прощай, душенька. Я тебя люблю точно
     <choice>
      <reg>
       так
      </reg>
      <orig>
       такъ
      </orig>
     </choice>
     ,
     <choice>
      <reg>
       как
      </reg>
      <orig>
       какъ
      </orig>
     </choice>
     ты желаешь.
     <choice>
      <reg>
       Целуй
      </reg>
      <orig>
       Цѣлуй
      </orig>
     </choice>
     <choice>
      <reg>
       детей
      </reg>
      <orig>
       дѣтей
      </orig>
     </choice>
     . Хочется порадоваться на
     <choice>
      <reg>
       них
      </reg>
      <orig>
       нихъ
      </orig>
     </choice>
     по твоему письму, но боюсь,
     <choice>
      <reg>
       тут-то
      </reg>
      <orig>
       тутъ-то
      </orig>
     </choice>
     что-нибудь и случилось. Но я все таки радуюсь. —
    </p>
    <lb/>
    <p id="2a5909d6-3629-49d9-b59b-1858bd6df9af">
     <hi>
      На конверте:
     </hi>
     Москва. Хамовники.
     <choice>
      <reg>
       Графине
      </reg>
      <orig>
       Графинѣ
      </orig>
     </choice>
     С. А. Толстой свой
     <choice>
      <reg>
       дом
      </reg>
      <orig>
       домъ
      </orig>
     </choice>
     .
    </p>
    <noteGrp type="comments">
     <note index="false" type="comments">
      <p id="6d29789e-eb19-4ae2-9b88-bed6cb80c8bb" rend="Textpetit_otstup left">
       Печатается по автографу, хранящемуся в АТБ. Впервые опубликовано по копии, сделанной С. А. Толстой, в ПЖ, стр. 232—233. Датируется на основании почтовых штемпелей: «Почтовый вагон. 30 октября. 1884; Москва. 30 октября 1884». В ПЖ датировано 30 октября.
      </p>
     </note>
    </noteGrp>
   </div>
  </body>
 </text>
</TEI>
