<?xml version="1.0" encoding="utf-8"?>
<TEI xmlns="http://www.tei-c.org/ns/1.0" xmlns:xi="http://www.w3.org/2001/XInclude">
 <teiHeader>
  <fileDesc>
   <titleStmt>
    <title xml:id="v83_297_a2">
     Письма и документы. Tolstoy Digital
    </title>
    <title type="main">
     Письмо С.А.Толстой от 2 февраля 1885 г.
    </title>
    <title type="bibl">
     Толстой Л. Н. Письмо С. А. Толстой, 2 февраля 1885 г. // Толстой Л. Н. Полное собрание сочинений: в 90 тт. Т. 83. М.: Гос. изд. «Художественная литература», 1938. С.
    </title>
    <respStmt>
     <resp>
      Идея, постановка задач, руководство:
     </resp>
     <name>
      Анастасия Бонч-Осмоловская, Фёкла Толстая, Борис Орехов, Тимофей Лукашевский
     </name>
    </respStmt>
    <respStmt>
     <resp>
      Подготовка TEI/XML:
     </resp>
     <name>
      Евгений Можаев, Даниил Скоринкин, Ирина Павлова, Матвей Колбасов, Елена Сидорова, Кирилл Милинцевич, Лев Буланов, Макар Федоров, Константин Петров
     </name>
    </respStmt>
    <respStmt>
     <resp>
      Подготовка метаданных:
     </resp>
     <name>
      Мария Картышева, Вероника Файнберг
     </name>
    </respStmt>
    <respStmt>
     <resp>
      Разметка имен собственных:
     </resp>
     <name>
      Никита Северин, Елена Северина
     </name>
    </respStmt>
    <respStmt>
     <resp>
      Исправление древнегреческого текста:
     </resp>
     <name>
      Ольга Алиева
     </name>
    </respStmt>
    <funder>
     Проект «Слово Толстого»
    </funder>
   </titleStmt>
   <publicationStmt>
    <publisher>
     <orgName>
      Tolstoy Digital, DH CLOUD, Научно-образовательный союз «Родное Слово» проект «Слово Толстого»
     </orgName>
    </publisher>
    <availability>
     <p id="a8f1a792-5127-4e78-9edd-a1d876e8e656">
      Тексты и метатекстовая разметка доступны для свободного использования и распространения по лицензии Creative Commons Attribution Share-Alike (cc by-sa)
     </p>
    </availability>
    <date from="2015" to="2022"/>
   </publicationStmt>
   <notesStmt>
    <note>
     Публикуемые документы был получены с сайта tolstoy.ru в формате html, переведены в формат TEI. Исправлены некоторые ошибки распознавания. Тексты, написанные в дореформенной орфографии, сопоставлены с их версиями в современной орфографии.
    </note>
   </notesStmt>
   <sourceDesc>
    <biblStruct>
     <analytic>
      <author>
       Толстой Лев Николаевич
      </author>
     </analytic>
     <monogr>
      <title level="m">
       Полное собрание сочинений. Том 83
      </title>
      <imprint>
       <pubPlace>
        Москва
       </pubPlace>
       <publisher>
        Государственное издательство «Художественная литература»
       </publisher>
       <date when="1938"/>
      </imprint>
      <biblScope unit="vol">
       83
      </biblScope>
      <biblScope unit="page">
       476-478
      </biblScope>
     </monogr>
     <series>
      <title level="s">
       Л. Н. Толстой. Полное собрание сочинений: в 90 тт.
      </title>
     </series>
    </biblStruct>
    <bibl/>
   </sourceDesc>
  </fileDesc>
  <encodingDesc>
   <classDecl>
    <xi:include href="../../reference/taxonomy.xml"/>
   </classDecl>
  </encodingDesc>
  <profileDesc>
   <correspDesc>
    <correspAction type="sending">
     <persName ref="13883">
      Л. Н. Толстой
     </persName>
     <placeName>
      Ясная Поляна
     </placeName>
     <date when="1885-02-02"/>
    </correspAction>
    <correspAction type="receiving">
     <persName ref="13844">
      Толстая Софья Андреевна, рожд. Берс
     </persName>
    </correspAction>
   </correspDesc>
   <langUsage>
    <language ident="ru"/>
    <language ident="ru-petr1708"/>
   </langUsage>
   <textClass>
    <catRef ana="#tolstoy_heritage" target="library"/>
    <catRef ana="#letters" target="type"/>
    <catRef ana="#sent" target="sent"/>
   </textClass>
  </profileDesc>
 </teiHeader>
 <xenoData>
  <number type="in a volume">
   297
  </number>
 </xenoData>
 <text xml:id="a2_297" xmlns="http://www.tei-c.org/ns/1.0" xmlns:xi="http://www.w3.org/2001/XInclude">
  <body>
   <div>
    <pb n="476"/>
    <opener index="false">
     297.1885 г. Февраля 2. Я. П.
    </opener>
    <p id="746b7167-103f-4b9f-b4c3-e7cf22e3b220">
     <choice>
      <reg>
       Получил
      </reg>
      <orig>
       Получилъ
      </orig>
     </choice>
     нынче
     <choice>
      <reg>
       утром
      </reg>
      <orig>
       утромъ
      </orig>
     </choice>
     , — пятницу, твое письмо
     <choice>
      <reg>
       последнее
      </reg>
      <orig>
       послѣднее
      </orig>
     </choice>
     .
     <ref target="#note1">
      1
     </ref>
     <note index="false" resp="volume_editor" xml:id="note1">
      Письма этого не сохранилось.
     </note>
     Оно по лучше,
     <choice>
      <reg>
       может
      </reg>
      <orig>
       можетъ
      </orig>
     </choice>
     быть, и я по лучше; но оно уменьшило мою тоску по
     <choice>
      <reg>
       тебе
      </reg>
      <orig>
       тебѣ
      </orig>
     </choice>
     . — Я
     <choice>
      <reg>
       провел
      </reg>
      <orig>
       провелъ
      </orig>
     </choice>
     весь день дома —
     <choice>
      <reg>
       писал
      </reg>
      <orig>
       писалъ
      </orig>
     </choice>
     ,
     <choice>
      <reg>
       читал
      </reg>
      <orig>
       читалъ
      </orig>
     </choice>
     и тихо
     <choice>
      <reg>
       сидел
      </reg>
      <orig>
       сидѣлъ
      </orig>
     </choice>
     и
     <choice>
      <reg>
       думал
      </reg>
      <orig>
       думалъ
      </orig>
     </choice>
     .
     <choice>
      <reg>
       Вечером
      </reg>
      <orig>
       Вечеромъ
      </orig>
     </choice>
     <choice>
      <reg>
       прошел
      </reg>
      <orig>
       прошелъ
      </orig>
     </choice>
     на деревню
     <choice>
      <reg>
       к
      </reg>
      <orig>
       къ
      </orig>
     </choice>
     Николаю Ермилину
     <ref target="#note2">
      2
     </ref>
     <note index="false" resp="volume_editor" xml:id="note2">
      <name placement="note" ref="5526" type="person">
       Николай Ермилович Зябрев
      </name>
      .
     </note>
     <choice>
      <reg>
       усовещивать
      </reg>
      <orig>
       усовѣщивать
      </orig>
     </choice>
     его
     <choice>
      <reg>
       в
      </reg>
      <orig>
       въ
      </orig>
     </choice>
     <choice>
      <reg>
       долге
      </reg>
      <orig>
       долгѣ
      </orig>
     </choice>
     ,
     <choice>
      <reg>
       от
      </reg>
      <orig>
       отъ
      </orig>
     </choice>
     <choice original_editorial_correction="к[оторого]">
      <sic>
       к
      </sic>
      <corr>
       <choice>
        <reg>
         которого
        </reg>
        <orig>
         котораго
        </orig>
       </choice>
      </corr>
     </choice>
     <choice>
      <reg>
       он
      </reg>
      <orig>
       онъ
      </orig>
     </choice>
     отрекается, и
     <choice>
      <reg>
       к
      </reg>
      <orig>
       къ
      </orig>
     </choice>
     <choice>
      <reg>
       Костюшке
      </reg>
      <orig>
       Костюшкѣ
      </orig>
     </choice>
     ,
     <ref target="#note3">
      3
     </ref>
     <note index="false" resp="volume_editor" xml:id="note3">
      <name placement="note" ref="5523" type="person">
       Константин Николаевич Зябрев
      </name>
      .
     </note>
     и
     <choice>
      <reg>
       Гане
      </reg>
      <orig>
       Ганѣ
      </orig>
     </choice>
     <ref target="#note4">
      4
     </ref>
     <note index="false" resp="volume_editor" xml:id="note4">
      Жена работника Григорья Ивановича.
     </note>
     <choice>
      <reg>
       воровке
      </reg>
      <orig>
       воровкѣ
      </orig>
     </choice>
     .
     <choice>
      <reg>
       Вот
      </reg>
      <orig>
       Вотъ
      </orig>
     </choice>
     несчастное существо, затравленное людьми и потому озлившееся — одна
     <choice>
      <reg>
       с
      </reg>
      <orig>
       съ
      </orig>
     </choice>
     3-мя
     <choice>
      <reg>
       детьми
      </reg>
      <orig>
       дѣтьми
      </orig>
     </choice>
     .
    </p>
    <p id="97f9dcdc-f280-4f83-8062-240a0442b494">
     Много еще было
     <choice>
      <reg>
       впечатлений
      </reg>
      <orig>
       впечатлѣній
      </orig>
     </choice>
     <choice>
      <reg>
       бедности
      </reg>
      <orig>
       бѣдности
      </orig>
     </choice>
     и
     <choice>
      <reg>
       страданий
      </reg>
      <orig>
       страданій
      </orig>
     </choice>
     . Я
     <choice>
      <reg>
       их
      </reg>
      <orig>
       ихъ
      </orig>
     </choice>
     вижу всегда и
     <choice>
      <reg>
       везде
      </reg>
      <orig>
       вездѣ
      </orig>
     </choice>
     , но
     <choice>
      <reg>
       в
      </reg>
      <orig>
       въ
      </orig>
     </choice>
     <choice>
      <reg>
       деревне
      </reg>
      <orig>
       деревнѣ
      </orig>
     </choice>
     легче
     <choice>
      <reg>
       видеть
      </reg>
      <orig>
       видѣть
      </orig>
     </choice>
     .
     <choice>
      <reg>
       Здесь
      </reg>
      <orig>
       Здѣсь
      </orig>
     </choice>
     видишь
     <hi>
      все
     </hi>
     до конца. И видишь и причину, и средство. И я люблю, не то, что люблю, a
     <choice>
      <reg>
       мне
      </reg>
      <orig>
       мнѣ
      </orig>
     </choice>
     хорошо, когда я ясно вижу свое
     <choice>
      <reg>
       положение
      </reg>
      <orig>
       положеніе
      </orig>
     </choice>
     среди
     <choice>
      <reg>
       других
      </reg>
      <orig>
       другихъ
      </orig>
     </choice>
     людей.
    </p>
    <p id="866bf5d8-8d32-405e-969d-f7eac943936b">
     Потому, что ты написала о
     <choice>
      <reg>
       Гаршине
      </reg>
      <orig>
       Гаршинѣ
      </orig>
     </choice>
     ,
     <ref target="#note5">
      5
     </ref>
     <note index="false" resp="volume_editor" xml:id="note5">
      <name placement="note" ref="3151" type="person">
       Всеволод Михайлович Гаршин
      </name>
      (1855—1888), беллетрист. О его приезде к Толстым в яснополянский дом см.
      <name placement="note" ref="13880" type="person">
       Илья Толстой
      </name>
      , «Мои воспоминания» М. 1914, стр. 155. О знакомстве Толстого с Гаршиным идет речь в главе XV книги
      <name placement="note" ref="13880" type="person">
       Ильи Толстого
      </name>
      . Гаршину и Толстому посвящена статья С. Н. Дурылина в № 5 «Звеньев».
     </note>
     я не
     <choice>
      <reg>
       жалею
      </reg>
      <orig>
       жалѣю
      </orig>
     </choice>
     , что не
     <choice>
      <reg>
       видал
      </reg>
      <orig>
       видалъ
      </orig>
     </choice>
     его. Да и вообще я
     <choice>
      <reg>
       так
      </reg>
      <orig>
       такъ
      </orig>
     </choice>
     много
     <choice>
      <reg>
       принужден
      </reg>
      <orig>
       принужденъ
      </orig>
     </choice>
     <choice>
      <reg>
       видеть
      </reg>
      <orig>
       видѣть
      </orig>
     </choice>
     <hi style="opdelimiter">
      людей
     </hi>
     <pb n="477"/>
     <hi style="npdelimiter">
      <choice>
       <reg>
        в
       </reg>
       <orig>
        въ
       </orig>
      </choice>
     </hi>
     <choice>
      <reg>
       Москве
      </reg>
      <orig>
       Москвѣ
      </orig>
     </choice>
     , что
     <choice>
      <reg>
       чем
      </reg>
      <orig>
       чѣмъ
      </orig>
     </choice>
     меньше,
     <choice>
      <reg>
       тем
      </reg>
      <orig>
       тѣмъ
      </orig>
     </choice>
     легче.
     <choice>
      <reg>
       Мне
      </reg>
      <orig>
       Мнѣ
      </orig>
     </choice>
     всегда кажется, что я
     <choice>
      <reg>
       совсем
      </reg>
      <orig>
       совсѣмъ
      </orig>
     </choice>
     не
     <choice>
      <reg>
       нужен
      </reg>
      <orig>
       нуженъ
      </orig>
     </choice>
     <choice>
      <reg>
       им
      </reg>
      <orig>
       имъ
      </orig>
     </choice>
     . —
    </p>
    <p id="d7b63a78-e9b9-41e6-9c5c-4cc3a26b23dc">
     Читаю я Elliot’а Felix Holt.
     <ref target="#note6">
      6
     </ref>
     <note index="false" resp="volume_editor" xml:id="note6">
      Джордж Элиот (Мария Анна Эванс) (1819—1880), английская писательница. Ее повесть на политические темы «Felix Holt» появилась в 1866 г. В Яснополянской библиотеке сохранился экземпляр «Felix Holt» с пометами Толстого, в издании Leipzig. В. Tauchnitz 1867. 2 тома.
     </note>
     Превосходное
     <choice>
      <reg>
       сочинение
      </reg>
      <orig>
       сочиненіе
      </orig>
     </choice>
     . Я
     <choice>
      <reg>
       читал
      </reg>
      <orig>
       читалъ
      </orig>
     </choice>
     его, но когда
     <choice>
      <reg>
       был
      </reg>
      <orig>
       былъ
      </orig>
     </choice>
     очень
     <choice>
      <reg>
       глуп
      </reg>
      <orig>
       глупъ
      </orig>
     </choice>
     , и
     <choice>
      <reg>
       совсем
      </reg>
      <orig>
       совсѣмъ
      </orig>
     </choice>
     <choice>
      <reg>
       забыл
      </reg>
      <orig>
       забылъ
      </orig>
     </choice>
     .
     <choice>
      <reg>
       Вот
      </reg>
      <orig>
       Вотъ
      </orig>
     </choice>
     вещь,
     <choice original_editorial_correction="к[оторую]">
      <sic>
       к
      </sic>
      <corr>
       которую
      </corr>
     </choice>
     бы надо перевести, если она не переведена.
     <choice>
      <reg>
       Тане
      </reg>
      <orig>
       Танѣ
      </orig>
     </choice>
     бы работа. Я еще не
     <choice>
      <reg>
       кончил
      </reg>
      <orig>
       кончилъ
      </orig>
     </choice>
     и боюсь, что
     <choice>
      <reg>
       конец
      </reg>
      <orig>
       конецъ
      </orig>
     </choice>
     <choice>
      <reg>
       испортит
      </reg>
      <orig>
       испортитъ
      </orig>
     </choice>
     . Это
     <choice>
      <reg>
       мне
      </reg>
      <orig>
       мнѣ
      </orig>
     </choice>
     <choice>
      <reg>
       дал
      </reg>
      <orig>
       далъ
      </orig>
     </choice>
     <choice>
      <reg>
       брат
      </reg>
      <orig>
       братъ
      </orig>
     </choice>
     Сережа. Передай ему, что все правда, что
     <choice>
      <reg>
       он
      </reg>
      <orig>
       онъ
      </orig>
     </choice>
     <choice>
      <reg>
       говорил
      </reg>
      <orig>
       говорилъ
      </orig>
     </choice>
     <choice>
      <reg>
       мне
      </reg>
      <orig>
       мнѣ
      </orig>
     </choice>
     про эту книгу, — все
     <choice>
      <reg>
       там
      </reg>
      <orig>
       тамъ
      </orig>
     </choice>
     есть. Второй
     <choice>
      <reg>
       раз
      </reg>
      <orig>
       разъ
      </orig>
     </choice>
     я
     <choice>
      <reg>
       из
      </reg>
      <orig>
       изъ
      </orig>
     </choice>
     деревни хвалю книги его рекомендации.
     <ref target="#note7">
      7
     </ref>
     <note index="false" resp="volume_editor" xml:id="note7">
      Первый раз Толстой хвалил книгу Gustave Droz «Tristesses et sourires» 1884. См. письмо от 28 января 1884 г., № 258.
     </note>
     —
    </p>
    <p id="a1a12d44-ed33-44a0-8dd2-c781ddf9fe65">
     Лежитъ передо мной записка вдовы, к[оторая] нынче была у меня. У ней нѣтъ дома, нѣтъ земли, — мужъ ея б[ылъ] солдата въ Грумантской
     <ref target="#note8">
      8
     </ref>
     <note index="false" resp="volume_editor" xml:id="note8">
      Грумонт — деревня в трех верстах от Ясной поляны.
     </note>
     <choice>
      <reg>
       казарме
      </reg>
      <orig>
       казармѣ
      </orig>
     </choice>
     . Она осталась вдовой 32
     <choice>
      <reg>
       лет
      </reg>
      <orig>
       лѣтъ
      </orig>
     </choice>
     <choice>
      <reg>
       с
      </reg>
      <orig>
       съ
      </orig>
     </choice>
     8-ю
     <choice>
      <reg>
       детьми
      </reg>
      <orig>
       дѣтьми
      </orig>
     </choice>
     , — старшей 11
     <choice>
      <reg>
       лет
      </reg>
      <orig>
       лѣтъ
      </orig>
     </choice>
     . — Когда я
     <choice>
      <reg>
       стал
      </reg>
      <orig>
       сталъ
      </orig>
     </choice>
     записывать, то долго не
     <choice>
      <reg>
       мог
      </reg>
      <orig>
       могъ
      </orig>
     </choice>
     понять — оказалось, одна двойня.
     <choice>
      <reg>
       <name placement="note" ref="961" type="person">
        Поручик
       </name>
      </reg>
      <orig>
       <name placement="note" ref="961" type="person">
        Поручикъ
       </name>
      </orig>
     </choice>
     <ref target="#note9">
      9
     </ref>
     <note index="false" resp="volume_editor" xml:id="note9">
      <name placement="note" ref="961" type="person">
       Франц Иванович Баратынский
      </name>
      , казенный лесничий.
     </note>
     <choice>
      <reg>
       дал
      </reg>
      <orig>
       далъ
      </orig>
     </choice>
     ей
     <choice>
      <reg>
       угол
      </reg>
      <orig>
       уголъ
      </orig>
     </choice>
     на зиму.
    </p>
    <p id="79efe30b-fd1b-4cb8-862b-6face3ce5783">
     Завтра я поѣду въ Тулу и постараюсь, что можно, сдѣлать для нея.
    </p>
    <p id="fd8db2cc-5cbc-4139-ad90-dbfe0189dd76">
     Везу это письмо на Козловку — и
     <choice>
      <reg>
       с
      </reg>
      <orig>
       съ
      </orig>
     </choice>
     <choice>
      <reg>
       трепетом
      </reg>
      <orig>
       трепетомъ
      </orig>
     </choice>
     открою твое. Что твое здоровье?
     <choice>
      <reg>
       Тебе
      </reg>
      <orig>
       Тебѣ
      </orig>
     </choice>
     очень нехорошо по
     <choice>
      <reg>
       письмам
      </reg>
      <orig>
       письмамъ
      </orig>
     </choice>
     . Что
     <name placement="note" ref="13886" type="person">
      Миша
     </name>
     <ref target="#note10">
      10
     </ref>
     <note index="false" resp="volume_editor" xml:id="note10">
      <name placement="note" ref="13886" type="person">
       Михаил Львович Толстой
      </name>
      .
     </note>
     и весь
     <choice>
      <reg>
       дом
      </reg>
      <orig>
       домъ
      </orig>
     </choice>
     ?
    </p>
    <p id="4cf8d455-fc05-4e60-850a-6e41d06723ee">
     Я вчера
     <choice>
      <reg>
       сожалел
      </reg>
      <orig>
       сожалѣлъ
      </orig>
     </choice>
     о нелюбовности нашей временной.
     <choice>
      <reg>
       Следствие
      </reg>
      <orig>
       Слѣдствіе
      </orig>
     </choice>
     этой нелюбовности не ясность
     <choice>
      <reg>
       взаимных
      </reg>
      <orig>
       взаимныхъ
      </orig>
     </choice>
     <choice>
      <reg>
       желаний
      </reg>
      <orig>
       желаній
      </orig>
     </choice>
     . Я
     <choice>
      <reg>
       тебе
      </reg>
      <orig>
       тебѣ
      </orig>
     </choice>
     <choice>
      <reg>
       говорил
      </reg>
      <orig>
       говорилъ
      </orig>
     </choice>
     , что если ты хочешь,
     <choice>
      <reg>
       чтоб
      </reg>
      <orig>
       чтобъ
      </orig>
     </choice>
     я вернулся, то напиши
     <choice>
      <reg>
       мне
      </reg>
      <orig>
       мнѣ
      </orig>
     </choice>
     , и я
     <choice>
      <reg>
       сейчас
      </reg>
      <orig>
       сейчасъ
      </orig>
     </choice>
     <choice>
      <reg>
       приеду
      </reg>
      <orig>
       прiѣду
      </orig>
     </choice>
     , и не
     <choice>
      <reg>
       через
      </reg>
      <orig>
       черезъ
      </orig>
     </choice>
     силу, а
     <choice>
      <reg>
       с
      </reg>
      <orig>
       съ
      </orig>
     </choice>
     истинной радостью, что
     <choice>
      <reg>
       тебе
      </reg>
      <orig>
       тебѣ
      </orig>
     </choice>
     могу
     <choice>
      <reg>
       сделать
      </reg>
      <orig>
       сдѣлать
      </orig>
     </choice>
     желаемое. А ты ничего не пишешь, или
     <choice>
      <reg>
       как
      </reg>
      <orig>
       какъ
      </orig>
     </choice>
     то
     <choice>
      <reg>
       неопределенно
      </reg>
      <orig>
       неопредѣленно
      </orig>
     </choice>
     .
    </p>
    <p id="87e394da-6dca-44db-8c8b-49931ebbcf16">
     Прощай, душа моя,
     <choice>
      <reg>
       целую
      </reg>
      <orig>
       цѣлую
      </orig>
     </choice>
     тебя и
     <choice>
      <reg>
       детей
      </reg>
      <orig>
       дѣтей
      </orig>
     </choice>
     .
    </p>
    <p id="0bb6cce7-63eb-47b3-860e-a7a2603b4195" rend="right">
     Л.
    </p>
    <lb/>
    <p id="b60dce25-d6f9-4fdd-b706-f8881886c43f">
     <choice>
      <reg>
       Урусов
      </reg>
      <orig>
       Урусовъ
      </orig>
     </choice>
     гораздо лучше,
     <choice>
      <reg>
       чем
      </reg>
      <orig>
       чѣмъ
      </orig>
     </choice>
     <choice>
      <reg>
       в
      </reg>
      <orig>
       въ
      </orig>
     </choice>
     <choice>
      <reg>
       Москве
      </reg>
      <orig>
       Москвѣ
      </orig>
     </choice>
     . Ему надо беречься, и
     <choice>
      <reg>
       он
      </reg>
      <orig>
       онъ
      </orig>
     </choice>
     бережется, но я вижу,
     <choice>
      <reg>
       как
      </reg>
      <orig>
       какъ
      </orig>
     </choice>
     , бережась
     <choice>
      <reg>
       таким
      </reg>
      <orig>
       такимъ
      </orig>
     </choice>
     <choice>
      <reg>
       образом
      </reg>
      <orig>
       образомъ
      </orig>
     </choice>
     ,
     <choice>
      <reg>
       он
      </reg>
      <orig>
       онъ
      </orig>
     </choice>
     <choice>
      <reg>
       может
      </reg>
      <orig>
       можетъ
      </orig>
     </choice>
     прожить долго.
    </p>
    <p id="56f21aeb-5d77-4f77-b1dc-b6fa948ad745">
     <choice>
      <reg>
       Сейчас
      </reg>
      <orig>
       Сейчасъ
      </orig>
     </choice>
     <choice>
      <reg>
       в
      </reg>
      <orig>
       въ
      </orig>
     </choice>
     <choice>
      <reg>
       Козловке
      </reg>
      <orig>
       Козловкѣ
      </orig>
     </choice>
     <choice>
      <reg>
       получил
      </reg>
      <orig>
       получилъ
      </orig>
     </choice>
     твое доброе
     <choice>
      <reg>
       вполне
      </reg>
      <orig>
       вполнѣ
      </orig>
     </choice>
     письмо
     <ref target="#note11">
      11
     </ref>
     <note index="false" resp="volume_editor" xml:id="note11">
      Письмо не сохранилось.
     </note>
     и
     <choice>
      <reg>
       уезжаю
      </reg>
      <orig>
       уѣзжаю
      </orig>
     </choice>
     <choice>
      <reg>
       спокоен
      </reg>
      <orig>
       спокоенъ
      </orig>
     </choice>
     и
     <choice>
      <reg>
       счастлив
      </reg>
      <orig>
       счастливъ
      </orig>
     </choice>
     домой. Ты зовешь, и потому я
     <choice>
      <reg>
       приеду
      </reg>
      <orig>
       прiѣду
      </orig>
     </choice>
     <choice>
      <reg>
       в
      </reg>
      <orig>
       въ
      </orig>
     </choice>
     <choice>
      <reg>
       понедельник
      </reg>
      <orig>
       понедѣльникъ
      </orig>
     </choice>
     ;
     <ref target="#note12">
      12
     </ref>
     <note index="false" resp="volume_editor" xml:id="note12">
      4 февраля.
     </note>
     —
    </p>
    <lb/>
    <p id="4b3e261c-349c-499c-af4e-deaa21d3fe27">
     <hi>
      На конверте:
     </hi>
     Москва. Хамовники,
     <choice>
      <reg>
       дом
      </reg>
      <orig>
       домъ
      </orig>
     </choice>
     Гр.
     <choice>
      <reg>
       Толстого
      </reg>
      <orig>
       Толстаго
      </orig>
     </choice>
     .
     <choice>
      <reg>
       Графине
      </reg>
      <orig>
       Графинѣ
      </orig>
     </choice>
     <choice>
      <reg>
       Софье
      </reg>
      <orig>
       Софьѣ
      </orig>
     </choice>
     <choice>
      <reg>
       Андревне
      </reg>
      <orig>
       Андревнѣ
      </orig>
     </choice>
     Толстой.
    </p>
    <noteGrp type="comments">
     <note index="false" type="comments">
      <p id="96c30b06-6a41-4f48-9ac1-db83a102a804" rend="Textpetit_otstup left">
       Печатается по автографу, хранящемуся в АТБ. Впервые опубликовано по копии, сделанной С. А. Толстой, в ПЖ, стр. 249—251. Датируется
       <hi style="opdelimiter">
        на
       </hi>
       <pb n="478"/>
       <hi style="npdelimiter">
        основании
       </hi>
       почтовых штемпелей: «Почтовый вагон. 3 февраля. 1885: Москва. 3 февраля 1885». Слова письма: «Нынче утром — пятницу» — ошибочны: Толстой писал в субботу 2 февраля.
      </p>
     </note>
    </noteGrp>
   </div>
  </body>
 </text>
</TEI>
