<?xml version="1.0" encoding="utf-8"?>
<TEI xmlns="http://www.tei-c.org/ns/1.0" xmlns:xi="http://www.w3.org/2001/XInclude">
 <teiHeader>
  <fileDesc>
   <titleStmt>
    <title xml:id="v84_596_a26">
     Письма и документы. Tolstoy Digital
    </title>
    <title type="main">
     Письмо С.А.Толстой от 26 марта 1894 г.
    </title>
    <title type="bibl">
     Толстой Л. Н. Письмо С. А. Толстой, 26 марта 1894 г. // Толстой Л. Н. Полное собрание сочинений: в 90 тт. Т. 84. М.: Гос. изд. «Художественная литература», 1949. С.
    </title>
    <respStmt>
     <resp>
      Идея, постановка задач, руководство:
     </resp>
     <name>
      Анастасия Бонч-Осмоловская, Фёкла Толстая, Борис Орехов, Тимофей Лукашевский
     </name>
    </respStmt>
    <respStmt>
     <resp>
      Подготовка TEI/XML:
     </resp>
     <name>
      Евгений Можаев, Даниил Скоринкин, Ирина Павлова, Матвей Колбасов, Елена Сидорова, Кирилл Милинцевич, Лев Буланов, Макар Федоров, Константин Петров
     </name>
    </respStmt>
    <respStmt>
     <resp>
      Подготовка метаданных:
     </resp>
     <name>
      Мария Картышева, Вероника Файнберг
     </name>
    </respStmt>
    <respStmt>
     <resp>
      Разметка имен собственных:
     </resp>
     <name>
      Никита Северин, Елена Северина
     </name>
    </respStmt>
    <respStmt>
     <resp>
      Исправление древнегреческого текста:
     </resp>
     <name>
      Ольга Алиева
     </name>
    </respStmt>
    <funder>
     Проект «Слово Толстого»
    </funder>
   </titleStmt>
   <publicationStmt>
    <publisher>
     <orgName>
      Tolstoy Digital, DH CLOUD, Научно-образовательный союз «Родное Слово» проект «Слово Толстого»
     </orgName>
    </publisher>
    <availability>
     <p id="aef54f26-74a9-44fb-816b-bc91e6c8ccbb">
      Тексты и метатекстовая разметка доступны для свободного использования и распространения по лицензии Creative Commons Attribution Share-Alike (cc by-sa)
     </p>
    </availability>
    <date from="2015" to="2022"/>
   </publicationStmt>
   <notesStmt>
    <note>
     Публикуемые документы был получены с сайта tolstoy.ru в формате html, переведены в формат TEI. Исправлены некоторые ошибки распознавания. Тексты, написанные в дореформенной орфографии, сопоставлены с их версиями в современной орфографии.
    </note>
   </notesStmt>
   <sourceDesc>
    <biblStruct>
     <analytic>
      <author>
       Толстой Лев Николаевич
      </author>
     </analytic>
     <monogr>
      <title level="m">
       Полное собрание сочинений. Том 84
      </title>
      <imprint>
       <pubPlace>
        Москва
       </pubPlace>
       <publisher>
        Государственное издательство «Художественная литература»
       </publisher>
       <date when="1949"/>
      </imprint>
      <biblScope unit="vol">
       84
      </biblScope>
      <biblScope unit="page">
       212-212
      </biblScope>
     </monogr>
     <series>
      <title level="s">
       Л. Н. Толстой. Полное собрание сочинений: в 90 тт.
      </title>
     </series>
    </biblStruct>
    <bibl/>
   </sourceDesc>
  </fileDesc>
  <encodingDesc>
   <classDecl>
    <xi:include href="../../reference/taxonomy.xml"/>
   </classDecl>
  </encodingDesc>
  <profileDesc>
   <correspDesc>
    <correspAction type="sending">
     <persName ref="13883">
      Л. Н. Толстой
     </persName>
     <placeName>
      Ольгинская
     </placeName>
     <date when="1894-03-26"/>
    </correspAction>
    <correspAction type="receiving">
     <persName ref="13844">
      Толстая Софья Андреевна, рожд. Берс
     </persName>
    </correspAction>
   </correspDesc>
   <langUsage>
    <language ident="ru"/>
   </langUsage>
   <textClass>
    <catRef ana="#tolstoy_heritage" target="library"/>
    <catRef ana="#letters" target="type"/>
    <catRef ana="#sent" target="sent"/>
   </textClass>
  </profileDesc>
 </teiHeader>
 <xenoData>
  <number type="in a volume">
   596
  </number>
 </xenoData>
 <text xml:id="a26_596" xmlns="http://www.tei-c.org/ns/1.0" xmlns:xi="http://www.w3.org/2001/XInclude">
  <body>
   <div>
    <pb n="212"/>
    <opener index="false">
     596.1894 г. Марта 26. Ольгинская.
    </opener>
    <p id="02d37366-9b9d-4e32-b51b-472546124fe1">
     Пишу с Ольгинской, до
     <choice original_editorial_correction="кот[орой]">
      <sic>
       кот
      </sic>
      <corr>
       которой
      </corr>
     </choice>
     доехали прекрасно. И спали, и ели хорошо. В Воронеже видели
     <choice original_editorial_correction="Рус[анова]">
      <sic>
       Рус
      </sic>
      <corr>
       Русанова
      </corr>
     </choice>
     <ref target="#note1">
      1
     </ref>
     <note index="false" resp="volume_editor" xml:id="note1">
      <name placement="note" ref="11968" type="person">
       Гавриил Андреевич Русанов
      </name>
      . См. т. 83.
     </note>
     . Снегу здесь нет. Что Лева? Лучше ли ему, чем в тот день, когда мы уезжали? Скажи ему, чтобы он тебя не обижал, а слушался. — Целую нежно Таню, с
     <choice original_editorial_correction="к[оторой]">
      <sic>
       к
      </sic>
      <corr>
       которой
      </corr>
     </choice>
     не успел проститься в Москве, где я так на веки уронил себя.
     <ref target="#note2">
      2
     </ref>
     <note index="false" resp="volume_editor" xml:id="note2">
      «Заговорившись с кем-то, вскочил на поезд уже на ходу» (п. С. А.)
     </note>
     И мальчиков,
     <choice original_editorial_correction="к[оторых]">
      <sic>
       к
      </sic>
      <corr>
       которых
      </corr>
     </choice>
     не было. Пишу в вагоне, подъезжая. На станции припишу, что узнаю о Гале.
     <ref target="#note3">
      3
     </ref>
     <note index="false" resp="volume_editor" xml:id="note3">
      <name placement="note" ref="15291" type="person">
       Анна Константиновна Черткова
      </name>
      (1859—1927), жена В. Г. Черткова, в то время болевшая.
     </note>
    </p>
    <p id="2593820d-cd67-4638-88bb-1545da3c4c7a" rend="right">
     Л. Т.
    </p>
    <lb/>
    <p id="6cba15b4-19a3-4e89-829a-3a2a5ef17488">
     <hi>
      На обороте:
     </hi>
     Москва. Хамовнический переул., д. № 15.
    </p>
    <p id="2b6e99f2-a744-4904-a1b8-9c816f1a9090">
     Графине Софье Андревне Толстой.
    </p>
    <noteGrp type="comments"/>
   </div>
  </body>
 </text>
</TEI>
