<?xml version="1.0" encoding="utf-8"?>
<TEI xmlns="http://www.tei-c.org/ns/1.0" xmlns:xi="http://www.w3.org/2001/XInclude">
 <teiHeader>
  <fileDesc>
   <titleStmt>
    <title xml:id="v84_554_a30">
     Письма и документы. Tolstoy Digital
    </title>
    <title type="main">
     Письмо С.А.Толстой от 30 января 1893 г.
    </title>
    <title type="bibl">
     Толстой Л. Н. Письмо С. А. Толстой, 30 января 1893 г. // Толстой Л. Н. Полное собрание сочинений: в 90 тт. Т. 84. М.: Гос. изд. «Художественная литература», 1949. С.
    </title>
    <respStmt>
     <resp>
      Идея, постановка задач, руководство:
     </resp>
     <name>
      Анастасия Бонч-Осмоловская, Фёкла Толстая, Борис Орехов, Тимофей Лукашевский
     </name>
    </respStmt>
    <respStmt>
     <resp>
      Подготовка TEI/XML:
     </resp>
     <name>
      Евгений Можаев, Даниил Скоринкин, Ирина Павлова, Матвей Колбасов, Елена Сидорова, Кирилл Милинцевич, Лев Буланов, Макар Федоров, Константин Петров
     </name>
    </respStmt>
    <respStmt>
     <resp>
      Подготовка метаданных:
     </resp>
     <name>
      Мария Картышева, Вероника Файнберг
     </name>
    </respStmt>
    <respStmt>
     <resp>
      Разметка имен собственных:
     </resp>
     <name>
      Никита Северин, Елена Северина
     </name>
    </respStmt>
    <respStmt>
     <resp>
      Исправление древнегреческого текста:
     </resp>
     <name>
      Ольга Алиева
     </name>
    </respStmt>
    <funder>
     Проект «Слово Толстого»
    </funder>
   </titleStmt>
   <publicationStmt>
    <publisher>
     <orgName>
      Tolstoy Digital, DH CLOUD, Научно-образовательный союз «Родное Слово» проект «Слово Толстого»
     </orgName>
    </publisher>
    <availability>
     <p id="e2206577-aaf9-4474-b9f9-242fcf9420c7">
      Тексты и метатекстовая разметка доступны для свободного использования и распространения по лицензии Creative Commons Attribution Share-Alike (cc by-sa)
     </p>
    </availability>
    <date from="2015" to="2022"/>
   </publicationStmt>
   <notesStmt>
    <note>
     Публикуемые документы был получены с сайта tolstoy.ru в формате html, переведены в формат TEI. Исправлены некоторые ошибки распознавания. Тексты, написанные в дореформенной орфографии, сопоставлены с их версиями в современной орфографии.
    </note>
   </notesStmt>
   <sourceDesc>
    <biblStruct>
     <analytic>
      <author>
       Толстой Лев Николаевич
      </author>
     </analytic>
     <monogr>
      <title level="m">
       Полное собрание сочинений. Том 84
      </title>
      <imprint>
       <pubPlace>
        Москва
       </pubPlace>
       <publisher>
        Государственное издательство «Художественная литература»
       </publisher>
       <date when="1949"/>
      </imprint>
      <biblScope unit="vol">
       84
      </biblScope>
      <biblScope unit="page">
       177-178
      </biblScope>
     </monogr>
     <series>
      <title level="s">
       Л. Н. Толстой. Полное собрание сочинений: в 90 тт.
      </title>
     </series>
    </biblStruct>
    <bibl/>
   </sourceDesc>
  </fileDesc>
  <encodingDesc>
   <classDecl>
    <xi:include href="../../reference/taxonomy.xml"/>
   </classDecl>
  </encodingDesc>
  <profileDesc>
   <correspDesc>
    <correspAction type="sending">
     <persName ref="13883">
      Л. Н. Толстой
     </persName>
     <placeName>
      Ясная Поляна
     </placeName>
     <date when="1893-01-30"/>
    </correspAction>
    <correspAction type="receiving">
     <persName ref="13844">
      Толстая Софья Андреевна, рожд. Берс
     </persName>
    </correspAction>
   </correspDesc>
   <langUsage>
    <language ident="ru"/>
   </langUsage>
   <textClass>
    <catRef ana="#tolstoy_heritage" target="library"/>
    <catRef ana="#letters" target="type"/>
    <catRef ana="#sent" target="sent"/>
   </textClass>
  </profileDesc>
 </teiHeader>
 <xenoData>
  <number type="in a volume">
   554
  </number>
 </xenoData>
 <text xml:id="a30_554" xmlns="http://www.tei-c.org/ns/1.0" xmlns:xi="http://www.w3.org/2001/XInclude">
  <body>
   <div>
    <pb n="177"/>
    <opener index="false">
     554.1893 г. Января 30. Я. П.
    </opener>
    <p id="3b939a74-46a4-4070-96c8-6b800167efa5">
     Здравствуй, милая Соня. Надеюсь, что ты идешь на поправку. Пожалуйста, напиши правдиво и обстоятельно. Мы доехали хорошо. Дорогой немного развлекал нас жалкий
     <name placement="text" ref="13863" type="person">
      Глеб Толстой
     </name>
     .
     <ref target="#note1">
      1
     </ref>
     <note index="false" resp="volume_editor" xml:id="note1">
      Граф
      <name placement="note" ref="13863" type="person">
       Глеб Дмитриевич Толстой
      </name>
      (1862—1904) — сын министра внутренних дел, служил земским начальником в Рязанской губ.
     </note>
     Ужасно жалко видеть этот безнадежный идиотизм, закрепляемый вином с добрым сердцем. Мог бы быть человек. В доме тепло, хорошо, уютно и тихо. И в доме и на дворе. И тишина эта очень радостна, успокоительна. — Утром занимался до часа, потом поехал с Пошей в санях в Городну. Там нищета и суровость жизни в занесенных [?] так, что входишь в дома тунелями (и тунели против окон) — ужасны на наш взгляд, но они как будто не чувствуют ее. — В доме моей молочной сестры
     <ref target="#note2">
      2
     </ref>
     <note index="false" resp="volume_editor" xml:id="note2">
      Кормилицей Толстого была
      <name placement="note" ref="5534" type="person">
       Авдотья Никифоровна Зябрева
      </name>
      . Молочная сестра Толстого — ее дочь
      <name placement="note" ref="4148" type="person">
       Авдотья Осиповна Данилаева
      </name>
      (1828—1892).
     </note>
     умерла она и двое ее внуков в последний месяц, и, вероятно, смерть ускорена или вовсе произошла от нужды, но они не видят этого. И у меня, и у Поши,
     <choice original_editorial_correction="к[оторый]">
      <sic>
       к
      </sic>
      <corr>
       который
      </corr>
     </choice>
     обходил деревню с другой стороны, — одно чувство: жалко развращать их. Впрочем, завтра поговорим с писарем. Погода прекрасная. Вечером читали вслух, и я насилу держался, чтоб не заснуть, несмотря на интерес записок Григоровича.
     <ref target="#note3">
      3
     </ref>
     <note index="false" resp="volume_editor" xml:id="note3">
      Воспоминания Д. В. Григоровича, печатавшиеся в «Русской мысли», 1892, № 12; 1893, №№ 1 и 2.
     </note>
     «
     <choice original_editorial_correction="Рус[ская]">
      <sic>
       Рус
      </sic>
      <corr>
       Русская
      </corr>
     </choice>
     мысль» здесь. —
    </p>
    <p id="a1f71bf2-dab3-483f-b219-97dc787fc5a6">
     Целую всех вас.
    </p>
    <p id="9b0def8a-b52f-425b-b044-e918045446ca" rend="right">
     Л. Т.
    </p>
    <lb/>
    <p id="3fe587af-3f68-4e05-9260-a51cc1fb569f">
     <hi>
      На обороте:
     </hi>
     Москва. Хамовнический переулок, 15. Графине Софье Андревне Толстой.
    </p>
    <noteGrp type="comments"/>
   </div>
  </body>
 </text>
</TEI>
