<?xml version="1.0" encoding="utf-8"?>
<TEI xmlns="http://www.tei-c.org/ns/1.0" xmlns:xi="http://www.w3.org/2001/XInclude">
 <teiHeader>
  <fileDesc>
   <titleStmt>
    <title xml:id="v84_648_a22">
     Письма и документы. Tolstoy Digital
    </title>
    <title type="main">
     Письмо С.А.Толстой от 22 февраля 1896 г.
    </title>
    <title type="bibl">
     Толстой Л. Н. Письмо С. А. Толстой, 22 февраля 1896 г. // Толстой Л. Н. Полное собрание сочинений: в 90 тт. Т. 84. М.: Гос. изд. «Художественная литература», 1949. С.
    </title>
    <respStmt>
     <resp>
      Идея, постановка задач, руководство:
     </resp>
     <name>
      Анастасия Бонч-Осмоловская, Фёкла Толстая, Борис Орехов, Тимофей Лукашевский
     </name>
    </respStmt>
    <respStmt>
     <resp>
      Подготовка TEI/XML:
     </resp>
     <name>
      Евгений Можаев, Даниил Скоринкин, Ирина Павлова, Матвей Колбасов, Елена Сидорова, Кирилл Милинцевич, Лев Буланов, Макар Федоров, Константин Петров
     </name>
    </respStmt>
    <respStmt>
     <resp>
      Подготовка метаданных:
     </resp>
     <name>
      Мария Картышева, Вероника Файнберг
     </name>
    </respStmt>
    <respStmt>
     <resp>
      Разметка имен собственных:
     </resp>
     <name>
      Никита Северин, Елена Северина
     </name>
    </respStmt>
    <respStmt>
     <resp>
      Исправление древнегреческого текста:
     </resp>
     <name>
      Ольга Алиева
     </name>
    </respStmt>
    <funder>
     Проект «Слово Толстого»
    </funder>
   </titleStmt>
   <publicationStmt>
    <publisher>
     <orgName>
      Tolstoy Digital, DH CLOUD, Научно-образовательный союз «Родное Слово» проект «Слово Толстого»
     </orgName>
    </publisher>
    <availability>
     <p id="066af651-495d-4191-936c-c7fcb6fd70c2">
      Тексты и метатекстовая разметка доступны для свободного использования и распространения по лицензии Creative Commons Attribution Share-Alike (cc by-sa)
     </p>
    </availability>
    <date from="2015" to="2022"/>
   </publicationStmt>
   <notesStmt>
    <note>
     Публикуемые документы был получены с сайта tolstoy.ru в формате html, переведены в формат TEI. Исправлены некоторые ошибки распознавания. Тексты, написанные в дореформенной орфографии, сопоставлены с их версиями в современной орфографии.
    </note>
   </notesStmt>
   <sourceDesc>
    <biblStruct>
     <analytic>
      <author>
       Толстой Лев Николаевич
      </author>
     </analytic>
     <monogr>
      <title level="m">
       Полное собрание сочинений. Том 84
      </title>
      <imprint>
       <pubPlace>
        Москва
       </pubPlace>
       <publisher>
        Государственное издательство «Художественная литература»
       </publisher>
       <date when="1949"/>
      </imprint>
      <biblScope unit="vol">
       84
      </biblScope>
      <biblScope unit="page">
       250-251
      </biblScope>
     </monogr>
     <series>
      <title level="s">
       Л. Н. Толстой. Полное собрание сочинений: в 90 тт.
      </title>
     </series>
    </biblStruct>
    <bibl/>
   </sourceDesc>
  </fileDesc>
  <encodingDesc>
   <classDecl>
    <xi:include href="../../reference/taxonomy.xml"/>
   </classDecl>
  </encodingDesc>
  <profileDesc>
   <correspDesc>
    <correspAction type="sending">
     <persName ref="13883">
      Л. Н. Толстой
     </persName>
     <placeName>
      Никольское-Горушки
     </placeName>
     <date when="1896-02-22"/>
    </correspAction>
    <correspAction type="receiving">
     <persName ref="13844">
      Толстая Софья Андреевна, рожд. Берс
     </persName>
    </correspAction>
   </correspDesc>
   <langUsage>
    <language ident="ru"/>
    <language ident="ru-petr1708"/>
   </langUsage>
   <textClass>
    <catRef ana="#tolstoy_heritage" target="library"/>
    <catRef ana="#letters" target="type"/>
    <catRef ana="#sent" target="sent"/>
   </textClass>
  </profileDesc>
 </teiHeader>
 <xenoData>
  <number type="in a volume">
   648
  </number>
 </xenoData>
 <text xml:id="a22_648" xmlns="http://www.tei-c.org/ns/1.0" xmlns:xi="http://www.w3.org/2001/XInclude">
  <body>
   <div>
    <pb n="250"/>
    <opener index="false">
     648.1896 г. Февраля 22. Никольское-Обольяново.
    </opener>
    <p id="1c95cabf-1db9-4939-afcd-d519511fee71">
     Сажусь писать письма и прежде всего хочу написать тебе, милый друг, а то после других еще не знаю, останется ли пороха. Я чувствую себя очень хорошо, совсем здоров, но не знаю от чего: реакция ли
     <choice original_editorial_correction="московск[ого]">
      <sic>
       московск
      </sic>
      <corr>
       московского
      </corr>
     </choice>
     нервного возбуждения или просто старость, — слаб, вял, не хочется работать ни умственно, ни физически двигаться. Правда, нынче, 22-го, я утро провел, если не пиша, то с интересом обдумывал и записывал... Не хочется признать, что состарелся и кончил, а, должно быть, надо. Стараюсь приучить себя к этому и не пересиливать себя и не портить. Ну, довольно о себе. Мне всё таки очень хорошо, наслаждаюсь тишиной и добротой хозяев. — Как ты? Проведывают ли тебя Сережа с Маней? Уехала ли Маша?
     <ref target="#note1">
      1
     </ref>
     <note index="false" resp="volume_editor" xml:id="note1">
      23 февраля М. Л. Толстая уехала в Крым.
     </note>
     Что твой глаз?
     <ref target="#note2">
      2
     </ref>
     <note index="false" resp="volume_editor" xml:id="note2">
      У С. А. Толстой болели глаза.
     </note>
     Как ты проводишь ночи? Хорошо ли спишь? Здесь, когда мы приехали, никого не было, кроме стариков
     <ref target="#note3">
      3
     </ref>
     <note index="false" resp="volume_editor" xml:id="note3">
      А. В. и А. М. Олсуфьевы.
     </note>
     и
     <choice original_editorial_correction="М[атильды]">
      <sic>
       М
      </sic>
      <corr>
       Матильды
      </corr>
     </choice>
     <choice original_editorial_correction="П[авловны]">
      <sic>
       П
      </sic>
      <corr>
       Павловны
      </corr>
     </choice>
     Молас. Лиза даже
     <choice original_editorial_correction="б[ыла]">
      <sic>
       б
      </sic>
      <corr>
       была
      </corr>
     </choice>
     в Дмитрове в тамошней гимназии,
     <choice original_editorial_correction="к[оторой]">
      <sic>
       к
      </sic>
      <corr>
       которой
      </corr>
     </choice>
     она попечительница. Вчера она приехала. — Что Машинька сестра? Когда уедет? Про нее вспомнил
     <choice original_editorial_correction="пот[ому]">
      <sic>
       пот
      </sic>
      <corr>
       потому
      </corr>
     </choice>
     , что сейчас испытываю ту холодность
     <choice original_editorial_correction="религиозн[ого]">
      <sic>
       религиозн
      </sic>
      <corr>
       религиозного
      </corr>
     </choice>
     чувства, о
     <choice original_editorial_correction="кот[орой]">
      <sic>
       кот
      </sic>
      <corr>
       которой
      </corr>
     </choice>
     с ней говорил. А нам, старикам, близким к смерти, очень неприятно
     <hi style="opdelimiter">
      испытывать
     </hi>
     <pb n="251"/>
     <hi style="npdelimiter">
      эту
     </hi>
     холодность, особенно, когда знаешь это чувство расширения жизни, переступающей границы рождения и смерти, и недавно его испытывал. — Гроту я просил сказать то, что в двух местах печатаемого письма
     <ref target="#note4">
      4
     </ref>
     <note index="false" resp="volume_editor" xml:id="note4">
      Толстой имеет в виду опубликование в № 32 журнала «Вопросы философии и психологии», редактировавшегося Н. Я. Гротом, своего письма к П. Новицкой от декабря 1894 г. Поправка, о которой пишет Толстой, была в обоих местах введена в текст. См. т. 67.
     </note>
     где сказано:
     <hi>
      быть правдивым в словах и делах
     </hi>
     , прибавить:
     <hi>
      в мыслях
     </hi>
     , так, чтобы вышло:
     <hi>
      в мыслях, словах и делах
     </hi>
     . Статью Левшина
     <ref target="#note5">
      5
     </ref>
     <note index="false" resp="volume_editor" xml:id="note5">
      Вероятно, одна из статей А. Левшина, опубликовавшего ряд очерков по истории женского вопроса в журнале «Колосья» за 1887—1889 гг.
     </note>
     и
     <choice original_editorial_correction="фотограф[ические]">
      <sic>
       фотограф
      </sic>
      <corr>
       фотографические
      </corr>
     </choice>
     снимки я забыл, пришли, пожалуйста. Пришли и письма и что еще найдешь нужным из получаемых брошюр и книг. Да пришли роман
     <choice>
      <reg>
       АисагсРа
      </reg>
      <orig>
       АісагсРа
      </orig>
     </choice>
     Notre dame d’amour
     <ref target="#note6">
      6
     </ref>
     <note index="false" resp="volume_editor" xml:id="note6">
      Роман французского писателя Жана Экара (р. 1848 г.), вышедший в 1894 г.
     </note>
     и еще какие-то
     <choice original_editorial_correction="англ[ийские]">
      <sic>
       англ
      </sic>
      <corr>
       английские
      </corr>
     </choice>
     романы были с ними вместе. Всё это совсем не нужно, и потому, если не попадет тебе под руку, то не трудись. Прощай пока, целую тебя, молодых,
     <ref target="#note7">
      7
     </ref>
     <note index="false" resp="volume_editor" xml:id="note7">
      С. Л. и М. К. Толстые.
     </note>
     Мишу, Сашу. Что Андрюша, надеюсь, что не мучает тебя?
    </p>
    <p id="1dc40dbf-acf2-405e-8524-57125d1de001" rend="right">
     Л. Т.
    </p>
    <lb/>
    <p id="874f458d-97bc-4cda-9914-4155d7877d1b">
     <hi>
      На конверте:
     </hi>
     Москва. Хамовники. Графине Софье Андревне Толстой. Свой дом.
    </p>
    <noteGrp type="comments"/>
   </div>
  </body>
 </text>
</TEI>
