<?xml version="1.0" encoding="utf-8"?>
<TEI xmlns="http://www.tei-c.org/ns/1.0" xmlns:xi="http://www.w3.org/2001/XInclude">
 <teiHeader>
  <fileDesc>
   <titleStmt>
    <title xml:id="v84_442_a6">
     Письма и документы. Tolstoy Digital
    </title>
    <title type="main">
     Письмо С.А.Толстой от 6 апреля 1891 г.
    </title>
    <title type="bibl">
     Толстой Л. Н. Письмо С. А. Толстой, 6 апреля 1891 г. // Толстой Л. Н. Полное собрание сочинений: в 90 тт. Т. 84. М.: Гос. изд. «Художественная литература», 1949. С.
    </title>
    <respStmt>
     <resp>
      Идея, постановка задач, руководство:
     </resp>
     <name>
      Анастасия Бонч-Осмоловская, Фёкла Толстая, Борис Орехов, Тимофей Лукашевский
     </name>
    </respStmt>
    <respStmt>
     <resp>
      Подготовка TEI/XML:
     </resp>
     <name>
      Евгений Можаев, Даниил Скоринкин, Ирина Павлова, Матвей Колбасов, Елена Сидорова, Кирилл Милинцевич, Лев Буланов, Макар Федоров, Константин Петров
     </name>
    </respStmt>
    <respStmt>
     <resp>
      Подготовка метаданных:
     </resp>
     <name>
      Мария Картышева, Вероника Файнберг
     </name>
    </respStmt>
    <respStmt>
     <resp>
      Разметка имен собственных:
     </resp>
     <name>
      Никита Северин, Елена Северина
     </name>
    </respStmt>
    <respStmt>
     <resp>
      Исправление древнегреческого текста:
     </resp>
     <name>
      Ольга Алиева
     </name>
    </respStmt>
    <funder>
     Проект «Слово Толстого»
    </funder>
   </titleStmt>
   <publicationStmt>
    <publisher>
     <orgName>
      Tolstoy Digital, DH CLOUD, Научно-образовательный союз «Родное Слово» проект «Слово Толстого»
     </orgName>
    </publisher>
    <availability>
     <p id="a700fa53-bb33-4cf7-b0eb-0eeb3a6070a3">
      Тексты и метатекстовая разметка доступны для свободного использования и распространения по лицензии Creative Commons Attribution Share-Alike (cc by-sa)
     </p>
    </availability>
    <date from="2015" to="2022"/>
   </publicationStmt>
   <notesStmt>
    <note>
     Публикуемые документы был получены с сайта tolstoy.ru в формате html, переведены в формат TEI. Исправлены некоторые ошибки распознавания. Тексты, написанные в дореформенной орфографии, сопоставлены с их версиями в современной орфографии.
    </note>
   </notesStmt>
   <sourceDesc>
    <biblStruct>
     <analytic>
      <author>
       Толстой Лев Николаевич
      </author>
     </analytic>
     <monogr>
      <title level="m">
       Полное собрание сочинений. Том 84
      </title>
      <imprint>
       <pubPlace>
        Москва
       </pubPlace>
       <publisher>
        Государственное издательство «Художественная литература»
       </publisher>
       <date when="1949"/>
      </imprint>
      <biblScope unit="vol">
       84
      </biblScope>
      <biblScope unit="page">
       74-75
      </biblScope>
     </monogr>
     <series>
      <title level="s">
       Л. Н. Толстой. Полное собрание сочинений: в 90 тт.
      </title>
     </series>
    </biblStruct>
    <bibl/>
   </sourceDesc>
  </fileDesc>
  <encodingDesc>
   <classDecl>
    <xi:include href="../../reference/taxonomy.xml"/>
   </classDecl>
  </encodingDesc>
  <profileDesc>
   <correspDesc>
    <correspAction type="sending">
     <persName ref="13883">
      Л. Н. Толстой
     </persName>
     <placeName>
      Ясная Поляна
     </placeName>
     <date when="1891-04-06"/>
    </correspAction>
    <correspAction type="receiving">
     <persName ref="13844">
      Толстая Софья Андреевна, рожд. Берс
     </persName>
    </correspAction>
   </correspDesc>
   <langUsage>
    <language ident="ru"/>
   </langUsage>
   <textClass>
    <catRef ana="#tolstoy_heritage" target="library"/>
    <catRef ana="#letters" target="type"/>
    <catRef ana="#sent" target="sent"/>
   </textClass>
  </profileDesc>
 </teiHeader>
 <xenoData>
  <number type="in a volume">
   442
  </number>
 </xenoData>
 <text xml:id="a6_442" xmlns="http://www.tei-c.org/ns/1.0" xmlns:xi="http://www.w3.org/2001/XInclude">
  <body>
   <div>
    <pb n="74"/>
    <opener index="false">
     442.1891 г. Апреля 6. Я. П.
    </opener>
    <p id="773c24b1-91bc-4426-86ae-c931b9b8200a">
     Продолжаем жить по прежнему хорошо, ожидая тебя и известий от тебя,
     <choice original_editorial_correction="кот[орые]">
      <sic>
       кот
      </sic>
      <corr>
       которые
      </corr>
     </choice>
     доходят хорошо и за
     <choice original_editorial_correction="к[оторые]">
      <sic>
       к
      </sic>
      <corr>
       которые
      </corr>
     </choice>
     очень благодарен. Мы вполне все здоровы. Целую тебя.
    </p>
    <p id="c21f846b-e25a-401a-a5ac-3fd47875c19b" rend="right">
     Л. Т.
    </p>
    <noteGrp type="comments">
     <note index="false" type="comments">
      <p id="e6b8b65b-d6b6-4d35-9835-1d158fd5b10f" rend="Textpetit_otstup left">
       Приписка к письму дочерей.
      </p>
     </note>
     <note index="false" type="comments">
      <p id="c1c65858-c146-4075-9594-e6f8af997b20" rend="emptyline">
       <pb n="75"/>
      </p>
     </note>
    </noteGrp>
   </div>
  </body>
 </text>
</TEI>
