<?xml version="1.0" encoding="utf-8"?>
<TEI xmlns="http://www.tei-c.org/ns/1.0" xmlns:xi="http://www.w3.org/2001/XInclude">
 <teiHeader>
  <fileDesc>
   <titleStmt>
    <title xml:id="v84_728_a19">
     Письма и документы. Tolstoy Digital
    </title>
    <title type="main">
     Письмо С.А.Толстой от 19 октября 1898 г.
    </title>
    <title type="bibl">
     Толстой Л. Н. Письмо С. А. Толстой, 19 октября 1898 г. // Толстой Л. Н. Полное собрание сочинений: в 90 тт. Т. 84. М.: Гос. изд. «Художественная литература», 1949. С.
    </title>
    <respStmt>
     <resp>
      Идея, постановка задач, руководство:
     </resp>
     <name>
      Анастасия Бонч-Осмоловская, Фёкла Толстая, Борис Орехов, Тимофей Лукашевский
     </name>
    </respStmt>
    <respStmt>
     <resp>
      Подготовка TEI/XML:
     </resp>
     <name>
      Евгений Можаев, Даниил Скоринкин, Ирина Павлова, Матвей Колбасов, Елена Сидорова, Кирилл Милинцевич, Лев Буланов, Макар Федоров, Константин Петров
     </name>
    </respStmt>
    <respStmt>
     <resp>
      Подготовка метаданных:
     </resp>
     <name>
      Мария Картышева, Вероника Файнберг
     </name>
    </respStmt>
    <respStmt>
     <resp>
      Разметка имен собственных:
     </resp>
     <name>
      Никита Северин, Елена Северина
     </name>
    </respStmt>
    <respStmt>
     <resp>
      Исправление древнегреческого текста:
     </resp>
     <name>
      Ольга Алиева
     </name>
    </respStmt>
    <funder>
     Проект «Слово Толстого»
    </funder>
   </titleStmt>
   <publicationStmt>
    <publisher>
     <orgName>
      Tolstoy Digital, DH CLOUD, Научно-образовательный союз «Родное Слово» проект «Слово Толстого»
     </orgName>
    </publisher>
    <availability>
     <p id="a9926dd7-2639-426f-ade1-675b94ce12f6">
      Тексты и метатекстовая разметка доступны для свободного использования и распространения по лицензии Creative Commons Attribution Share-Alike (cc by-sa)
     </p>
    </availability>
    <date from="2015" to="2022"/>
   </publicationStmt>
   <notesStmt>
    <note>
     Публикуемые документы был получены с сайта tolstoy.ru в формате html, переведены в формат TEI. Исправлены некоторые ошибки распознавания. Тексты, написанные в дореформенной орфографии, сопоставлены с их версиями в современной орфографии.
    </note>
   </notesStmt>
   <sourceDesc>
    <biblStruct>
     <analytic>
      <author>
       Толстой Лев Николаевич
      </author>
     </analytic>
     <monogr>
      <title level="m">
       Полное собрание сочинений. Том 84
      </title>
      <imprint>
       <pubPlace>
        Москва
       </pubPlace>
       <publisher>
        Государственное издательство «Художественная литература»
       </publisher>
       <date when="1949"/>
      </imprint>
      <biblScope unit="vol">
       84
      </biblScope>
      <biblScope unit="page">
       329-330
      </biblScope>
     </monogr>
     <series>
      <title level="s">
       Л. Н. Толстой. Полное собрание сочинений: в 90 тт.
      </title>
     </series>
    </biblStruct>
    <bibl/>
   </sourceDesc>
  </fileDesc>
  <encodingDesc>
   <classDecl>
    <xi:include href="../../reference/taxonomy.xml"/>
   </classDecl>
  </encodingDesc>
  <profileDesc>
   <correspDesc>
    <correspAction type="sending">
     <persName ref="13883">
      Л. Н. Толстой
     </persName>
     <placeName>
      Ясная Поляна
     </placeName>
     <date when="1898-10-19"/>
    </correspAction>
    <correspAction type="receiving">
     <persName ref="13844">
      Толстая Софья Андреевна, рожд. Берс
     </persName>
    </correspAction>
   </correspDesc>
   <langUsage>
    <language ident="ru"/>
   </langUsage>
   <textClass>
    <catRef ana="#tolstoy_heritage" target="library"/>
    <catRef ana="#letters" target="type"/>
    <catRef ana="#sent" target="sent"/>
   </textClass>
  </profileDesc>
 </teiHeader>
 <xenoData>
  <number type="in a volume">
   728
  </number>
 </xenoData>
 <text xml:id="a19_728" xmlns="http://www.tei-c.org/ns/1.0" xmlns:xi="http://www.w3.org/2001/XInclude">
  <body>
   <div>
    <pb n="329"/>
    <opener index="false">
     728.1898 г. Октября 19. Я. П.
    </opener>
    <p id="1f95c052-30db-4e86-9393-83843a0c71f2">
     Мне ужасно совестно, милая Соня, что так давно не писал тебе. Последнее время у меня насморк, — еще с тех пор, или новый был, — и я был вял и не поспевал, или кто мешал. Нынче тепло и насморк прошел, но голова болит, кажется, от угару. Работа идет и хорошо, и дурно.
     <ref target="#note1">
      1
     </ref>
     <note index="false" resp="volume_editor" xml:id="note1">
      Над романом «Воскресение».
     </note>
     Больше в воображении уясняется, а на бумаге еще нет. Нет того состояния высшего обладания всеми своими силами,
     <choice original_editorial_correction="кот[орое]">
      <sic>
       кот
      </sic>
      <corr>
       которое
      </corr>
     </choice>
     для этого нужно. Посетитель у нас был Англичанин с Гавайских островов для переговоров о переселении туда Духоборов. К сожалению, уж слишком поздно. Он всех нас пленил описанием этих чудных островов. Другой посетитель был только Андрюша,
     <hi>
      2
     </hi>
     <choice original_editorial_correction="к[оторый]">
      <sic>
       к
      </sic>
      <corr>
       который
      </corr>
     </choice>
     тоже пленил нас, — меня, — той несомненной переменой,
     <choice original_editorial_correction="кот[орая]">
      <sic>
       кот
      </sic>
      <corr>
       которая
      </corr>
     </choice>
     происходит в нем. Не даром по
     <choice original_editorial_correction="еванг[елию]">
      <sic>
       еванг
      </sic>
      <corr>
       евангелию
      </corr>
     </choice>
     одна пропащая и найденная овца дороже 99. Еще пришел замечательный старик из
     <choice original_editorial_correction="Симбирск[ой]">
      <sic>
       Симбирск
      </sic>
      <corr>
       Симбирской
      </corr>
     </choice>
     <choice original_editorial_correction="губ[ернии]">
      <sic>
       губ
      </sic>
      <corr>
       губернии
      </corr>
     </choice>
     , христианин, рационалист,
     <choice original_editorial_correction="кот[орый]">
      <sic>
       кот
      </sic>
      <corr>
       который
      </corr>
     </choice>
     очень замечателен, если понимать его. Про тебя знаю от Анет
     <ref target="#note2">
      2
     </ref>
     <note index="false" resp="volume_editor" xml:id="note2">
      <name placement="note" ref="1325" type="person">
       Анна Александровна Берс
      </name>
      , жена
      <name placement="note" ref="1321" type="person">
       Александра Андреевича Берса
      </name>
      .
     </note>
     и по письмам, и кажется мне, что ты если не вполне покойном, то не в беспокойном состоянии духа. Наши девочки очень хороши, даже собой, что и тебе желаю. Шучу, совсем не желаю. Желаю тебе спокойствия, твердости,
     <choice original_editorial_correction="кот[орыми]">
      <sic>
       кот
      </sic>
      <corr>
       которыми
      </corr>
     </choice>
     бы ты сама была довольна. А то меня всегда и пугает и трогает, когда ты говоришь про свою расшатанность. — Не верь тому, что ты слаба, а верь, что ты всемогущественна и будешь всемогущественна в духовной области.
    </p>
    <p id="b795796e-b191-4137-9fe4-d5422f9f854a">
     Я последнее время совсем не выхожу и верхом не езжу. Дивная по погоде осень.
    </p>
    <p id="9e191144-4315-4395-85e7-b93e29272554">
     Прощай, милая, целую тебя, хохочущую милую Сашу и могущего быть милым Мишу.
    </p>
    <p id="52704f76-4331-416b-a021-561b31a335c1" rend="right">
     Л. Т.
    </p>
    <noteGrp type="comments"/>
   </div>
  </body>
 </text>
</TEI>
