<?xml version="1.0" encoding="utf-8"?>
<TEI xmlns="http://www.tei-c.org/ns/1.0" xmlns:xi="http://www.w3.org/2001/XInclude">
 <teiHeader>
  <fileDesc>
   <titleStmt>
    <title xml:id="v84_734_a17">
     Письма и документы. Tolstoy Digital
    </title>
    <title type="main">
     Письмо С.А.Толстой от 17 ноября 1898 г.
    </title>
    <title type="bibl">
     Толстой Л. Н. Письмо С. А. Толстой, 17 ноября 1898 г. // Толстой Л. Н. Полное собрание сочинений: в 90 тт. Т. 84. М.: Гос. изд. «Художественная литература», 1949. С.
    </title>
    <respStmt>
     <resp>
      Идея, постановка задач, руководство:
     </resp>
     <name>
      Анастасия Бонч-Осмоловская, Фёкла Толстая, Борис Орехов, Тимофей Лукашевский
     </name>
    </respStmt>
    <respStmt>
     <resp>
      Подготовка TEI/XML:
     </resp>
     <name>
      Евгений Можаев, Даниил Скоринкин, Ирина Павлова, Матвей Колбасов, Елена Сидорова, Кирилл Милинцевич, Лев Буланов, Макар Федоров, Константин Петров
     </name>
    </respStmt>
    <respStmt>
     <resp>
      Подготовка метаданных:
     </resp>
     <name>
      Мария Картышева, Вероника Файнберг
     </name>
    </respStmt>
    <respStmt>
     <resp>
      Разметка имен собственных:
     </resp>
     <name>
      Никита Северин, Елена Северина
     </name>
    </respStmt>
    <respStmt>
     <resp>
      Исправление древнегреческого текста:
     </resp>
     <name>
      Ольга Алиева
     </name>
    </respStmt>
    <funder>
     Проект «Слово Толстого»
    </funder>
   </titleStmt>
   <publicationStmt>
    <publisher>
     <orgName>
      Tolstoy Digital, DH CLOUD, Научно-образовательный союз «Родное Слово» проект «Слово Толстого»
     </orgName>
    </publisher>
    <availability>
     <p id="674d045f-1022-4ed0-a237-266a9157ef67">
      Тексты и метатекстовая разметка доступны для свободного использования и распространения по лицензии Creative Commons Attribution Share-Alike (cc by-sa)
     </p>
    </availability>
    <date from="2015" to="2022"/>
   </publicationStmt>
   <notesStmt>
    <note>
     Публикуемые документы был получены с сайта tolstoy.ru в формате html, переведены в формат TEI. Исправлены некоторые ошибки распознавания. Тексты, написанные в дореформенной орфографии, сопоставлены с их версиями в современной орфографии.
    </note>
   </notesStmt>
   <sourceDesc>
    <biblStruct>
     <analytic>
      <author>
       Толстой Лев Николаевич
      </author>
     </analytic>
     <monogr>
      <title level="m">
       Полное собрание сочинений. Том 84
      </title>
      <imprint>
       <pubPlace>
        Москва
       </pubPlace>
       <publisher>
        Государственное издательство «Художественная литература»
       </publisher>
       <date when="1949"/>
      </imprint>
      <biblScope unit="vol">
       84
      </biblScope>
      <biblScope unit="page">
       334-335
      </biblScope>
     </monogr>
     <series>
      <title level="s">
       Л. Н. Толстой. Полное собрание сочинений: в 90 тт.
      </title>
     </series>
    </biblStruct>
    <bibl/>
   </sourceDesc>
  </fileDesc>
  <encodingDesc>
   <classDecl>
    <xi:include href="../../reference/taxonomy.xml"/>
   </classDecl>
  </encodingDesc>
  <profileDesc>
   <correspDesc>
    <correspAction type="sending">
     <persName ref="13883">
      Л. Н. Толстой
     </persName>
     <placeName>
      Ясная Поляна
     </placeName>
     <date when="1898-11-17"/>
    </correspAction>
    <correspAction type="receiving">
     <persName ref="13844">
      Толстая Софья Андреевна, рожд. Берс
     </persName>
    </correspAction>
   </correspDesc>
   <langUsage>
    <language ident="ru"/>
   </langUsage>
   <textClass>
    <catRef ana="#tolstoy_heritage" target="library"/>
    <catRef ana="#letters" target="type"/>
    <catRef ana="#sent" target="sent"/>
   </textClass>
  </profileDesc>
 </teiHeader>
 <xenoData>
  <number type="in a volume">
   734
  </number>
 </xenoData>
 <text xml:id="a17_734" xmlns="http://www.tei-c.org/ns/1.0" xmlns:xi="http://www.w3.org/2001/XInclude">
  <body>
   <div>
    <pb n="334"/>
    <opener index="false">
     734.1898 г. Ноября 17. Я. П.
    </opener>
    <p id="9be1d78f-a31e-4335-b111-6992aff5e58a">
     Не могу отделаться от умиленного и грустного чувства, милая, дорогая Соня, когда вспоминаю твои утренние слезы в день отъезда.
    </p>
    <p id="d6ea2ed7-f1ac-4185-98e0-b32402f85bc3">
     Я совершенно уверен, что то хорошее, Божеское, которого так много в тебе, победит всё то, что тебя угнетает и томит, всю ту апатию и бессодержательность жизни, на
     <choice original_editorial_correction="кот[орую]">
      <sic>
       кот
      </sic>
      <corr>
       которую
      </corr>
     </choice>
     ты жалуешься, и что еще будешь жить радостной, твердой и спокойной жизнью.
    </p>
    <p id="694e78ad-36b0-4599-9afd-ca9e8338db2b">
     Я только боюсь, как бы не помешать тебе, а помогать я не могу ничем иным, кроме увеличением любви к тебе, которое я последнее время постоянно чувствую.
    </p>
    <p id="3dba39e8-6f42-4a75-adc1-4256165f3a1e">
     У нас полон дом народа. Завтра не будет никого, кроме Пастернака.
     <ref target="#note1">
      1
     </ref>
     <note index="false" resp="volume_editor" xml:id="note1">
      <name placement="note" ref="10542" type="person">
       Леонид Осипович Пастернак
      </name>
      (1862—1945) — художник, с 1908 г. академик живописи; знакомый Толстого с 1893 г. Написал ряд портретов Толстого и его семьи. Ему же принадлежат иллюстрации к роману «Воскресение» (оригинал находится в ГТМ).
     </note>
    </p>
    <p id="b6df3b65-26c5-49e0-9860-0776e994e228">
     Я вчера далеко ездил верхом, нынче только гулял с
     <choice original_editorial_correction="Волкен[штейном]">
      <sic>
       Волкен
      </sic>
      <corr>
       Волкенштейном
      </corr>
     </choice>
     <ref target="#note2">
      2
     </ref>
     <note index="false" resp="volume_editor" xml:id="note2">
      Александр Александрович Волкенштейн.
     </note>
     и мало работал. Оба дня болит немного голова, и чувствую себя не бодрым.
    </p>
    <p id="91cb85dd-1de4-4869-aee7-7ddb12ee5634">
     Пишу нынче Марксу,
     <ref target="#note3">
      3
     </ref>
     <note index="false" resp="volume_editor" xml:id="note3">
      Письмо Толстого Марксу от 17 ноября см. в т. 71. А. Ф. Маркс начал печатание «Воскресения» в «Ниве» 13 марта 1899 г.
     </note>
     чтобы отложить печатание до марта. Это нужно и мне, и
     <choice original_editorial_correction="Паст[ернаку]">
      <sic>
       Паст
      </sic>
      <corr>
       Пастернаку
      </corr>
     </choice>
     , и издателям за границей. Вчера получил остальные
     <choice original_editorial_correction="корект[уры]">
      <sic>
       корект
      </sic>
      <corr>
       коректуры
      </corr>
     </choice>
     до 40
     <choice original_editorial_correction="гл[авы]">
      <sic>
       гл
      </sic>
      <corr>
       главы
      </corr>
     </choice>
     включительно.
     <choice original_editorial_correction="Паст[ернака]">
      <sic>
       Паст
      </sic>
      <corr>
       Пастернака
      </corr>
     </choice>
     наброски прекрасны. Пожалуйста,
     <hi style="opdelimiter">
      пиши,
     </hi>
     <pb n="335"/>
     <hi style="npdelimiter">
      голубушка,
     </hi>
     почаще и не злоупотребляй своим здоровьем — ходи, не торопись никуда и раньше ложись.
    </p>
    <p id="438a5ce7-9853-41ac-b9e4-fe1cf86391bc">
     Пока прощай. Я рад, что хоть немного поговорил с Мишей. Он произвел на меня своим разговором хорошее впечатление. Надеюсь, что это было искренно и твердо. Толстую, милую Сашу целую.
    </p>
    <p id="926dc047-ec78-4be5-9acf-12c4e1d2831b" rend="right">
     Л. Т.
    </p>
    <lb/>
    <p id="0c260da7-7258-4b85-8dca-b755da053915">
     <hi>
      На конверте:
     </hi>
     Хамовники, 21. Софье Андреевне Толстой. Москва.
    </p>
    <noteGrp type="comments"/>
   </div>
  </body>
 </text>
</TEI>
