<?xml version="1.0" encoding="utf-8"?>
<TEI xmlns="http://www.tei-c.org/ns/1.0" xmlns:xi="http://www.w3.org/2001/XInclude">
 <teiHeader>
  <fileDesc>
   <titleStmt>
    <title xml:id="v84_471_a19">
     Письма и документы. Tolstoy Digital
    </title>
    <title type="main">
     Письмо С.А.Толстой от 19 ноября 1891 г.
    </title>
    <title type="bibl">
     Толстой Л. Н. Письмо С. А. Толстой, 19 ноября 1891 г. // Толстой Л. Н. Полное собрание сочинений: в 90 тт. Т. 84. М.: Гос. изд. «Художественная литература», 1949. С.
    </title>
    <respStmt>
     <resp>
      Идея, постановка задач, руководство:
     </resp>
     <name>
      Анастасия Бонч-Осмоловская, Фёкла Толстая, Борис Орехов, Тимофей Лукашевский
     </name>
    </respStmt>
    <respStmt>
     <resp>
      Подготовка TEI/XML:
     </resp>
     <name>
      Евгений Можаев, Даниил Скоринкин, Ирина Павлова, Матвей Колбасов, Елена Сидорова, Кирилл Милинцевич, Лев Буланов, Макар Федоров, Константин Петров
     </name>
    </respStmt>
    <respStmt>
     <resp>
      Подготовка метаданных:
     </resp>
     <name>
      Мария Картышева, Вероника Файнберг
     </name>
    </respStmt>
    <respStmt>
     <resp>
      Разметка имен собственных:
     </resp>
     <name>
      Никита Северин, Елена Северина
     </name>
    </respStmt>
    <respStmt>
     <resp>
      Исправление древнегреческого текста:
     </resp>
     <name>
      Ольга Алиева
     </name>
    </respStmt>
    <funder>
     Проект «Слово Толстого»
    </funder>
   </titleStmt>
   <publicationStmt>
    <publisher>
     <orgName>
      Tolstoy Digital, DH CLOUD, Научно-образовательный союз «Родное Слово» проект «Слово Толстого»
     </orgName>
    </publisher>
    <availability>
     <p id="c618354e-e894-4d25-b4f0-9f32d98ddc4a">
      Тексты и метатекстовая разметка доступны для свободного использования и распространения по лицензии Creative Commons Attribution Share-Alike (cc by-sa)
     </p>
    </availability>
    <date from="2015" to="2022"/>
   </publicationStmt>
   <notesStmt>
    <note>
     Публикуемые документы был получены с сайта tolstoy.ru в формате html, переведены в формат TEI. Исправлены некоторые ошибки распознавания. Тексты, написанные в дореформенной орфографии, сопоставлены с их версиями в современной орфографии.
    </note>
   </notesStmt>
   <sourceDesc>
    <biblStruct>
     <analytic>
      <author>
       Толстой Лев Николаевич
      </author>
     </analytic>
     <monogr>
      <title level="m">
       Полное собрание сочинений. Том 84
      </title>
      <imprint>
       <pubPlace>
        Москва
       </pubPlace>
       <publisher>
        Государственное издательство «Художественная литература»
       </publisher>
       <date when="1949"/>
      </imprint>
      <biblScope unit="vol">
       84
      </biblScope>
      <biblScope unit="page">
       100-101
      </biblScope>
     </monogr>
     <series>
      <title level="s">
       Л. Н. Толстой. Полное собрание сочинений: в 90 тт.
      </title>
     </series>
    </biblStruct>
    <bibl/>
   </sourceDesc>
  </fileDesc>
  <encodingDesc>
   <classDecl>
    <xi:include href="../../reference/taxonomy.xml"/>
   </classDecl>
  </encodingDesc>
  <profileDesc>
   <correspDesc>
    <correspAction type="sending">
     <persName ref="13883">
      Л. Н. Толстой
     </persName>
     <placeName>
      Бегичевка
     </placeName>
     <date when="1891-11-19"/>
    </correspAction>
    <correspAction type="receiving">
     <persName ref="13844">
      Толстая Софья Андреевна, рожд. Берс
     </persName>
    </correspAction>
   </correspDesc>
   <langUsage>
    <language ident="ru"/>
   </langUsage>
   <textClass>
    <catRef ana="#tolstoy_heritage" target="library"/>
    <catRef ana="#letters" target="type"/>
    <catRef ana="#sent" target="sent"/>
   </textClass>
  </profileDesc>
 </teiHeader>
 <xenoData>
  <number type="in a volume">
   471
  </number>
 </xenoData>
 <text xml:id="a19_471" xmlns="http://www.tei-c.org/ns/1.0" xmlns:xi="http://www.w3.org/2001/XInclude">
  <body>
   <div>
    <pb n="100"/>
    <opener index="false">
     471.1891 г. Ноября 19. Бегичевка.
    </opener>
    <p id="5d434845-c78c-49c2-8088-8ddb4f969c3c">
     Известий о нас тебе теперь много с разных сторон, но хочется тебе написать, милый друг. Получили 3-го дня твои два письма нам
     <ref target="#note1">
      1
     </ref>
     <note index="false" resp="volume_editor" xml:id="note1">
      Одно из них от 13 ноября (ПСТ, стр. 466).
     </note>
     и одно
     <name placement="text" ref="11482" type="person">
      Ивану
     </name>
     <choice original_editorial_correction="Ив[ановичу]">
      <sic>
       <name placement="text" ref="11482" type="person">
        Ив
       </name>
      </sic>
      <corr>
       <name placement="text" ref="11482" type="person">
        Ивановичу
       </name>
      </corr>
     </choice>
     .
     <ref target="#note2">
      2
     </ref>
     <note index="false" resp="volume_editor" xml:id="note2">
      Оно неизвестно.
     </note>
     Во всех трех мне слышна была горькая нота, и мне это было очень больно. Но дело в том, что тебе больнее, и я тотчас же хотел ехать к тебе. Но девочки советовали ехать всем вместе. И после совещания решили подождать еще известий, но во всяком случае ехать к тебе всем, не откладывая, поручив здесь продолжение дела, кому можно. Девочки все три кашляют и в насморке, но в общем здоровы. Я совершенно здоров. Не сглазить, давно не
     <choice original_editorial_correction="б[ыло]">
      <sic>
       б
      </sic>
      <corr>
       было
      </corr>
     </choice>
     даже изжоги. Вчера я с вечера усердно писал статью, описывающую нашу деятельность, сегодня утром проснулся в 7-мь и писал, не выходя из комнаты. Пустая статья, но нужна тем, что сообщает другим приемы заведения и ведения столовых. Она еще не переписана, и едва ли к завтраму кончу. С
     <choice original_editorial_correction="Влад[имировым]">
      <sic>
       Влад
      </sic>
      <corr>
       Владимировым
      </corr>
     </choice>
     я ошибся и послал тебе какую то другую рукопись.
     <ref target="#note3">
      3
     </ref>
     <note index="false" resp="volume_editor" xml:id="note3">
      «Кто прав?»
     </note>
     Потом в 10 часов поехал верхом по всем дальним столовым и проездил по прекрасной погоде до 5 часов. Положение становится всё напряженнее и напряженнее: проедаются последние средства, и количество совсем неимущих всё увеличивается. Главное топливо и праздность и мужчин, и женщин. Нынче пишу
     <choice original_editorial_correction="Владимиро[ву]">
      <sic>
       Владимиро
      </sic>
      <corr>
       Владимирову
      </corr>
     </choice>
     о высылке нам лык для работы лаптей.
     <ref target="#note4">
      4
     </ref>
     <note index="false" resp="volume_editor" xml:id="note4">
      Письмо это неизвестно.
     </note>
     Лен на днях получится. Знаменательный признак нужды, что по 3-м небольшим деревням в один день набралось охотников отдать на прокорм 80 лошадей, и приходят еще и еще просить взять лошадей. Отдают незнакомому человеку, неизвестно куда своих лошадей, и всё хороших, молодых. Очевидно, считают этот риск выгоднее верной погибели, если оставить у себя лошадь.
    </p>
    <p id="1eb519d3-1633-4302-bf53-19daffa487b7">
     В последнюю почту получено нами повесток на 3300
     <hi style="opdelimiter">
      <choice original_editorial_correction="р[ублей]">
       <sic>
        р
       </sic>
       <corr>
        рублей
       </corr>
      </choice>
      .
     </hi>
    </p>
    <p id="430ff0f8-eba7-4664-9175-20c6188fe9ef">
     <pb n="101"/>
     <hi style="npdelimiter">
      Твои,
     </hi>
     т. е. тобой собранные, пожертвования очень хороши. Поразительны 1500
     <choice original_editorial_correction="арш[ин]">
      <sic>
       арш
      </sic>
      <corr>
       аршин
      </corr>
     </choice>
     материи и комична вермишель. Ее надо будет раздать в праздники. Материя же тоже поразительно нужна. Нынче я видел вдову с детьми, положительно голую. Только один мальчик может выходить. Я еще не видел такой бедности. Таня написала нынче маленькое письмо в газеты,
     <ref target="#note5">
      5
     </ref>
     <note index="false" resp="volume_editor" xml:id="note5">
      Это письмо напечатано в анонимном фельетоне «Даровые столовые в деревнях», опубликованном в «Новом времени» от 20 ноября, № 5650.
     </note>
     — не знаю, пошлет ли, в
     <choice original_editorial_correction="к[отором]">
      <sic>
       к
      </sic>
      <corr>
       котором
      </corr>
     </choice>
     она пишет, как устройство столовой, присутствие людей извне, посещения — ободряют людей. Это совершенно справедливо и очень заметно. — Нынче
     <choice original_editorial_correction="Ив[ан]">
      <sic>
       Ив
      </sic>
      <corr>
       Иван
      </corr>
     </choice>
     <choice original_editorial_correction="Ив[анович]">
      <sic>
       Ив
      </sic>
      <corr>
       Иванович
      </corr>
     </choice>
     уехал в Данков, и мы одни. Теперь у девочек сидит
     <choice original_editorial_correction="Марг[арита]">
      <sic>
       Марг
      </sic>
      <corr>
       <name placement="text" ref="9239" type="person">
        Маргарита
       </name>
      </corr>
     </choice>
     <choice original_editorial_correction="Ив[ановна]">
      <sic>
       <name placement="text" ref="9239" type="person">
        Ив
       </name>
      </sic>
      <corr>
       <name placement="text" ref="9239" type="person">
        Ивановна
       </name>
      </corr>
     </choice>
     <ref target="#note6">
      6
     </ref>
     <note index="false" resp="volume_editor" xml:id="note6">
      <name placement="text" ref="9239" type="person">
       М. И. Мордвинова
      </name>
      (1856—1912), жена И. Н. Мордвинова.
     </note>
     и пьют чай, а я пишу.
     <choice original_editorial_correction="Матв[ей]">
      <sic>
       Матв
      </sic>
      <corr>
       <name placement="text" ref="15347" type="person">
        Матвей
       </name>
      </corr>
     </choice>
     <choice original_editorial_correction="Никол[аевич]">
      <sic>
       <name placement="text" ref="15347" type="person">
        Никол
       </name>
      </sic>
      <corr>
       <name placement="text" ref="15347" type="person">
        Николаевич
       </name>
      </corr>
     </choice>
     всё у нас. Я его не пускаю, и он ждет, и нам полезен и приятен. Ну, пока прощай. Целую тебя и детей от Вани, через Сашу,
     <choice original_editorial_correction="М[ишу]">
      <sic>
       М
      </sic>
      <corr>
       Мишу
      </corr>
     </choice>
     ,
     <choice original_editorial_correction="Андр[юшу]">
      <sic>
       Андр
      </sic>
      <corr>
       Андрюшу
      </corr>
     </choice>
     до Левы. Надеюсь скоро увидеться. Дай только Бог тебя найти здоровой. Надеюсь на мороз. Что-то даст завтрашняя почта, т. е. какие известия о тебе?
    </p>
    <p id="be33951b-8442-47c2-a3f4-4fe5ae41dad8" rend="right">
     Л. Т.
    </p>
    <lb/>
    <p id="6bf3b822-d852-409c-8653-d3d7246cfd75">
     Привет Ал. Митр., Борелю и Лидии.
    </p>
    <p id="527bbf76-6cf7-4ced-b8f2-9810f24831f2">
     Напиши, пожалуйста, как посланы горох, чечевица и мука.
    </p>
    <p id="cbe7cc0f-fc2b-478b-8d9d-e037928c142f">
     Мы ничего этого не получали,
     <choice original_editorial_correction="т[ак]">
      <sic>
       т
      </sic>
      <corr>
       так
      </corr>
     </choice>
     <choice original_editorial_correction="к[ак]">
      <sic>
       к
      </sic>
      <corr>
       как
      </corr>
     </choice>
     не получали на это квитанции.
    </p>
    <lb/>
    <p id="9a9b607e-655a-4ce0-a3ff-7ca7f1d3bb36">
     <hi>
      На конверте:
     </hi>
     Москва. Хамовнический пер., дом № 15. Графине Софье Андреевне Толстой.
    </p>
    <noteGrp type="comments"/>
   </div>
  </body>
 </text>
</TEI>
