<?xml version="1.0" encoding="utf-8"?>
<TEI xmlns="http://www.tei-c.org/ns/1.0" xmlns:xi="http://www.w3.org/2001/XInclude">
 <teiHeader>
  <fileDesc>
   <titleStmt>
    <title xml:id="v84_810_a19">
     Письма и документы. Tolstoy Digital
    </title>
    <title type="main">
     Письмо С.А.Толстой от 19 июня 1909 г.
    </title>
    <title type="bibl">
     Толстой Л. Н. Письмо С. А. Толстой, 19 июня 1909 г. // Толстой Л. Н. Полное собрание сочинений: в 90 тт. Т. 84. М.: Гос. изд. «Художественная литература», 1949. С.
    </title>
    <respStmt>
     <resp>
      Идея, постановка задач, руководство:
     </resp>
     <name>
      Анастасия Бонч-Осмоловская, Фёкла Толстая, Борис Орехов, Тимофей Лукашевский
     </name>
    </respStmt>
    <respStmt>
     <resp>
      Подготовка TEI/XML:
     </resp>
     <name>
      Евгений Можаев, Даниил Скоринкин, Ирина Павлова, Матвей Колбасов, Елена Сидорова, Кирилл Милинцевич, Лев Буланов, Макар Федоров, Константин Петров
     </name>
    </respStmt>
    <respStmt>
     <resp>
      Подготовка метаданных:
     </resp>
     <name>
      Мария Картышева, Вероника Файнберг
     </name>
    </respStmt>
    <respStmt>
     <resp>
      Разметка имен собственных:
     </resp>
     <name>
      Никита Северин, Елена Северина
     </name>
    </respStmt>
    <respStmt>
     <resp>
      Исправление древнегреческого текста:
     </resp>
     <name>
      Ольга Алиева
     </name>
    </respStmt>
    <funder>
     Проект «Слово Толстого»
    </funder>
   </titleStmt>
   <publicationStmt>
    <publisher>
     <orgName>
      Tolstoy Digital, DH CLOUD, Научно-образовательный союз «Родное Слово» проект «Слово Толстого»
     </orgName>
    </publisher>
    <availability>
     <p id="3350f5a3-fd6b-4b77-a104-f5a779a887af">
      Тексты и метатекстовая разметка доступны для свободного использования и распространения по лицензии Creative Commons Attribution Share-Alike (cc by-sa)
     </p>
    </availability>
    <date from="2015" to="2022"/>
   </publicationStmt>
   <notesStmt>
    <note>
     Публикуемые документы был получены с сайта tolstoy.ru в формате html, переведены в формат TEI. Исправлены некоторые ошибки распознавания. Тексты, написанные в дореформенной орфографии, сопоставлены с их версиями в современной орфографии.
    </note>
   </notesStmt>
   <sourceDesc>
    <biblStruct>
     <analytic>
      <author>
       Толстой Лев Николаевич
      </author>
     </analytic>
     <monogr>
      <title level="m">
       Полное собрание сочинений. Том 84
      </title>
      <imprint>
       <pubPlace>
        Москва
       </pubPlace>
       <publisher>
        Государственное издательство «Художественная литература»
       </publisher>
       <date when="1949"/>
      </imprint>
      <biblScope unit="vol">
       84
      </biblScope>
      <biblScope unit="page">
       386-386
      </biblScope>
     </monogr>
     <series>
      <title level="s">
       Л. Н. Толстой. Полное собрание сочинений: в 90 тт.
      </title>
     </series>
    </biblStruct>
    <bibl/>
   </sourceDesc>
  </fileDesc>
  <encodingDesc>
   <classDecl>
    <xi:include href="../../reference/taxonomy.xml"/>
   </classDecl>
  </encodingDesc>
  <profileDesc>
   <correspDesc>
    <correspAction type="sending">
     <persName ref="13883">
      Л. Н. Толстой
     </persName>
     <placeName>
      Кочеты
     </placeName>
     <date when="1909-06-19"/>
    </correspAction>
    <correspAction type="receiving">
     <persName ref="13844">
      Толстая Софья Андреевна, рожд. Берс
     </persName>
    </correspAction>
   </correspDesc>
   <langUsage>
    <language ident="ru"/>
   </langUsage>
   <textClass>
    <catRef ana="#tolstoy_heritage" target="library"/>
    <catRef ana="#letters" target="type"/>
    <catRef ana="#sent" target="sent"/>
   </textClass>
  </profileDesc>
 </teiHeader>
 <xenoData>
  <number type="in a volume">
   810
  </number>
 </xenoData>
 <text xml:id="a19_810" xmlns="http://www.tei-c.org/ns/1.0" xmlns:xi="http://www.w3.org/2001/XInclude">
  <body>
   <div>
    <pb n="386"/>
    <opener index="false">
     810.1909 г. Июня 19. Кочеты.
    </opener>
    <p id="683fd8d3-489f-4ec8-8b3f-637cc81f2488">
     От вас нет известий, милая Соня, а я пишу, чтоб сказать вам, что я здоров, только голова всё еще немного болит. Но ездил нынче
     <choice original_editorial_correction="оч[ень]">
      <sic>
       оч
      </sic>
      <corr>
       очень
      </corr>
     </choice>
     приятно верхом по прекрасным местам — Камушки
     <ref target="#note1">
      1
     </ref>
     <note index="false" resp="volume_editor" xml:id="note1">
      Лес в 2 км. от Кочетов.
     </note>
     и прелестном Кочетке.
     <ref target="#note2">
      2
     </ref>
     <note index="false" resp="volume_editor" xml:id="note2">
      Часть кочетовского парка, дубовый лес в
      <hi>
       1
      </hi>
      /
      <sub>
       2
      </sub>
      км. от дома,
     </note>
     А еще заехал в деревню к 100-летнему старику и беседовал с ним. Вчера, кроме молодых Сухотиных и ее сестры,
     <choice original_editorial_correction="б[ыло]">
      <sic>
       б
      </sic>
      <corr>
       было
      </corr>
     </choice>
     пропасть народа: Матвеева,
     <ref target="#note3">
      3
     </ref>
     <note index="false" resp="volume_editor" xml:id="note3">
      <name placement="note" ref="8655" type="person">
       Варвара Дмитриевна Матвеева
      </name>
      , соседка Сухотиных.
     </note>
     жена того, с
     <choice original_editorial_correction="к[оторым]">
      <sic>
       к
      </sic>
      <corr>
       которым
      </corr>
     </choice>
     я ехал,
     <ref target="#note4">
      4
     </ref>
     <note index="false" resp="volume_editor" xml:id="note4">
      Мценский предводитель дворянства
      <hi style="opdelimiter">
       Матвеев.
      </hi>
     </note>
     с своим племянником консулом.
     <ref target="#note5">
      5
     </ref>
     <note index="false" resp="volume_editor" xml:id="note5">
      <name placement="note" ref="8650" type="person">
       Владимир Николаевич Матвеев
      </name>
      , был драгоманом в Персии.
     </note>
     — Он
     <choice original_editorial_correction="б[ыл]">
      <sic>
       б
      </sic>
      <corr>
       был
      </corr>
     </choice>
     в Индии и Персии и рассказывал интересное; и
     <name placement="note" ref="12325" type="person">
      Свербеева
     </name>
     <ref target="#note6">
      6
     </ref>
     <note index="false" resp="volume_editor" xml:id="note6">
      <name placement="note" ref="12325" type="person">
       Анна Васильевна Свербеева
      </name>
      , рожд. Безобразова.
     </note>
     и доктор незнакомый Голицына.
     <ref target="#note7">
      7
     </ref>
     <note index="false" resp="volume_editor" xml:id="note7">
      По «Яснополянским запискам» Д. П. Маковицкого, фамилия врача, служившего у помещика Голицына и бывшего в Кочетах 16 июня, — Малиновский.
     </note>
     Нынче я почти
     <choice original_editorial_correction="нич[его]">
      <sic>
       нич
      </sic>
      <corr>
       ничего
      </corr>
     </choice>
     не работал, не хотелось. От
     <choice original_editorial_correction="Ч[ерткова]">
      <sic>
       Ч
      </sic>
      <corr>
       Черткова
      </corr>
     </choice>
     жду известий тоже. Целую всех.
    </p>
    <noteGrp type="comments"/>
   </div>
  </body>
 </text>
</TEI>
