<?xml version="1.0" encoding="utf-8"?>
<TEI xmlns="http://www.tei-c.org/ns/1.0" xmlns:xi="http://www.w3.org/2001/XInclude">
 <teiHeader>
  <fileDesc>
   <titleStmt>
    <title xml:id="v85_039_a17">
     Письма и документы. Tolstoy Digital
    </title>
    <title type="main">
     Письмо В. Г. Черткову от 17 декабря 1884 г.
    </title>
    <title type="bibl">
     Толстой Л. Н. Письмо В. Г. Черткову, 17 декабря 1884 г. // Толстой Л. Н. Полное собрание сочинений: в 90 тт. Т. 85. М.: Гос. изд. «Художественная литература», 1935. С.
    </title>
    <respStmt>
     <resp>
      Идея, постановка задач, руководство:
     </resp>
     <name>
      Анастасия Бонч-Осмоловская, Фёкла Толстая, Борис Орехов, Тимофей Лукашевский
     </name>
    </respStmt>
    <respStmt>
     <resp>
      Подготовка TEI/XML:
     </resp>
     <name>
      Евгений Можаев, Даниил Скоринкин, Ирина Павлова, Матвей Колбасов, Елена Сидорова, Кирилл Милинцевич, Лев Буланов, Макар Федоров, Константин Петров
     </name>
    </respStmt>
    <respStmt>
     <resp>
      Подготовка метаданных:
     </resp>
     <name>
      Мария Картышева, Вероника Файнберг
     </name>
    </respStmt>
    <respStmt>
     <resp>
      Разметка имен собственных:
     </resp>
     <name>
      Никита Северин, Елена Северина
     </name>
    </respStmt>
    <respStmt>
     <resp>
      Исправление древнегреческого текста:
     </resp>
     <name>
      Ольга Алиева
     </name>
    </respStmt>
    <funder>
     Проект «Слово Толстого»
    </funder>
   </titleStmt>
   <publicationStmt>
    <publisher>
     <orgName>
      Tolstoy Digital, DH CLOUD, Научно-образовательный союз «Родное Слово» проект «Слово Толстого»
     </orgName>
    </publisher>
    <availability>
     <p id="0bfd8673-7191-4c73-9c70-a17c7bc51dd5">
      Тексты и метатекстовая разметка доступны для свободного использования и распространения по лицензии Creative Commons Attribution Share-Alike (cc by-sa)
     </p>
    </availability>
    <date from="2015" to="2022"/>
   </publicationStmt>
   <notesStmt>
    <note>
     Публикуемые документы был получены с сайта tolstoy.ru в формате html, переведены в формат TEI. Исправлены некоторые ошибки распознавания. Тексты, написанные в дореформенной орфографии, сопоставлены с их версиями в современной орфографии.
    </note>
   </notesStmt>
   <sourceDesc>
    <biblStruct>
     <analytic>
      <author>
       Толстой Лев Николаевич
      </author>
     </analytic>
     <monogr>
      <title level="m">
       Полное собрание сочинений. Том 85
      </title>
      <imprint>
       <pubPlace>
        Москва
       </pubPlace>
       <publisher>
        Государственное издательство «Художественная литература»
       </publisher>
       <date when="1935"/>
      </imprint>
      <biblScope unit="vol">
       85
      </biblScope>
      <biblScope unit="page">
       128-130
      </biblScope>
     </monogr>
     <series>
      <title level="s">
       Л. Н. Толстой. Полное собрание сочинений: в 90 тт.
      </title>
     </series>
    </biblStruct>
    <bibl/>
   </sourceDesc>
  </fileDesc>
  <encodingDesc>
   <classDecl>
    <xi:include href="../../reference/taxonomy.xml"/>
   </classDecl>
  </encodingDesc>
  <profileDesc>
   <correspDesc>
    <correspAction type="sending">
     <persName ref="13883">
      Л. Н. Толстой
     </persName>
     <placeName>
      Москва
     </placeName>
     <date when="1884-12-17"/>
    </correspAction>
    <correspAction type="receiving">
     <persName ref="15284">
      Чертков Владимир Григорьевич
     </persName>
    </correspAction>
   </correspDesc>
   <langUsage>
    <language ident="ru"/>
    <language ident="ru-petr1708"/>
   </langUsage>
   <textClass>
    <catRef ana="#tolstoy_heritage" target="library"/>
    <catRef ana="#letters" target="type"/>
    <catRef ana="#sent" target="sent"/>
   </textClass>
  </profileDesc>
 </teiHeader>
 <xenoData>
  <number type="in a volume">
   39
  </number>
 </xenoData>
 <text xml:id="a17_39" xmlns="http://www.tei-c.org/ns/1.0" xmlns:xi="http://www.w3.org/2001/XInclude">
  <body>
   <div>
    <pb n="128"/>
    <opener index="false">
     * 39.1884 г. Декабря 17. Москва.
    </opener>
    <p id="e081f270-da36-4c5e-8f87-c8c4651a6816">
     <choice>
      <reg>
       Получил
      </reg>
      <orig>
       Получилъ
      </orig>
     </choice>
     ваше
     <choice>
      <reg>
       последнее
      </reg>
      <orig>
       послѣднее
      </orig>
     </choice>
     письмо двойное уже
     <choice>
      <reg>
       в
      </reg>
      <orig>
       въ
      </orig>
     </choice>
     <choice>
      <reg>
       Москве
      </reg>
      <orig>
       Москвѣ
      </orig>
     </choice>
     . Я
     <choice>
      <reg>
       приехал
      </reg>
      <orig>
       прiѣхалъ
      </orig>
     </choice>
     вчера. Писать все, что
     <hi>
      я
     </hi>
     думаю и чувствую о васъ, нельзя, п[отому] ч[то] это слишкомъ много. Одно скажу: холодно разумная христіанская жизнь есть христіанская и святая жизнь. Любовь есть тоже, что весна въ году. Она приходитъ и проходитъ, но не было бы весны, если бы не было осѣни и зимы, и не можетъ быть любви безъ разумной христіанской жизни. И признавать состояніе любви только состояніемъ христіанскимъ это все равно, что весну считать только жизнью. — Человѣкъ всегда чувствуетъ себя отвѣтственнымъ. Въ любви онъ не властенъ, а въ разумной жизни властенъ. Вотъ онъ перенесетъ всю силу и на любовь, плачетъ, что ея нѣтъ, говорить фразы о кимвалѣ звенящемъ и хочетъ чувствовать себя не виноватымъ. Страшное зло сдѣлало ученіе П[авла] о любви.
     <ref target="#note1">
      1
     </ref>
     <note index="false" resp="volume_editor" xml:id="note1">
      «Учение Павла о любви» — см. 1-е послание ап. Павла к Коринфянам, гл. 12, ст. 1—8 и 13. Мысль Толстого, выраженная в этом письме,
      <hi style="opdelimiter">
       еще
      </hi>
      <hi style="npdelimiter">
       полнее
      </hi>
      развертывается им в записях его Дневника от 1 и 2 августа 1884. Там он пишет 1 августа: «... Это не шутка, что я ненавижу любовь, как учение. Это прямой qui pro quo. Любовь есть сама жизнь, цель, закон, а они
      <hi rend="italic">
       редстокисты и им подобные
      </hi>
      выставляют ее правилом. Как правило, это величайшая ложь». В дальнейших своих писаниях Толстой, придавая любви всё большее и большее значение, как основе человеческого единения и блага, поправляет и дополняет эти мысли другими, с одной стороны определяющими ее сущность, с другой — указывающими условия развития любви к людям. Так в письме к М. А. Новоселову от 1889 г., советуя ему «вырабатывать в себе вдумчивость, проницательность любви и не принимать за любовь некоторую мягкость, чувствительность в отношении с людьми...», он говорит: «Любовь — это стремление человека расширить свое сознание, включив в него сознание другого, других... Любим мы тогда, когда входим в душу другого и чувствуем за него и знаем так же, как и тот знает, чтò ему дорого, чтò больно, чем он страдает, чему радуется, в чем его сила и его слабость» (т. 64).
     </note>
    </p>
    <p id="a6b2d4d2-c0b1-4cf2-a601-f0cf5399c54f" rend="right">
     <name placement="text" ref="13883" type="person">
      Л. Толстой
     </name>
     .
    </p>
    <lb/>
    <p id="ec85ef8a-4e09-45c9-80eb-69dcc330c65f">
     Вы
     <choice>
      <reg>
       наверно
      </reg>
      <orig>
       навѣрно
      </orig>
     </choice>
     думаете, что я
     <choice>
      <reg>
       вас
      </reg>
      <orig>
       васъ
      </orig>
     </choice>
     люблю гораздо меньше,
     <choice>
      <reg>
       чем
      </reg>
      <orig>
       чѣмъ
      </orig>
     </choice>
     я
     <choice>
      <reg>
       вас
      </reg>
      <orig>
       васъ
      </orig>
     </choice>
     <choice>
      <reg>
       в
      </reg>
      <orig>
       въ
      </orig>
     </choice>
     <choice>
      <reg>
       действительности
      </reg>
      <orig>
       дѣйствительности
      </orig>
     </choice>
     люблю.
    </p>
    <p id="41a6ae31-404d-4492-9e55-1a007729bce7">
     Я много
     <choice>
      <reg>
       писал
      </reg>
      <orig>
       писалъ
      </orig>
     </choice>
     <choice>
      <reg>
       в
      </reg>
      <orig>
       въ
      </orig>
     </choice>
     <choice>
      <reg>
       деревне
      </reg>
      <orig>
       деревнѣ
      </orig>
     </choice>
     .
     <ref target="#note2">
      2
     </ref>
     <note index="false" resp="volume_editor" xml:id="note2">
      Как видно по письмам от 7—15 декабря к Софье Андреевне, Толстой за это время пребывания своего в Ясной поляне был занят работою над статьей «Так что же нам делать?», значительную часть которой он обещал сдать в редакцию «Русской мысли» для напечатания в ближайшей, январской книжке этого журнала. См. прим. 6 к п. № 15 от 25—27 апреля 1884 г.
     </note>
     Не знаю еще, хорошо ли.
    </p>
    <lb/>
    <p id="8b43060c-4bb0-4aa4-a920-24c656ed1338">
     <choice>
      <reg>
       Петербург
      </reg>
      <orig>
       Петербургъ
      </orig>
     </choice>
    </p>
    <p id="7fc49eb5-5776-48ed-8eab-58adeb452014">
     <choice>
      <reg>
       Миллионная
      </reg>
      <orig>
       Милліонная
      </orig>
     </choice>
     , 32
    </p>
    <p id="8c5e9421-1c68-4854-9274-dec411ebe608">
     <choice>
      <reg>
       Владимиру
      </reg>
      <orig>
       Владиміру
      </orig>
     </choice>
     Григорьевичу
    </p>
    <p id="ecaf63e4-f334-4e14-9739-2d82ccaf6af0">
     Черткову
    </p>
    <noteGrp type="comments">
     <note index="false" type="comments">
      <p id="7942fe54-27f0-41e0-a347-a3a70ad4d8d1" rend="Textpetit_otstup left">
       Письмо печатается впервые. На открытом почтовом бланке подлинника имеется пометка рукой Черткова: «№ 39» и почтовые штемпеля: «Москва 17 дек. 1884» и «С. Петербург 18 дек. 1884». Датируем на основании заключающегося в письме сообщения: «я приехал вчера» и указаний в письмах того времени к С. А. Толстой, что Толстой мог вернуться в Москву из Ясной поляны не ранее 16 декабря.
      </p>
     </note>
     <note index="false" type="comments">
      <p id="afc9c1d1-b2fe-4da9-8ca4-acf5a75a68a6" rend="petit">
       Под двойным письмом Черткова Толстой подразумевал вложенные в один конверт письма его от 8 декабря и 14 декабря: первое из них — написанное в «малодушном настроении» и потому задержанное
       <hi style="opdelimiter">
        отсылкою,
       </hi>
       <pb n="129"/>
       <hi style="npdelimiter">
        второе
       </hi>
       — сообщающее о том, что он понемногу возвращается к жизни, хотя и не может «ничего взять назад из того, что сказал в малодушном письме». Далее, отвечая в этом письме от 14 декабря на две полученные им открытки Толстого, Чертков говорит, что он еще не имеет основания особенно увлекаться делом улучшения лубочных изданий. «Я верю, я знаю, — продолжает он, — что этим путем можно сделать много добра тем, кто больше всего нуждается в таком добре. Но успех дела вполне зависит от тех, кто имеет возможность доставлять содержание для этих изданий. Моя роль посредническая — до такой степени побочная, что я не могу очень увлекаться. Лишь только получу материал, я сделаю всё возможное для скорейшего доставления его крестьянам. А пока, эти последние дни, я хлопочу о доставлении заказов одной коробочной мастерской, переходящей здесь в мои руки и первоначально открытой надзирательницей приюта моей матери. Работники в этой мастерской люди самого симпатичного закала — то, что вы называете “потерянными” — пьяненькие, беспутные, выгнанные со всех возможных мест, но желающие работать и во время работы — довольные и непьющие. Чувствую, что найду около них и теплый уголок, чего я, признаюсь, никак не рассчитывал найти в Петербурге». — Ответ Толстого относится собственно к письму Черткова от 8 декабря, которое мы и приводим здесь почти полностью: «Нехорошо мне, Лев Николаевич. Я впал в такой стих, что всё что ни делаю, — всё нехорошо. Здесь пусто, хотя знаю, что люди, те же люди кругом. Но у меня нет человеческого чувства к ближнему вообще. Для меня ближний только тот, кто
       <hi>
        моей личности
       </hi>
       доставляет удовольствие. А моей личности доставляют удовольствие только те в прошлом моем общении, с которыми я лично играл роль более или менее достойную в моих собственных глазах. А расположения, сочувствия к человеку, просто как к брату, к ближнему — у меня нет. Христос и его учение для меня только теория, и я начинаю приходить к заключению, что можно теоретически вполне последовательно и логически анализировать учение Христа, и вместе с тем по духу быть гораздо дальше от Христа, чем многие простые души, чистосердечно понимающие отдельные заповеди Христа вкривь и вкось. Я прихожу к заключению, для меня вполне неожиданному, что можно напр. убивать на войне людей при внутренней любви к ближнему. И, наоборот, что можно воздерживаться от убийства — при полнейшем отсутствии любви к людям. То понимание истины, которое получается только от отвлеченного представления о том, чтò именно хотел сказать Христос, такое понимание истины само по себе, пожалуй, еще страшнее полного непонимания истины. Да какая это истина? Это не истина. Истина — это любовь. Христос — любовь. Во мне же любви нет, следовательно я не христианин. С приездом сюда я подпал припадку равнодушия. Всё — мне все равно... Кругом меня голые стены, на улицах гуляют какие-то тени, а не люди. И я один, и один только по причине своего всепоглощающего эгоизма. Одним словом равнодушие, т. е. живая смерть...»
      </p>
     </note>
    </noteGrp>
   </div>
  </body>
 </text>
</TEI>
