<?xml version="1.0" encoding="utf-8"?>
<TEI xmlns="http://www.tei-c.org/ns/1.0" xmlns:xi="http://www.w3.org/2001/XInclude">
 <teiHeader>
  <fileDesc>
   <titleStmt>
    <title xml:id="v85_019_iyunya6">
     Письма и документы. Tolstoy Digital
    </title>
    <title type="main">
     Письмо В. Г. Черткову от 6 июня 1884 г.
    </title>
    <title type="bibl">
     Толстой Л. Н. Письмо В. Г. Черткову, 6 июня 1884 г. // Толстой Л. Н. Полное собрание сочинений: в 90 тт. Т. 85. М.: Гос. изд. «Художественная литература», 1935. С.
    </title>
    <respStmt>
     <resp>
      Идея, постановка задач, руководство:
     </resp>
     <name>
      Анастасия Бонч-Осмоловская, Фёкла Толстая, Борис Орехов, Тимофей Лукашевский
     </name>
    </respStmt>
    <respStmt>
     <resp>
      Подготовка TEI/XML:
     </resp>
     <name>
      Евгений Можаев, Даниил Скоринкин, Ирина Павлова, Матвей Колбасов, Елена Сидорова, Кирилл Милинцевич, Лев Буланов, Макар Федоров, Константин Петров
     </name>
    </respStmt>
    <respStmt>
     <resp>
      Подготовка метаданных:
     </resp>
     <name>
      Мария Картышева, Вероника Файнберг
     </name>
    </respStmt>
    <respStmt>
     <resp>
      Разметка имен собственных:
     </resp>
     <name>
      Никита Северин, Елена Северина
     </name>
    </respStmt>
    <respStmt>
     <resp>
      Исправление древнегреческого текста:
     </resp>
     <name>
      Ольга Алиева
     </name>
    </respStmt>
    <funder>
     Проект «Слово Толстого»
    </funder>
   </titleStmt>
   <publicationStmt>
    <publisher>
     <orgName>
      Tolstoy Digital, DH CLOUD, Научно-образовательный союз «Родное Слово» проект «Слово Толстого»
     </orgName>
    </publisher>
    <availability>
     <p id="d605aec4-fb8f-4de0-89f6-825e19c11dad">
      Тексты и метатекстовая разметка доступны для свободного использования и распространения по лицензии Creative Commons Attribution Share-Alike (cc by-sa)
     </p>
    </availability>
    <date from="2015" to="2022"/>
   </publicationStmt>
   <notesStmt>
    <note>
     Публикуемые документы был получены с сайта tolstoy.ru в формате html, переведены в формат TEI. Исправлены некоторые ошибки распознавания. Тексты, написанные в дореформенной орфографии, сопоставлены с их версиями в современной орфографии.
    </note>
   </notesStmt>
   <sourceDesc>
    <biblStruct>
     <analytic>
      <author>
       Толстой Лев Николаевич
      </author>
     </analytic>
     <monogr>
      <title level="m">
       Полное собрание сочинений. Том 85
      </title>
      <imprint>
       <pubPlace>
        Москва
       </pubPlace>
       <publisher>
        Государственное издательство «Художественная литература»
       </publisher>
       <date when="1935"/>
      </imprint>
      <biblScope unit="vol">
       85
      </biblScope>
      <biblScope unit="page">
       64-68
      </biblScope>
     </monogr>
     <series>
      <title level="s">
       Л. Н. Толстой. Полное собрание сочинений: в 90 тт.
      </title>
     </series>
    </biblStruct>
    <bibl/>
   </sourceDesc>
  </fileDesc>
  <encodingDesc>
   <classDecl>
    <xi:include href="../../reference/taxonomy.xml"/>
   </classDecl>
  </encodingDesc>
  <profileDesc>
   <correspDesc>
    <correspAction type="sending">
     <persName ref="13883">
      Л. Н. Толстой
     </persName>
     <placeName>
      Ясная Поляна
     </placeName>
     <date when="1884-06-06"/>
    </correspAction>
    <correspAction type="receiving">
     <persName ref="15284">
      Чертков Владимир Григорьевич
     </persName>
    </correspAction>
   </correspDesc>
   <langUsage>
    <language ident="ru"/>
    <language ident="ru-petr1708"/>
   </langUsage>
   <textClass>
    <catRef ana="#tolstoy_heritage" target="library"/>
    <catRef ana="#letters" target="type"/>
    <catRef ana="#sent" target="sent"/>
   </textClass>
  </profileDesc>
 </teiHeader>
 <xenoData>
  <number type="in a volume">
   19
  </number>
 </xenoData>
 <text xml:id="iyunya6_19" xmlns="http://www.tei-c.org/ns/1.0" xmlns:xi="http://www.w3.org/2001/XInclude">
  <body>
   <div>
    <pb n="64"/>
    <opener index="false">
     *19.1884 г. Июня 6. Я. П.
    </opener>
    <p id="9619fb8c-ced1-41f7-875a-38058fe73cf9">
     <choice>
      <reg>
       Получил
      </reg>
      <orig>
       Получилъ
      </orig>
     </choice>
     вчера ваше длинное письмо, милый
     <choice>
      <reg>
       друг
      </reg>
      <orig>
       другъ
      </orig>
     </choice>
     <choice>
      <reg>
       <name placement="text" ref="15284" type="person">
        Владимир
       </name>
      </reg>
      <orig>
       <name placement="text" ref="15284" type="person">
        Владиміръ
       </name>
      </orig>
     </choice>
     <choice>
      <reg>
       <name placement="text" ref="15284" type="person">
        Григорьевич
       </name>
      </reg>
      <orig>
       Григорьевичъ
      </orig>
     </choice>
     . Повторяю
     <choice>
      <reg>
       вам
      </reg>
      <orig>
       вамъ
      </orig>
     </choice>
     то, что и
     <choice>
      <reg>
       писал
      </reg>
      <orig>
       писалъ
      </orig>
     </choice>
     и
     <choice>
      <reg>
       говорил
      </reg>
      <orig>
       говорилъ
      </orig>
     </choice>
     — то, что
     <choice>
      <reg>
       мне
      </reg>
      <orig>
       мнѣ
      </orig>
     </choice>
     очень радостны — нужны ваши письма. Не то, чтобы, оставаясь
     <choice>
      <reg>
       один
      </reg>
      <orig>
       одинъ
      </orig>
     </choice>
     ,
     <choice>
      <reg>
       как
      </reg>
      <orig>
       какъ
      </orig>
     </choice>
     я остаюсь очень часто, я отчаивался, или чтобы находила хотя
     <choice>
      <reg>
       тень
      </reg>
      <orig>
       тѣнь
      </orig>
     </choice>
     <choice>
      <reg>
       сомнения
      </reg>
      <orig>
       сомнѣнія
      </orig>
     </choice>
     <choice>
      <reg>
       в
      </reg>
      <orig>
       въ
      </orig>
     </choice>
     <choice>
      <reg>
       истине
      </reg>
      <orig>
       истинѣ
      </orig>
     </choice>
     , но
     <choice>
      <reg>
       бывает
      </reg>
      <orig>
       бываетъ
      </orig>
     </choice>
     тяжело — быть одному, И
     <choice>
      <reg>
       голос
      </reg>
      <orig>
       голосъ
      </orig>
     </choice>
     <hi>
      живаго
     </hi>
     <choice>
      <reg>
       человека
      </reg>
      <orig>
       человѣка
      </orig>
     </choice>
     <choice>
      <reg>
       радует
      </reg>
      <orig>
       радуетъ
      </orig>
     </choice>
     и
     <choice>
      <reg>
       освежает
      </reg>
      <orig>
       освѣжаетъ
      </orig>
     </choice>
     . — Ваши опыты хозяйства интересны
     <choice>
      <reg>
       тем
      </reg>
      <orig>
       тѣмъ
      </orig>
     </choice>
     , что они
     <choice>
      <reg>
       показывают
      </reg>
      <orig>
       показываютъ
      </orig>
     </choice>
     , какое страшно трудное и сложное
     <choice>
      <reg>
       дело
      </reg>
      <orig>
       дѣло
      </orig>
     </choice>
     предстояло бы
     <choice>
      <reg>
       вам
      </reg>
      <orig>
       вамъ
      </orig>
     </choice>
     <choice>
      <reg>
       разрешать
      </reg>
      <orig>
       разрѣшать
      </orig>
     </choice>
     , если бы вы остались
     <choice>
      <reg>
       независимым
      </reg>
      <orig>
       независимымъ
      </orig>
     </choice>
     <choice>
      <reg>
       хозяином
      </reg>
      <orig>
       хозяиномъ
      </orig>
     </choice>
     .
     <choice>
      <reg>
       Разрешить
      </reg>
      <orig>
       Разрѣшить
      </orig>
     </choice>
     это
     <choice>
      <reg>
       дело
      </reg>
      <orig>
       дѣло
      </orig>
     </choice>
     невозможно
     <choice>
      <reg>
       никак
      </reg>
      <orig>
       никакъ
      </orig>
     </choice>
     иначе,
     <choice>
      <reg>
       как
      </reg>
      <orig>
       какъ
      </orig>
     </choice>
     отказавшись
     <choice>
      <reg>
       от
      </reg>
      <orig>
       отъ
      </orig>
     </choice>
     всего. —
     <choice>
      <reg>
       Мне
      </reg>
      <orig>
       Мнѣ
      </orig>
     </choice>
     <choice>
      <reg>
       хотелось
      </reg>
      <orig>
       хотѣлось
      </orig>
     </choice>
     бы, чтобы вы не думали, что можно быть
     <choice>
      <reg>
       добрым
      </reg>
      <orig>
       добрымъ
      </orig>
     </choice>
     <choice>
      <reg>
       владельцем
      </reg>
      <orig>
       владѣльцемъ
      </orig>
     </choice>
     большого
     <choice>
      <reg>
       имения
      </reg>
      <orig>
       имѣнія
      </orig>
     </choice>
     . Нельзя быть
     <choice>
      <reg>
       христианином
      </reg>
      <orig>
       христіаниномъ
      </orig>
     </choice>
     ,
     <choice>
      <reg>
       имея
      </reg>
      <orig>
       имѣя
      </orig>
     </choice>
     собственность. Нельзя
     <choice>
      <reg>
       светить
      </reg>
      <orig>
       свѣтить
      </orig>
     </choice>
     <choice>
      <reg>
       светом
      </reg>
      <orig>
       свѣтомъ
      </orig>
     </choice>
     Христа, когда
     <choice>
      <reg>
       сам
      </reg>
      <orig>
       самъ
      </orig>
     </choice>
     весь
     <choice>
      <reg>
       заражен
      </reg>
      <orig>
       зараженъ
      </orig>
     </choice>
     ложью жизни. Мы счастливы
     <choice>
      <reg>
       тем
      </reg>
      <orig>
       тѣмъ
      </orig>
     </choice>
     , что мы
     <choice>
      <reg>
       можем
      </reg>
      <orig>
       можемъ
      </orig>
     </choice>
     искренно
     <choice>
      <reg>
       избегать
      </reg>
      <orig>
       избѣгать
      </orig>
     </choice>
     собственности, не терпя
     <choice>
      <reg>
       тех
      </reg>
      <orig>
       тѣхъ
      </orig>
     </choice>
     <choice>
      <reg>
       искушений
      </reg>
      <orig>
       искушеній
      </orig>
     </choice>
     ,
     <choice>
      <reg>
       которым
      </reg>
      <orig>
       которымъ
      </orig>
     </choice>
     подвержены
     <choice>
      <reg>
       бедные
      </reg>
      <orig>
       бѣдные
      </orig>
     </choice>
     ; но
     <choice>
      <reg>
       как
      </reg>
      <orig>
       какъ
      </orig>
     </choice>
     только мы
     <choice>
      <reg>
       начнем
      </reg>
      <orig>
       начнемъ
      </orig>
     </choice>
     что-нибудь
     <choice>
      <reg>
       делать
      </reg>
      <orig>
       дѣлать
      </orig>
     </choice>
     , пользуясь собственностью,
     <choice>
      <reg>
       как
      </reg>
      <orig>
       какъ
      </orig>
     </choice>
     только мы
     <choice>
      <reg>
       начнем
      </reg>
      <orig>
       начнемъ
      </orig>
     </choice>
     соблюдать ее,
     <choice>
      <reg>
       так
      </reg>
      <orig>
       такъ
      </orig>
     </choice>
     мы
     <choice>
      <reg>
       изменяем
      </reg>
      <orig>
       измѣняемъ
      </orig>
     </choice>
     <choice>
      <reg>
       себе
      </reg>
      <orig>
       себѣ
      </orig>
     </choice>
     . Все, что мы
     <choice>
      <reg>
       можем
      </reg>
      <orig>
       можемъ
      </orig>
     </choice>
     <choice>
      <reg>
       делать
      </reg>
      <orig>
       дѣлать
      </orig>
     </choice>
     , это — отдавать то, что
     <choice>
      <reg>
       другие
      </reg>
      <orig>
       другіе
      </orig>
     </choice>
     <choice>
      <reg>
       считают
      </reg>
      <orig>
       считаютъ
      </orig>
     </choice>
     <choice>
      <reg>
       нашим
      </reg>
      <orig>
       нашимъ
      </orig>
     </choice>
     , и готовить себя
     <choice>
      <reg>
       к
      </reg>
      <orig>
       къ
      </orig>
     </choice>
     тому, чтобы быть
     <choice>
      <reg>
       в
      </reg>
      <orig>
       въ
      </orig>
     </choice>
     <choice>
      <reg>
       силах
      </reg>
      <orig>
       силахъ
      </orig>
     </choice>
     довольствоваться
     <choice>
      <reg>
       наименьшим
      </reg>
      <orig>
       наименьшимъ
      </orig>
     </choice>
     .
     <choice>
      <reg>
       Те
      </reg>
      <orig>
       Тѣ
      </orig>
     </choice>
     ,
     <choice original_editorial_correction="кот[орые]">
      <sic>
       кот
      </sic>
      <corr>
       которые
      </corr>
     </choice>
     употребляли
     <choice>
      <reg>
       морфин
      </reg>
      <orig>
       морфинъ
      </orig>
     </choice>
     ,
     <choice>
      <reg>
       лечатся
      </reg>
      <orig>
       лѣчатся
      </orig>
     </choice>
     <choice>
      <reg>
       тем
      </reg>
      <orig>
       тѣмъ
      </orig>
     </choice>
     , что
     <choice>
      <reg>
       медленным
      </reg>
      <orig>
       медленнымъ
      </orig>
     </choice>
     <choice>
      <reg>
       процессом
      </reg>
      <orig>
       процессомъ
      </orig>
     </choice>
     деморфинизируются. Мы
     <choice>
      <reg>
       так
      </reg>
      <orig>
       такъ
      </orig>
     </choice>
     заражены, испорчены привычкой пожирать труды
     <choice>
      <reg>
       других
      </reg>
      <orig>
       другихъ
      </orig>
     </choice>
     людей (то, что мы
     <choice>
      <reg>
       называем
      </reg>
      <orig>
       называемъ
      </orig>
     </choice>
     собственностью), что
     <hi style="opdelimiter">
      наше
     </hi>
     <pb n="65"/>
     <hi style="npdelimiter">
      главное
     </hi>
     <choice>
      <reg>
       дело
      </reg>
      <orig>
       дѣло
      </orig>
     </choice>
     —
     <choice>
      <reg>
       излечиться
      </reg>
      <orig>
       излѣчиться
      </orig>
     </choice>
     <choice>
      <reg>
       от
      </reg>
      <orig>
       отъ
      </orig>
     </choice>
     <choice>
      <reg>
       дармоедства
      </reg>
      <orig>
       дармоѣдства
      </orig>
     </choice>
     ,
     <choice>
      <reg>
       от
      </reg>
      <orig>
       отъ
      </orig>
     </choice>
     привычки роскоши и
     <choice>
      <reg>
       искусственных
      </reg>
      <orig>
       искусственныхъ
      </orig>
     </choice>
     потребностей. И это можно
     <choice>
      <reg>
       делать
      </reg>
      <orig>
       дѣлать
      </orig>
     </choice>
     всегда и
     <choice>
      <reg>
       везде
      </reg>
      <orig>
       вездѣ
      </orig>
     </choice>
     . Я
     <choice>
      <reg>
       этим
      </reg>
      <orig>
       этимъ
      </orig>
     </choice>
     очень занять теперь. (Продолжаете вы не курить?)
     <ref target="#note1">
      1
     </ref>
     <note index="false" resp="volume_editor" xml:id="note1">
      Сам Толстой старался в это время отучить себя от куренья, что давалось ему очень трудно. В Дневнике от 12 мая 1884 г. он записывает: «Пытался не курить. Подвигаюсь». Но окончательно бросить курение ему удалось лишь четыре года спустя — весною 1888 г.
     </note>
     Статью свою о переписи я все продолжаю обдумывать, но еще не
     <choice>
      <reg>
       написал
      </reg>
      <orig>
       написалъ
      </orig>
     </choice>
     .
     <hi>
      2
     </hi>
     <choice>
      <reg>
       Там
      </reg>
      <orig>
       Тамъ
      </orig>
     </choice>
     я бы
     <choice>
      <reg>
       хотел
      </reg>
      <orig>
       хотѣлъ
      </orig>
     </choice>
     это ясно выразить.
    </p>
    <p id="3feb8cb8-473d-44ee-b8d2-de17f73c2ade">
     <choice>
      <reg>
       Сочинение
      </reg>
      <orig>
       Сочиненіе
      </orig>
     </choice>
     свое я
     <choice>
      <reg>
       отдам
      </reg>
      <orig>
       отдамъ
      </orig>
     </choice>
     переписывать и тогда пришлю. Оно
     <choice>
      <reg>
       будет
      </reg>
      <orig>
       будетъ
      </orig>
     </choice>
     стоить,
     <choice>
      <reg>
       вероятно
      </reg>
      <orig>
       вѣроятно
      </orig>
     </choice>
     , рублей 25 или 30.
     <choice>
      <reg>
       Впрочем
      </reg>
      <orig>
       Впрочемъ
      </orig>
     </choice>
     не знаю. У меня
     <choice>
      <reg>
       лежат
      </reg>
      <orig>
       лежатъ
      </orig>
     </choice>
     два писанные
     <choice>
      <reg>
       хорошим
      </reg>
      <orig>
       хорошимъ
      </orig>
     </choice>
     <choice>
      <reg>
       почерком
      </reg>
      <orig>
       почеркомъ
      </orig>
     </choice>
     и литографированные
     <choice original_editorial_correction="экз[емпляра]">
      <sic>
       экз
      </sic>
      <corr>
       экземпляра
      </corr>
     </choice>
     «
     <choice>
      <reg>
       Веры
      </reg>
      <orig>
       Вѣры
      </orig>
     </choice>
     ». Не думайте, что
     <choice>
      <reg>
       вам
      </reg>
      <orig>
       вамъ
      </orig>
     </choice>
     нужно
     <choice>
      <reg>
       их
      </reg>
      <orig>
       ихъ
      </orig>
     </choice>
     взять. Два
     <choice>
      <reg>
       уж
      </reg>
      <orig>
       ужъ
      </orig>
     </choice>
     я
     <choice>
      <reg>
       должен
      </reg>
      <orig>
       долженъ
      </orig>
     </choice>
     послать, и остальные
     <choice>
      <reg>
       мне
      </reg>
      <orig>
       мнѣ
      </orig>
     </choice>
     <choice>
      <reg>
       могут
      </reg>
      <orig>
       могутъ
      </orig>
     </choice>
     понадобиться.
    </p>
    <p id="c716b6af-e560-4a18-beb8-ef0d56f1381b">
     <choice>
      <reg>
       Насчет
      </reg>
      <orig>
       Насчетъ
      </orig>
     </choice>
     <choice>
      <reg>
       выпусков
      </reg>
      <orig>
       выпусковъ
      </orig>
     </choice>
     <choice>
      <reg>
       в
      </reg>
      <orig>
       въ
      </orig>
     </choice>
     <choice>
      <reg>
       английском
      </reg>
      <orig>
       англійскомъ
      </orig>
     </choice>
     <choice>
      <reg>
       переводе
      </reg>
      <orig>
       переводѣ
      </orig>
     </choice>
     я
     <choice>
      <reg>
       вам
      </reg>
      <orig>
       вамъ
      </orig>
     </choice>
     тогда
     <choice>
      <reg>
       в
      </reg>
      <orig>
       въ
      </orig>
     </choice>
     <choice>
      <reg>
       Москве
      </reg>
      <orig>
       Москвѣ
      </orig>
     </choice>
     <choice>
      <reg>
       сказал
      </reg>
      <orig>
       сказалъ
      </orig>
     </choice>
     самую мою искреннюю мысль, что я
     <choice>
      <reg>
       вам
      </reg>
      <orig>
       вамъ
      </orig>
     </choice>
     <choice>
      <reg>
       вполне
      </reg>
      <orig>
       вполнѣ
      </orig>
     </choice>
     <choice>
      <reg>
       доверяю
      </reg>
      <orig>
       довѣряю
      </orig>
     </choice>
     и что
     <choice>
      <reg>
       мне
      </reg>
      <orig>
       мнѣ
      </orig>
     </choice>
     даже особенно радостно
     <choice>
      <reg>
       будет
      </reg>
      <orig>
       будетъ
      </orig>
     </choice>
     <choice>
      <reg>
       видеть
      </reg>
      <orig>
       видѣть
      </orig>
     </choice>
     , что именно
     <choice>
      <reg>
       тут
      </reg>
      <orig>
       тутъ
      </orig>
     </choice>
     лишнее.
     <choice>
      <reg>
       Потом
      </reg>
      <orig>
       Потомъ
      </orig>
     </choice>
     же я
     <choice>
      <reg>
       написал
      </reg>
      <orig>
       написалъ
      </orig>
     </choice>
     <choice>
      <reg>
       вам
      </reg>
      <orig>
       вамъ
      </orig>
     </choice>
     ,
     <choice>
      <reg>
       вероятно
      </reg>
      <orig>
       вѣроятно
      </orig>
     </choice>
     ,
     <choice>
      <reg>
       под
      </reg>
      <orig>
       подъ
      </orig>
     </choice>
     <choice>
      <reg>
       влиянием
      </reg>
      <orig>
       вліяніемъ
      </orig>
     </choice>
     соблазна
     <choice>
      <reg>
       тщеславия
      </reg>
      <orig>
       тщеславія
      </orig>
     </choice>
     —
     <choice>
      <reg>
       желания
      </reg>
      <orig>
       желанія
      </orig>
     </choice>
     <choice>
      <reg>
       видеть
      </reg>
      <orig>
       видѣть
      </orig>
     </choice>
     <choice>
      <reg>
       по-английски
      </reg>
      <orig>
       по-англійски
      </orig>
     </choice>
     <choice>
      <reg>
       вполне
      </reg>
      <orig>
       вполнѣ
      </orig>
     </choice>
     , что лучше бы не выпускать. Даже и теперь я боюсь, что меня
     <choice>
      <reg>
       руководит
      </reg>
      <orig>
       руководитъ
      </orig>
     </choice>
     <choice>
      <reg>
       тщеславие
      </reg>
      <orig>
       тщеславіе
      </orig>
     </choice>
     , и поэтому лучше всего со мной про это не говорите, a
     <choice>
      <reg>
       делайте
      </reg>
      <orig>
       дѣлайте
      </orig>
     </choice>
     <choice>
      <reg>
       как
      </reg>
      <orig>
       какъ
      </orig>
     </choice>
     хотите.
    </p>
    <p id="676b45f9-f1f0-4d87-bd7d-1929baf83f26">
     Вчера
     <choice>
      <reg>
       вместе
      </reg>
      <orig>
       вмѣстѣ
      </orig>
     </choice>
     <choice>
      <reg>
       с
      </reg>
      <orig>
       съ
      </orig>
     </choice>
     <choice>
      <reg>
       вашим
      </reg>
      <orig>
       вашимъ
      </orig>
     </choice>
     <choice>
      <reg>
       письмом
      </reg>
      <orig>
       письмомъ
      </orig>
     </choice>
     <choice>
      <reg>
       получил
      </reg>
      <orig>
       получилъ
      </orig>
     </choice>
     письмо, которое
     <choice>
      <reg>
       вам
      </reg>
      <orig>
       вамъ
      </orig>
     </choice>
     посылаю.
     <ref target="#note2">
      2
     </ref>
     <note index="false" resp="volume_editor" xml:id="note2">
      Толстой говорит о письме незнакомого ему офицера, которого Чертков, ознакомившись с этим пересланным ему письмом и отвечая Толстому, называет «стрелковым прапорщиком». Письмо его не сохранилось, и установить его фамилию не удалось. Из дальнейших слов Толстого и ответа Черткова видно только, что он жил в Петербурге. О содержании же его письма и о причинах той радости, которое оно принесло Толстому, можно судить по сохранившемуся ответному письму Толстого от 6 июня 1884 г., из которого приводим всё наиболее в данном случае существенное: «Если я мог написать то, что изменило ваш взгляд на жизнь и если вы могли так понять то, что я написал, то это только потому, что это не мои (
      <name placement="note" ref="13883" type="person">
       Льва Николаевича
      </name>
      ) мысли, а это истина Божеская, которая в сердце вашем, в моем, в сердце всех людей. Если же бы я написал вам, чтò вам делать в тех условиях, в которых вы находитесь, я бы написал вам свои,
      <choice original_editorial_correction="Л[ьва]">
       <sic>
        Л
       </sic>
       <corr>
        <name placement="note" ref="13883" type="person">
         Льва
        </name>
       </corr>
      </choice>
      <name placement="note" ref="13883" type="person">
       Николаевича
      </name>
      ], мысли, которые не имеют никакого значения и, вероятно, были бы вздор... Вы говорите, что вы находитесь в ложном положении. Всякий находится в нем в нашем мире; но ученик Христа сознает это свое ложное положение. Не надо думать, что христианин может выйти из соблазнов мира и жить вне их... Для вас теперь первый вопрос — военная служба. Разумеется, нельзя продолжать служить, и вы выйдете из службы, если вы искренни; но жизнь ваша никогда не может устроиться так, чтобы вы были вне зла, — явятся другие соблазны: — брачной жизни, собственности, с которыми вы опять будете бороться»... (Письмо это полностью см. в т. 63.) Однако Толстой этого письма, повидимому, так и не отослал, потому что в Дневнике своем, отметив 5 июня получение письма от «офицера», на следующий день, 6 июня, он записывает: «Писал письма: Толстой и офицеру, не послал. Черткову послал». Никаких дополнительных сведений о сношении его со «стрелковым прапорщиком» не имеется.
     </note>
     <choice>
      <reg>
       Вот
      </reg>
      <orig>
       Вотъ
      </orig>
     </choice>
     <choice>
      <reg>
       те
      </reg>
      <orig>
       тѣ
      </orig>
     </choice>
     радости,
     <choice original_editorial_correction="кот[орые]">
      <sic>
       кот
      </sic>
      <corr>
       <choice>
        <reg>
         которые
        </reg>
        <orig>
         которыя
        </orig>
       </choice>
      </corr>
     </choice>
     я
     <choice>
      <reg>
       имею
      </reg>
      <orig>
       имѣю
      </orig>
     </choice>
     за
     <choice>
      <reg>
       те
      </reg>
      <orig>
       тѣ
      </orig>
     </choice>
     <choice>
      <reg>
       тяжелые
      </reg>
      <orig>
       тяжелыя
      </orig>
     </choice>
     минуты глупого
     <choice>
      <reg>
       уныния
      </reg>
      <orig>
       унынія
      </orig>
     </choice>
     ,
     <choice original_editorial_correction="кот[орые]">
      <sic>
       кот
      </sic>
      <corr>
       <choice>
        <reg>
         которые
        </reg>
        <orig>
         которыя
        </orig>
       </choice>
      </corr>
     </choice>
     иногда переживаю.
    </p>
    <p id="2aa277f9-6f3e-43cd-afe1-613035ede06f">
     Ужасно глупое
     <choice>
      <reg>
       уныние
      </reg>
      <orig>
       уныніе
      </orig>
     </choice>
     : унываю о
     <choice>
      <reg>
       том
      </reg>
      <orig>
       томъ
      </orig>
     </choice>
     , что
     <choice>
      <reg>
       посеянные
      </reg>
      <orig>
       посѣянныя
      </orig>
     </choice>
     <choice>
      <reg>
       семена
      </reg>
      <orig>
       сѣмена
      </orig>
     </choice>
     , и не мои, а Божьи, спрятаны
     <choice>
      <reg>
       в
      </reg>
      <orig>
       въ
      </orig>
     </choice>
     <choice>
      <reg>
       земле
      </reg>
      <orig>
       землѣ
      </orig>
     </choice>
     и
     <choice>
      <reg>
       прорастают
      </reg>
      <orig>
       прорастаютъ
      </orig>
     </choice>
     <choice>
      <reg>
       в
      </reg>
      <orig>
       въ
      </orig>
     </choice>
     ней, а не
     <choice>
      <reg>
       вылезают
      </reg>
      <orig>
       вылѣзаютъ
      </orig>
     </choice>
     наружу,
     <choice>
      <reg>
       как
      </reg>
      <orig>
       какъ
      </orig>
     </choice>
     <choice>
      <reg>
       мне
      </reg>
      <orig>
       мнѣ
      </orig>
     </choice>
     , по глупости моей, хочется, чтобы я
     <choice>
      <reg>
       мог
      </reg>
      <orig>
       могъ
      </orig>
     </choice>
     <choice>
      <reg>
       видеть
      </reg>
      <orig>
       видѣть
      </orig>
     </choice>
     , что
     <choice>
      <reg>
       семена
      </reg>
      <orig>
       сѣмена
      </orig>
     </choice>
     <choice>
      <reg>
       целы
      </reg>
      <orig>
       цѣлы
      </orig>
     </choice>
     .
    </p>
    <p id="a82a3fd8-ce46-440b-923c-f9bfa4733eed">
     Письмо очень хорошее, простое, ясное.
     <ref target="#note3">
      3
     </ref>
     <note index="false" resp="volume_editor" xml:id="note3">
      См. предыдущее прим. к данному письму
     </note>
     Одно, что я по письму не могу
     <choice>
      <reg>
       вполне
      </reg>
      <orig>
       вполнѣ
      </orig>
     </choice>
     понять
     <choice>
      <reg>
       человека
      </reg>
      <orig>
       человѣка
      </orig>
     </choice>
     (по личному
     <choice>
      <reg>
       общению
      </reg>
      <orig>
       общенію
      </orig>
     </choice>
     я могу всегда
     <choice>
      <reg>
       решить
      </reg>
      <orig>
       рѣшить
      </orig>
     </choice>
     главный
     <choice>
      <reg>
       вопрос
      </reg>
      <orig>
       вопросъ
      </orig>
     </choice>
     искренности). Если
     <choice>
      <reg>
       вам
      </reg>
      <orig>
       вамъ
      </orig>
     </choice>
     можно, повидайте его. Я
     <choice>
      <reg>
       сейчас
      </reg>
      <orig>
       сейчасъ
      </orig>
     </choice>
     попытаюсь написать ему.
    </p>
    <p id="c1d9c0ab-4bb4-4ba4-9eac-009f259701ab">
     Напишите же
     <choice>
      <reg>
       мне
      </reg>
      <orig>
       мнѣ
      </orig>
     </choice>
     ,
     <choice>
      <reg>
       в
      </reg>
      <orig>
       въ
      </orig>
     </choice>
     <choice>
      <reg>
       чем
      </reg>
      <orig>
       чемъ
      </orig>
     </choice>
     вы несогласны со мной. По
     <choice>
      <reg>
       отношению
      </reg>
      <orig>
       отношенію
      </orig>
     </choice>
     <choice>
      <reg>
       к
      </reg>
      <orig>
       къ
      </orig>
     </choice>
     <choice>
      <reg>
       вам
      </reg>
      <orig>
       вамъ
      </orig>
     </choice>
     у меня странное чувство: ваше
     <choice>
      <reg>
       несогласие
      </reg>
      <orig>
       несогласіе
      </orig>
     </choice>
     <choice>
      <reg>
       вперед
      </reg>
      <orig>
       впередъ
      </orig>
     </choice>
     нисколько не
     <choice>
      <reg>
       огорчает
      </reg>
      <orig>
       огорчаетъ
      </orig>
     </choice>
     меня (
     <choice>
      <reg>
       огорчает
      </reg>
      <orig>
       огорчаетъ
      </orig>
     </choice>
     потому, что я или
     <choice>
      <reg>
       был
      </reg>
      <orig>
       былъ
      </orig>
     </choice>
     <choice>
      <reg>
       неправ
      </reg>
      <orig>
       неправъ
      </orig>
     </choice>
     или
     <choice>
      <reg>
       неясен
      </reg>
      <orig>
       неясенъ
      </orig>
     </choice>
     ), но только интересно. Должно быть
     <choice>
      <reg>
       от
      </reg>
      <orig>
       отъ
      </orig>
     </choice>
     того, что я
     <choice>
      <reg>
       вас
      </reg>
      <orig>
       васъ
      </orig>
     </choice>
     истинно люблю. Л. Т.
    </p>
    <p id="63570794-ed97-4acf-9972-e6cf731c30ab">
     <choice>
      <reg>
       Адрес
      </reg>
      <orig>
       Адресъ
      </orig>
     </choice>
     мой: Тула (И больше ничего).
    </p>
    <noteGrp type="comments">
     <note index="false" type="comments">
      <p id="9946e683-0619-4921-a0be-5e4e20bf14a3" rend="Textpetit_otstup left">
       Полностью печатается впервые. Отрывки были напечатаны в СК, стр. 129 и в сборнике «Толстой и о Толстом», М., 1924, стр. 39. На подлиннике пометки рукой Черткова: слева — «9 июня 84», справа — «Пол. 15 июня 84». Датируем на основании записей в Дневнике Толстого
       <hi style="opdelimiter">
        от
       </hi>
       <pb n="66"/>
       <hi style="npdelimiter">
        5
       </hi>
       и 6 июня: в первой из них говорится о получении писем от «Черткова и офицера», во второй — о том, что ответ, написанный офицеру, не послан, а письмо Черткову послано. В тексте этого письма речь идет и о письме офицера (см. ниже).
      </p>
     </note>
     <note index="false" type="comments">
      <p id="b369183a-f3a6-4c4d-a609-bb4a29d18d92" rend="petit">
       Толстой отвечает здесь на два письма Черткова — от 15—16 мая и от 31 мая. В первом из них Чертков выражает просьбу заказать для его знакомого, гр. А. Ф. Гейдена (о нем см. предыдущее письмо Толстого № 18, от 19 мая, и прим. 2 к нему) рукописную копию книги «В чем моя вера». Затем, сообщая последние сведения о состоянии своей матери, он пишет, что читал ей из книги А. С. Пругавина «Монастырские тюрьмы в борьбе с сектантством» рассказ о Соловецких узниках и что такого рода явления, как описываемые Пругавиным, всё больше и больше отталкивают его от церкви, «представители которой допускают попытки поддерживать ее такими злодеяниями». В заключение он говорит о религиозных настроениях вышеупомянутого гр. А. Ф. Гейдена и П. И. Бирюкова (о Бирюкове см. прим. 4 к письму № 50 от 25—26 марта 1885), которые приходили к нему накануне читать «В чем моя вера»; «Гейдена очень интересует, но во многом он склонен не соглашаться. Бирюков же находится в таком положении, что признает, что Христос именно то хотел сказать, что вы говорите... Но Бирюков еще не решается признать справедливость, практичность учения. Он всё старается сообразить, какие могут быть последствия от безусловного исполнения этого учения. И он сомневается в удачности этих последствий. А мне кажется, что человеку не дано знать последствий своих поступков. Его природа слишком ограничена для того. Разумею, конечно, последствия не ближайшие, которые, действительно, поддаются обсуждению и тем многих обманывают, а — последствия дальнейшие, т. е. именно те, которые имеют наибольшее значение для общества, для совокупности людей». Толстой отмечает получение этого письма в своем Дневнике от 20 мая 1884 следующими словами: «Получил письмо Черткова. Луч света в мрак...» — Следующее письмо Черткова, от 31 мая, есть то «длинное письмо», упоминанием о котором Толстой начинает свой ответ. Оно затрогивает несколько различных тем, и все они встречают тот или иной отклик в письме Толстого. Первая часть письма относится к деловой поездке его в Лизиновку, где Чертков за несколько времени перед тем решил обосноваться хозяйственным образом на отведенном ему хуторе: «Вчера, — пишет он, — я вернулся из деревни, куда ездил на два дня, чтобы повидаться с управляющим и сделать кое-какие необходимые распоряжения. Он, видимо, старался вовлечь меня в интерес управления имениями... на разные лады высказывая необходимость ему знать мой личный взгляд на ведение хозяйства и т. п. Я с своей стороны категорично ему высказал, что мой взгляд в этом деле не причем, так как имением теперь владеет моя мать, я играю только роль ее посредника...». И далее : «Я там вечерком поехал верхом с Петром и Петром-кучером на поля, отведенные под мой хуторок, и мы застали в нескольких местах крестьянский скот на моем сенокосе. Я приступил к новой системе предупреждения этого и отнесся дружелюбно к пастухам, упрекнул их в том, что они не держатся своих полей, просил их больше этого не делать и получил от них обещание. Разумеется, они, может быть, в ту же ночь
       <hi style="opdelimiter">
        опять
       </hi>
       <pb n="67"/>
       <hi style="npdelimiter">
        вернулись,
       </hi>
       но тем не менее я уверен, что настойчивостью и кротостью можно в этом деле добиться своего, как и во всяком другом. Любопытно было за ужином прислушиваться к отзывам об этой системе кучеров и конюхов. Один только Петр признает возможность таких отношений с крестьянами. Другие все поднимали на смех мои идеалистические опыты и предсказали полную неудачу». Говоря о поездке в деревню, Чертков попутно отвечает на вопрос Толстого, в письме его от 19 мая, об отношениях со своим молодым деревенским другом
       <name placement="comments" ref="594" type="person">
        Петром Апуриным
       </name>
       , которого он временно вызывал в Петербург, а затем, как это можно заключить из текста его письма, вновь отвез в деревню: «Отношения мои с Петром, — говорит он, —вовсе не пострадали во время нашего пребывания в Петербурге, хотя мы здесь и меньше виделись. Дружба наша спокойная и, мне кажется, прочная. Расставаясь с ним, я всё больше и больше убеждаюсь, до какой степени он мне дорог и близок». Следующая часть письма Черткова относится к высылке главы «пашковцев», В. А. Пашкова, мужа его тетки по матери (см. о нем прим. 2 к п. № 22, от 24 июля 1884), и единоверца его гр. Модеста Корфа, организовавшего вместе с Пашковым съезд представителей сектантов: «Вернувшись сюда, — пишет Чертков по этому вопросу, — я был возмущен до буквальной тошноты известием, что Пашкова и его единоверца Корфа изгоняют из России. Им предложили... подписать такие условия, на которые не может согласиться не только никакой верующий, но даже просто честный человек. Они должны были отказаться от всякого распространения своих убеждений, обещаться не раздавать никому ни одной книги, никогда не собираться для молитвы, не входить ни в какие сношения с сектантами. Они отказались подписать эту бумагу. Тогда им было передано повеление выехать из России с тем, чтобы и из-за границы они не вступали в переписку и ни в какие другие отношения с кем-либо из сектантов. В противном случае будет наложен секвестр на всё их имущество. О дне выезда им будет сообщено... Меня возмущает не отношение государственной власти, которая вся основана на насилии, но меня возмущает, что церковь, считающая себя представительницей учения Христа, допускает
       <hi>
        такую
       </hi>
       защиту того, что она считает истиной. Я чувствую, что для меня это последняя капля в стакане, и хотя я вовсе не разделяю понимания Пашкова, однако, если бы теперь меня спросили, какого я вероисповедания, я ответил бы — христианского, не причисляя себя ни в какому из признанных вероисповеданий». В последней значительной части своего письма Чертков отвечает на возражение Толстого против напечатания перевода книги его «В чем моя вера» с пропусками (см. прим. 6 к № 18, от 19 мая): «Что вы говорите о печатании “В
       <choice original_editorial_correction="ч[ем]">
        <sic>
         ч
        </sic>
        <corr>
         чем
        </corr>
       </choice>
       <choice original_editorial_correction="м[оя]">
        <sic>
         м
        </sic>
        <corr>
         моя
        </corr>
       </choice>
       <choice original_editorial_correction="в[ера]">
        <sic>
         в
        </sic>
        <corr>
         вера
        </corr>
       </choice>
       ” с пропусками в Англии, — говорит он, — я хорошо понимаю, и мне не хотелось бы этого делать особенно теперь, что знаю, что вы видите в этом неудобство. Но я уверен, что и вы поймете, что в этой книге есть места, которым я настолько не сочувствую, что не решусь быть орудием их издания и распространения. Слово сказанное или переданное часто действует сильнее многих дел — вы с этим наверное согласны. А потому, как я не считаю себя вправе делать того, что против моих убеждений, так точно я не считаю себя вправе издавать то, что противно им. Может быть, я вовсе не издам вашей книги. Может быть, гектографирую ее и
       <hi style="opdelimiter">
        разошлю
       </hi>
       <pb n="68"/>
       <hi style="npdelimiter">
        некоторым
       </hi>
       лицам. Во всяком случае ничего не предприму, не сообщив вам предварительно. Боюсь, что вам неприятна такая как будто цензура с моей стороны ваших мыслей. Но я не
       <hi>
        мешать
       </hi>
       хочу распространению вашей мысли в ее полности, а только желал бы самому содействовать распространению только таких мыслей, которые, положа руку на сердце, я признаю за истину». — Толстой, как видно из его письма, принял это заявление Черткова наилучшим образом.
      </p>
     </note>
    </noteGrp>
   </div>
  </body>
 </text>
</TEI>
