<?xml version="1.0" encoding="utf-8"?>
<TEI xmlns="http://www.tei-c.org/ns/1.0" xmlns:xi="http://www.w3.org/2001/XInclude">
 <teiHeader>
  <fileDesc>
   <titleStmt>
    <title xml:id="v85_055_maya2">
     Письма и документы. Tolstoy Digital
    </title>
    <title type="main">
     Письмо В. Г. Черткову от 2 мая 1885 г.
    </title>
    <title type="bibl">
     Толстой Л. Н. Письмо В. Г. Черткову, 2 мая 1885 г. // Толстой Л. Н. Полное собрание сочинений: в 90 тт. Т. 85. М.: Гос. изд. «Художественная литература», 1935. С.
    </title>
    <respStmt>
     <resp>
      Идея, постановка задач, руководство:
     </resp>
     <name>
      Анастасия Бонч-Осмоловская, Фёкла Толстая, Борис Орехов, Тимофей Лукашевский
     </name>
    </respStmt>
    <respStmt>
     <resp>
      Подготовка TEI/XML:
     </resp>
     <name>
      Евгений Можаев, Даниил Скоринкин, Ирина Павлова, Матвей Колбасов, Елена Сидорова, Кирилл Милинцевич, Лев Буланов, Макар Федоров, Константин Петров
     </name>
    </respStmt>
    <respStmt>
     <resp>
      Подготовка метаданных:
     </resp>
     <name>
      Мария Картышева, Вероника Файнберг
     </name>
    </respStmt>
    <respStmt>
     <resp>
      Разметка имен собственных:
     </resp>
     <name>
      Никита Северин, Елена Северина
     </name>
    </respStmt>
    <respStmt>
     <resp>
      Исправление древнегреческого текста:
     </resp>
     <name>
      Ольга Алиева
     </name>
    </respStmt>
    <funder>
     Проект «Слово Толстого»
    </funder>
   </titleStmt>
   <publicationStmt>
    <publisher>
     <orgName>
      Tolstoy Digital, DH CLOUD, Научно-образовательный союз «Родное Слово» проект «Слово Толстого»
     </orgName>
    </publisher>
    <availability>
     <p id="df5f7d42-65f5-4bb8-b0cc-46f9ab3e9001">
      Тексты и метатекстовая разметка доступны для свободного использования и распространения по лицензии Creative Commons Attribution Share-Alike (cc by-sa)
     </p>
    </availability>
    <date from="2015" to="2022"/>
   </publicationStmt>
   <notesStmt>
    <note>
     Публикуемые документы был получены с сайта tolstoy.ru в формате html, переведены в формат TEI. Исправлены некоторые ошибки распознавания. Тексты, написанные в дореформенной орфографии, сопоставлены с их версиями в современной орфографии.
    </note>
   </notesStmt>
   <sourceDesc>
    <biblStruct>
     <analytic>
      <author>
       Толстой Лев Николаевич
      </author>
     </analytic>
     <monogr>
      <title level="m">
       Полное собрание сочинений. Том 85
      </title>
      <imprint>
       <pubPlace>
        Москва
       </pubPlace>
       <publisher>
        Государственное издательство «Художественная литература»
       </publisher>
       <date when="1935"/>
      </imprint>
      <biblScope unit="vol">
       85
      </biblScope>
      <biblScope unit="page">
       173-180
      </biblScope>
     </monogr>
     <series>
      <title level="s">
       Л. Н. Толстой. Полное собрание сочинений: в 90 тт.
      </title>
     </series>
    </biblStruct>
    <bibl/>
   </sourceDesc>
  </fileDesc>
  <encodingDesc>
   <classDecl>
    <xi:include href="../../reference/taxonomy.xml"/>
   </classDecl>
  </encodingDesc>
  <profileDesc>
   <correspDesc>
    <correspAction type="sending">
     <persName ref="13883">
      Л. Н. Толстой
     </persName>
     <placeName>
      Москва
     </placeName>
     <date when="1885-05-02"/>
    </correspAction>
    <correspAction type="receiving">
     <persName ref="15284">
      Чертков Владимир Григорьевич
     </persName>
    </correspAction>
   </correspDesc>
   <langUsage>
    <language ident="ru"/>
    <language ident="ru-petr1708"/>
   </langUsage>
   <textClass>
    <catRef ana="#tolstoy_heritage" target="library"/>
    <catRef ana="#letters" target="type"/>
    <catRef ana="#sent" target="sent"/>
   </textClass>
  </profileDesc>
 </teiHeader>
 <xenoData>
  <number type="in a volume">
   55
  </number>
 </xenoData>
 <text xml:id="maya2_55" xmlns="http://www.tei-c.org/ns/1.0" xmlns:xi="http://www.w3.org/2001/XInclude">
  <body>
   <div>
    <pb n="173"/>
    <opener index="false">
     55.1885 г. Мая 2. Москва.
    </opener>
    <p id="6d8f785e-e352-498d-9278-6f741d637312">
     <choice>
      <reg>
       Получил
      </reg>
      <orig>
       Получилъ
      </orig>
     </choice>
     ваши оба письма и посылки, милый
     <choice>
      <reg>
       друг
      </reg>
      <orig>
       другъ
      </orig>
     </choice>
     , и радуюсь за то, что
     <choice>
      <reg>
       дело
      </reg>
      <orig>
       дѣло
      </orig>
     </choice>
     ваше
     <choice>
      <reg>
       идет
      </reg>
      <orig>
       идетъ
      </orig>
     </choice>
     . Но не радуйтесь тому, что
     <choice>
      <reg>
       бесы
      </reg>
      <orig>
       бѣсы
      </orig>
     </choice>
     повинуются, а ищите того, чтобы имена ваши были записаны на
     <choice>
      <reg>
       небесах
      </reg>
      <orig>
       небесахъ
      </orig>
     </choice>
     .
     <ref target="#note1">
      1
     </ref>
     <note index="false" resp="volume_editor" xml:id="note1">
      Цитата из Евангелия от Луки, гл. X, 20, как это часто бывает у Толстого, не совсем точная. В Евангелии от Луки сказано: «Однакож тому не радуйтесь, что духи вам повинуются, но радуйтесь тому, что имена ваши написаны на небесах».
     </note>
     Не могу достаточно повторять это
     <choice>
      <reg>
       сам
      </reg>
      <orig>
       самъ
      </orig>
     </choice>
     <choice>
      <reg>
       себе
      </reg>
      <orig>
       себѣ
      </orig>
     </choice>
     . —
    </p>
    <p id="04171ee4-6bae-4df6-a95f-69e5e9765c9f">
     Радость великую
     <choice>
      <reg>
       мне
      </reg>
      <orig>
       мнѣ
      </orig>
     </choice>
     <choice>
      <reg>
       доставил
      </reg>
      <orig>
       доставилъ
      </orig>
     </choice>
     <choice>
      <reg>
       <name placement="note" ref="11646" type="person">
        Репин
       </name>
      </reg>
      <orig>
       <name placement="note" ref="11646" type="person">
        Рѣпинъ
       </name>
      </orig>
     </choice>
     <ref target="#note2">
      2
     </ref>
     <note index="false" resp="volume_editor" xml:id="note2">
      <name placement="note" ref="11646" type="person">
       Илья Ефимович Репин
      </name>
      (1844—1930) — художник, член Т-ва передвижных выставок, впоследствии — академик и профессор живописи в Академии художеств. С Толстым познакомился в 1880 г. и не раз гостил у него в Ясной поляне. В 1887 г. написал портрет Толстого, сидящего в кресле, и весьма распространенную в снимках картину-портрет «Толстой — пахарь»; летом 1891 г. написал портрет Толстого за работой в яснополянском кабинете и вылепил бюст его. Репин очень сочувственно отнесся к изданиям «Посредника» и бесплатно сделал, кроме фигуры Христа, о которой Толстой говорит в комментируемом письме, картинки к его текстам: «Два брата и золото», «Вражье лепко, а божье крепко», и в дальнейшем еще целый ряд иллюстраций — обложек к рассказам Толстого и других авторов. Из картин Репина в «Посреднике» были воспроизведены и изданы, в серии «Русских картин», две: «Проводы новобранца» и «Вернулся». Подробнее см. в прим. к письму Толстого к Репину, т. 63.
     </note>
     . Я не
     <choice>
      <reg>
       мог
      </reg>
      <orig>
       могъ
      </orig>
     </choice>
     оторваться
     <choice>
      <reg>
       от
      </reg>
      <orig>
       отъ
      </orig>
     </choice>
     его картинки и умилился.
     <ref target="#note3">
      3
     </ref>
     <note index="false" resp="volume_editor" xml:id="note3">
      «Картинкой» Репина Толстой называет фигуру Христа, сделанную им для воспроизведения картины Бугро «Бичевание Христа». См. прим. 3 к п. № 51 от начала апреля 1885 г.
     </note>
     И сколько людей умилятся. Буду стараться, чтобы передано
     <choice original_editorial_correction="б[ыло]">
      <sic>
       б
      </sic>
      <corr>
       было
      </corr>
     </choice>
     <choice>
      <reg>
       как
      </reg>
      <orig>
       какъ
      </orig>
     </choice>
     возможно лучше. — Посылаю
     <choice>
      <reg>
       вам
      </reg>
      <orig>
       вамъ
      </orig>
     </choice>
     черновую моего
     <choice>
      <reg>
       рассказа
      </reg>
      <orig>
       разсказа
      </orig>
     </choice>
     .
     <ref target="#note4">
      4
     </ref>
     <note index="false" resp="volume_editor" xml:id="note4">
      <hi>
       <hi/>
      </hi>
      Рассказ, черновую которого Толстой посылает Черткову, отдавая его в то же время для набора в Москве Сытину, — «Упустишь огонь, не потушишь», написанный им после поездки в Крым, — повидимому, в апреле. Несколькими строками ниже Толстой, говоря о том, что к нему еще нет картинок, называет его для краткости «поджигателем». Рассказ был вскоре набран. 30 мая 1885 г. получено было цензурное разрешение на него, и в этом же году он вышел в издании «Посредника» без обозначения имени Толстого. Картинки к нему на обложке были сделаны для 1-го изд. художником К. А. Савицким.
     </note>
     Извините, что измарано. Я
     <choice>
      <reg>
       отдам
      </reg>
      <orig>
       отдамъ
      </orig>
     </choice>
     ее набирать завтра. Равно и сапожника.
     <ref target="#note5">
      5
     </ref>
     <note index="false" resp="volume_editor" xml:id="note5">
      «Сапожником» Толстой называет здесь рассказ «Где любовь, там и бог» (иначе — Дядя Мартын» или «Сапожник Мартын»). См. прим. 1 к п. № 49 от 17—18 марта 1885 и прим. 1 к п. № 54 от 26 апреля.
     </note>
     Только
     <choice>
      <reg>
       картинок
      </reg>
      <orig>
       картинокъ
      </orig>
     </choice>
     <choice>
      <reg>
       нет
      </reg>
      <orig>
       нѣтъ
      </orig>
     </choice>
     <choice>
      <reg>
       к
      </reg>
      <orig>
       къ
      </orig>
     </choice>
     поджигателю.
     <ref target="#note6">
      6
     </ref>
     <note index="false" resp="volume_editor" xml:id="note6">
      Т. е. к рассказу «Упустишь огонь, не потушишь». См. выше прим. 4.
     </note>
     Не заказать ли кому
     <choice>
      <reg>
       в
      </reg>
      <orig>
       въ
      </orig>
     </choice>
     <choice>
      <reg>
       Москве
      </reg>
      <orig>
       Москвѣ
      </orig>
     </choice>
     ? — Нынче пришла
     <choice>
      <reg>
       мне
      </reg>
      <orig>
       мнѣ
      </orig>
     </choice>
     мысль
     <choice>
      <reg>
       картинок
      </reg>
      <orig>
       картинокъ
      </orig>
     </choice>
     <choice>
      <reg>
       героев
      </reg>
      <orig>
       героевъ
      </orig>
     </choice>
     <choice>
      <reg>
       с
      </reg>
      <orig>
       съ
      </orig>
     </choice>
     надписями. У меня есть два,
     <hi style="opdelimiter">
      <choice>
       <reg>
        Один
       </reg>
       <orig>
        Одинъ
       </orig>
      </choice>
     </hi>
     <pb n="174"/>
     <hi style="npdelimiter">
      <choice>
       <reg>
        доктор
       </reg>
       <orig>
        докторъ
       </orig>
      </choice>
      ,
     </hi>
     <choice>
      <reg>
       высосавший
      </reg>
      <orig>
       высосавшій
      </orig>
     </choice>
     <choice>
      <reg>
       яд
      </reg>
      <orig>
       ядъ
      </orig>
     </choice>
     дифтеритный и
     <choice>
      <reg>
       умерший
      </reg>
      <orig>
       умершій
      </orig>
     </choice>
     .
     <ref target="#note7">
      7
     </ref>
     <note index="false" resp="volume_editor" xml:id="note7">
      Ил. Ив. Дуброво (1843—1883) — ординатор московского военного госпиталя, редактор «Летописей хирургического о-ва». В 1883 г.
      <hi style="opdelimiter">
       был
      </hi>
      <hi style="npdelimiter">
       приглашен
      </hi>
      к дифтеритной больной для трахеотомии и, высасывая посредством трубки из горла больной дифтеритные пленки, заразился и через несколько дней умер. В письме к Л. Д. Урусову, сообщая ему ту же мысль о «картинках героев», Толстой ошибочно называет д-ра Дуброво — Добраго.
     </note>
     Другой учитель
     <choice>
      <reg>
       в
      </reg>
      <orig>
       въ
      </orig>
     </choice>
     <choice>
      <reg>
       Туле
      </reg>
      <orig>
       Тулѣ
      </orig>
     </choice>
     ,
     <choice>
      <reg>
       вытаскивавший
      </reg>
      <orig>
       вытаскивавшій
      </orig>
     </choice>
     <choice>
      <reg>
       детей
      </reg>
      <orig>
       дѣтей
      </orig>
     </choice>
     <choice>
      <reg>
       из
      </reg>
      <orig>
       изъ
      </orig>
     </choice>
     своего
     <choice>
      <reg>
       заведения
      </reg>
      <orig>
       заведенія
      </orig>
     </choice>
     и
     <choice>
      <reg>
       погибший
      </reg>
      <orig>
       погибшій
      </orig>
     </choice>
     <choice>
      <reg>
       в
      </reg>
      <orig>
       въ
      </orig>
     </choice>
     <choice>
      <reg>
       пожаре
      </reg>
      <orig>
       пожарѣ
      </orig>
     </choice>
     .
     <ref target="#note8">
      8
     </ref>
     <note index="false" resp="volume_editor" xml:id="note8">
      Более точных сведений о сообщаемом здесь случае редакции получить не удалось.
     </note>
     Я соберу
     <choice>
      <reg>
       сведения
      </reg>
      <orig>
       свѣдѣнія
      </orig>
     </choice>
     <choice>
      <reg>
       об
      </reg>
      <orig>
       объ
      </orig>
     </choice>
     <choice>
      <reg>
       этих
      </reg>
      <orig>
       этихъ
      </orig>
     </choice>
     и, если
     <choice>
      <reg>
       Бог
      </reg>
      <orig>
       Богъ
      </orig>
     </choice>
     <choice>
      <reg>
       даст
      </reg>
      <orig>
       дастъ
      </orig>
     </choice>
     , напишу тексты и закажу картинки и портреты
     <hi>
      .
     </hi>
     Подумайте о
     <choice>
      <reg>
       таких
      </reg>
      <orig>
       такихъ
      </orig>
     </choice>
     <choice>
      <reg>
       картинках
      </reg>
      <orig>
       картинкахъ
      </orig>
     </choice>
     <choice>
      <reg>
       героев
      </reg>
      <orig>
       героевъ
      </orig>
     </choice>
     и героинь. Ихь много, слава Богу. И надо собирать и прославлять
     <choice>
      <reg>
       в
      </reg>
      <orig>
       въ
      </orig>
     </choice>
     <choice>
      <reg>
       пример
      </reg>
      <orig>
       примѣръ
      </orig>
     </choice>
     <choice>
      <reg>
       нам
      </reg>
      <orig>
       намъ
      </orig>
     </choice>
     . Эту мысль
     <choice>
      <reg>
       мне
      </reg>
      <orig>
       мнѣ
      </orig>
     </choice>
     нынче
     <choice>
      <reg>
       Бог
      </reg>
      <orig>
       Богъ
      </orig>
     </choice>
     <choice>
      <reg>
       дал
      </reg>
      <orig>
       далъ
      </orig>
     </choice>
     , и она меня ужасно
     <choice>
      <reg>
       радует
      </reg>
      <orig>
       радуетъ
      </orig>
     </choice>
     .
     <choice>
      <reg>
       Мне
      </reg>
      <orig>
       Мнѣ
      </orig>
     </choice>
     кажется, она
     <choice>
      <reg>
       может
      </reg>
      <orig>
       можетъ
      </orig>
     </choice>
     дать много. — Я Грибовскому
     <ref target="#note9">
      9
     </ref>
     <note index="false" resp="volume_editor" xml:id="note9">
      Вячеслав Михайлович Грибовский (р. 1867) — в то время оканчивавший одну из петербургских гимназий. Весной 1885 г. Толстой получил от него письмо, в котором Грибовский говорил о себе следующее: «В 11 лет я был атеист, в 16 лет я дошел до мысли о бесполезности жизни и до самоубийства. Судьба меня доводила до буквальной нищеты..., заводила в притоны дикого разгула и разврата,... я участвовал в заговорах поляков, я вращался во всевозможных политических кружках, сидел в доме сумасшедших, был под надзором полиции и при всем этом я гимназист, мне 18 лет, и я сын бедного отставного чиновника. Но вынес я все невзгоды, попал на некоторую дорогу, разъяснил себе вздорный механизм всех кружков, сам своими страданьями понял, что мне нужно, и познал новую религию» (АТ.) Заинтересовавшись юношей, Толстой просил и Черткова и Бирюкова сходить к нему и поговорить с ним. Черткову, как мы видим из его письма, не удалось застать Грибовского, Бирюков же был у него, услышал от него еще разные сообщения о его жизни и проникся большим уважением к нему, как к человеку, успевшему в 18 лет «перечитать всех философов и теологов» и перенесшему за свое свободомыслие насильственное содержание в доме сумасшедших. Бирюков написал обо всем этом Толстому и завязал также личные отношения с ним. (См. Б, III, изд. Госизд., 1922, стр. 27—28.) Грибовский сообщал о себе вещи малоправдоподобные, и только огромная доверчивость Бирюкова позволила ему принять все эти сообщения без всякой критики. Однако и на Толстого, при свидании с ним, он произвел очень благоприятное впечатление. Толстой охотно разрешил ему использовать его запрещенные сочинения в статьях, в которых «искусно сплетая действительность с фантазией», по выражению Бирюкова, Грибовский изображал свои беседы с Толстым, влагая в его уста отрывки из его «Исповеди». Эти статьи и печатались некоторое время в «Неделе», пока их не запретило Главное управление по делам печати. Позднее, в 1890 г., будучи уже студентом Спб. университета, Грибовский обращался к Толстому с письменной просьбой разрешить ему гектографировать для распространения «Крейцерову сонату» и другие его произведения, а в 1905 г. просил у него позволения вернуться, в открывшейся газете «Слово», к тому способу распространения его идей, который уже был испытан им в «Неделе». Тем временем жизнь Грибовского шла по путям, не имеющим ничего общего с учением Толстого. В 1890-х гг., когда Грибовский печатал в книжках «Недели» свои стихотворения, а также рассказы из студенческой жизни и публицистические статьи за подписью Гридень, пишущая эти строки не раз встречалась с ним и знала его, как студента «белоподкладочника», по выражению того времени, — т. е. студента-франта, — превосходного танцора и остроумного, неглупого
      <hi style="opdelimiter">
       собеседника,
      </hi>
      <hi style="npdelimiter">
       достаточно
      </hi>
      начитанного по разным предметам, но очень далекого от каких-либо глубоких философских и общественных вопросов. Окончив юридический факультет университета и защитив в 1897 г. магистерскую диссертацию на тему «Народ и власть в Византийском государстве», он стал очень быстро делать свою карьеру. В 1903 г. он был уже доктором права и сделался приват-доцентом спб. университета. С 1909 г. состоял профессором Новороссийского университета, а в 1911 г. занял кафедру истории русского права в Спб. университете по назначению тогдашнего министерства, что вызвало враждебные демонстрации со стороны студенчества, у которого он и в дальнейшем пользовался нелестной репутацией профессора-чиновника и консерватора. После революции уехал за границу.
     </note>
     <choice>
      <reg>
       написал
      </reg>
      <orig>
       написалъ
      </orig>
     </choice>
     письмо, но не
     <choice>
      <reg>
       послал
      </reg>
      <orig>
       послалъ
      </orig>
     </choice>
     . Я не могу писать незнакомому лично. А
     <choice>
      <reg>
       он
      </reg>
      <orig>
       онъ
      </orig>
     </choice>
     <choice>
      <reg>
       возбуждает
      </reg>
      <orig>
       возбуждаетъ
      </orig>
     </choice>
     во
     <choice>
      <reg>
       мне
      </reg>
      <orig>
       мнѣ
      </orig>
     </choice>
     такое чувство
     <choice>
      <reg>
       уважения
      </reg>
      <orig>
       уваженія
      </orig>
     </choice>
     и любви, что боюсь
     <choice>
      <reg>
       погрешить
      </reg>
      <orig>
       погрѣшить
      </orig>
     </choice>
     словами, не чувствуя его. —
     <choice>
      <reg>
       Репину
      </reg>
      <orig>
       Рѣпину
      </orig>
     </choice>
     , если увидите, скажите, что я всегда
     <choice>
      <reg>
       любил
      </reg>
      <orig>
       любилъ
      </orig>
     </choice>
     его, но это лицо Христа связало меня
     <choice>
      <reg>
       с
      </reg>
      <orig>
       съ
      </orig>
     </choice>
     нимь
     <choice>
      <reg>
       теснее
      </reg>
      <orig>
       тѣснѣе
      </orig>
     </choice>
     ,
     <choice>
      <reg>
       чем
      </reg>
      <orig>
       чѣмъ
      </orig>
     </choice>
     прежде. Я вспомню только это лицо и руку, и слезы навертываются. —
     <name placement="note" ref="6021" type="person">
      Калмыкова
     </name>
     <ref target="#note10">
      10
     </ref>
     <note index="false" resp="volume_editor" xml:id="note10">
      <name placement="note" ref="6021" type="person">
       Александра Михайловна Калмыкова
      </name>
      , урожд. Чернова (1849—1926) — общественная деятельница, главным образом в области народного просвещения. Весной 1885 г., в виду назначения мужа ее, Д. А. Калмыкова, сенатором, переехала в Петербург из Харькова, где она уже заявила себя как публицистка, напечатав в местной газете ряд ярких фельетонов, вышедших отдельной книгой («Еврейский вопрос в России», Харьков, 1881), как преподавательница женской воскресной школы и как сотрудница X. Д. Алчевской по составлению книги «Что читать народу». По приезде в Петербург она окончательно отошла от того слоя общества, к которому принадлежала по положению своего мужа, и сделалась типичной представительницей трудовой интеллигенции, чрезвычайно скромной в своих жизненных потребностях и проникнутой общественными интересами. В первый год пребывания в Петербурге была очень близка к редакции «Посредника» и содействовала ее начинаниям со всей свойственной ей активностью. Затем, познакомившись через деятелей «Посредника» с кружком изучения народной литературы, во главе которого стояли в то время Ф. Ф. и С. Ф. Ольденбурги (см. комментарии к п. № 43 от 5—6 февраля 1885 г.), перенесла свою работу в этот кружок. Одновременно, с самого приезда в Петербург, преподавала в рабочей воскресной школе на Шлиссельбургском тракте. С 1889 г. открыла свой склад народной литературы, просуществовавший до 1902 г. Изданный ею в 1890 г. каталог склада являлся ценным пособием для составления народных библиотек. В этот же период она издавала две серии книг для народа под общими заголовками «Жизнь прежде и теперь» и «Силы природы и труд человека» и, будучи близкой с П. С. Струве и М. И. Туган-Барановским, принимала участие в редакции легального марксистского журнала «Начало». В этот же период своей жизни была тесно связана с группой «Освобождение труда», сыгравшей важную роль в формировании с.-д. партии. Познакомившись с Лениным, Классоном и др. видными деятелями партии, она предоставляла им помещение своего склада для явок, собраний и т. п. До 2-го съезда партии в 1903 г. содержала на свои средства «Искру» и, перебравшись, после закрытия ее склада, в самом конце 1890-х гг., за границу, поддерживала самые близкие отношения с ее редакцией. В 1905 г., вернувшись в Петербург, она отдалась педагогической деятельности, которую продолжала с прежней энергией и после революции, работая, несмотря на преклонный воэраст, в
      <hi style="opdelimiter">
       детских
      </hi>
      <hi style="npdelimiter">
       домах
      </hi>
      и клубах и ведя преподавание в Педагогическом техникуме им. Ушинского, пока, в самые последние годы ее жизни, тяжелая длительная болезнь не приковала ее к постели в Детскосельской санатории Цекубу, где она и скончалась.
     </note>
     была и читала то, что она поправила и прибавила. Эта книга
     <ref target="#note11">
      11
     </ref>
     <note index="false" resp="volume_editor" xml:id="note11">
      Речь идет о книжке Калмыковой, посвященной греческому мудрецу Сократу (469—399 до н. э.), который, в противоположность софистам, учившим искусству доказывать, смотря по надобности, совершенно противоположные вещи, развивал в своих учениках, путем наводящих вопросов, умение анализировать явления и понятия ради отыскания истины и «различения добра и зла». Обвиненный врагами в развращении юношества, он был присужден к смерти и в ожидании ее продолжал наставлять своих учеников, а когда настал час казни, спокойно выпил принесенную ему чашу с ядом. Работать над этой книжкой Калмыкова начала вскоре после своего знакомства с Толстым, живя еще в Харькове: Как видно из дальнейших писем Толстого, он много потрудился над этой книжкой и, увлекаясь ее содержанием и углубляя его, очень значительно переделал ее, а одну главу (VII) написал сам. (См. т. 25.) Эти переделки, которым и Калмыкова шла навстречу, очень задержали печатание книжки. Она была набрана и разрешена цензурою только 8 сентября 1885 г., а вышла в свет, с рис. А. Д. Кившенко, в 1886 г. под заглавием «Греческий учитель Сократ».
     </note>
     <choice>
      <reg>
       будет
      </reg>
      <orig>
       будетъ
      </orig>
     </choice>
     лучше
     <choice>
      <reg>
       всех
      </reg>
      <orig>
       всѣхъ
      </orig>
     </choice>
     , т. е.
     <choice>
      <reg>
       значительнее
      </reg>
      <orig>
       значительнѣе
      </orig>
     </choice>
     <choice>
      <reg>
       всех
      </reg>
      <orig>
       всѣхъ
      </orig>
     </choice>
     . — Прощайте, милый
     <choice>
      <reg>
       друг
      </reg>
      <orig>
       другъ
      </orig>
     </choice>
     , пишите
     <choice>
      <reg>
       мне
      </reg>
      <orig>
       мнѣ
      </orig>
     </choice>
     чаще.
     <choice>
      <reg>
       Мне
      </reg>
      <orig>
       Мнѣ
      </orig>
     </choice>
     хорошо. Тихона
     <choice>
      <reg>
       житие
      </reg>
      <orig>
       житіе
      </orig>
     </choice>
     <ref target="#note12">
      12
     </ref>
     <note index="false" resp="volume_editor" xml:id="note12">
      «Тихона житие» — «Житие Тихона Задонского» в изложении одной из сотрудниц «Посредника» в начальном периоде его существования, М. Павловской. Это изложение было потом переработано в редакции и издано, вместе с другим житием, в начале 1886 г. под заглавием: «Житие св. Тихона Задонского и преп. Трифона» в серии книжек, рекомендуемых «Посредником», но не снабженных названием его фирмы и его девизом.
     </note>
     плохо,
     <choice>
      <reg>
       нет
      </reg>
      <orig>
       нѣтъ
      </orig>
     </choice>
     <choice>
      <reg>
       содержания
      </reg>
      <orig>
       содержанія
      </orig>
     </choice>
     .
    </p>
    <p id="86ae5263-1a50-498e-b648-81d5e07d3e36">
     Половина М. Arnold’a это мои мысли. Я радуюсь, читая его. Если можно, доставьте ему
     <choice>
      <reg>
       в
      </reg>
      <orig>
       въ
      </orig>
     </choice>
     <choice>
      <reg>
       Англии
      </reg>
      <orig>
       Англіи
      </orig>
     </choice>
     «Ma religion».
     <ref target="#note13">
      13
     </ref>
     <note index="false" resp="volume_editor" xml:id="note13">
      О М. Арнольде см. прим. 1 к п. № 22 от 24 июля 1884 г., а также п. № 54 от 26 апреля и прим. 3 к нему. Сказанное о М. Арнольде и его книге в настоящем письме Толстой подробнее развивает в письмах к Л. Д. Урусову от 4 мая и 25 мая. В первом из них он говорит: «Теперь я читаю Matthew Arnold Literature and Dogma. Половина моих мыслей, выраженных в Евангелии и Критике богословия, высказаны там». 25 мая он пишет: «Я вам хотел сделать выписки из М. Arnold'а. Он доставит вам большое удовольствие, потому что он особенно настаивает на уничтожении понятия бога, как чего-то внешнего... Он находит в Еврейском учении понятие бога не как о лице... Евреи видели какой-то общий закон, общий всему существующему и человеку, который требует порядка для мира, праведности для человека и ведет его к ней... Только под условием соблюдения этого закона человек получает благо. И этот-то закон и ничто другое он называет богом и утверждает, что это самое и подразумевали Евреи под словом бог. Понятие это, он говорит, исказилось, и Христос восстановил его» (см. т. 63.) Обращаясь к Черткову с просьбой доставить М. Арнольду, во время пребывания в Англии, книжку «Ma religion», Толстой подразумевает французский перевод книжки его «В чем моя вера», сделанный Л. Д. Урусовым и вышедший в 1885 г. в Париже. Чертков переслал М. Арнольду «В чем моя вера», и
      <hi style="opdelimiter">
       Арнольд
      </hi>
      <hi style="npdelimiter">
       ознакомился
      </hi>
      не только с этим, но и с другими произведениями Толстого данного периода и в 1887 г., делая в «Fortnightly Review» обзор его художественной и религиозно-философской деятельности, дал сжатое изложение «Исповеди», «В чем моя вера» и «Так что же нам делать?». Признавая в Толстом «великую душу и великого писателя» и разделяя его основные устремления, он считает однако, что в его толкованиях Библии «на ряду с многим весьма остроумным и гениальным есть много сомнительного».
     </note>
    </p>
    <p id="8f45cfe0-566a-4b0f-99b9-c3beed8d557b" rend="right">
     Л. T.
    </p>
    <noteGrp type="comments">
     <note index="false" type="comments">
      <p id="d57ab100-eaaa-413b-8c4b-b01420bf8784" rend="Textpetit_otstup left">
       Полностью печатается впервые. Большая часть письма была напечатана в ТЕ 1913 г., отд. «Письма
       <name placement="comments" ref="13883" type="person">
        Л. Н. Толстого
       </name>
       », стр. 17. На подлиннике пометка рукой Черткова: «М. 2 мая». Так как письмо это, судя по письму Черткова от 5 мая, было получено 4 мая, датируем согласно с этой пометкой.
      </p>
     </note>
     <note index="false" type="comments">
      <p id="1943a151-c847-4121-8cc8-48e62e0cc0d8" rend="petit">
       Письмо это является ответом на два письма Черткова — от 26 и 29 апреля, сопровождаемые посылкою с рукописями, о которых говорится в тексте этих писем. В письме от 26 апреля Чертков говорит: «Приссылаю вам переложение Павловской «Катакомбы» [см. прим. 1 к п. № 58 от 9 мая]. Изложено оно, как увидите, слабо. Слог литературный и притом — плохой. Но тем не менее, мне кажется, что и в этом виде такая книга может послужить в лубочной литературе хорошим противовесом книгам не только плохого изложения, но и скверного содержания... Калмыкова читала мне отрывки из ее Сократа. Какой прекрасный рассказ. Вот уж там изложение и слог превосходны. Признаюсь, я первый раз из этого рассказа несколько познакомился с личностью Сократа. Какой замечательно благородный и честный человек он должен был быть. Только как бросается в глаза в нем отсутствие смирения и кротости...» [О Калмыковой и «Сократе» см. ниже прим. 10 и 11.] Сообщив далее о посещении Грибовского, которому он, не застав его дома, оставил записку [о Грибовском см. ниже, прим. 9], Чертков заканчивает письмо известиями о «Посреднике»: «Дело склада, кажется,
       <hi style="opdelimiter">
        завязывается
       </hi>
       <pb n="175"/>
       <hi style="npdelimiter">
        хорошо.
       </hi>
       Являются люди, сочувствующие и предлагающие кто личное сотрудничество, кто материальную поддержку. Последнею я покуда не пользуюсь, так как в ней еще нет надобности, а личным участием пользуюсь в деле разбора книг и подыскивания материала для издания». ― В письме от 29 апреля, пересланном с Сытиным, Чертков говорит о смете народной газеты, составленной, повидимому, в связи с предложением К. М. Сибирякова дать средства на такого рода издание (см. комментарии к п. 53 от 16 апреля): «
       <name placement="comments" ref="13440" type="person">
        Иван Дмитриевич Сытин
       </name>
       приехал сюда как раз кстати. Он, между прочим, проверил смету для народной газеты, составленную у Оболенского, и указал, что можно, гораздо дешевле и удобнее издавать такую газету в Москве в его типографии. Оболенский соглашается с этим, и, вообще, говорит, что он сам не может «взять на себя редакцию такой газеты. Я хочу написать про это Сибирякову и пошлю вам свое письмо на прочтение. Программа составлена Оболенским очень полно; если удастся осуществить хоть
       <hi>
        1
       </hi>
       /
       <sub>
        10
       </sub>
       часть ее, то и это будет хорошо. Разумеется, всё зависит от редактора, которого укажут Сибирякову...» Затем Чертков переходит к делам «Посредника»: «Картину Келера к Нагорной проповеди я дал Сытину. Также дал и самую проповедь. Кажется, для читателя удобнее было бы напечатать ее всю на полях без обозначения стихов и с разделением на параграфы по смыслу содержаниям. Сытин вам передаст беловой экземпляр «Где любовь, там и бог». Хорошо, еслиб вы просмотрели еще один раз. Я там синим карандашом отметил два места. Одно вопросительным знаком. Там что-то не совсем ясно... Другое место, где вы вскользь упоминаете о содержании 7-й главы Луки, перечисляя описанные там события. В виду того, что простые, полуграмотные читатели мало знакомы с фактами из жизни Христа, мне кажется, что очень хорошо было бы здесь несколькими своими словами рассказать самую суть этих событий, т. е. про сотника, про сына вдовы, про ответ ученикам Иоанновым. Для того чтобы в воображении читателя эти сцены получили какую-нибудь форму, какое-нибудь содержание... Со всех сторон заявляют спрос на жития святых. Почти все существующие жития составлены так, что мы не можем их одобрить... Но доставлять их по поручению придется. Поэтому, я предложил нескольким лицам, изъявившим желание сотрудничать нам, пересоставлять жития некоторых святых, по возможности пропуская и стушевывая чудесное, суеверное и обрядное... Сытин охотно напечатает их вместо существующих житий тех же святых, и они могут пойти в тех же прежних обложках. Таким образом, независимо от наших новых вполне содержательных изданий, и та неизбежная еще на долгое время масса заурядных житий будет постепенно очищаться от положительно вредного... Эти жития мы можем держать и в складе. В виде первого опыта посылаю вам житие Тихона, которое постоянно требуется. Там уже было выпущено несколько чудес...» Кроме этих деловых соображений, письмо Черткова заключает в себе небольшую бытовую картинку из жизни только что открытого склада «Посредник», которую мы считаем нужным привести полностью: «Я сижу в конторе, — пишет Чертков. — В нашу лавку, в соседнюю комнату зашли два маленьких мальчика. Один вчера накупил все четыре наших книжки и сегодня привел своего товарища и
       <hi style="opdelimiter">
        посоветовал
       </hi>
       <pb n="176"/>
       <hi style="npdelimiter">
        ему
       </hi>
       купить за 1
       <hi>
        1
       </hi>
       /
       <sub>
        2
       </sub>
       коп. «Бог правду видит». Тот купил. Потом сам вчерашний мальчик вынул 8 коп. и потребовал на них 6 книжек. Мы ему сказали, что таких дешевых других нет. Показали несколько книжек в 5—8 коп. Но он говорит, что мало. Мы разошлись на том, что он будет ждать наших следующих выпусков». — Рассказанный здесь случай указывает, между прочим, на то, какое значение имело для широкого распространения изданий «Посредника» выпускать книжки по минимальной цене. — Упоминаемые в этом письме более дорогие книжки других издательств распространялись «Посредником» в том случае, если признавались редакцией «Посредника» более или менее полезными.
      </p>
     </note>
    </noteGrp>
   </div>
  </body>
 </text>
</TEI>
