<?xml version="1.0" encoding="utf-8"?>
<TEI xmlns="http://www.tei-c.org/ns/1.0" xmlns:xi="http://www.w3.org/2001/XInclude">
 <teiHeader>
  <fileDesc>
   <titleStmt>
    <title xml:id="v85_030_a15">
     Письма и документы. Tolstoy Digital
    </title>
    <title type="main">
     Письмо В. Г. Черткову от 15 октября 1884 г.
    </title>
    <title type="bibl">
     Толстой Л. Н. Письмо В. Г. Черткову, 15 октября 1884 г. // Толстой Л. Н. Полное собрание сочинений: в 90 тт. Т. 85. М.: Гос. изд. «Художественная литература», 1935. С.
    </title>
    <respStmt>
     <resp>
      Идея, постановка задач, руководство:
     </resp>
     <name>
      Анастасия Бонч-Осмоловская, Фёкла Толстая, Борис Орехов, Тимофей Лукашевский
     </name>
    </respStmt>
    <respStmt>
     <resp>
      Подготовка TEI/XML:
     </resp>
     <name>
      Евгений Можаев, Даниил Скоринкин, Ирина Павлова, Матвей Колбасов, Елена Сидорова, Кирилл Милинцевич, Лев Буланов, Макар Федоров, Константин Петров
     </name>
    </respStmt>
    <respStmt>
     <resp>
      Подготовка метаданных:
     </resp>
     <name>
      Мария Картышева, Вероника Файнберг
     </name>
    </respStmt>
    <respStmt>
     <resp>
      Разметка имен собственных:
     </resp>
     <name>
      Никита Северин, Елена Северина
     </name>
    </respStmt>
    <respStmt>
     <resp>
      Исправление древнегреческого текста:
     </resp>
     <name>
      Ольга Алиева
     </name>
    </respStmt>
    <funder>
     Проект «Слово Толстого»
    </funder>
   </titleStmt>
   <publicationStmt>
    <publisher>
     <orgName>
      Tolstoy Digital, DH CLOUD, Научно-образовательный союз «Родное Слово» проект «Слово Толстого»
     </orgName>
    </publisher>
    <availability>
     <p id="53c9acb7-dd81-4795-bd12-2cc026ccdcec">
      Тексты и метатекстовая разметка доступны для свободного использования и распространения по лицензии Creative Commons Attribution Share-Alike (cc by-sa)
     </p>
    </availability>
    <date from="2015" to="2022"/>
   </publicationStmt>
   <notesStmt>
    <note>
     Публикуемые документы был получены с сайта tolstoy.ru в формате html, переведены в формат TEI. Исправлены некоторые ошибки распознавания. Тексты, написанные в дореформенной орфографии, сопоставлены с их версиями в современной орфографии.
    </note>
   </notesStmt>
   <sourceDesc>
    <biblStruct>
     <analytic>
      <author>
       Толстой Лев Николаевич
      </author>
     </analytic>
     <monogr>
      <title level="m">
       Полное собрание сочинений. Том 85
      </title>
      <imprint>
       <pubPlace>
        Москва
       </pubPlace>
       <publisher>
        Государственное издательство «Художественная литература»
       </publisher>
       <date when="1935"/>
      </imprint>
      <biblScope unit="vol">
       85
      </biblScope>
      <biblScope unit="page">
       110-110
      </biblScope>
     </monogr>
     <series>
      <title level="s">
       Л. Н. Толстой. Полное собрание сочинений: в 90 тт.
      </title>
     </series>
    </biblStruct>
    <bibl/>
   </sourceDesc>
  </fileDesc>
  <encodingDesc>
   <classDecl>
    <xi:include href="../../reference/taxonomy.xml"/>
   </classDecl>
  </encodingDesc>
  <profileDesc>
   <correspDesc>
    <correspAction type="sending">
     <persName ref="13883">
      Л. Н. Толстой
     </persName>
     <placeName>
      Ясная Поляна
     </placeName>
     <date when="1884-10-15"/>
    </correspAction>
    <correspAction type="receiving">
     <persName ref="15284">
      Чертков Владимир Григорьевич
     </persName>
    </correspAction>
   </correspDesc>
   <langUsage>
    <language ident="ru"/>
    <language ident="ru-petr1708"/>
   </langUsage>
   <textClass>
    <catRef ana="#tolstoy_heritage" target="library"/>
    <catRef ana="#letters" target="type"/>
    <catRef ana="#sent" target="sent"/>
   </textClass>
  </profileDesc>
 </teiHeader>
 <xenoData>
  <number type="in a volume">
   30
  </number>
 </xenoData>
 <text xml:id="a15_30" xmlns="http://www.tei-c.org/ns/1.0" xmlns:xi="http://www.w3.org/2001/XInclude">
  <body>
   <div>
    <pb n="110"/>
    <opener index="false">
     * 30.1884 г., Октября 15. Я. П.
    </opener>
    <p id="828b397d-c392-46e9-a6d6-a25fa854c167">
     <choice>
      <reg>
       Сейчас
      </reg>
      <orig>
       Сейчасъ
      </orig>
     </choice>
     вернулся.
     <choice>
      <reg>
       Приезжайте
      </reg>
      <orig>
       Прiѣзжайте
      </orig>
     </choice>
     сюда.
     <choice>
      <reg>
       Все
      </reg>
      <orig>
       Всѣ
      </orig>
     </choice>
     <choice>
      <reg>
       переезжаем
      </reg>
      <orig>
       переѣзжаемъ
      </orig>
     </choice>
     Москву субботу.
     <ref target="#note1">
      1
     </ref>
     <note index="false" resp="volume_editor" xml:id="note1">
      Суббота приходилась в 1884 г. на 20 октября. На этот день, как сказано и в последнем письме Толстого, от 10 октября, назначен был отъезд всей семьи из Ясной поляны в Москву, но со дня отправления телеграммы до 20 октября оставалось еще достаточно времени, чтобы Чертков мог побывать в Ясной поляне.
     </note>
    </p>
    <p id="06fef3de-2001-49e7-8b1e-03c43cbd4fd6" rend="right">
     Толстой.
    </p>
    <noteGrp type="comments">
     <note index="false" type="comments">
      <p id="b6de41f2-1fbe-4f90-b2bd-992f5a6ea421" rend="Textpetit_otstup left">
       Текст, ранее не опубликованный, представляет собой телеграмму, посланную Толстым в Москву с железно-дорожной станции Козловка-Засека. На телеграфном бланке — пометка рукой Черткова: «№ 30». Служебные отметки указывают, что телеграмма подана 15-го. Относим ее к октябрю 1884 г. как на основании проставленного на ней архивного номера, так и на основании того, что, судя и по означенному на ней адресу Черткова (Москва, Мал. Дмитровка, дом Мансурова), и по содержанию, она бесспорно является ответом на небольшое письмо Черткова от 10 октября 1884 г.
      </p>
     </note>
     <note index="false" type="comments">
      <p id="c38aabb0-8567-493c-831e-54d8f2ab4b29" rend="petit">
       В письме этом Чертков сообщает Толстому, что к его матери приехала тетка его по отцу, гр. Шувалова, и что, желая продлить ее пребывание в Лизиновке, он едет на два дня в Москву, чтобы заменить ее в праздничные дни при ее сыне, обучающемся в Катковском лицее. Дальше Чертков повторяет просьбу сообщить в Москву (указывается вышеозначенный адрес), может ли он приехать в Ясную поляну один или вместе с Бирюковым, которого он намеревается вызвать для этого из Петербурга, чтобы поговорить о задуманном народном издании. Письмо это, очевидно, пришло в отсутствие Толстого, ездившего в Черниговскую губернию к Ге, и телеграфный ответ его, посланный Толстым немедленно по возвращении, уже не застал Черткова в Москве.
      </p>
     </note>
    </noteGrp>
   </div>
  </body>
 </text>
</TEI>
