<?xml version="1.0" encoding="utf-8"?>
<TEI xmlns="http://www.tei-c.org/ns/1.0" xmlns:xi="http://www.w3.org/2001/XInclude">
 <teiHeader>
  <fileDesc>
   <titleStmt>
    <title xml:id="v86_175_yanvar">
     Письма и документы. Tolstoy Digital
    </title>
    <title type="main">
     Письмо В. Г. Черткову с 1 января 1888 г. по 31 января 1888 г.
    </title>
    <title type="bibl">
     Толстой Л. Н. Письмо В. Г. Черткову, 1 января 1888 г. — 31 января 1888 г. // Толстой Л. Н. Полное собрание сочинений: в 90 тт. Т. 86. М.: Гос. изд. «Художественная литература», 1935. С.
    </title>
    <respStmt>
     <resp>
      Идея, постановка задач, руководство:
     </resp>
     <name>
      Анастасия Бонч-Осмоловская, Фёкла Толстая, Борис Орехов, Тимофей Лукашевский
     </name>
    </respStmt>
    <respStmt>
     <resp>
      Подготовка TEI/XML:
     </resp>
     <name>
      Евгений Можаев, Даниил Скоринкин, Ирина Павлова, Матвей Колбасов, Елена Сидорова, Кирилл Милинцевич, Лев Буланов, Макар Федоров, Константин Петров
     </name>
    </respStmt>
    <respStmt>
     <resp>
      Подготовка метаданных:
     </resp>
     <name>
      Мария Картышева, Вероника Файнберг
     </name>
    </respStmt>
    <respStmt>
     <resp>
      Разметка имен собственных:
     </resp>
     <name>
      Никита Северин, Елена Северина
     </name>
    </respStmt>
    <respStmt>
     <resp>
      Исправление древнегреческого текста:
     </resp>
     <name>
      Ольга Алиева
     </name>
    </respStmt>
    <funder>
     Проект «Слово Толстого»
    </funder>
   </titleStmt>
   <publicationStmt>
    <publisher>
     <orgName>
      Tolstoy Digital, DH CLOUD, Научно-образовательный союз «Родное Слово» проект «Слово Толстого»
     </orgName>
    </publisher>
    <availability>
     <p id="d250f8ef-c994-4adb-a36b-626762ed5d54">
      Тексты и метатекстовая разметка доступны для свободного использования и распространения по лицензии Creative Commons Attribution Share-Alike (cc by-sa)
     </p>
    </availability>
    <date from="2015" to="2022"/>
   </publicationStmt>
   <notesStmt>
    <note>
     Публикуемые документы был получены с сайта tolstoy.ru в формате html, переведены в формат TEI. Исправлены некоторые ошибки распознавания. Тексты, написанные в дореформенной орфографии, сопоставлены с их версиями в современной орфографии.
    </note>
   </notesStmt>
   <sourceDesc>
    <biblStruct>
     <analytic>
      <author>
       Толстой Лев Николаевич
      </author>
     </analytic>
     <monogr>
      <title level="m">
       Полное собрание сочинений. Том 86
      </title>
      <imprint>
       <pubPlace>
        Москва
       </pubPlace>
       <publisher>
        Государственное издательство «Художественная литература»
       </publisher>
       <date when="1935"/>
      </imprint>
      <biblScope unit="vol">
       86
      </biblScope>
      <biblScope unit="page">
       114-114
      </biblScope>
     </monogr>
     <series>
      <title level="s">
       Л. Н. Толстой. Полное собрание сочинений: в 90 тт.
      </title>
     </series>
    </biblStruct>
    <bibl/>
   </sourceDesc>
  </fileDesc>
  <encodingDesc>
   <classDecl>
    <xi:include href="../../reference/taxonomy.xml"/>
   </classDecl>
  </encodingDesc>
  <profileDesc>
   <correspDesc>
    <correspAction type="sending">
     <persName ref="13883">
      Л. Н. Толстой
     </persName>
     <placeName>
      Москва
     </placeName>
     <date notAfter="1888-01-31" notBefore="1888-01-01"/>
    </correspAction>
    <correspAction type="receiving">
     <persName ref="15284">
      Чертков Владимир Григорьевич
     </persName>
    </correspAction>
   </correspDesc>
   <langUsage>
    <language ident="ru"/>
    <language ident="ru-petr1708"/>
   </langUsage>
   <textClass>
    <catRef ana="#tolstoy_heritage" target="library"/>
    <catRef ana="#letters" target="type"/>
    <catRef ana="#sent" target="sent"/>
   </textClass>
  </profileDesc>
 </teiHeader>
 <xenoData>
  <number type="in a volume">
   175
  </number>
 </xenoData>
 <text xml:id="yanvar_175" xmlns="http://www.tei-c.org/ns/1.0" xmlns:xi="http://www.w3.org/2001/XInclude">
  <body>
   <div>
    <pb n="114"/>
    <opener index="false">
     * 175.1888 г. Январь? Москва.
    </opener>
    <p id="3211da0a-8890-45f9-be96-ad7107a28af6">
     Очень хочется,
     <choice>
      <reg>
       чтоб
      </reg>
      <orig>
       чтобъ
      </orig>
     </choice>
     лошадь удалась, хочется и
     <choice>
      <reg>
       вас
      </reg>
      <orig>
       васъ
      </orig>
     </choice>
     <choice>
      <reg>
       всех
      </reg>
      <orig>
       всѣхъ
      </orig>
     </choice>
     <choice>
      <reg>
       видеть
      </reg>
      <orig>
       видѣть
      </orig>
     </choice>
     .
     <choice>
      <reg>
       Как
      </reg>
      <orig>
       Какъ
      </orig>
     </choice>
     <choice>
      <reg>
       Бог
      </reg>
      <orig>
       Богъ
      </orig>
     </choice>
     <choice>
      <reg>
       даст
      </reg>
      <orig>
       дастъ
      </orig>
     </choice>
     , не знаю. Я живу
     <choice>
      <reg>
       в
      </reg>
      <orig>
       въ
      </orig>
     </choice>
     усыпленьи,
     <choice>
      <reg>
       как
      </reg>
      <orig>
       какъ
      </orig>
     </choice>
     и
     <choice>
      <reg>
       видел
      </reg>
      <orig>
       видѣлъ
      </orig>
     </choice>
     меня
     <choice original_editorial_correction="П[авел]">
      <sic>
       П
      </sic>
      <corr>
       <choice>
        <reg>
         <name placement="text" ref="1444" type="person">
          Павел
         </name>
        </reg>
        <orig>
         <name placement="text" ref="1444" type="person">
          Павелъ
         </name>
        </orig>
       </choice>
      </corr>
     </choice>
     <choice original_editorial_correction="И[ванович]">
      <sic>
       <name placement="text" ref="1444" type="person">
        И
       </name>
      </sic>
      <corr>
       <choice>
        <reg>
         <name placement="text" ref="1444" type="person">
          Иванович
         </name>
        </reg>
        <orig>
         Ивановичъ
        </orig>
       </choice>
      </corr>
     </choice>
    </p>
    <p id="88cc097f-4c6a-4756-8452-7a503ada81fd" rend="right">
     Л. Т.
    </p>
    <noteGrp type="comments">
     <note index="false" type="comments">
      <p id="25e4943c-201e-43ce-b953-43663b6b2048" rend="Textpetit_otstup left">
       Печатается впервые. На подлиннике надпись черным карандашом рукой Черткова «№ 172. М. Янв. 88». Письмо, повидимому, является ответом на приглашение Черткова приехать к нему в деревню. По сообщению А. К. Чертковой, упоминание о лошади означает, что Чертков искал подходящую верховую лошадь для Толстого на случай его приезда. В сохранившихся письмах Черткова к Толстому упоминаний о поисках для него верховой лошади нет. Возможно, что об этом говорил Толстому П. И. Бирюков, приезжавший в конце января на несколько дней в Москву из Воронежской губернии от Чертковых. Если это предположение верно, письмо следует датировать концом января и оно написано позднее, чем письмо от 24 января, на котором рукой Черткова поставлен № 173. Не вполне исключена, однако, возможность и другой датировки. Возможно, что комментируемое письмо является ответом на приглашение Черткова приехать к нему в Крёкшино, куда он неоднократно приглашал Толстого в конце 1887 года и куда, действительно, Толстой приезжал в первых числах января 1888 года. В этом случае оно должно было быть написано после того, как П. И. Бирюков, о котором упоминается в этом письме, приезжавший в конце декабря (1887 года к Чертковым в Крёкшино из Петербурга, побывал у Толстого. Если Толстой имел в виду приезд в Крёкшино, то письмо могло быть написано в последних числах декабря 1887 г. или в первых числах января 1888 года.
      </p>
     </note>
    </noteGrp>
   </div>
  </body>
 </text>
</TEI>
