<?xml version="1.0" encoding="utf-8"?>
<TEI xmlns="http://www.tei-c.org/ns/1.0" xmlns:xi="http://www.w3.org/2001/XInclude">
 <teiHeader>
  <fileDesc>
   <titleStmt>
    <title xml:id="v86_171_dekabrya20">
     Письма и документы. Tolstoy Digital
    </title>
    <title type="main">
     В. Г. Черткову от 20 декабря 1887 г.
    </title>
    <title type="bibl">
     Толстой Л. Н. В. Г. Черткову, 20 декабря 1887 г. // Толстой Л. Н. Полное собрание сочинений: в 90 тт. Т. 86. М.: Гос. изд. «Художественная литература», 1935. С.
    </title>
    <respStmt>
     <resp>
      Идея, постановка задач, руководство:
     </resp>
     <name>
      Анастасия Бонч-Осмоловская, Фёкла Толстая, Борис Орехов, Тимофей Лукашевский
     </name>
    </respStmt>
    <respStmt>
     <resp>
      Подготовка TEI/XML:
     </resp>
     <name>
      Евгений Можаев, Даниил Скоринкин, Ирина Павлова, Матвей Колбасов, Елена Сидорова, Кирилл Милинцевич, Лев Буланов, Макар Федоров, Константин Петров
     </name>
    </respStmt>
    <respStmt>
     <resp>
      Подготовка метаданных:
     </resp>
     <name>
      Мария Картышева, Вероника Файнберг
     </name>
    </respStmt>
    <respStmt>
     <resp>
      Разметка имен собственных:
     </resp>
     <name>
      Никита Северин, Елена Северина
     </name>
    </respStmt>
    <respStmt>
     <resp>
      Исправление древнегреческого текста:
     </resp>
     <name>
      Ольга Алиева
     </name>
    </respStmt>
    <funder>
     Проект «Слово Толстого»
    </funder>
   </titleStmt>
   <publicationStmt>
    <publisher>
     <orgName>
      Tolstoy Digital, DH CLOUD, Научно-образовательный союз «Родное Слово» проект «Слово Толстого»
     </orgName>
    </publisher>
    <availability>
     <p id="b9d387de-c103-4bb0-ae96-d57947addd64">
      Тексты и метатекстовая разметка доступны для свободного использования и распространения по лицензии Creative Commons Attribution Share-Alike (cc by-sa)
     </p>
    </availability>
    <date from="2015" to="2022"/>
   </publicationStmt>
   <notesStmt>
    <note>
     Публикуемые документы был получены с сайта tolstoy.ru в формате html, переведены в формат TEI. Исправлены некоторые ошибки распознавания. Тексты, написанные в дореформенной орфографии, сопоставлены с их версиями в современной орфографии.
    </note>
   </notesStmt>
   <sourceDesc>
    <biblStruct>
     <analytic>
      <author>
       Толстой Лев Николаевич
      </author>
     </analytic>
     <monogr>
      <title level="m">
       Полное собрание сочинений. Том 86
      </title>
      <imprint>
       <pubPlace>
        Москва
       </pubPlace>
       <publisher>
        Государственное издательство «Художественная литература»
       </publisher>
       <date when="1935"/>
      </imprint>
      <biblScope unit="vol">
       86
      </biblScope>
      <biblScope unit="page">
       110-111
      </biblScope>
     </monogr>
     <series>
      <title level="s">
       Л. Н. Толстой. Полное собрание сочинений: в 90 тт.
      </title>
     </series>
    </biblStruct>
    <bibl/>
   </sourceDesc>
  </fileDesc>
  <encodingDesc>
   <classDecl>
    <xi:include href="../../reference/taxonomy.xml"/>
   </classDecl>
  </encodingDesc>
  <profileDesc>
   <correspDesc>
    <correspAction type="sending">
     <persName ref="13883">
      Л. Н. Толстой
     </persName>
     <placeName>
      Москва
     </placeName>
     <date when="1887-12-20"/>
    </correspAction>
    <correspAction type="receiving">
     <persName ref="15284">
      Чертков Владимир Григорьевич
     </persName>
    </correspAction>
   </correspDesc>
   <langUsage>
    <language ident="ru"/>
    <language ident="ru-petr1708"/>
   </langUsage>
   <textClass>
    <catRef ana="#tolstoy_heritage" target="library"/>
    <catRef ana="#letters" target="type"/>
    <catRef ana="#sent" target="sent"/>
   </textClass>
  </profileDesc>
 </teiHeader>
 <xenoData>
  <number type="in a volume">
   171
  </number>
 </xenoData>
 <text xml:id="dekabrya20_171" xmlns="http://www.tei-c.org/ns/1.0" xmlns:xi="http://www.w3.org/2001/XInclude">
  <body>
   <div>
    <pb n="110"/>
    <opener index="false">
     * 171.1887 г. Декабря 20. Москва.
    </opener>
    <p id="102f11da-46e3-4c78-bb82-b441583fb771">
     Посылаю
     <choice>
      <reg>
       вам
      </reg>
      <orig>
       вамъ
      </orig>
     </choice>
     , милый
     <choice>
      <reg>
       друг
      </reg>
      <orig>
       другъ
      </orig>
     </choice>
     , ребенка. Все
     <choice>
      <reg>
       сделалось
      </reg>
      <orig>
       сдѣлалось
      </orig>
     </choice>
     легко. Боюсь за
     <choice>
      <reg>
       мороз
      </reg>
      <orig>
       морозъ
      </orig>
     </choice>
     , но и боюсь держать
     <choice>
      <reg>
       без
      </reg>
      <orig>
       безъ
      </orig>
     </choice>
     матери. Очень
     <choice>
      <reg>
       жалею
      </reg>
      <orig>
       жалѣю
      </orig>
     </choice>
     , что
     <choice>
      <reg>
       сам
      </reg>
      <orig>
       самъ
      </orig>
     </choice>
     <hi>
      не могу
     </hi>
     <choice>
      <reg>
       приехать
      </reg>
      <orig>
       прiѣхать
      </orig>
     </choice>
     . Посылаю письмо Директора.
     <hi>
      1
     </hi>
     <choice>
      <reg>
       Ответьте
      </reg>
      <orig>
       Отвѣтьте
      </orig>
     </choice>
     ему о матери. Помогай
     <choice>
      <reg>
       вам
      </reg>
      <orig>
       вамъ
      </orig>
     </choice>
     <choice>
      <reg>
       Бог
      </reg>
      <orig>
       Богъ
      </orig>
     </choice>
     . Я тороплюсь
     <choice original_editorial_correction="заня[ться]">
      <sic>
       заня
      </sic>
      <corr>
       заняться
      </corr>
     </choice>
     .
    </p>
    <p id="c57d9b0a-9535-4863-be3d-1330d5bf7495" rend="right">
     <choice>
      <reg>
       Любящий
      </reg>
      <orig>
       Любящій
      </orig>
     </choice>
     <choice>
      <reg>
       вас
      </reg>
      <orig>
       васъ
      </orig>
     </choice>
     Л. Т.
    </p>
    <noteGrp type="comments">
     <note index="false" type="comments">
      <p id="40484b42-8cfb-4f39-8bb3-031bfbc929e2" rend="Textpetit_otstup left">
       Печатается впервые. Написано на обрывке листка почтовой бумаги. На подлиннике надпись черным карандашом рукой Черткова: «№ 169, М. Дек. 87». Судя по тому, что Толстой пишет «посылаю... ребенка», а телеграмма о выезде женщины с ребенком помечена 20 декабря, надо думать, что записка эта была написана 20 декабря и, вероятно, послана с женщиной, везшей ребенка.
      </p>
     </note>
    </noteGrp>
   </div>
  </body>
 </text>
</TEI>
