<?xml version="1.0" encoding="utf-8"?>
<TEI xmlns="http://www.tei-c.org/ns/1.0" xmlns:xi="http://www.w3.org/2001/XInclude">
 <teiHeader>
  <fileDesc>
   <titleStmt>
    <title xml:id="v87_347_a24">
     Письма и документы. Tolstoy Digital
    </title>
    <title type="main">
     Письмо В. Г. Черткову от 24 сентября 1893 г.
    </title>
    <title type="bibl">
     Толстой Л. Н. Письмо В. Г. Черткову, 24 сентября 1893 г. // Толстой Л. Н. Полное собрание сочинений: в 90 тт. Т. 87. М.: Гос. изд. «Художественная литература», 1935. С.
    </title>
    <respStmt>
     <resp>
      Идея, постановка задач, руководство:
     </resp>
     <name>
      Анастасия Бонч-Осмоловская, Фёкла Толстая, Борис Орехов, Тимофей Лукашевский
     </name>
    </respStmt>
    <respStmt>
     <resp>
      Подготовка TEI/XML:
     </resp>
     <name>
      Евгений Можаев, Даниил Скоринкин, Ирина Павлова, Матвей Колбасов, Елена Сидорова, Кирилл Милинцевич, Лев Буланов, Макар Федоров, Константин Петров
     </name>
    </respStmt>
    <respStmt>
     <resp>
      Подготовка метаданных:
     </resp>
     <name>
      Мария Картышева, Вероника Файнберг
     </name>
    </respStmt>
    <respStmt>
     <resp>
      Разметка имен собственных:
     </resp>
     <name>
      Никита Северин, Елена Северина
     </name>
    </respStmt>
    <respStmt>
     <resp>
      Исправление древнегреческого текста:
     </resp>
     <name>
      Ольга Алиева
     </name>
    </respStmt>
    <funder>
     Проект «Слово Толстого»
    </funder>
   </titleStmt>
   <publicationStmt>
    <publisher>
     <orgName>
      Tolstoy Digital, DH CLOUD, Научно-образовательный союз «Родное Слово» проект «Слово Толстого»
     </orgName>
    </publisher>
    <availability>
     <p id="4ac772cb-0521-4e41-81e7-27b6a6b26639">
      Тексты и метатекстовая разметка доступны для свободного использования и распространения по лицензии Creative Commons Attribution Share-Alike (cc by-sa)
     </p>
    </availability>
    <date from="2015" to="2022"/>
   </publicationStmt>
   <notesStmt>
    <note>
     Публикуемые документы был получены с сайта tolstoy.ru в формате html, переведены в формат TEI. Исправлены некоторые ошибки распознавания. Тексты, написанные в дореформенной орфографии, сопоставлены с их версиями в современной орфографии.
    </note>
   </notesStmt>
   <sourceDesc>
    <biblStruct>
     <analytic>
      <author>
       Толстой Лев Николаевич
      </author>
     </analytic>
     <monogr>
      <title level="m">
       Полное собрание сочинений. Том 87
      </title>
      <imprint>
       <pubPlace>
        Москва
       </pubPlace>
       <publisher>
        Государственное издательство «Художественная литература»
       </publisher>
       <date when="1935"/>
      </imprint>
      <biblScope unit="vol">
       87
      </biblScope>
      <biblScope unit="page">
       225-226
      </biblScope>
     </monogr>
     <series>
      <title level="s">
       Л. Н. Толстой. Полное собрание сочинений: в 90 тт.
      </title>
     </series>
    </biblStruct>
    <bibl/>
   </sourceDesc>
  </fileDesc>
  <encodingDesc>
   <classDecl>
    <xi:include href="../../reference/taxonomy.xml"/>
   </classDecl>
  </encodingDesc>
  <profileDesc>
   <correspDesc>
    <correspAction type="sending">
     <persName ref="13883">
      Л. Н. Толстой
     </persName>
     <placeName>
      Ясная Поляна
     </placeName>
     <date when="1893-09-24"/>
    </correspAction>
    <correspAction type="receiving">
     <persName ref="15284">
      Чертков Владимир Григорьевич
     </persName>
    </correspAction>
   </correspDesc>
   <langUsage>
    <language ident="ru"/>
    <language ident="ru-petr1708"/>
   </langUsage>
   <textClass>
    <catRef ana="#tolstoy_heritage" target="library"/>
    <catRef ana="#letters" target="type"/>
    <catRef ana="#sent" target="sent"/>
   </textClass>
  </profileDesc>
 </teiHeader>
 <xenoData>
  <number type="in a volume">
   347
  </number>
 </xenoData>
 <text xml:id="a24_347" xmlns="http://www.tei-c.org/ns/1.0" xmlns:xi="http://www.w3.org/2001/XInclude">
  <body>
   <div>
    <pb n="225"/>
    <opener index="false">
     * 347.1893 г. Сентября 24. Я. П.
    </opener>
    <p id="b2c16dcf-f641-4071-a61d-f76d4d686692">
     <choice>
      <reg>
       Разумеется
      </reg>
      <orig>
       Разумѣется
      </orig>
     </choice>
     , если эти давно
     <choice>
      <reg>
       написанные
      </reg>
      <orig>
       написанныя
      </orig>
     </choice>
     мною слова молитвы
     <ref target="#note1">
      1
     </ref>
     <note index="false" resp="volume_editor" xml:id="note1">
      Хранившийся у Черткова вместе с различными черновыми бумагами, написанный Толстым листок, начинающийся словами: «Что я здесь, брошенный среди мира этого...» Напечатан впервые в книжке: «Мысли о Боге.
      <name placement="note" ref="13883" type="person">
       Л. Н. Толстого
      </name>
      », под редакцией В. Г. Черткова, изд. «Свободного слова», Christchurch, England, 1900.
     </note>
     нужны кому нибудь, то пусть
     <choice>
      <reg>
       спишут
      </reg>
      <orig>
       спишутъ
      </orig>
     </choice>
     <choice>
      <reg>
       их
      </reg>
      <orig>
       ихъ
      </orig>
     </choice>
     .
    </p>
    <p id="eb02215d-c07c-4a1a-884c-6f9443dd6823">
     <hi>
      2
     </hi>
     <choice>
      <reg>
       К
      </reg>
      <orig>
       Къ
      </orig>
     </choice>
     <choice>
      <reg>
       нам
      </reg>
      <orig>
       намъ
      </orig>
     </choice>
     <choice>
      <reg>
       пришел
      </reg>
      <orig>
       пришелъ
      </orig>
     </choice>
     <choice>
      <reg>
       <name placement="note" ref="7806" type="person">
        Леонтьев
       </name>
      </reg>
      <orig>
       <name placement="note" ref="7806" type="person">
        Леонтьевъ
       </name>
      </orig>
     </choice>
     <ref target="#note2">
      2
     </ref>
     <note index="false" resp="volume_editor" xml:id="note2">
      <name placement="note" ref="7806" type="person">
       Борис Николаевич Леонтьев
      </name>
      (ум. 1909), бывший воспитанник пажеского корпуса, в конце восьмидесятых годов познакомившись с религиозно-философским учением Толстого, начал сочувствовать его взглядам. В декабре 1891 г. приехал к Толстому в Бегичевку и некоторое время работал по устройству столовых для голодающих. Участвовал в земледельческих общинах и летом 1893 г. предполагал вместе со Скороходовым и Бодянским устроить земледельческую общину на Кавказе. Приехав с Кавказа в Ясную поляну в сентябре, он прожил в Ясной поляне и на хуторе Овсянниково, где жила М. А. Шмидт, до
      <hi style="opdelimiter">
       начала
      </hi>
      <hi style="npdelimiter">
       ноября
      </hi>
      1893 г., когда уехал в Полтаву. Толстой писал об его пребывании в письме к С. А. Толстой от 20 октября 1893 г.: «Леонтьев оканчивает свою переписку, и мне жалко его. Он такой тихий, спокойный и серьезный, мне очень симпатичный человек». (ПЖ, стр. 459.) В 1909 году покончил жизнь самоубийством.
     </note>
     <choice>
      <reg>
       с
      </reg>
      <orig>
       съ
      </orig>
     </choice>
     Кавказа. Я его очень люблю.
     <choice>
      <reg>
       Он
      </reg>
      <orig>
       Онъ
      </orig>
     </choice>
     <choice>
      <reg>
       едет
      </reg>
      <orig>
       ѣдетъ
      </orig>
     </choice>
     <choice>
      <reg>
       в
      </reg>
      <orig>
       въ
      </orig>
     </choice>
     Полтаву.
    </p>
    <p id="b4a2654e-415e-4237-8a37-fd55efdaf612">
     Пишите
     <choice>
      <reg>
       мне
      </reg>
      <orig>
       мнѣ
      </orig>
     </choice>
     .
    </p>
    <p id="00c0da78-b4ac-43a4-a437-3c9f3e4fe699">
     Я все по старому — пытаюсь писать, но не втянулся хорошенько.
    </p>
    <p id="8487ccd3-8b04-40b8-be2d-c5dc09a9337e">
     Пишите про себя. У
     <choice>
      <reg>
       вас
      </reg>
      <orig>
       васъ
      </orig>
     </choice>
     тоже много начатой работы. Надо кончать.
    </p>
    <p id="5c3ed5af-47e3-4662-92ae-65be56da09de">
     <choice>
      <reg>
       Привет
      </reg>
      <orig>
       Привѣтъ
      </orig>
     </choice>
     <choice>
      <reg>
       вашим
      </reg>
      <orig>
       вашимъ
      </orig>
     </choice>
     .
    </p>
    <p id="cdac1828-0b3d-420c-a63f-c729e69ebc63" rend="right">
     Л. Т.
    </p>
    <lb/>
    <p id="ec56296c-d7f6-442c-9432-f7859f1d7564">
     <hi>
      На обороте:
     </hi>
     Воронежской
     <choice>
      <reg>
       губернии
      </reg>
      <orig>
       губерніи
      </orig>
     </choice>
     <choice>
      <reg>
       Станция
      </reg>
      <orig>
       Станція
      </orig>
     </choice>
     Россоша, В. Г. Черткову.
    </p>
    <noteGrp type="comments">
     <note index="false" type="comments">
      <p id="3fcd29c4-4e4e-426c-a75d-0ffd46e02a26" rend="Textpetit_otstup left">
       Публикуется впервые. Письмо написано на бланке закрытого письма (секретка). Почтовый штемпель: «почтовый вагон 25 сентября». На подлиннике надпись черным карандашом:
       <hi>
        «№
       </hi>
       342 Ясн. Пол. 24 или 25 сент. 93 г.» Датируется днем, предшествовавшим дате почтового штемпеля.
      </p>
     </note>
     <note index="false" type="comments">
      <p id="bf1cbddd-9a40-4f11-a40a-3617148bc1b1" rend="petit">
       Ответ на письма Черткова от 18 и 20 сентября. В первом из этих писем Чертков писал: «И. М. Трегубов перед своим отъездом отсюда хотел сделать для себя прилагаемую выписку из моих тетрадей с вашими писаниями; но так как содержание этой выписки довольно “интимного” характера, то я попросил его подождать, пока я не узнаю от вас, что вы против этого ничего не имеете».
      </p>
     </note>
     <note index="false" type="comments">
      <p id="14dd9e45-e621-4f33-bc83-5707380fa6fb" rend="petit">
       Во втором письме Чертков передавал просьбу Е. Н. Дрожжина сообщить адрес Леонтьева.
      </p>
     </note>
    </noteGrp>
   </div>
  </body>
 </text>
</TEI>
