<?xml version="1.0" encoding="utf-8"?>
<TEI xmlns="http://www.tei-c.org/ns/1.0" xmlns:xi="http://www.w3.org/2001/XInclude">
 <teiHeader>
  <fileDesc>
   <titleStmt>
    <title xml:id="v87_319_avgusta11">
     Письма и документы. Tolstoy Digital
    </title>
    <title type="main">
     Письмо В. Г. Черткову от 11 августа 1892 г.
    </title>
    <title type="bibl">
     Толстой Л. Н. Письмо В. Г. Черткову, 11 августа 1892 г. // Толстой Л. Н. Полное собрание сочинений: в 90 тт. Т. 87. М.: Гос. изд. «Художественная литература», 1935. С.
    </title>
    <respStmt>
     <resp>
      Идея, постановка задач, руководство:
     </resp>
     <name>
      Анастасия Бонч-Осмоловская, Фёкла Толстая, Борис Орехов, Тимофей Лукашевский
     </name>
    </respStmt>
    <respStmt>
     <resp>
      Подготовка TEI/XML:
     </resp>
     <name>
      Евгений Можаев, Даниил Скоринкин, Ирина Павлова, Матвей Колбасов, Елена Сидорова, Кирилл Милинцевич, Лев Буланов, Макар Федоров, Константин Петров
     </name>
    </respStmt>
    <respStmt>
     <resp>
      Подготовка метаданных:
     </resp>
     <name>
      Мария Картышева, Вероника Файнберг
     </name>
    </respStmt>
    <respStmt>
     <resp>
      Разметка имен собственных:
     </resp>
     <name>
      Никита Северин, Елена Северина
     </name>
    </respStmt>
    <respStmt>
     <resp>
      Исправление древнегреческого текста:
     </resp>
     <name>
      Ольга Алиева
     </name>
    </respStmt>
    <funder>
     Проект «Слово Толстого»
    </funder>
   </titleStmt>
   <publicationStmt>
    <publisher>
     <orgName>
      Tolstoy Digital, DH CLOUD, Научно-образовательный союз «Родное Слово» проект «Слово Толстого»
     </orgName>
    </publisher>
    <availability>
     <p id="b6f31ac3-0483-4717-ab51-612d87b9253b">
      Тексты и метатекстовая разметка доступны для свободного использования и распространения по лицензии Creative Commons Attribution Share-Alike (cc by-sa)
     </p>
    </availability>
    <date from="2015" to="2022"/>
   </publicationStmt>
   <notesStmt>
    <note>
     Публикуемые документы был получены с сайта tolstoy.ru в формате html, переведены в формат TEI. Исправлены некоторые ошибки распознавания. Тексты, написанные в дореформенной орфографии, сопоставлены с их версиями в современной орфографии.
    </note>
   </notesStmt>
   <sourceDesc>
    <biblStruct>
     <analytic>
      <author>
       Толстой Лев Николаевич
      </author>
     </analytic>
     <monogr>
      <title level="m">
       Полное собрание сочинений. Том 87
      </title>
      <imprint>
       <pubPlace>
        Москва
       </pubPlace>
       <publisher>
        Государственное издательство «Художественная литература»
       </publisher>
       <date when="1935"/>
      </imprint>
      <biblScope unit="vol">
       87
      </biblScope>
      <biblScope unit="page">
       157-159
      </biblScope>
     </monogr>
     <series>
      <title level="s">
       Л. Н. Толстой. Полное собрание сочинений: в 90 тт.
      </title>
     </series>
    </biblStruct>
    <bibl/>
   </sourceDesc>
  </fileDesc>
  <encodingDesc>
   <classDecl>
    <xi:include href="../../reference/taxonomy.xml"/>
   </classDecl>
  </encodingDesc>
  <profileDesc>
   <correspDesc>
    <correspAction type="sending">
     <persName ref="13883">
      Л. Н. Толстой
     </persName>
     <placeName>
      Ясная Поляна
     </placeName>
     <date when="1892-08-11"/>
    </correspAction>
    <correspAction type="receiving">
     <persName ref="15284">
      Чертков Владимир Григорьевич
     </persName>
    </correspAction>
   </correspDesc>
   <langUsage>
    <language ident="ru"/>
    <language ident="ru-petr1708"/>
   </langUsage>
   <textClass>
    <catRef ana="#tolstoy_heritage" target="library"/>
    <catRef ana="#letters" target="type"/>
    <catRef ana="#sent" target="sent"/>
   </textClass>
  </profileDesc>
 </teiHeader>
 <xenoData>
  <number type="in a volume">
   319
  </number>
 </xenoData>
 <text xml:id="avgusta11_319" xmlns="http://www.tei-c.org/ns/1.0" xmlns:xi="http://www.w3.org/2001/XInclude">
  <body>
   <div>
    <pb n="157"/>
    <opener index="false">
     * 319.1892 г. Августа 11. Я. П.
    </opener>
    <p id="e4a0c0d4-1885-4b02-93cc-49ae38c93ee1">
     Боюсь, начинаю писать на
     <choice>
      <reg>
       письме
      </reg>
      <orig>
       письмѣ
      </orig>
     </choice>
     <choice original_editorial_correction="Ев[гения]">
      <sic>
       Ев
      </sic>
      <corr>
       <choice>
        <reg>
         Евгения
        </reg>
        <orig>
         Евгенія
        </orig>
       </choice>
      </corr>
     </choice>
     Ивановича]
     <ref target="#note1">
      1
     </ref>
     <note index="false" resp="volume_editor" xml:id="note1">
      Повидимому, Толстой предполагал первоначально написать письмо в виде приписки к письму Е. И. Попова Черткову, но затем решил написать свое письмо на отдельном листке. Е. И. Попов приехал к Толстому в Бегичевку 24 июля с тем, чтобы помочь ему в качестве переписчика книги «Царство Божие внутри вас», рукопись которой он должен был по окончании отвезти к Черткову. Из Бегичевки Е. И. Попов переехал в Ясную поляну, где и продолжал помогать Толстому, переписывая его рукописи. Из Ясной поляны Е. И. Попов уехал около 20 ноября.
     </note>
     и испорчу и нельзя
     <choice>
      <reg>
       будет
      </reg>
      <orig>
       будетъ
      </orig>
     </choice>
     переписать, а хочется написать на ваше
     <choice>
      <reg>
       последнее
      </reg>
      <orig>
       послѣднее
      </orig>
     </choice>
     письмо о вашей милой,
     <choice>
      <reg>
       бедной
      </reg>
      <orig>
       бѣдной
      </orig>
     </choice>
     <choice>
      <reg>
       жене
      </reg>
      <orig>
       женѣ
      </orig>
     </choice>
     . Разсуждать
     <choice>
      <reg>
       мне
      </reg>
      <orig>
       мнѣ
      </orig>
     </choice>
     о ней и, главное, осуждать,
     <choice>
      <reg>
       мне
      </reg>
      <orig>
       мнѣ
      </orig>
     </choice>
     <choice>
      <reg>
       уж
      </reg>
      <orig>
       ужъ
      </orig>
     </choice>
     <choice>
      <reg>
       никак
      </reg>
      <orig>
       никакъ
      </orig>
     </choice>
     не приходится. Я
     <choice>
      <reg>
       более
      </reg>
      <orig>
       болѣе
      </orig>
     </choice>
     «
     <choice>
      <reg>
       бедный
      </reg>
      <orig>
       бѣдный
      </orig>
     </choice>
     »,
     <choice>
      <reg>
       чем
      </reg>
      <orig>
       чѣмъ
      </orig>
     </choice>
     она, если и не
     <choice>
      <reg>
       ем
      </reg>
      <orig>
       ѣмъ
      </orig>
     </choice>
     мяса, но
     <choice>
      <reg>
       делаю
      </reg>
      <orig>
       дѣлаю
      </orig>
     </choice>
     много хуже. Сказать же все таки скажу, чтó думалось, читая ваше письмо, и вы
     <choice>
      <reg>
       мне
      </reg>
      <orig>
       мнѣ
      </orig>
     </choice>
     и она
     <choice>
      <reg>
       скажет
      </reg>
      <orig>
       скажетъ
      </orig>
     </choice>
     обо
     <choice>
      <reg>
       мне
      </reg>
      <orig>
       мнѣ
      </orig>
     </choice>
     , чтó
     <choice>
      <reg>
       мне
      </reg>
      <orig>
       мнѣ
      </orig>
     </choice>
     на пользу.
     <choice>
      <reg>
       Думал
      </reg>
      <orig>
       Думалъ
      </orig>
     </choice>
     я
     <choice>
      <reg>
       вот
      </reg>
      <orig>
       вотъ
      </orig>
     </choice>
     чтó: Ужасно страшно усомниться
     <choice>
      <reg>
       в
      </reg>
      <orig>
       въ
      </orig>
     </choice>
     истинности истины.
     <choice>
      <reg>
       Ведь
      </reg>
      <orig>
       Вѣдь
      </orig>
     </choice>
     <choice>
      <reg>
       стоит
      </reg>
      <orig>
       стоитъ
      </orig>
     </choice>
     только усомниться
     <choice>
      <reg>
       в
      </reg>
      <orig>
       въ
      </orig>
     </choice>
     <choice>
      <reg>
       том
      </reg>
      <orig>
       томъ
      </orig>
     </choice>
     , что 2 меньше
     <choice>
      <reg>
       3-х
      </reg>
      <orig>
       3-хъ
      </orig>
     </choice>
     , и все пропало. Стоить усомниться
     <choice>
      <reg>
       в
      </reg>
      <orig>
       въ
      </orig>
     </choice>
     <choice>
      <reg>
       том
      </reg>
      <orig>
       томъ
      </orig>
     </choice>
     , что
     <choice>
      <reg>
       более
      </reg>
      <orig>
       болѣе
      </orig>
     </choice>
     важное не
     <choice>
      <reg>
       более
      </reg>
      <orig>
       болѣе
      </orig>
     </choice>
     важно, и
     <choice>
      <reg>
       все
      </reg>
      <orig>
       всѣ
      </orig>
     </choice>
     <choice>
      <reg>
       соотношения
      </reg>
      <orig>
       соотношенія
      </orig>
     </choice>
     <choice>
      <reg>
       размеров
      </reg>
      <orig>
       размѣровъ
      </orig>
     </choice>
     потеряются и все пропало. Пропало, главное, для
     <choice>
      <reg>
       нас
      </reg>
      <orig>
       насъ
      </orig>
     </choice>
     , для
     <choice original_editorial_correction="кот[орых]">
      <sic>
       кот
      </sic>
      <corr>
       <choice>
        <reg>
         которых
        </reg>
        <orig>
         которыхъ
        </orig>
       </choice>
      </corr>
     </choice>
     не только
     <choice>
      <reg>
       нет
      </reg>
      <orig>
       нѣтъ
      </orig>
     </choice>
     <choice>
      <reg>
       других
      </reg>
      <orig>
       другихъ
      </orig>
     </choice>
     <choice>
      <reg>
       утешений
      </reg>
      <orig>
       утѣшеній
      </orig>
     </choice>
     , но
     <choice>
      <reg>
       нет
      </reg>
      <orig>
       нѣтъ
      </orig>
     </choice>
     и
     <choice>
      <reg>
       тех
      </reg>
      <orig>
       тѣхъ
      </orig>
     </choice>
     <choice>
      <reg>
       ширм
      </reg>
      <orig>
       ширмъ
      </orig>
     </choice>
     ,
     <choice original_editorial_correction="к[оторыми]">
      <sic>
       к
      </sic>
      <corr>
       которыми
      </corr>
     </choice>
     прежде
     <choice>
      <reg>
       загораживал
      </reg>
      <orig>
       загораживалъ
      </orig>
     </choice>
     <choice>
      <reg>
       от
      </reg>
      <orig>
       отъ
      </orig>
     </choice>
     себя то, чего не
     <choice>
      <reg>
       хотел
      </reg>
      <orig>
       хотѣлъ
      </orig>
     </choice>
     <choice>
      <reg>
       видеть
      </reg>
      <orig>
       видѣть
      </orig>
     </choice>
     . Ширмы
     <choice>
      <reg>
       все
      </reg>
      <orig>
       всѣ
      </orig>
     </choice>
     эти стали прозрачны — насквозь все видишь. А то, чтó
     <choice>
      <reg>
       утешало
      </reg>
      <orig>
       утѣшало
      </orig>
     </choice>
     и веселило,
     <choice>
      <reg>
       удручает
      </reg>
      <orig>
       удручаетъ
      </orig>
     </choice>
     . Что если
     <choice>
      <reg>
       б
      </reg>
      <orig>
       бъ
      </orig>
     </choice>
     мы
     <choice>
      <reg>
       с
      </reg>
      <orig>
       съ
      </orig>
     </choice>
     вами
     <choice>
      <reg>
       вдруг
      </reg>
      <orig>
       вдругъ
      </orig>
     </choice>
     <choice>
      <reg>
       решили
      </reg>
      <orig>
       рѣшили
      </orig>
     </choice>
     , что хорошо бы
     <choice>
      <reg>
       поездить
      </reg>
      <orig>
       поѣздить
      </orig>
     </choice>
     на охоту.
     <choice>
      <reg>
       Ведь
      </reg>
      <orig>
       Вѣдь
      </orig>
     </choice>
     не говоря
     <choice>
      <reg>
       уж
      </reg>
      <orig>
       ужъ
      </orig>
     </choice>
     о
     <choice>
      <reg>
       стыде
      </reg>
      <orig>
       стыдѣ
      </orig>
     </choice>
     не
     <choice>
      <reg>
       перед
      </reg>
      <orig>
       передъ
      </orig>
     </choice>
     людьми, передь собой, радости
     <choice>
      <reg>
       уж
      </reg>
      <orig>
       ужъ
      </orig>
     </choice>
     не было бы the zest of the thing is gone.
     <ref target="#note2">
      2
     </ref>
     <note index="false" resp="volume_editor" xml:id="note2">
      <hi rend="italic">
       соль вещи пропала
      </hi>
      .
     </note>
     А главное,
     <choice>
      <reg>
       после
      </reg>
      <orig>
       послѣ
      </orig>
     </choice>
     охоты
     <choice>
      <reg>
       уж
      </reg>
      <orig>
       ужъ
      </orig>
     </choice>
     ничего бы не осталось для
     <choice>
      <reg>
       нас
      </reg>
      <orig>
       насъ
      </orig>
     </choice>
     <choice>
      <reg>
       святого
      </reg>
      <orig>
       святаго
      </orig>
     </choice>
     . Стоить только
     <choice>
      <reg>
       в
      </reg>
      <orig>
       въ
      </orig>
     </choice>
     <choice>
      <reg>
       одном
      </reg>
      <orig>
       одномъ
      </orig>
     </choice>
     <choice>
      <reg>
       месте
      </reg>
      <orig>
       мѣстѣ
      </orig>
     </choice>
     надорвать
     <choice>
      <reg>
       холст
      </reg>
      <orig>
       холстъ
      </orig>
     </choice>
     и весь раздерется. Это дурная сторона того, что Галя начала опять
     <choice>
      <reg>
       есть
      </reg>
      <orig>
       ѣсть
      </orig>
     </choice>
     мясо, но хорошая та, что это
     <choice>
      <reg>
       отступление
      </reg>
      <orig>
       отступленіе
      </orig>
     </choice>
     —
     <choice>
      <reg>
       шаг
      </reg>
      <orig>
       шагъ
      </orig>
     </choice>
     <choice>
      <reg>
       назад
      </reg>
      <orig>
       назадъ
      </orig>
     </choice>
     ,
     <choice>
      <reg>
       надрыв
      </reg>
      <orig>
       надрывъ
      </orig>
     </choice>
     <choice>
      <reg>
       в
      </reg>
      <orig>
       въ
      </orig>
     </choice>
     <choice>
      <reg>
       полотне
      </reg>
      <orig>
       полотнѣ
      </orig>
     </choice>
     она
     <choice>
      <reg>
       сделала
      </reg>
      <orig>
       сдѣлала
      </orig>
     </choice>
     <choice>
      <reg>
       в
      </reg>
      <orig>
       въ
      </orig>
     </choice>
     <choice>
      <reg>
       самом
      </reg>
      <orig>
       самомъ
      </orig>
     </choice>
     ,
     <choice>
      <reg>
       в
      </reg>
      <orig>
       въ
      </orig>
     </choice>
     <choice>
      <reg>
       самом
      </reg>
      <orig>
       самомъ
      </orig>
     </choice>
     <choice>
      <reg>
       безопасном
      </reg>
      <orig>
       безопасномъ
      </orig>
     </choice>
     <choice>
      <reg>
       месте
      </reg>
      <orig>
       мѣстѣ
      </orig>
     </choice>
     .
     <choice>
      <reg>
       Ведь
      </reg>
      <orig>
       Вѣдь
      </orig>
     </choice>
     она не одна: я
     <choice>
      <reg>
       уверен
      </reg>
      <orig>
       увѣренъ
      </orig>
     </choice>
     , что на нее производится
     <choice>
      <reg>
       давление
      </reg>
      <orig>
       давленіе
      </orig>
     </choice>
     со
     <choice>
      <reg>
       всех
      </reg>
      <orig>
       всѣхъ
      </orig>
     </choice>
     <choice>
      <reg>
       сторон
      </reg>
      <orig>
       сторонъ
      </orig>
     </choice>
     , да оно не
     <choice>
      <reg>
       может
      </reg>
      <orig>
       можетъ
      </orig>
     </choice>
     не производиться, когда вся медицина это
     <choice>
      <reg>
       говорит
      </reg>
      <orig>
       говоритъ
      </orig>
     </choice>
     . А больному нельзя не
     <choice>
      <reg>
       верить
      </reg>
      <orig>
       вѣрить
      </orig>
     </choice>
     <choice>
      <reg>
       медицине
      </reg>
      <orig>
       медицинѣ
      </orig>
     </choice>
     .
     <choice>
      <reg>
       Ведь
      </reg>
      <orig>
       Вѣдь
      </orig>
     </choice>
     это
     <choice>
      <reg>
       нам
      </reg>
      <orig>
       намъ
      </orig>
     </choice>
     <choice>
      <reg>
       здоровым
      </reg>
      <orig>
       здоровымъ
      </orig>
     </choice>
     хорошо говорить. Это
     <choice>
      <reg>
       две
      </reg>
      <orig>
       двѣ
      </orig>
     </choice>
     <choice>
      <reg>
       первые
      </reg>
      <orig>
       первыя
      </orig>
     </choice>
     мысли,
     <choice original_editorial_correction="кот[орые]">
      <sic>
       кот
      </sic>
      <corr>
       <choice>
        <reg>
         которые
        </reg>
        <orig>
         которыя
        </orig>
       </choice>
      </corr>
     </choice>
     пришли
     <choice>
      <reg>
       мне
      </reg>
      <orig>
       мнѣ
      </orig>
     </choice>
     при
     <choice>
      <reg>
       чтении
      </reg>
      <orig>
       чтеніи
      </orig>
     </choice>
     вашего письма. Теперь же, когда пишу, думаю: и вы знаете это также,
     <choice>
      <reg>
       как
      </reg>
      <orig>
       какъ
      </orig>
     </choice>
     и я, и она
     <choice>
      <reg>
       знает
      </reg>
      <orig>
       знаетъ
      </orig>
     </choice>
     точно также, что жизнь, истинная жизнь, независима
     <choice>
      <reg>
       от
      </reg>
      <orig>
       отъ
      </orig>
     </choice>
     здоровья,
     <choice>
      <reg>
       скорее
      </reg>
      <orig>
       скорѣе
      </orig>
     </choice>
     <choice>
      <reg>
       в
      </reg>
      <orig>
       въ
      </orig>
     </choice>
     <choice>
      <reg>
       обратном
      </reg>
      <orig>
       обратномъ
      </orig>
     </choice>
     <choice>
      <reg>
       отношении
      </reg>
      <orig>
       отношеніи
      </orig>
     </choice>
     . И что
     <choice>
      <reg>
       поддержание
      </reg>
      <orig>
       поддержаніе
      </orig>
     </choice>
     здоровья для жизни есть поразительная
     <choice>
      <reg>
       иллюзия
      </reg>
      <orig>
       иллюзія
      </orig>
     </choice>
     . Я никогда
     <choice>
      <reg>
       так
      </reg>
      <orig>
       такъ
      </orig>
     </choice>
     не
     <choice>
      <reg>
       жил
      </reg>
      <orig>
       жилъ
      </orig>
     </choice>
     ,
     <choice>
      <reg>
       как
      </reg>
      <orig>
       какъ
      </orig>
     </choice>
     когда
     <choice>
      <reg>
       болел
      </reg>
      <orig>
       болѣлъ
      </orig>
     </choice>
     , и никогда
     <choice>
      <reg>
       так
      </reg>
      <orig>
       такъ
      </orig>
     </choice>
     мало не
     <choice>
      <reg>
       жил
      </reg>
      <orig>
       жилъ
      </orig>
     </choice>
     , не спускался низко,
     <choice>
      <reg>
       как
      </reg>
      <orig>
       какъ
      </orig>
     </choice>
     когда
     <choice>
      <reg>
       ботел
      </reg>
      <orig>
       ботѣлъ
      </orig>
     </choice>
     ,
     <ref target="#note3">
      3
     </ref>
     <note index="false" resp="volume_editor" xml:id="note3">
      Ботеть, то есть тучнеть — расти в ботву, а не в корень.
     </note>
     <choice>
      <reg>
       как
      </reg>
      <orig>
       какъ
      </orig>
     </choice>
     ботва на
     <choice>
      <reg>
       картофеле
      </reg>
      <orig>
       картофелѣ
      </orig>
     </choice>
     . —
    </p>
    <p id="429c4b14-4fa7-47bf-a6e1-1fe57f6fd887">
     <ref target="#note4">
      4
     </ref>
     <note index="false" resp="volume_editor" xml:id="note4">
      <hi>
       Абзац редактора.
      </hi>
     </note>
     Прощайте,
     <choice>
      <reg>
       целую
      </reg>
      <orig>
       цѣлую
      </orig>
     </choice>
     <choice>
      <reg>
       вас
      </reg>
      <orig>
       васъ
      </orig>
     </choice>
     . Нынче
     <choice>
      <reg>
       получил
      </reg>
      <orig>
       получилъ
      </orig>
     </choice>
     чудесное
     <hi style="opdelimiter">
      письмо
     </hi>
     <pb n="158"/>
     <hi style="npdelimiter">
      о
     </hi>
     жизни и
     <choice>
      <reg>
       страхе
      </reg>
      <orig>
       страхѣ
      </orig>
     </choice>
     смерти
     <choice>
      <reg>
       от
      </reg>
      <orig>
       отъ
      </orig>
     </choice>
     Русанова,
     <ref target="#note5">
      5
     </ref>
     <note index="false" resp="volume_editor" xml:id="note5">
      Толстой имеет в виду письмо Русанова, начатое 10 июля и оконченное 8 августа (АТБ). В этом письме Русанов писал, что с конца 1885 года перестал лечиться от своей основной болезни — сухотки спинного мозга, и обращался к доктору только в случае или какой-нибудь новой болезни, неизвестной ему или такой известной, в которой он по опыту знал, что можно помочь. — «Впрочем, — писал Русанов, — обращаясь к
      <hi style="opdelimiter">
       врачу
      </hi>
      <hi style="npdelimiter">
       я
      </hi>
      оставляю за собой полную свободу следовать или не следовать его совету, руководствуясь собственными размышлениями... Вы спрашиваете, дорогой
      <name placement="note" ref="13883" type="person">
       Лев Николаевич
      </name>
      , о моем теперешнем отношении к смерти. Прежде до начала 1883 года (когда я познакомился с произведениями, написанными Вами после “Анны Карениной”) я мучительно боялся смерти. Затем, благодаря Вам, перестал бояться и живу с тех пор спокойно. Только в редких случаях припадков головокружения, близких к потере сознания, бывших у меня раза
      <hi>
       четыре
      </hi>
      за последние годы, у меня к чрезвычайному огорчению и удивлению моему опять появлялось старинное тоскливобоязливое недоумение перед плотским концом... но припадок проходил и я опять начинал прежнюю державу свою. Каждый припадок я считаю экзаменом для себя, и мне всякий раз бывало больно, когда я не выдерживал его». (Далее Русанов писал о том, как при очень тяжелых болях у него дважды являлись мысли о допустимости самоубийства в таких случаях, но когда боли утихали, для него сразу же становилась несомненной непозволительность самоубийства «ни в каком случае».)
     </note>
     <choice original_editorial_correction="к[оторое]">
      <sic>
       к
      </sic>
      <corr>
       которое
      </corr>
     </choice>
     подтверждаете то, чтó пишу. Поша у
     <choice>
      <reg>
       нас
      </reg>
      <orig>
       насъ
      </orig>
     </choice>
     .
    </p>
    <p id="84ee57ce-b5c1-47bf-b6b3-fb36319f5816" rend="right">
     <name placement="text" ref="13883" type="person">
      Л. Толстой
     </name>
     .
    </p>
    <lb/>
    <p id="ef2dc033-6768-4e67-b446-c8a01dcdb969" rend="emptyline">
    </p>
    <p id="8dead9a1-2cc4-4180-b648-248f93d16c7d">
     Скажите Сопоцько, что я
     <choice>
      <reg>
       получил
      </reg>
      <orig>
       получилъ
      </orig>
     </choice>
     его письмо и очень
     <choice>
      <reg>
       рад
      </reg>
      <orig>
       радъ
      </orig>
     </choice>
     буду его
     <choice>
      <reg>
       видеть
      </reg>
      <orig>
       видѣть
      </orig>
     </choice>
     ;
     <ref target="#note6">
      6
     </ref>
     <note index="false" resp="volume_editor" xml:id="note6">
      <name placement="note" ref="13017" type="person">
       Михаил Аркадьевич Сопоцько
      </name>
      (р. 1870), учился в Московском университете, откуда был исключен в 1890 г. в связи с студенческими беспорядками и весной того же года выслан в Вологодскую губ. на два года. Познакомившись с учением Толстого, примыкал некоторое время к его единомышленникам и даже распространял запрещенные цензурой сочинения Толстого. В 1896 г. Сопоцько был арестован и выслан в Олонецкую губернию, как политически неблагонадежный. Впоследствии стал деятелем «Союза русского народа», много писал против Толстого и его взглядов в крайне оскорбительных, переходящих в ругань, выражениях. Летом 1892 г. М. А. Сопоцько вместе с другими лицами, приглашенными Чертковым, работал по организации помощи голодающим в Воронежской губ. Толстой имеет в виду письмо Сопоцько от 4 августа, в котором он писал, что хотел бы приехать в Бегичевку к Толстому. В Бегичевку Сопоцько приехал в октябре 1892 г. и работал там, организуя столовые для помощи голодающим, зимою 1892—1893 гг. О М. А. Сопоцько см. письма 1893 г., т. 66.
     </note>
     но что я
     <choice>
      <reg>
       в
      </reg>
      <orig>
       въ
      </orig>
     </choice>
     Ясной. Если же
     <choice>
      <reg>
       он
      </reg>
      <orig>
       онъ
      </orig>
     </choice>
     <choice>
      <reg>
       хочет
      </reg>
      <orig>
       хочетъ
      </orig>
     </choice>
     <choice>
      <reg>
       видеть
      </reg>
      <orig>
       видѣть
      </orig>
     </choice>
     наше
     <choice>
      <reg>
       дело
      </reg>
      <orig>
       дѣло
      </orig>
     </choice>
     , то пусть
     <choice>
      <reg>
       заедет
      </reg>
      <orig>
       заѣдетъ
      </orig>
     </choice>
     <choice>
      <reg>
       в
      </reg>
      <orig>
       въ
      </orig>
     </choice>
     <choice>
      <reg>
       Бегичевку
      </reg>
      <orig>
       Бѣгичевку
      </orig>
     </choice>
     . Поша его
     <choice>
      <reg>
       примет
      </reg>
      <orig>
       приметъ
      </orig>
     </choice>
     и все ему
     <choice>
      <reg>
       покажет
      </reg>
      <orig>
       покажетъ
      </orig>
     </choice>
     .
    </p>
    <noteGrp type="comments">
     <note index="false" type="comments">
      <p id="cd31fe51-394e-4275-97df-12aec3e57d6a" rend="Textpetit_otstup left">
       Печатается впервые. На подлиннике надпись рукой Черткова: «Я. П. 11 авг. № 314». Дата эта подтверждается словами Толстого: «нынче получил... письмо... Русанова». — На конверте письма Русанова имеется штемпель отправления: «Землянск, 9 августа», и надо думать, что оно должно было быть получено Толстым 11 августа.
      </p>
     </note>
     <note index="false" type="comments">
      <p id="bd0107f0-cdcc-4835-a874-f9588b124e3b" rend="petit">
       Толстой отвечает на письмо Черткова от 22 июля и, может быть, и на другое письмо, не сохранившееся в архивах. В письме от 22 июля Чертков писал, что его удручает страх, с которым А. К. Черткова относится к болезням их ребенка: «Чувствуется в этом такое недоверие к богу. Вместе с тем ее очень жаль... но решительно не знаю, как ей помочь. Никакого ободрения она в этом случае от меня не принимает. Видно мое собственное отношение к тому, от кого всё зависит, мало для нее привлекательно и не внушает ей доверия. И действительно я верно слишком часто и много сам изменяю своему богу, для того чтобы других к нему приближать. А всё ж таки так хотелось бы, чтобы Галя откуда-нибудь получила бы ту духовную помощь в этом отношении, в которой она так нуждается, и которую, повидимому, она сама не в силах раздобыть...»
      </p>
     </note>
     <note index="false" type="comments">
      <p id="4462bd75-5f60-4f09-a0e1-e446e47dbbe5" rend="petit">
       Возможно, что Чертков писал о настроении А.К. Чертковой и в другом письме, так как Толстой пишет ему в связи с известиями о том, что А. К. Черткова начала есть мясо для поддержания своего здоровья, о чем Чертков не упоминает в этом письме.
      </p>
     </note>
    </noteGrp>
   </div>
  </body>
 </text>
</TEI>
