<?xml version="1.0" encoding="utf-8"?>
<TEI xmlns="http://www.tei-c.org/ns/1.0" xmlns:xi="http://www.w3.org/2001/XInclude">
 <teiHeader>
  <fileDesc>
   <titleStmt>
    <title xml:id="v87_267_oktyabrya15">
     Письма и документы. Tolstoy Digital
    </title>
    <title type="main">
     Письмо В. Г. Черткову от 15 октября 1890 г.
    </title>
    <title type="bibl">
     Толстой Л. Н. Письмо В. Г. Черткову, 15 октября 1890 г. // Толстой Л. Н. Полное собрание сочинений: в 90 тт. Т. 87. М.: Гос. изд. «Художественная литература», 1935. С.
    </title>
    <respStmt>
     <resp>
      Идея, постановка задач, руководство:
     </resp>
     <name>
      Анастасия Бонч-Осмоловская, Фёкла Толстая, Борис Орехов, Тимофей Лукашевский
     </name>
    </respStmt>
    <respStmt>
     <resp>
      Подготовка TEI/XML:
     </resp>
     <name>
      Евгений Можаев, Даниил Скоринкин, Ирина Павлова, Матвей Колбасов, Елена Сидорова, Кирилл Милинцевич, Лев Буланов, Макар Федоров, Константин Петров
     </name>
    </respStmt>
    <respStmt>
     <resp>
      Подготовка метаданных:
     </resp>
     <name>
      Мария Картышева, Вероника Файнберг
     </name>
    </respStmt>
    <respStmt>
     <resp>
      Разметка имен собственных:
     </resp>
     <name>
      Никита Северин, Елена Северина
     </name>
    </respStmt>
    <respStmt>
     <resp>
      Исправление древнегреческого текста:
     </resp>
     <name>
      Ольга Алиева
     </name>
    </respStmt>
    <funder>
     Проект «Слово Толстого»
    </funder>
   </titleStmt>
   <publicationStmt>
    <publisher>
     <orgName>
      Tolstoy Digital, DH CLOUD, Научно-образовательный союз «Родное Слово» проект «Слово Толстого»
     </orgName>
    </publisher>
    <availability>
     <p id="f7ecd8a3-9856-4151-85df-9b9ca582bd40">
      Тексты и метатекстовая разметка доступны для свободного использования и распространения по лицензии Creative Commons Attribution Share-Alike (cc by-sa)
     </p>
    </availability>
    <date from="2015" to="2022"/>
   </publicationStmt>
   <notesStmt>
    <note>
     Публикуемые документы был получены с сайта tolstoy.ru в формате html, переведены в формат TEI. Исправлены некоторые ошибки распознавания. Тексты, написанные в дореформенной орфографии, сопоставлены с их версиями в современной орфографии.
    </note>
   </notesStmt>
   <sourceDesc>
    <biblStruct>
     <analytic>
      <author>
       Толстой Лев Николаевич
      </author>
     </analytic>
     <monogr>
      <title level="m">
       Полное собрание сочинений. Том 87
      </title>
      <imprint>
       <pubPlace>
        Москва
       </pubPlace>
       <publisher>
        Государственное издательство «Художественная литература»
       </publisher>
       <date when="1935"/>
      </imprint>
      <biblScope unit="vol">
       87
      </biblScope>
      <biblScope unit="page">
       48-50
      </biblScope>
     </monogr>
     <series>
      <title level="s">
       Л. Н. Толстой. Полное собрание сочинений: в 90 тт.
      </title>
     </series>
    </biblStruct>
    <bibl/>
   </sourceDesc>
  </fileDesc>
  <encodingDesc>
   <classDecl>
    <xi:include href="../../reference/taxonomy.xml"/>
   </classDecl>
  </encodingDesc>
  <profileDesc>
   <correspDesc>
    <correspAction type="sending">
     <persName ref="13883">
      Л. Н. Толстой
     </persName>
     <placeName>
      Ясная Поляна
     </placeName>
     <date when="1890-10-15"/>
    </correspAction>
    <correspAction type="receiving">
     <persName ref="15284">
      Чертков Владимир Григорьевич
     </persName>
    </correspAction>
   </correspDesc>
   <langUsage>
    <language ident="ru"/>
    <language ident="ru-petr1708"/>
   </langUsage>
   <textClass>
    <catRef ana="#tolstoy_heritage" target="library"/>
    <catRef ana="#letters" target="type"/>
    <catRef ana="#sent" target="sent"/>
   </textClass>
  </profileDesc>
 </teiHeader>
 <xenoData>
  <number type="in a volume">
   267
  </number>
 </xenoData>
 <text xml:id="oktyabrya15_267" xmlns="http://www.tei-c.org/ns/1.0" xmlns:xi="http://www.w3.org/2001/XInclude">
  <body>
   <div>
    <pb n="48"/>
    <opener index="false">
     * 267.1890 г. Октября 15? Я. П.
    </opener>
    <p id="bb427566-a824-4413-a5d5-3037eaa8cc33">
     Не помню, нужно ли
     <choice>
      <reg>
       вам
      </reg>
      <orig>
       вамъ
      </orig>
     </choice>
     <choice>
      <reg>
       отвечать
      </reg>
      <orig>
       отвѣчать
      </orig>
     </choice>
     еще на что нибудь. Пишу о
     <choice>
      <reg>
       том
      </reg>
      <orig>
       томъ
      </orig>
     </choice>
     , что меня теперь
     <choice>
      <reg>
       сейчас
      </reg>
      <orig>
       сейчасъ
      </orig>
     </choice>
     <ref target="#note1">
      1
     </ref>
     <note index="false" resp="volume_editor" xml:id="note1">
      <hi>
       Слово
      </hi>
      сейчас
      <hi>
       вписано между строк.
      </hi>
     </note>
     больше всего заняло и
     <choice>
      <reg>
       занимает
      </reg>
      <orig>
       занимаетъ
      </orig>
     </choice>
     . Я
     <choice>
      <reg>
       сейчас
      </reg>
      <orig>
       сейчасъ
      </orig>
     </choice>
     <choice>
      <reg>
       кончил
      </reg>
      <orig>
       кончилъ
      </orig>
     </choice>
     поправлять вашу статью
     <choice>
      <reg>
       об
      </reg>
      <orig>
       объ
      </orig>
     </choice>
     <choice>
      <reg>
       охоте
      </reg>
      <orig>
       охотѣ
      </orig>
     </choice>
     .
     <ref target="#note2">
      2
     </ref>
     <note index="false" resp="volume_editor" xml:id="note2">
      Статья В. Г. Черткова: «Злая забава. Мысли об охоте», с предисловием
      <name placement="note" ref="13883" type="person">
       Л. Толстого
      </name>
      , впервые напечатана в газете «Новое время» 1890, № 5284 от 13 ноября. Статья Черткова датирована 1 октября 1890 г. Отдельно издана под заглавием «Злая забава». Мысли об охоте В. Ч—ва, изд. «Посредник» для интеллигентных читателей, М. 1893.
     </note>
     Она очень хороша,
     <choice original_editorial_correction="п[отому]">
      <sic>
       п
      </sic>
      <corr>
       потому
      </corr>
     </choice>
     <choice original_editorial_correction="ч[то]">
      <sic>
       ч
      </sic>
      <corr>
       что
      </corr>
     </choice>
     полезна. Я
     <choice>
      <reg>
       поправлял
      </reg>
      <orig>
       поправлялъ
      </orig>
     </choice>
     ее и
     <choice>
      <reg>
       исключил
      </reg>
      <orig>
       исключилъ
      </orig>
     </choice>
     многое. Не
     <choice>
      <reg>
       жалейте
      </reg>
      <orig>
       жалѣйте
      </orig>
     </choice>
     .
     <choice>
      <reg>
       Мне
      </reg>
      <orig>
       Мнѣ
      </orig>
     </choice>
     кажется, я
     <choice>
      <reg>
       уверен
      </reg>
      <orig>
       увѣренъ
      </orig>
     </choice>
     даже, что
     <choice>
      <reg>
       так
      </reg>
      <orig>
       такъ
      </orig>
     </choice>
     <choice>
      <reg>
       с
      </reg>
      <orig>
       съ
      </orig>
     </choice>
     этими
     <choice>
      <reg>
       исключениями
      </reg>
      <orig>
       исключеніями
      </orig>
     </choice>
     , она
     <choice>
      <reg>
       будет
      </reg>
      <orig>
       будетъ
      </orig>
     </choice>
     <choice>
      <reg>
       сильнее
      </reg>
      <orig>
       сильнѣе
      </orig>
     </choice>
     .
     <choice>
      <reg>
       Отступления
      </reg>
      <orig>
       Отступленія
      </orig>
     </choice>
     ,
     <choice>
      <reg>
       переносящия
      </reg>
      <orig>
       переносящія
      </orig>
     </choice>
     <choice>
      <reg>
       интерес
      </reg>
      <orig>
       интересъ
      </orig>
     </choice>
     <choice>
      <reg>
       в
      </reg>
      <orig>
       въ
      </orig>
     </choice>
     другую область, всегда
     <choice>
      <reg>
       ослабляют
      </reg>
      <orig>
       ослабляютъ
      </orig>
     </choice>
     . И
     <choice>
      <reg>
       заключения
      </reg>
      <orig>
       заключенія
      </orig>
     </choice>
     не нужно никакого
     <choice>
      <reg>
       другого
      </reg>
      <orig>
       другаго
      </orig>
     </choice>
     . Я
     <choice>
      <reg>
       последнее
      </reg>
      <orig>
       послѣднее
      </orig>
     </choice>
     время
     <choice>
      <reg>
       стал
      </reg>
      <orig>
       сталъ
      </orig>
     </choice>
     не любить эти
     <choice>
      <reg>
       красноречивые
      </reg>
      <orig>
       краснорѣчивыя
      </orig>
     </choice>
     <choice>
      <reg>
       общия
      </reg>
      <orig>
       общія
      </orig>
     </choice>
     <choice>
      <reg>
       заключения
      </reg>
      <orig>
       заключенія
      </orig>
     </choice>
     . C’est un truc.
     <ref target="#note3">
      3
     </ref>
     <note index="false" resp="volume_editor" xml:id="note3">
      <hi rend="italic">
       Это искусственный прием
      </hi>
      .
     </note>
     И когда почитаешь
     <choice original_editorial_correction="франц[узския]">
      <sic>
       франц
      </sic>
      <corr>
       <choice>
        <reg>
         французския
        </reg>
        <orig>
         французскія
        </orig>
       </choice>
      </corr>
     </choice>
     и
     <choice>
      <reg>
       в
      </reg>
      <orig>
       въ
      </orig>
     </choice>
     особенности
     <choice original_editorial_correction="англ[ийския]">
      <sic>
       англ
      </sic>
      <corr>
       <choice>
        <reg>
         английския
        </reg>
        <orig>
         англійскія
        </orig>
       </choice>
      </corr>
     </choice>
     статьи
     <choice>
      <reg>
       с
      </reg>
      <orig>
       съ
      </orig>
     </choice>
     такими
     <choice>
      <reg>
       заключениями
      </reg>
      <orig>
       заключеніями
      </orig>
     </choice>
     , получишь
     <choice>
      <reg>
       к
      </reg>
      <orig>
       къ
      </orig>
     </choice>
     <choice>
      <reg>
       ним
      </reg>
      <orig>
       нимъ
      </orig>
     </choice>
     <choice>
      <reg>
       отвращение
      </reg>
      <orig>
       отвращеніе
      </orig>
     </choice>
     .
    </p>
    <p id="53d93e3b-f6da-4fec-9179-6deeef0c7784">
     Я
     <choice>
      <reg>
       написал
      </reg>
      <orig>
       написалъ
      </orig>
     </choice>
     <choice>
      <reg>
       несколько
      </reg>
      <orig>
       нѣсколько
      </orig>
     </choice>
     <choice>
      <reg>
       слов
      </reg>
      <orig>
       словъ
      </orig>
     </choice>
     <choice>
      <reg>
       предисловия
      </reg>
      <orig>
       предисловія
      </orig>
     </choice>
     , для того, чтобы дать
     <choice>
      <reg>
       статье
      </reg>
      <orig>
       статьѣ
      </orig>
     </choice>
     больше распространена. Благодарю
     <choice>
      <reg>
       вас
      </reg>
      <orig>
       васъ
      </orig>
     </choice>
     за книги.
     <ref target="#note4">
      4
     </ref>
     <note index="false" resp="volume_editor" xml:id="note4">
      М. Л. Толстая письмом от 30 сентября по поручению Толстого просила Черткова прислать книгу Терновского «Опыт руководства по церковной истории. Три первые века христианства», Киев, 1878, и другие материалы, которые были нужны Толстому, чтобы «кратко и кротко и ясно изобличить ложь церковного учения». Чертков письмом от 6 октября ответил, что посылает «Терновского, еще книгу от Вани по тому же предмету и английскую брошюру «Crimes of Christianity».
     </note>
     Я вчера
     <choice>
      <reg>
       получил
      </reg>
      <orig>
       получилъ
      </orig>
     </choice>
     <choice>
      <reg>
       их
      </reg>
      <orig>
       ихъ
      </orig>
     </choice>
     . Crimes of
     <choice original_editorial_correction="Christian[ity]">
      <sic>
       Christian
      </sic>
      <corr>
       Christianity
      </corr>
     </choice>
     <ref target="#note5">
      5
     </ref>
     <note index="false" resp="volume_editor" xml:id="note5">
      «Crimes of Christianity»
      <hi rend="italic">
       «Преступления христианства»
      </hi>
      by G. W. Foote and J. M. Wheeler, London 1885.
     </note>
     очень интересно.
     <choice>
      <reg>
       Нет
      </reg>
      <orig>
       Нѣтъ
      </orig>
     </choice>
     ли
     <hi style="opdelimiter">
      <choice>
       <reg>
        продолжения
       </reg>
       <orig>
        продолженія
       </orig>
      </choice>
      ?
     </hi>
    </p>
    <p id="96988424-d957-476b-9c2e-4c9a2f96faf6">
     <pb n="49"/>
     <hi style="npdelimiter">
      Здоровье
     </hi>
     мое поправилось и хочется писать. Но
     <choice>
      <reg>
       так
      </reg>
      <orig>
       такъ
      </orig>
     </choice>
     много,
     <choice>
      <reg>
       так
      </reg>
      <orig>
       такъ
      </orig>
     </choice>
     много
     <choice>
      <reg>
       разного
      </reg>
      <orig>
       разнаго
      </orig>
     </choice>
     нужно. Теперь кончаю
     <choice>
      <reg>
       заключения
      </reg>
      <orig>
       заключенія
      </orig>
     </choice>
     <choice>
      <reg>
       к
      </reg>
      <orig>
       къ
      </orig>
     </choice>
     <choice original_editorial_correction="декларац[ии]">
      <sic>
       декларац
      </sic>
      <corr>
       <choice>
        <reg>
         декларации
        </reg>
        <orig>
         деклараціи
        </orig>
       </choice>
      </corr>
     </choice>
     <choice original_editorial_correction="Гар[рисона]">
      <sic>
       Гар
      </sic>
      <corr>
       Гаррисона
      </corr>
     </choice>
     и
     <choice original_editorial_correction="Катехиз[ису]">
      <sic>
       Катехиз
      </sic>
      <corr>
       Катехизису
      </corr>
     </choice>
     Балу. Очень хочется написать ясно о
     <choice>
      <reg>
       значении
      </reg>
      <orig>
       значеніи
      </orig>
     </choice>
     <choice>
      <reg>
       заповеди
      </reg>
      <orig>
       заповѣди
      </orig>
     </choice>
     <choice>
      <reg>
       непротивления
      </reg>
      <orig>
       непротивленія
      </orig>
     </choice>
     . Я давно
     <choice>
      <reg>
       уж
      </reg>
      <orig>
       ужъ
      </orig>
     </choice>
     бьюсь
     <choice>
      <reg>
       с
      </reg>
      <orig>
       съ
      </orig>
     </choice>
     <choice>
      <reg>
       ЭТИМ
      </reg>
      <orig>
       ЭТИМЪ
      </orig>
     </choice>
     , теперь кажется, что
     <choice>
      <reg>
       выйдет
      </reg>
      <orig>
       выйдетъ
      </orig>
     </choice>
     . У
     <choice>
      <reg>
       вас
      </reg>
      <orig>
       васъ
      </orig>
     </choice>
     ли Поша?
     <ref target="#note6">
      6
     </ref>
     <note index="false" resp="volume_editor" xml:id="note6">
      П. И. Бирюков в начале октября гостил у кн. Д. А. Хилкова, в его небольшом имении в Сумском уезде Харьковской губ. и должен был оттуда приехать к Черткову.
     </note>
     Скажите ему, что его
     <choice>
      <reg>
       Диоген
      </reg>
      <orig>
       Діогенъ
      </orig>
     </choice>
     <ref target="#note7">
      7
     </ref>
     <note index="false" resp="volume_editor" xml:id="note7">
      О брошюре П. И. Бирюкова, изданной «Посредником» без фамилии автора: «Греческий мудрец Диоген», тип. И. Д. Сытина, М. 1891.
     </note>
     очень
     <choice>
      <reg>
       хорош
      </reg>
      <orig>
       хорошъ
      </orig>
     </choice>
     .
     <choice>
      <reg>
       Общия
      </reg>
      <orig>
       Общія
      </orig>
     </choice>
     <choice>
      <reg>
       рассуждения
      </reg>
      <orig>
       разсужденія
      </orig>
     </choice>
     прекрасны. И это не мое одно
     <choice>
      <reg>
       мнение
      </reg>
      <orig>
       мнѣніе
      </orig>
     </choice>
     , a
     <choice>
      <reg>
       всех
      </reg>
      <orig>
       всѣхъ
      </orig>
     </choice>
     , кто
     <choice>
      <reg>
       читал
      </reg>
      <orig>
       читалъ
      </orig>
     </choice>
     .
     <choice>
      <reg>
       Как
      </reg>
      <orig>
       Какъ
      </orig>
     </choice>
     здоровье Гали и ребенка? —
    </p>
    <p id="c3db005b-4c4e-4bb7-9f5f-6759e7f861e0">
     Еще
     <choice>
      <reg>
       получил
      </reg>
      <orig>
       получилъ
      </orig>
     </choice>
     я статью «
     <choice>
      <reg>
       Диана
      </reg>
      <orig>
       Діана
      </orig>
     </choice>
     »
     <ref target="#note8">
      8
     </ref>
     <note index="false" resp="volume_editor" xml:id="note8">
      «Diana. A psychophysiological essay on sexual relations for married men and women», Burns and C°, New-York 1887.
      <hi rend="italic">
       «Диана. Психофизиологический очерк о половых отношениях для женатых мужчин и женщин»
      </hi>
      . Об этой книге см. письмо Толстого к Н. Н. Страхову от 18 октября 1890 г., т. 65. К брошюре «Diana» было приложено письмо Элизы Бёрнз «К родителям и наставникам», которое Толстой перевел и напечатал со своим предисловием «Об отношении между полами» в «Неделе» 1890 г., ЭД 43. См. т. 27.
     </note>
     изъ Америки о полов[ыхъ] сношеніяхъ и написалъ изложеніе ея. Перевести ее всю было бы хуже и перевелъ приложенное къ ней письмо. Посылаю вамъ. Надо бы это напечатать и распространить. Какъ вы думаете? Отвѣчайте. Передайте мою любовь всѣмъ — Галѣ, Ванѣ, Матв[ѣю] Ник[олаевичу].
     <ref target="#note9">
      9
     </ref>
     <note index="false" resp="volume_editor" xml:id="note9">
      <hi/>
      <name placement="note" ref="15347" type="person">
       Матвей Николаевич Чистяков
      </name>
      .
     </note>
    </p>
    <p id="5d868b99-59fe-463c-8100-ecbd416e686f" rend="right">
     <name placement="text" ref="13883" type="person">
      Л. Толстой
     </name>
     .
    </p>
    <noteGrp type="comments">
     <note index="false" type="comments">
      <p id="b637d6ea-4b66-4c11-90a7-d434d44d7616" rend="Textpetit_otstup left">
       Полностью публикуется впервые. Отрывки напечатаны в ТЕ 1913, стр. 87—88. На подлиннике черным карандашом рукой Черткова: «18 окт. 90 Я. П. № 262». Дата эта не противоречит записи в Дневнике Толстого от 23 октября, в которой он, отмечая происшедшее с 15 октября, упомянул, что написал письмо Черткову. Возможно, однако, что письмо написано несколько раньше, так как Толстой пишет, что «сейчас кончил поправлять статью Черткова об охоте», а предисловие Толстого к этой статье помечено 15 октября. Так как следующее письмо Толстого написано, вероятно, 18 октября, то это письмо датируется условно 15 октября. Толстой после своего предыдущего письма Черткову получил от последнего несколько писем: в письме от 21 сентября Чертков писал о своем сознании материальной и духовной жизни; в письме от 4 октября, ошибочно помеченном Чертковым 4 сентября, Чертков писал: «Перед выездом из Кисловодска я случайно прочел в одной газете письмо, в котором какой-то охотник с развязностью и самоуверенностью опровергает статью какой-то г-жи Куприановой, направленную против охоты. Мне хотелось поддержать протест этой г-жи Куприановой, и я написал в этом смысле небольшое письмо, которое послал в редакцию той же газеты. Не знаю, напечатают ли. Это дало толчок моим мыслям, и во время переезда сюда я вспомнил свое прежнее отношение к охоте и потом изложил свои мысли в той рукописи, которую с этою же почтою посылаю вам заказною бандеролью в Тулу. Мне очень хотелось бы узнать ваше мнение о том, чтó я написал, если стòит того, то не укажете ли, чем следовало бы дополнить или что выпустить и вообще стоит ли по вашему мнению поместить эту статью в какой-нибудь газете? Может ли она быть сколько-нибудь полезна? Мне, разумеется,
       <hi>
        кажется
       </hi>
       , что да, иначе я этого не написал бы, но очень хотелось бы проверить себя помощью вашего мнения».
      </p>
     </note>
     <note index="false" type="comments">
      <p id="29f8c010-61e1-4f43-97aa-70cda438618a" rend="petit">
       В том же письме Чертков писал: «Я всё думаю про роль
       <hi>
        личности
       </hi>
       в нашей жизни. Мне кажется, что, сознавая в себе две жизни —
       <hi style="opdelimiter">
        плотскую
       </hi>
       <pb n="50"/>
       <hi style="npdelimiter">
        и
       </hi>
       жизнь сознания — и вникая в сущность этих жизней, приходится отнести понятие личности только к плотской жизни. Жизнь же сознания не имеет пределов и обособленности...»
      </p>
     </note>
     <note index="false" type="comments">
      <p id="a3f70c90-fa71-4c8a-aedc-74a6bdcc761a" rend="petit">
       Получение этого письма отмечено в Дневнике Толстого от 7—8 октября записью: «Письма об иконах от Золотарева и о личности от
       <choice original_editorial_correction="Ч[ерткова]">
        <sic>
         Ч
        </sic>
        <corr>
         Черткова
        </corr>
       </choice>
       , — слишком тонкое».
      </p>
     </note>
    </noteGrp>
   </div>
  </body>
 </text>
</TEI>
