<?xml version="1.0" encoding="utf-8"?>
<TEI xmlns="http://www.tei-c.org/ns/1.0" xmlns:xi="http://www.w3.org/2001/XInclude">
 <teiHeader>
  <fileDesc>
   <titleStmt>
    <title xml:id="v87_377_iyulya6">
     Письма и документы. Tolstoy Digital
    </title>
    <title type="main">
     Письмо В. Г. Черткову от 6 июля 1894 г.
    </title>
    <title type="bibl">
     Толстой Л. Н. Письмо В. Г. Черткову, 6 июля 1894 г. // Толстой Л. Н. Полное собрание сочинений: в 90 тт. Т. 87. М.: Гос. изд. «Художественная литература», 1935. С.
    </title>
    <respStmt>
     <resp>
      Идея, постановка задач, руководство:
     </resp>
     <name>
      Анастасия Бонч-Осмоловская, Фёкла Толстая, Борис Орехов, Тимофей Лукашевский
     </name>
    </respStmt>
    <respStmt>
     <resp>
      Подготовка TEI/XML:
     </resp>
     <name>
      Евгений Можаев, Даниил Скоринкин, Ирина Павлова, Матвей Колбасов, Елена Сидорова, Кирилл Милинцевич, Лев Буланов, Макар Федоров, Константин Петров
     </name>
    </respStmt>
    <respStmt>
     <resp>
      Подготовка метаданных:
     </resp>
     <name>
      Мария Картышева, Вероника Файнберг
     </name>
    </respStmt>
    <respStmt>
     <resp>
      Разметка имен собственных:
     </resp>
     <name>
      Никита Северин, Елена Северина
     </name>
    </respStmt>
    <respStmt>
     <resp>
      Исправление древнегреческого текста:
     </resp>
     <name>
      Ольга Алиева
     </name>
    </respStmt>
    <funder>
     Проект «Слово Толстого»
    </funder>
   </titleStmt>
   <publicationStmt>
    <publisher>
     <orgName>
      Tolstoy Digital, DH CLOUD, Научно-образовательный союз «Родное Слово» проект «Слово Толстого»
     </orgName>
    </publisher>
    <availability>
     <p id="e45fddfd-65ee-49a1-ada6-9646fccbefc0">
      Тексты и метатекстовая разметка доступны для свободного использования и распространения по лицензии Creative Commons Attribution Share-Alike (cc by-sa)
     </p>
    </availability>
    <date from="2015" to="2022"/>
   </publicationStmt>
   <notesStmt>
    <note>
     Публикуемые документы был получены с сайта tolstoy.ru в формате html, переведены в формат TEI. Исправлены некоторые ошибки распознавания. Тексты, написанные в дореформенной орфографии, сопоставлены с их версиями в современной орфографии.
    </note>
   </notesStmt>
   <sourceDesc>
    <biblStruct>
     <analytic>
      <author>
       Толстой Лев Николаевич
      </author>
     </analytic>
     <monogr>
      <title level="m">
       Полное собрание сочинений. Том 87
      </title>
      <imprint>
       <pubPlace>
        Москва
       </pubPlace>
       <publisher>
        Государственное издательство «Художественная литература»
       </publisher>
       <date when="1935"/>
      </imprint>
      <biblScope unit="vol">
       87
      </biblScope>
      <biblScope unit="page">
       279-280
      </biblScope>
     </monogr>
     <series>
      <title level="s">
       Л. Н. Толстой. Полное собрание сочинений: в 90 тт.
      </title>
     </series>
    </biblStruct>
    <bibl/>
   </sourceDesc>
  </fileDesc>
  <encodingDesc>
   <classDecl>
    <xi:include href="../../reference/taxonomy.xml"/>
   </classDecl>
  </encodingDesc>
  <profileDesc>
   <correspDesc>
    <correspAction type="sending">
     <persName ref="13883">
      Л. Н. Толстой
     </persName>
     <placeName>
      Ясная Поляна
     </placeName>
     <date when="1894-07-06"/>
    </correspAction>
    <correspAction type="receiving">
     <persName ref="15284">
      Чертков Владимир Григорьевич
     </persName>
    </correspAction>
   </correspDesc>
   <langUsage>
    <language ident="ru"/>
    <language ident="ru-petr1708"/>
   </langUsage>
   <textClass>
    <catRef ana="#tolstoy_heritage" target="library"/>
    <catRef ana="#letters" target="type"/>
    <catRef ana="#sent" target="sent"/>
   </textClass>
  </profileDesc>
 </teiHeader>
 <xenoData>
  <number type="in a volume">
   377
  </number>
 </xenoData>
 <text xml:id="iyulya6_377" xmlns="http://www.tei-c.org/ns/1.0" xmlns:xi="http://www.w3.org/2001/XInclude">
  <body>
   <div>
    <pb n="279"/>
    <opener index="false">
     * 377.1894 г. Июля 6. Я. П.
    </opener>
    <p id="0da9808c-372b-435d-b345-1eb05c192e63">
     Я тоже не
     <choice>
      <reg>
       совсем
      </reg>
      <orig>
       совсѣмъ
      </orig>
     </choice>
     <choice>
      <reg>
       здоров
      </reg>
      <orig>
       здоровъ
      </orig>
     </choice>
     и потому, если что не
     <choice>
      <reg>
       помешает
      </reg>
      <orig>
       помѣшаетъ
      </orig>
     </choice>
     , буду у
     <choice>
      <reg>
       вас
      </reg>
      <orig>
       васъ
      </orig>
     </choice>
     .
     <ref target="#note1">
      1
     </ref>
     <note index="false" resp="volume_editor" xml:id="note1">
      Чертков заболел малярией, принявшей острую форму. Толстой 5 июля, работая в жару на сенокосе, начал испытывать боли в печени, но 6 июля чувствовал себя выздоровевшим.
     </note>
     Я вчера
     <choice>
      <reg>
       переработал
      </reg>
      <orig>
       переработалъ
      </orig>
     </choice>
     и надо отдохнуть.
     <choice>
      <reg>
       Озмидов
      </reg>
      <orig>
       Озмидовъ
      </orig>
     </choice>
     <ref target="#note2">
      2
     </ref>
     <note index="false" resp="volume_editor" xml:id="note2">
      <name placement="note" ref="10132" type="person">
       Николай Лукич Озмидов
      </name>
      (1843—1908), агроном по образованию, одно время разделял многие взгляды Толстого, в 1885—1886 гг. пытался организовать трудовую земледельческую колонию на Кавказе, потом занимался некоторое время перепиской сочинений Толстого. Впоследствии разошелся с единомышленниками Толстого, с которыми был одно время близок по своим взглядам. В Дневнике Толстого от 6 июля 1894 г. записано: «Вчера был Озмидов. Жалок своей изуродованной жизнью». Чертков резко отрицательно относился к Озмидову, и Толстой говорил с ним об этом до приезда Озмидова (см. Дневник Толстого, запись от 26 июня 1894 г.). Об Озмидове см. т. 85, стр. 26—27.
     </note>
     <choice>
      <reg>
       уехал
      </reg>
      <orig>
       уѣхалъ
      </orig>
     </choice>
     и во
     <choice>
      <reg>
       всех
      </reg>
      <orig>
       всѣхъ
      </orig>
     </choice>
     <choice>
      <reg>
       возбудил
      </reg>
      <orig>
       возбудилъ
      </orig>
     </choice>
     то же чувство,
     <choice>
      <reg>
       как
      </reg>
      <orig>
       какъ
      </orig>
     </choice>
     и
     <choice>
      <reg>
       в
      </reg>
      <orig>
       въ
      </orig>
     </choice>
     <choice>
      <reg>
       вас
      </reg>
      <orig>
       васъ
      </orig>
     </choice>
     — жалости.
     <choice original_editorial_correction="П[етр]">
      <sic>
       П
      </sic>
      <corr>
       <choice>
        <reg>
         <name placement="text" ref="3194" type="person">
          Петр
         </name>
        </reg>
        <orig>
         <name placement="text" ref="3194" type="person">
          Петръ
         </name>
        </orig>
       </choice>
      </corr>
     </choice>
     <choice original_editorial_correction="Н[иколаевич]">
      <sic>
       <name placement="text" ref="3194" type="person">
        Н
       </name>
      </sic>
      <corr>
       <choice>
        <reg>
         <name placement="text" ref="3194" type="person">
          Николаевич
         </name>
        </reg>
        <orig>
         <name placement="text" ref="3194" type="person">
          Николаевичъ
         </name>
        </orig>
       </choice>
      </corr>
     </choice>
     <ref target="#note3">
      3
     </ref>
     <note index="false" resp="volume_editor" xml:id="note3">
      <name placement="text" ref="3194" type="person">
       Петр Николаевич Ге
      </name>
      , по образованию архитектор, старший сын художника Н. Н. Ге. О нем см. письма 1894 г., т. 67. П. Н. Ге приезжал в Ясную поляну 6 июля 1894 г., вероятно, желая поговорить с Толстым о своем отце, скончавшемся 2 июня 1894 г., и о своем брате Н. Н. Ге, с которым у него в это время были некоторые недоразумения в связи с распределением наследства, оставшегося после их отца.
     </note>
     едва ли увидится
     <choice>
      <reg>
       с
      </reg>
      <orig>
       съ
      </orig>
     </choice>
     вами,
     <choice original_editorial_correction="п[отому]">
      <sic>
       п
      </sic>
      <corr>
       потому
      </corr>
     </choice>
     <choice original_editorial_correction="ч[то]">
      <sic>
       ч
      </sic>
      <corr>
       что
      </corr>
     </choice>
     нынче
     <choice>
      <reg>
       едет
      </reg>
      <orig>
       ѣдетъ
      </orig>
     </choice>
     . Я
     <choice>
      <reg>
       был
      </reg>
      <orig>
       былъ
      </orig>
     </choice>
     очень
     <choice>
      <reg>
       рад
      </reg>
      <orig>
       радъ
      </orig>
     </choice>
     его
     <choice>
      <reg>
       видеть
      </reg>
      <orig>
       видѣть
      </orig>
     </choice>
     и узнать
     <choice>
      <reg>
       подробнее
      </reg>
      <orig>
       подробнѣе
      </orig>
     </choice>
     <choice>
      <reg>
       об
      </reg>
      <orig>
       объ
      </orig>
     </choice>
     его
     <choice>
      <reg>
       отце
      </reg>
      <orig>
       отцѣ
      </orig>
     </choice>
     и
     <choice>
      <reg>
       брате
      </reg>
      <orig>
       братѣ
      </orig>
     </choice>
     , да и
     <choice>
      <reg>
       он
      </reg>
      <orig>
       онъ
      </orig>
     </choice>
     <choice>
      <reg>
       сам
      </reg>
      <orig>
       самъ
      </orig>
     </choice>
     добрый.
     <choice>
      <reg>
       Все
      </reg>
      <orig>
       Всѣ
      </orig>
     </choice>
     мы храбримся
     <choice>
      <reg>
       друг
      </reg>
      <orig>
       другъ
      </orig>
     </choice>
     <choice>
      <reg>
       перед
      </reg>
      <orig>
       передъ
      </orig>
     </choice>
     <choice>
      <reg>
       другом
      </reg>
      <orig>
       другомъ
      </orig>
     </choice>
     и
     <choice>
      <reg>
       забываем
      </reg>
      <orig>
       забываемъ
      </orig>
     </choice>
     , что
     <choice>
      <reg>
       все
      </reg>
      <orig>
       всѣ
      </orig>
     </choice>
     мы, если мы только не
     <choice>
      <reg>
       любим
      </reg>
      <orig>
       любимъ
      </orig>
     </choice>
     — жалки прежалки. Но мы
     <choice>
      <reg>
       так
      </reg>
      <orig>
       такъ
      </orig>
     </choice>
     храбримся и прикидываемся злыми и
     <choice>
      <reg>
       самоуверенными
      </reg>
      <orig>
       самоувѣренными
      </orig>
     </choice>
     , что сами
     <choice original_editorial_correction="попадаем[ся]">
      <sic>
       попадаем
      </sic>
      <corr>
       попадаемся
      </corr>
     </choice>
     на это и
     <choice>
      <reg>
       принимаем
      </reg>
      <orig>
       принимаемъ
      </orig>
     </choice>
     <choice>
      <reg>
       больных
      </reg>
      <orig>
       больныхъ
      </orig>
     </choice>
     <choice>
      <reg>
       цыплят
      </reg>
      <orig>
       цыплятъ
      </orig>
     </choice>
     за
     <choice>
      <reg>
       страшных
      </reg>
      <orig>
       страшныхъ
      </orig>
     </choice>
     <choice>
      <reg>
       львов
      </reg>
      <orig>
       львовъ
      </orig>
     </choice>
     и
     <choice>
      <reg>
       вместо
      </reg>
      <orig>
       вмѣсто
      </orig>
     </choice>
     <choice>
      <reg>
       компрессов
      </reg>
      <orig>
       компрессовъ
      </orig>
     </choice>
     и
     <choice>
      <reg>
       всяких
      </reg>
      <orig>
       всякихъ
      </orig>
     </choice>
     <choice>
      <reg>
       средств
      </reg>
      <orig>
       средствъ
      </orig>
     </choice>
     <choice>
      <reg>
       облегчения
      </reg>
      <orig>
       облегченія
      </orig>
     </choice>
     <choice>
      <reg>
       готовим
      </reg>
      <orig>
       готовимъ
      </orig>
     </choice>
     <choice>
      <reg>
       друг
      </reg>
      <orig>
       другъ
      </orig>
     </choice>
     <choice>
      <reg>
       против
      </reg>
      <orig>
       противъ
      </orig>
     </choice>
     друга кулаки и дубинки. Это я по случаю Озмидова.
     <choice>
      <reg>
       Тане
      </reg>
      <orig>
       Танѣ
      </orig>
     </choice>
     скажу.
     <ref target="#note4">
      4
     </ref>
     <note index="false" resp="volume_editor" xml:id="note4">
      Что хотел сказать Толстой Татьяне Львовне — установить не удалось.
     </note>
     <choice>
      <reg>
       Так
      </reg>
      <orig>
       Такъ
      </orig>
     </choice>
     до
     <choice>
      <reg>
       свидания
      </reg>
      <orig>
       свиданія
      </orig>
     </choice>
     ,
     <choice>
      <reg>
       вероятно
      </reg>
      <orig>
       вѣроятно
      </orig>
     </choice>
     .
    </p>
    <p id="113090e5-8792-4fac-9c76-0e1d7a065da4" rend="right">
     Л.
     <hi style="opdelimiter">
      Т.
     </hi>
    </p>
    <noteGrp type="comments">
     <note index="false" type="comments">
      <p id="a95e9ed4-d86c-4085-9ce8-845db2d83343" rend="Textpetit_otstup left">
       <pb n="280"/>
       <hi style="npdelimiter">
        Публикуется
       </hi>
       впервые. На подлиннике надпись чернилами рукой Черткова: «№ 373», карандашом, обведенным чернилами: «6 Іюля 94». Карандашная пометка, вероятно, поставленная Чертковым немедленно после получения письма, должна точно передавать дату, поскольку Чертков жил в это время вблизи Ясной поляны. Упоминания об отъезде Н. Л. Озмидова и П. Н. Ге подтверждают дату.
      </p>
     </note>
     <note index="false" type="comments">
      <p id="b62d7283-16a5-42ac-8092-9a07e8aaa677" rend="petit">
       Письмо было послано Черткову в деревню Деменку, в пяти верстах от Ясной поляны, куда Чертков приехал 18 мая. Живя вблизи Ясной поляны, Чертков всё время находился в тесном общении с Толстым: записи в записной книжке Черткова, прерывающиеся на 12 июня, показывают, что, по крайней мере, в первые три недели после приезда Чертковых, Толстой и Чертков бывали друг у друга чаще чем через день.
      </p>
     </note>
    </noteGrp>
   </div>
  </body>
 </text>
</TEI>
