<?xml version="1.0" encoding="utf-8"?>
<TEI xmlns="http://www.tei-c.org/ns/1.0" xmlns:xi="http://www.w3.org/2001/XInclude">
 <teiHeader>
  <fileDesc>
   <titleStmt>
    <title xml:id="v87_248_a15">
     Письма и документы. Tolstoy Digital
    </title>
    <title type="main">
     Письмо В. Г. Черткову от 15 января 1890 г.
    </title>
    <title type="bibl">
     Толстой Л. Н. Письмо В. Г. Черткову, 15 января 1890 г. // Толстой Л. Н. Полное собрание сочинений: в 90 тт. Т. 87. М.: Гос. изд. «Художественная литература», 1935. С.
    </title>
    <respStmt>
     <resp>
      Идея, постановка задач, руководство:
     </resp>
     <name>
      Анастасия Бонч-Осмоловская, Фёкла Толстая, Борис Орехов, Тимофей Лукашевский
     </name>
    </respStmt>
    <respStmt>
     <resp>
      Подготовка TEI/XML:
     </resp>
     <name>
      Евгений Можаев, Даниил Скоринкин, Ирина Павлова, Матвей Колбасов, Елена Сидорова, Кирилл Милинцевич, Лев Буланов, Макар Федоров, Константин Петров
     </name>
    </respStmt>
    <respStmt>
     <resp>
      Подготовка метаданных:
     </resp>
     <name>
      Мария Картышева, Вероника Файнберг
     </name>
    </respStmt>
    <respStmt>
     <resp>
      Разметка имен собственных:
     </resp>
     <name>
      Никита Северин, Елена Северина
     </name>
    </respStmt>
    <respStmt>
     <resp>
      Исправление древнегреческого текста:
     </resp>
     <name>
      Ольга Алиева
     </name>
    </respStmt>
    <funder>
     Проект «Слово Толстого»
    </funder>
   </titleStmt>
   <publicationStmt>
    <publisher>
     <orgName>
      Tolstoy Digital, DH CLOUD, Научно-образовательный союз «Родное Слово» проект «Слово Толстого»
     </orgName>
    </publisher>
    <availability>
     <p id="ca93e82a-510d-4c6b-bf8c-0a9b4fd0b31a">
      Тексты и метатекстовая разметка доступны для свободного использования и распространения по лицензии Creative Commons Attribution Share-Alike (cc by-sa)
     </p>
    </availability>
    <date from="2015" to="2022"/>
   </publicationStmt>
   <notesStmt>
    <note>
     Публикуемые документы был получены с сайта tolstoy.ru в формате html, переведены в формат TEI. Исправлены некоторые ошибки распознавания. Тексты, написанные в дореформенной орфографии, сопоставлены с их версиями в современной орфографии.
    </note>
   </notesStmt>
   <sourceDesc>
    <biblStruct>
     <analytic>
      <author>
       Толстой Лев Николаевич
      </author>
     </analytic>
     <monogr>
      <title level="m">
       Полное собрание сочинений. Том 87
      </title>
      <imprint>
       <pubPlace>
        Москва
       </pubPlace>
       <publisher>
        Государственное издательство «Художественная литература»
       </publisher>
       <date when="1935"/>
      </imprint>
      <biblScope unit="vol">
       87
      </biblScope>
      <biblScope unit="page">
       4-7
      </biblScope>
     </monogr>
     <series>
      <title level="s">
       Л. Н. Толстой. Полное собрание сочинений: в 90 тт.
      </title>
     </series>
    </biblStruct>
    <bibl/>
   </sourceDesc>
  </fileDesc>
  <encodingDesc>
   <classDecl>
    <xi:include href="../../reference/taxonomy.xml"/>
   </classDecl>
  </encodingDesc>
  <profileDesc>
   <correspDesc>
    <correspAction type="sending">
     <persName ref="13883">
      Л. Н. Толстой
     </persName>
     <placeName>
      Ясная Поляна
     </placeName>
     <date when="1890-01-15"/>
    </correspAction>
    <correspAction type="receiving">
     <persName ref="15284">
      Чертков Владимир Григорьевич
     </persName>
    </correspAction>
   </correspDesc>
   <langUsage>
    <language ident="ru"/>
    <language ident="ru-petr1708"/>
   </langUsage>
   <textClass>
    <catRef ana="#tolstoy_heritage" target="library"/>
    <catRef ana="#letters" target="type"/>
    <catRef ana="#sent" target="sent"/>
   </textClass>
  </profileDesc>
 </teiHeader>
 <xenoData>
  <number type="in a volume">
   248
  </number>
 </xenoData>
 <text xml:id="a15_248" xmlns="http://www.tei-c.org/ns/1.0" xmlns:xi="http://www.w3.org/2001/XInclude">
  <body>
   <div>
    <pb n="4"/>
    <opener index="false">
     * 248.1890 г. Января 15. Я. П.
    </opener>
    <p id="87c83029-1c0e-4f0c-b336-21d647423813">
     Давно не
     <choice>
      <reg>
       писал
      </reg>
      <orig>
       писалъ
      </orig>
     </choice>
     <choice>
      <reg>
       вам
      </reg>
      <orig>
       вамъ
      </orig>
     </choice>
     ,
     <choice>
      <reg>
       так
      </reg>
      <orig>
       такъ
      </orig>
     </choice>
     <choice>
      <reg>
       уж
      </reg>
      <orig>
       ужъ
      </orig>
     </choice>
     и не помню, на какое письмо не
     <choice>
      <reg>
       отвечал
      </reg>
      <orig>
       отвѣчалъ
      </orig>
     </choice>
     .
     <choice>
      <reg>
       В
      </reg>
      <orig>
       Въ
      </orig>
     </choice>
     памяти у меня главное ваши
     <choice>
      <reg>
       заметки
      </reg>
      <orig>
       замѣтки
      </orig>
     </choice>
     на мою
     <choice>
      <reg>
       повесть
      </reg>
      <orig>
       повѣсть
      </orig>
     </choice>
     . Все совершенно
     <choice>
      <reg>
       верно
      </reg>
      <orig>
       вѣрно
      </orig>
     </choice>
     , со
     <choice>
      <reg>
       всем
      </reg>
      <orig>
       всѣмъ
      </orig>
     </choice>
     <choice>
      <reg>
       согласен
      </reg>
      <orig>
       согласенъ
      </orig>
     </choice>
     , но
     <choice>
      <reg>
       Послесловие
      </reg>
      <orig>
       Послѣсловіе
      </orig>
     </choice>
     <ref target="#note1">
      1
     </ref>
     <note index="false" resp="volume_editor" xml:id="note1">
      Послесловие к повести «Крейцерова соната». Первое издание последней редакции без цензурных пропусков: «Послесловие к Крейцеровой сонате». Издание по исправленной рукописи последней редакции. Берлин, 1890. Изд. Вальтер Циммерман. Толстой возобновил работу над этой рукописью в конце января и закончил ее 24 апреля 1890 года. См. записи в Дневнике Толстого от 30 января и 24 апреля 1890 г. (т. 51).
     </note>
     хотя и
     <choice>
      <reg>
       начал
      </reg>
      <orig>
       началъ
      </orig>
     </choice>
     писать, едва ли напишу, и потому
     <choice>
      <reg>
       место
      </reg>
      <orig>
       мѣсто
      </orig>
     </choice>
     о
     <choice>
      <reg>
       том
      </reg>
      <orig>
       томъ
      </orig>
     </choice>
     , что
     <choice>
      <reg>
       идеал
      </reg>
      <orig>
       идеалъ
      </orig>
     </choice>
     <choice>
      <reg>
       человечества
      </reg>
      <orig>
       человѣчества
      </orig>
     </choice>
     есть не плодовитость, а
     <ref target="#note2">
      2
     </ref>
     <note index="false" resp="volume_editor" xml:id="note2">
      <hi>
       Зачеркнуто:
      </hi>
      напротив
     </note>
     <choice>
      <reg>
       исполнение
      </reg>
      <orig>
       исполненіе
      </orig>
     </choice>
     закона
     <choice>
      <reg>
       достижения
      </reg>
      <orig>
       достиженія
      </orig>
     </choice>
     <choice original_editorial_correction="Ц[арства]">
      <sic>
       Ц
      </sic>
      <corr>
       Царства
      </corr>
     </choice>
     <choice original_editorial_correction="Н[ебесного]">
      <sic>
       Н
      </sic>
      <corr>
       Небесного
      </corr>
     </choice>
     ,
     <choice>
      <reg>
       совпадающего
      </reg>
      <orig>
       совпадающаго
      </orig>
     </choice>
     <choice>
      <reg>
       с
      </reg>
      <orig>
       съ
      </orig>
     </choice>
     чистотою и
     <choice>
      <reg>
       воздержанием
      </reg>
      <orig>
       воздержаніемъ
      </orig>
     </choice>
     , это
     <choice>
      <reg>
       место
      </reg>
      <orig>
       мѣсто
      </orig>
     </choice>
     надо оставить,
     <choice>
      <reg>
       как
      </reg>
      <orig>
       какъ
      </orig>
     </choice>
     есть.
     <ref target="#note3">
      3
     </ref>
     <note index="false" resp="volume_editor" xml:id="note3">
      Толстой имеет в виду слова в IX главе «Крейцеровой сонаты»: «Пока же человечество живет, перед ним стоит идеал и, разумеется, идеал не кроликов или свиней, чтобы расплодиться, как можно больше, и не обезьян или парижан, чтобы, как можно утонченнее пользоваться удовольствием половой страсти, а идеал добра, достигаемый воздержанием и чистотою». Эти слова были отмечены Чертковым в рукописи, которая была у него.
     </note>
     <choice>
      <reg>
       Мне
      </reg>
      <orig>
       Мнѣ
      </orig>
     </choice>
     тяжело теперь заниматься
     <choice>
      <reg>
       этим
      </reg>
      <orig>
       этимъ
      </orig>
     </choice>
     , да и просто не могу, a misunderstanding’овъ
     <ref target="#note4">
      4
     </ref>
     <note index="false" resp="volume_editor" xml:id="note4">
      <hi rend="italic">
       недоразумение, неправильное понимание
      </hi>
      .
     </note>
     не минуешь. Вчера только
     <choice original_editorial_correction="б[ыл]">
      <sic>
       б
      </sic>
      <corr>
       <choice>
        <reg>
         был
        </reg>
        <orig>
         былъ
        </orig>
       </choice>
      </corr>
     </choice>
     Стороженко,
     <ref target="#note5">
      5
     </ref>
     <note index="false" resp="volume_editor" xml:id="note5">
      <name placement="note" ref="13246" type="person">
       Николай Ильич Стороженко
      </name>
      (1863—1906) — профессор московского университета по кафедре всеобщей литературы, составивший себе известность по преимуществу своими работами по истории английской литературы, с 1894 года председатель Общества любителей российской словесности. Будучи знаком с Толстым и его семьей, нередко бывал у него.
     </note>
     издатель Юрьевскаго сборника,
     <ref target="#note6">
      6
     </ref>
     <note index="false" resp="volume_editor" xml:id="note6">
      «В память С. А. Юрьева. Сборник, изданный друзьями покойного», М. 1890.
     </note>
     и
     <choice>
      <reg>
       читал
      </reg>
      <orig>
       читалъ
      </orig>
     </choice>
     и ничего не
     <choice>
      <reg>
       понял
      </reg>
      <orig>
       понялъ
      </orig>
     </choice>
     .
     <choice>
      <reg>
       Он
      </reg>
      <orig>
       Онъ
      </orig>
     </choice>
     <choice>
      <reg>
       видит
      </reg>
      <orig>
       видитъ
      </orig>
     </choice>
     <choice>
      <reg>
       пессимизм
      </reg>
      <orig>
       пессимизмъ
      </orig>
     </choice>
     и я не
     <choice>
      <reg>
       мог
      </reg>
      <orig>
       могъ
      </orig>
     </choice>
     растолковать ему.
     <choice>
      <reg>
       С
      </reg>
      <orig>
       Съ
      </orig>
     </choice>
     <choice>
      <reg>
       этим
      </reg>
      <orig>
       этимъ
      </orig>
     </choice>
     надо помириться. Да многое
     <choice>
      <reg>
       мне
      </reg>
      <orig>
       мнѣ
      </orig>
     </choice>
     теперь не только хочется писать, но и пишу, и все художественное. Пожалуйста, никому не говорите, я и дома не говорю.
     <choice>
      <reg>
       Последнее
      </reg>
      <orig>
       Послѣднее
      </orig>
     </choice>
     время
     <choice>
      <reg>
       комедия
      </reg>
      <orig>
       комедія
      </orig>
     </choice>
     ,
     <choice original_editorial_correction="к[оторую]">
      <sic>
       к
      </sic>
      <corr>
       которую
      </corr>
     </choice>
     у
     <choice>
      <reg>
       нас
      </reg>
      <orig>
       насъ
      </orig>
     </choice>
     играли,
     <choice>
      <reg>
       так
      </reg>
      <orig>
       такъ
      </orig>
     </choice>
     захватила меня, что я больше 10 дней все ей занимался, исправляя, дополняя ее
     <choice>
      <reg>
       с
      </reg>
      <orig>
       съ
      </orig>
     </choice>
     <choice original_editorial_correction="художеств[енной]">
      <sic>
       художеств
      </sic>
      <corr>
       художественной
      </corr>
     </choice>
     точки
     <choice>
      <reg>
       зрения
      </reg>
      <orig>
       зрѣнія
      </orig>
     </choice>
     .
     <ref target="#note7">
      7
     </ref>
     <note index="false" resp="volume_editor" xml:id="note7">
      «Плоды просвещения». Об этой комедии см. прим. 13 к письму Толстого к Черткову № 200 (т. 86).
     </note>
     Вышло все таки очень ничтожное и слабое произведете, но
     <choice>
      <reg>
       дело
      </reg>
      <orig>
       дѣло
      </orig>
     </choice>
     <choice>
      <reg>
       в
      </reg>
      <orig>
       въ
      </orig>
     </choice>
     <choice>
      <reg>
       том
      </reg>
      <orig>
       томъ
      </orig>
     </choice>
     , что я на
     <choice>
      <reg>
       этом
      </reg>
      <orig>
       этомъ
      </orig>
     </choice>
     <choice>
      <reg>
       увидал
      </reg>
      <orig>
       увидалъ
      </orig>
     </choice>
     , какое это унижающее душу
     <choice>
      <reg>
       занятие
      </reg>
      <orig>
       занятіе
      </orig>
     </choice>
     художество.
     <choice>
      <reg>
       Человеку
      </reg>
      <orig>
       Человѣку
      </orig>
     </choice>
     нынче завтра умереть, и
     <choice>
      <reg>
       вдруг
      </reg>
      <orig>
       вдругъ
      </orig>
     </choice>
     <choice>
      <reg>
       он
      </reg>
      <orig>
       онъ
      </orig>
     </choice>
     озабоченно
     <choice>
      <reg>
       записывает
      </reg>
      <orig>
       записываетъ
      </orig>
     </choice>
     фразу,
     <choice original_editorial_correction="к[оторая]">
      <sic>
       к
      </sic>
      <corr>
       которая
      </corr>
     </choice>
     <choice>
      <reg>
       в
      </reg>
      <orig>
       въ
      </orig>
     </choice>
     <choice>
      <reg>
       духе
      </reg>
      <orig>
       духѣ
      </orig>
     </choice>
     <choice>
      <reg>
       известного
      </reg>
      <orig>
       извѣстнаго
      </orig>
     </choice>
     лица и
     <choice>
      <reg>
       смешна
      </reg>
      <orig>
       смѣшна
      </orig>
     </choice>
     ; и радуешься, что
     <choice>
      <reg>
       нашел
      </reg>
      <orig>
       нашелъ
      </orig>
     </choice>
     . Вообще
     <choice original_editorial_correction="б[ыло]">
      <sic>
       б
      </sic>
      <corr>
       было
      </corr>
     </choice>
     <choice>
      <reg>
       совестно
      </reg>
      <orig>
       совѣстно
      </orig>
     </choice>
     , но теперь кажется
     <choice>
      <reg>
       кончил
      </reg>
      <orig>
       кончилъ
      </orig>
     </choice>
     .
     <choice>
      <reg>
       Список
      </reg>
      <orig>
       Списокъ
      </orig>
     </choice>
     <choice>
      <reg>
       с
      </reg>
      <orig>
       съ
      </orig>
     </choice>
     <choice original_editorial_correction="последн[ей]">
      <sic>
       последн
      </sic>
      <corr>
       последней
      </corr>
     </choice>
     <choice>
      <reg>
       редакции
      </reg>
      <orig>
       редакціи
      </orig>
     </choice>
     <choice original_editorial_correction="Крейц[еровой]">
      <sic>
       Крейц
      </sic>
      <corr>
       Крейцеровой
      </corr>
     </choice>
     <choice original_editorial_correction="Сон[аты]">
      <sic>
       Сон
      </sic>
      <corr>
       Сонаты
      </corr>
     </choice>
     жена списала и отдала
     <choice>
      <reg>
       Стороженке
      </reg>
      <orig>
       Стороженкѣ
      </orig>
     </choice>
     ,
     <choice>
      <reg>
       он
      </reg>
      <orig>
       онъ
      </orig>
     </choice>
     <choice>
      <reg>
       будет
      </reg>
      <orig>
       будетъ
      </orig>
     </choice>
     хлопотать.
     <ref target="#note8">
      8
     </ref>
     <note index="false" resp="volume_editor" xml:id="note8">
      Н. И. Стороженко должен был взять на себя хлопоты о цензурном разрешении для печатания «Крейцеровой сонаты» в сборнике «В память С. А. Юрьева». Разрешение не было получено.
     </note>
     Маша же
     <choice>
      <reg>
       наносит
      </reg>
      <orig>
       наноситъ
      </orig>
     </choice>
     на
     <choice>
      <reg>
       ваш
      </reg>
      <orig>
       вашъ
      </orig>
     </choice>
     <choice>
      <reg>
       список
      </reg>
      <orig>
       списокъ
      </orig>
     </choice>
     <choice>
      <reg>
       все
      </reg>
      <orig>
       всѣ
      </orig>
     </choice>
     <choice>
      <reg>
       перемены
      </reg>
      <orig>
       перемѣны
      </orig>
     </choice>
     и мы
     <choice>
      <reg>
       пришлем
      </reg>
      <orig>
       пришлемъ
      </orig>
     </choice>
     его
     <choice>
      <reg>
       вам
      </reg>
      <orig>
       вамъ
      </orig>
     </choice>
     , чтобы вы отдали милому Ганзену.
     <ref target="#note9">
      9
     </ref>
     <note index="false" resp="volume_editor" xml:id="note9">
      <name placement="note" ref="3106" type="person">
       Петр Готфридович Ганзен
      </name>
      (1846—1930) — датчанин, переводчик, писатель и педагог. Перевел на датский язык ряд произведений Толстого: «Детство и отрочество», «Юность», «О жизни», «Плоды просвещения», «Крейцерову сонату», «Первую ступень». О нем см. примечания к письму Толстого к нему от 25 апреля 1890 г., т. 65.
     </note>
    </p>
    <p id="f799ac50-c9a7-4325-9ef5-7587ab155b3c">
     <choice>
      <reg>
       После
      </reg>
      <orig>
       Послѣ
      </orig>
     </choice>
     Америки, самая сочувственная
     <choice>
      <reg>
       мне
      </reg>
      <orig>
       мнѣ
      </orig>
     </choice>
     страна — это
     <choice>
      <reg>
       Дания
      </reg>
      <orig>
       Данія
      </orig>
     </choice>
     . Какое одно чудесное письмо есть оттуда
     <choice>
      <reg>
       от
      </reg>
      <orig>
       отъ
      </orig>
     </choice>
     <choice>
      <reg>
       школьного
      </reg>
      <orig>
       школьнаго
      </orig>
     </choice>
     учителя.
     <ref target="#note10">
      10
     </ref>
     <note index="false" resp="volume_editor" xml:id="note10">
      И. Зёренсен (I. Sörensen) — датчанин, учитель. Возможно, что Толстой имеет в виду его письмо от 23 октября 1889 года, в котором он выражает горячее сочувствие учению Толстого и сообщает, что в Дании
      <hi style="opdelimiter">
       есть
      </hi>
      <hi style="npdelimiter">
       не
      </hi>
      мало людей, интересующихся писаниями Толстого. Обращаясь к Толстому на ты и называя его братом, Зёренсен писал: «Жизнь возрожденного чистого человека непобедима, неувядаема. Ты видишь утреннюю зарю, дорогой
      <name placement="note" ref="13883" type="person">
       Л. Толстой
      </name>
      . И неизменно чудесен свет всепрощения, который занимается над миром освобождения людей, спешащих скинуть с себя омертвелую оболочку для перехода в живую, настоящую, как дети божьи» (АТБ).
     </note>
     Жена
     <choice>
      <reg>
       кроме
      </reg>
      <orig>
       кромѣ
      </orig>
     </choice>
     того
     <choice>
      <reg>
       пошлет
      </reg>
      <orig>
       пошлетъ
      </orig>
     </choice>
     <choice>
      <reg>
       список
      </reg>
      <orig>
       списокъ
      </orig>
     </choice>
     Voguué,
     <ref target="#note11">
      11
     </ref>
     <note index="false" resp="volume_editor" xml:id="note11">
      Вогюэ (Eugène Melchior vicomte de-Vogüé) (1848—1910) — французский критик и беллетрист. Зная русский язык, Вогюэ написал ряд статей и книг о русской литературе, из которых наибольшей известностью пользуется «Le roman russe», Paris, 1886. С 1888 года Вогюэ состоял членом французской академии. Своими статьями и книгами Вогюэ в значительной степени способствовал распространению сведений о русской литературе в западной Европе и в частности во Франции, где пользовался репутацией знатока русской литературы.
     </note>
     <hi style="opdelimiter">
      жена
     </hi>
     <pb n="5"/>
     <hi style="npdelimiter">
      его
     </hi>
     просила перевести, а Таня дочь
     <choice>
      <reg>
       пишет
      </reg>
      <orig>
       пишетъ
      </orig>
     </choice>
     для Hapgood.
     <ref target="#note12">
      12
     </ref>
     <note index="false" resp="volume_editor" xml:id="note12">
      Изабелла Гапгуд (Isabel Florence Hapgood) — американка, писательница и переводчица. Перевела на английский язык книгу Толстого «О жизни». L. Tolstoy, «Life», Authorised translation by Isabel F. Hapgood. New-York. 1888. В архиве Толстого сохранилось письмо Изабеллы Гапгуд от середины апреля 1890 г., из которого видно, что она получила для перевода рукопись «Крейцеровой сонаты», но за перевод не взялась (см. т. 65).
     </note>
     <choice>
      <reg>
       Так
      </reg>
      <orig>
       Такъ
      </orig>
     </choice>
     что пускай
     <choice>
      <reg>
       переведут
      </reg>
      <orig>
       переведутъ
      </orig>
     </choice>
     , а по русски
     <choice>
      <reg>
       верно
      </reg>
      <orig>
       вѣрно
      </orig>
     </choice>
     <choice>
      <reg>
       выйдет
      </reg>
      <orig>
       выйдетъ
      </orig>
     </choice>
     <choice>
      <reg>
       после
      </reg>
      <orig>
       послѣ
      </orig>
     </choice>
     . — Здоровье мое теперь поправилось, т. е. не очень
     <choice>
      <reg>
       болит
      </reg>
      <orig>
       болитъ
      </orig>
     </choice>
     <choice>
      <reg>
       живот
      </reg>
      <orig>
       животъ
      </orig>
     </choice>
     .
     <choice>
      <reg>
       Как
      </reg>
      <orig>
       Какъ
      </orig>
     </choice>
     Галя и вы? Такой ли все худой? —
     <name placement="note" ref="16227" type="person">
      Ерошенко
     </name>
     <ref target="#note13">
      13
     </ref>
     <note index="false" resp="volume_editor" xml:id="note13">
      <name placement="note" ref="16227" type="person">
       Николай Александрович Ярошенко
      </name>
      (1846—1898), художник, автор хранящихся в Третьяковской галлерее картин: «Всюду жизнь», «Кочегар», «Заключенный», написавший портреты П. А. Стрепетовой, С. М. Соловьева, Г. И. Успенского, Д. И. Менделеева,
      <name placement="note" ref="13883" type="person">
       Л. Н. Толстого
      </name>
      . В 1883 году написал картину «Курсистка», в которой изобразил А. К. Черткову (в то время Дитерихс); в 1890 г. отчасти изобразил ее же в картине «В теплых краях».
     </note>
     мы
     <choice>
      <reg>
       все
      </reg>
      <orig>
       всѣ
      </orig>
     </choice>
     <choice>
      <reg>
       любим
      </reg>
      <orig>
       любимъ
      </orig>
     </choice>
     и,
     <choice>
      <reg>
       разумеется
      </reg>
      <orig>
       разумѣется
      </orig>
     </choice>
     , очень рады бы были его
     <choice>
      <reg>
       видеть
      </reg>
      <orig>
       видѣть
      </orig>
     </choice>
     . Но
     <choice>
      <reg>
       мне
      </reg>
      <orig>
       мнѣ
      </orig>
     </choice>
     всегда страшно, когда
     <choice>
      <reg>
       человек
      </reg>
      <orig>
       человѣкъ
      </orig>
     </choice>
     столько
     <choice>
      <reg>
       проедет
      </reg>
      <orig>
       проѣдетъ
      </orig>
     </choice>
     , чтобы повидаться, а я чувствую, что я своей
     <choice>
      <reg>
       беседой
      </reg>
      <orig>
       бесѣдой
      </orig>
     </choice>
     не заплачу ему
     <choice>
      <reg>
       проезд
      </reg>
      <orig>
       проѣздъ
      </orig>
     </choice>
     до первой
     <choice>
      <reg>
       станции
      </reg>
      <orig>
       станціи
      </orig>
     </choice>
     . Особенно
     <choice>
      <reg>
       в
      </reg>
      <orig>
       въ
      </orig>
     </choice>
     <choice>
      <reg>
       теперешнем
      </reg>
      <orig>
       теперешнемъ
      </orig>
     </choice>
     <choice>
      <reg>
       низком
      </reg>
      <orig>
       низкомъ
      </orig>
     </choice>
     <choice>
      <reg>
       состоянии
      </reg>
      <orig>
       состояніи
      </orig>
     </choice>
     духа, когда думаешь о
     <choice original_editorial_correction="художеств[енных]">
      <sic>
       художеств
      </sic>
      <corr>
       <choice>
        <reg>
         художественных
        </reg>
        <orig>
         художественныхъ
        </orig>
       </choice>
      </corr>
     </choice>
     <choice>
      <reg>
       подробностях
      </reg>
      <orig>
       подробностяхъ
      </orig>
     </choice>
     .
    </p>
    <p id="6da513be-876c-42f8-9a95-b2d7b9f4db5e" rend="right">
     Л. Т.
    </p>
    <noteGrp type="comments">
     <note index="false" type="comments">
      <p id="daf67930-8344-4e8c-9496-4f6c5fe8ec65" rend="Textpetit_otstup left">
       Полностью публикуется впервые. Большой отрывок напечатан в ТЕ 1913, стр. 84. На подлиннике рукой Черткова: «№ 246». Письмо датируется на основании слов: «вчера только был Стороженко». По записи в Дневнике Толстого Стороженко приезжал в Ясную поляну 14 января 1890 г.
      </p>
     </note>
     <note index="false" type="comments">
      <p id="c2d36405-1264-4225-827f-86d6510f7dae" rend="petit">
       Толстой отвечает, повидимому, на письмо Черткова, упоминаемое в записи Дневника от 15 января, в которой Толстой, вспоминая происшедшее за предыдущие шесть дней, писал: «получил письмо от
       <choice original_editorial_correction="Чертк[ова]">
        <sic>
         Чертк
        </sic>
        <corr>
         Черткова
        </corr>
       </choice>
       с заметкой о «
       <choice original_editorial_correction="Кр[ейцеровой]">
        <sic>
         Кр
        </sic>
        <corr>
         Крейцеровой
        </corr>
       </choice>
       Сонате». В архиве Черткова сохранилось его письмо к Толстому от 7 января, в котором Чертков писал: «Вчера вечером был у нас г. Ганзен, датчанин, переводчик ваших произведений на датский язык и горячий ценитель всех ваших писаний. Он нам читал отрывки из разных критик ваших последних произведений, и мы были поражены и обрадованы тем, как серьезно и глубоко вас понимают в Дании. Между прочим он рассмешил нас рассказом о том, как какое-то благотворительное общество, получив от него разрешение издать 10 т. экземпляров его перевода «Где любовь, там и Бог», разослало эту книжку даром по всей стране, припечатав на последней странице адреса, где принимаются этим обществом пожертвования. И общество таким образом выручило много денег. Он очень просил меня дать ему для перевода экземпляр вашей новой повести. Я ему сказал, что она еще не кончена; но что дам ему лишь только будет готова. Вообще
       <hi>
        очень
       </hi>
       прошу вас доставить мне экземпляр, лишь только вы кончите, так как я вам вернул свой; а здесь собираются литографировать эту вещь в первоначальном черновом виде, и мне очень хотелось бы дать им экземпляр в окончательном исправленном виде, если только успею... Вместе с тем я дал бы переписать рукопись и Ганзену и тем, кто хотят ее литографировать, если только к тому времени они не отлитографировали прежний неотделанный вариант.... Я продолжаю видеться с Ярошенко, который продолжает меня удивлять и радовать своим более чутким и сочувственным отношением к тому, что нам дорого. Ему очень хочется навестить вас, хоть на денек; но он не решается, боясь быть вам в тягость. Пожалуйста, напишите мне что-нибудь в этом отношении ободрительного для него, если только его посещение вам действительно не будет в тягость. Ему именно теперь было бы очень
       <hi style="opdelimiter">
        хорошо
       </hi>
       <pb n="6"/>
       <hi style="npdelimiter">
        повидаться
       </hi>
       с вами. Его между прочим особенно интересует ваш взгляд на искусство. Вообще я все больше и больше убеждаюсь в том, как полезна многим и через них многим и многим другим ваша статья об искусстве».
      </p>
     </note>
     <note index="false" type="comments">
      <p id="328836db-bfa1-43c0-b8b4-b52dc1f5ddc1" rend="petit">
       О «Крейцеровой сонате» и о желательности «Послесловия» к ней Чертков писал Толстому в письме от 25 декабря 1889 года (см. прим. к письму 246, т. 86).
      </p>
     </note>
    </noteGrp>
   </div>
  </body>
 </text>
</TEI>
