<?xml version="1.0" encoding="utf-8"?>
<TEI xmlns="http://www.tei-c.org/ns/1.0" xmlns:xi="http://www.w3.org/2001/XInclude">
 <teiHeader>
  <fileDesc>
   <titleStmt>
    <title xml:id="v87_255_a22">
     Письма и документы. Tolstoy Digital
    </title>
    <title type="main">
     Письмо В. Г. Черткову от 22 апреля 1890 г.
    </title>
    <title type="bibl">
     Толстой Л. Н. Письмо В. Г. Черткову, 22 апреля 1890 г. // Толстой Л. Н. Полное собрание сочинений: в 90 тт. Т. 87. М.: Гос. изд. «Художественная литература», 1935. С.
    </title>
    <respStmt>
     <resp>
      Идея, постановка задач, руководство:
     </resp>
     <name>
      Анастасия Бонч-Осмоловская, Фёкла Толстая, Борис Орехов, Тимофей Лукашевский
     </name>
    </respStmt>
    <respStmt>
     <resp>
      Подготовка TEI/XML:
     </resp>
     <name>
      Евгений Можаев, Даниил Скоринкин, Ирина Павлова, Матвей Колбасов, Елена Сидорова, Кирилл Милинцевич, Лев Буланов, Макар Федоров, Константин Петров
     </name>
    </respStmt>
    <respStmt>
     <resp>
      Подготовка метаданных:
     </resp>
     <name>
      Мария Картышева, Вероника Файнберг
     </name>
    </respStmt>
    <respStmt>
     <resp>
      Разметка имен собственных:
     </resp>
     <name>
      Никита Северин, Елена Северина
     </name>
    </respStmt>
    <respStmt>
     <resp>
      Исправление древнегреческого текста:
     </resp>
     <name>
      Ольга Алиева
     </name>
    </respStmt>
    <funder>
     Проект «Слово Толстого»
    </funder>
   </titleStmt>
   <publicationStmt>
    <publisher>
     <orgName>
      Tolstoy Digital, DH CLOUD, Научно-образовательный союз «Родное Слово» проект «Слово Толстого»
     </orgName>
    </publisher>
    <availability>
     <p id="4930d062-4df1-403c-b900-13df1a2e5ced">
      Тексты и метатекстовая разметка доступны для свободного использования и распространения по лицензии Creative Commons Attribution Share-Alike (cc by-sa)
     </p>
    </availability>
    <date from="2015" to="2022"/>
   </publicationStmt>
   <notesStmt>
    <note>
     Публикуемые документы был получены с сайта tolstoy.ru в формате html, переведены в формат TEI. Исправлены некоторые ошибки распознавания. Тексты, написанные в дореформенной орфографии, сопоставлены с их версиями в современной орфографии.
    </note>
   </notesStmt>
   <sourceDesc>
    <biblStruct>
     <analytic>
      <author>
       Толстой Лев Николаевич
      </author>
     </analytic>
     <monogr>
      <title level="m">
       Полное собрание сочинений. Том 87
      </title>
      <imprint>
       <pubPlace>
        Москва
       </pubPlace>
       <publisher>
        Государственное издательство «Художественная литература»
       </publisher>
       <date when="1935"/>
      </imprint>
      <biblScope unit="vol">
       87
      </biblScope>
      <biblScope unit="page">
       23-24
      </biblScope>
     </monogr>
     <series>
      <title level="s">
       Л. Н. Толстой. Полное собрание сочинений: в 90 тт.
      </title>
     </series>
    </biblStruct>
    <bibl/>
   </sourceDesc>
  </fileDesc>
  <encodingDesc>
   <classDecl>
    <xi:include href="../../reference/taxonomy.xml"/>
   </classDecl>
  </encodingDesc>
  <profileDesc>
   <correspDesc>
    <correspAction type="sending">
     <persName ref="13883">
      Л. Н. Толстой
     </persName>
     <placeName>
      Ясная Поляна
     </placeName>
     <date when="1890-04-22"/>
    </correspAction>
    <correspAction type="receiving">
     <persName ref="15284">
      Чертков Владимир Григорьевич
     </persName>
    </correspAction>
   </correspDesc>
   <langUsage>
    <language ident="ru"/>
    <language ident="ru-petr1708"/>
   </langUsage>
   <textClass>
    <catRef ana="#tolstoy_heritage" target="library"/>
    <catRef ana="#letters" target="type"/>
    <catRef ana="#sent" target="sent"/>
   </textClass>
  </profileDesc>
 </teiHeader>
 <xenoData>
  <number type="in a volume">
   255
  </number>
 </xenoData>
 <text xml:id="a22_255" xmlns="http://www.tei-c.org/ns/1.0" xmlns:xi="http://www.w3.org/2001/XInclude">
  <body>
   <div>
    <pb n="23"/>
    <opener index="false">
     255.1890 г. Апреля 22. Я. П.
    </opener>
    <p id="a1b64109-f7bf-4cc5-85c1-0e1ea792e471">
     Не
     <choice>
      <reg>
       сетуйте
      </reg>
      <orig>
       сѣтуйте
      </orig>
     </choice>
     на меня, милые друзья, что я
     <choice>
      <reg>
       задержал
      </reg>
      <orig>
       задержалъ
      </orig>
     </choice>
     Ваню.
     <ref target="#note1">
      1
     </ref>
     <note index="false" resp="volume_editor" xml:id="note1">
      <name placement="note" ref="3642" type="person">
       Иван Иванович Горбунов-Посадов
      </name>
      приехал в Ясную поляну 21 апреля для того, чтобы взять у Толстого и отвезти Черткову в Петербург рукопись «Послесловия к “Крейцеровой сонате”».
     </note>
     <choice>
      <reg>
       Надеюсь
      </reg>
      <orig>
       Надѣюсь
      </orig>
     </choice>
     прислать
     <choice>
      <reg>
       с
      </reg>
      <orig>
       съ
      </orig>
     </choice>
     <choice>
      <reg>
       ним
      </reg>
      <orig>
       нимъ
      </orig>
     </choice>
     <choice original_editorial_correction="Послесл[овие]">
      <sic>
       <choice>
        <reg>
         Послесл
        </reg>
        <orig>
         Послѣсл
        </orig>
       </choice>
      </sic>
      <corr>
       <choice>
        <reg>
         Послесловие
        </reg>
        <orig>
         Послѣсловіе
        </orig>
       </choice>
      </corr>
     </choice>
     .
     <choice>
      <reg>
       С
      </reg>
      <orig>
       Съ
      </orig>
     </choice>
     <choice>
      <reg>
       ним
      </reg>
      <orig>
       нимъ
      </orig>
     </choice>
     напишу еще и
     <choice>
      <reg>
       он
      </reg>
      <orig>
       онъ
      </orig>
     </choice>
     все
     <choice>
      <reg>
       расскажет
      </reg>
      <orig>
       разскажетъ
      </orig>
     </choice>
     .
    </p>
    <p id="6dd34b78-81ab-4b07-a135-1fc483ad296c" rend="right">
     Л. Т.
    </p>
    <lb/>
    <p id="642ee712-63b5-4f5d-85e9-dae2d8ebf749">
     <hi>
      На обороте:
     </hi>
     <choice>
      <reg>
       Петербург
      </reg>
      <orig>
       Петербургъ
      </orig>
     </choice>
     . Лиговка, 31. В. Г. Черткову.
    </p>
    <noteGrp type="comments">
     <note index="false" type="comments">
      <p id="527182d7-d575-4e79-bf3b-921f25621430" rend="Textpetit_otstup left">
       Напечатано в ТЕ 1913, стр. 85. Открытое письмо. Почтовые штемпели: «Почтовый вагон 23 Апр. 1890», «С. Петербург. Городская почта 24 Апр. 1890». На подлиннике черным карандашом рукой Черткова: «№ 250 23 Апр. 90. Я. П.» В Дневнике Толстого от 23 апреля записано: «Гостит Горбунов. Он хотел ехать 22. Я удержал его». Сопоставляя эту запись с почтовым штемпелем, письмо следует датировать 22 апреля.
      </p>
     </note>
    </noteGrp>
   </div>
  </body>
 </text>
</TEI>
