<?xml version="1.0" encoding="utf-8"?>
<TEI xmlns="http://www.tei-c.org/ns/1.0" xmlns:xi="http://www.w3.org/2001/XInclude">
 <teiHeader>
  <fileDesc>
   <titleStmt>
    <title xml:id="v87_260_iyunya11">
     Письма и документы. Tolstoy Digital
    </title>
    <title type="main">
     Письмо В. Г. Черткову от 11 июня 1890 г.
    </title>
    <title type="bibl">
     Толстой Л. Н. Письмо В. Г. Черткову, 11 июня 1890 г. // Толстой Л. Н. Полное собрание сочинений: в 90 тт. Т. 87. М.: Гос. изд. «Художественная литература», 1935. С.
    </title>
    <respStmt>
     <resp>
      Идея, постановка задач, руководство:
     </resp>
     <name>
      Анастасия Бонч-Осмоловская, Фёкла Толстая, Борис Орехов, Тимофей Лукашевский
     </name>
    </respStmt>
    <respStmt>
     <resp>
      Подготовка TEI/XML:
     </resp>
     <name>
      Евгений Можаев, Даниил Скоринкин, Ирина Павлова, Матвей Колбасов, Елена Сидорова, Кирилл Милинцевич, Лев Буланов, Макар Федоров, Константин Петров
     </name>
    </respStmt>
    <respStmt>
     <resp>
      Подготовка метаданных:
     </resp>
     <name>
      Мария Картышева, Вероника Файнберг
     </name>
    </respStmt>
    <respStmt>
     <resp>
      Разметка имен собственных:
     </resp>
     <name>
      Никита Северин, Елена Северина
     </name>
    </respStmt>
    <respStmt>
     <resp>
      Исправление древнегреческого текста:
     </resp>
     <name>
      Ольга Алиева
     </name>
    </respStmt>
    <funder>
     Проект «Слово Толстого»
    </funder>
   </titleStmt>
   <publicationStmt>
    <publisher>
     <orgName>
      Tolstoy Digital, DH CLOUD, Научно-образовательный союз «Родное Слово» проект «Слово Толстого»
     </orgName>
    </publisher>
    <availability>
     <p id="659058d2-f768-413f-b0b0-c46603cf9126">
      Тексты и метатекстовая разметка доступны для свободного использования и распространения по лицензии Creative Commons Attribution Share-Alike (cc by-sa)
     </p>
    </availability>
    <date from="2015" to="2022"/>
   </publicationStmt>
   <notesStmt>
    <note>
     Публикуемые документы был получены с сайта tolstoy.ru в формате html, переведены в формат TEI. Исправлены некоторые ошибки распознавания. Тексты, написанные в дореформенной орфографии, сопоставлены с их версиями в современной орфографии.
    </note>
   </notesStmt>
   <sourceDesc>
    <biblStruct>
     <analytic>
      <author>
       Толстой Лев Николаевич
      </author>
     </analytic>
     <monogr>
      <title level="m">
       Полное собрание сочинений. Том 87
      </title>
      <imprint>
       <pubPlace>
        Москва
       </pubPlace>
       <publisher>
        Государственное издательство «Художественная литература»
       </publisher>
       <date when="1935"/>
      </imprint>
      <biblScope unit="vol">
       87
      </biblScope>
      <biblScope unit="page">
       29-31
      </biblScope>
     </monogr>
     <series>
      <title level="s">
       Л. Н. Толстой. Полное собрание сочинений: в 90 тт.
      </title>
     </series>
    </biblStruct>
    <bibl/>
   </sourceDesc>
  </fileDesc>
  <encodingDesc>
   <classDecl>
    <xi:include href="../../reference/taxonomy.xml"/>
   </classDecl>
  </encodingDesc>
  <profileDesc>
   <correspDesc>
    <correspAction type="sending">
     <persName ref="13883">
      Л. Н. Толстой
     </persName>
     <placeName>
      Ясная Поляна
     </placeName>
     <date when="1890-06-11"/>
    </correspAction>
    <correspAction type="receiving">
     <persName ref="15284">
      Чертков Владимир Григорьевич
     </persName>
    </correspAction>
   </correspDesc>
   <langUsage>
    <language ident="ru"/>
    <language ident="ru-petr1708"/>
   </langUsage>
   <textClass>
    <catRef ana="#tolstoy_heritage" target="library"/>
    <catRef ana="#letters" target="type"/>
    <catRef ana="#sent" target="sent"/>
   </textClass>
  </profileDesc>
 </teiHeader>
 <xenoData>
  <number type="in a volume">
   260
  </number>
 </xenoData>
 <text xml:id="iyunya11_260" xmlns="http://www.tei-c.org/ns/1.0" xmlns:xi="http://www.w3.org/2001/XInclude">
  <body>
   <div>
    <pb n="29"/>
    <opener index="false">
     * 260.1890 г. Июня 11. Я. П.
    </opener>
    <p id="d1b53770-61ad-4b6a-a32d-cc81776ab467">
     <choice>
      <reg>
       Получил
      </reg>
      <orig>
       Получилъ
      </orig>
     </choice>
     ваши
     <choice>
      <reg>
       последния
      </reg>
      <orig>
       послѣднія
      </orig>
     </choice>
     письма
     <choice>
      <reg>
       из
      </reg>
      <orig>
       изъ
      </orig>
     </choice>
     <choice original_editorial_correction="Петерб[урга]">
      <sic>
       Петерб
      </sic>
      <corr>
       Петербурга
      </corr>
     </choice>
     и
     <choice>
      <reg>
       с
      </reg>
      <orig>
       съ
      </orig>
     </choice>
     дороги. Спасибо за
     <choice>
      <reg>
       них
      </reg>
      <orig>
       нихъ
      </orig>
     </choice>
     .
     <choice>
      <reg>
       Имел
      </reg>
      <orig>
       Имѣлъ
      </orig>
     </choice>
     <choice>
      <reg>
       сведения
      </reg>
      <orig>
       свѣдѣнія
      </orig>
     </choice>
     и
     <choice>
      <reg>
       от
      </reg>
      <orig>
       отъ
      </orig>
     </choice>
     Горбунова, что вы
     <choice>
      <reg>
       проехали
      </reg>
      <orig>
       проѣхали
      </orig>
     </choice>
     благополучно.
     <hi>
      1
     </hi>
     Очень
     <choice>
      <reg>
       рад
      </reg>
      <orig>
       радъ
      </orig>
     </choice>
     за
     <choice>
      <reg>
       вас
      </reg>
      <orig>
       васъ
      </orig>
     </choice>
     . — Напишите про Галю и себя. Ге
     <hi>
      2
     </hi>
     <choice>
      <reg>
       рассказывал
      </reg>
      <orig>
       разсказывалъ
      </orig>
     </choice>
     про
     <choice>
      <reg>
       вас
      </reg>
      <orig>
       васъ
      </orig>
     </choice>
     и
     <choice>
      <reg>
       говорил
      </reg>
      <orig>
       говорилъ
      </orig>
     </choice>
     , что она очень слаба.
    </p>
    <p id="e93bb529-4542-477e-b21d-f9557e0cc51c">
     <hi>
      3
     </hi>
     Только бы быть согласной,
     <choice>
      <reg>
       совсем
      </reg>
      <orig>
       совсѣмъ
      </orig>
     </choice>
     согласной
     <choice>
      <reg>
       с
      </reg>
      <orig>
       съ
      </orig>
     </choice>
     <choice>
      <reg>
       тем
      </reg>
      <orig>
       тѣмъ
      </orig>
     </choice>
     <choice>
      <reg>
       физическим
      </reg>
      <orig>
       физическимъ
      </orig>
     </choice>
     <choice>
      <reg>
       состоянием
      </reg>
      <orig>
       состояніемъ
      </orig>
     </choice>
     ,
     <choice>
      <reg>
       в
      </reg>
      <orig>
       въ
      </orig>
     </choice>
     <choice original_editorial_correction="кот[орое]">
      <sic>
       кот
      </sic>
      <corr>
       которое
      </corr>
     </choice>
     <choice>
      <reg>
       ставит
      </reg>
      <orig>
       ставитъ
      </orig>
     </choice>
     <choice>
      <reg>
       Бог
      </reg>
      <orig>
       Богъ
      </orig>
     </choice>
     <hi>
      4
     </hi>
     — и тогда очень хорошо, милая Галя. И не то, что
     <choice>
      <reg>
       согласным
      </reg>
      <orig>
       согласнымъ
      </orig>
     </choice>
     ,
     <choice>
      <reg>
       согласным
      </reg>
      <orig>
       согласнымъ
      </orig>
     </choice>
     нельзя быть, когда больно, а не быть
     <choice>
      <reg>
       несогласным
      </reg>
      <orig>
       несогласнымъ
      </orig>
     </choice>
     , не противиться, не желать
     <choice>
      <reg>
       другого
      </reg>
      <orig>
       другаго
      </orig>
     </choice>
     . Для того, чтобы не желать
     <choice>
      <reg>
       другого
      </reg>
      <orig>
       другаго
      </orig>
     </choice>
     , надо
     <choice>
      <reg>
       делать
      </reg>
      <orig>
       дѣлать
      </orig>
     </choice>
     . Если
     <choice>
      <reg>
       делаешь
      </reg>
      <orig>
       дѣлаешь
      </orig>
     </choice>
     что-нибудь одной,
     <choice>
      <reg>
       положим
      </reg>
      <orig>
       положимъ
      </orig>
     </choice>
     , рукой,
     <hi>
      5
     </hi>
     когда другой
     <choice>
      <reg>
       нет
      </reg>
      <orig>
       нѣтъ
      </orig>
     </choice>
     , или
     <choice>
      <reg>
       языком
      </reg>
      <orig>
       языкомъ
      </orig>
     </choice>
     ,
     <choice>
      <reg>
       как
      </reg>
      <orig>
       какъ
      </orig>
     </choice>
     , я
     <choice>
      <reg>
       видел
      </reg>
      <orig>
       видѣлъ
      </orig>
     </choice>
     ,
     <choice>
      <reg>
       шьет
      </reg>
      <orig>
       шьетъ
      </orig>
     </choice>
     безрукая, то
     <choice>
      <reg>
       ведь
      </reg>
      <orig>
       вѣдь
      </orig>
     </choice>
     во время
     <choice>
      <reg>
       дела
      </reg>
      <orig>
       дѣла
      </orig>
     </choice>
     не
     <choice>
      <reg>
       придет
      </reg>
      <orig>
       придетъ
      </orig>
     </choice>
     и мысль о
     <choice>
      <reg>
       том
      </reg>
      <orig>
       томъ
      </orig>
     </choice>
     ,
     <choice>
      <reg>
       зачем
      </reg>
      <orig>
       зачѣмъ
      </orig>
     </choice>
     у меня
     <choice>
      <reg>
       нет
      </reg>
      <orig>
       нѣтъ
      </orig>
     </choice>
     <choice>
      <reg>
       рук
      </reg>
      <orig>
       рукъ
      </orig>
     </choice>
     , а думаешь только о
     <choice>
      <reg>
       том
      </reg>
      <orig>
       томъ
      </orig>
     </choice>
     ,
     <choice>
      <reg>
       как
      </reg>
      <orig>
       какъ
      </orig>
     </choice>
     бы
     <choice>
      <reg>
       сделать
      </reg>
      <orig>
       сдѣлать
      </orig>
     </choice>
     то, что
     <choice>
      <reg>
       делаю
      </reg>
      <orig>
       дѣлаю
      </orig>
     </choice>
     ,
     <choice>
      <reg>
       теми
      </reg>
      <orig>
       тѣми
      </orig>
     </choice>
     средствами,
     <choice>
      <reg>
       какие
      </reg>
      <orig>
       какія
      </orig>
     </choice>
     у меня есть. Я
     <choice>
      <reg>
       испытывал
      </reg>
      <orig>
       испытывалъ
      </orig>
     </choice>
     это во время
     <choice>
      <reg>
       болезни
      </reg>
      <orig>
       болѣзни
      </orig>
     </choice>
     и
     <choice>
      <reg>
       вполне
      </reg>
      <orig>
       вполнѣ
      </orig>
     </choice>
     , когда
     <choice>
      <reg>
       испытывал
      </reg>
      <orig>
       испытывалъ
      </orig>
     </choice>
     только слабость, и не
     <choice>
      <reg>
       вполне
      </reg>
      <orig>
       вполнѣ
      </orig>
     </choice>
     , когда было больно. Но думаю, что можно.
     <choice>
      <reg>
       Ведь
      </reg>
      <orig>
       Вѣдь
      </orig>
     </choice>
     боль есть только
     <choice>
      <reg>
       отсутствие
      </reg>
      <orig>
       отсутствіе
      </orig>
     </choice>
     <choice>
      <reg>
       безболезненности
      </reg>
      <orig>
       безболѣзненности
      </orig>
     </choice>
     . И можно
     <choice>
      <reg>
       делать
      </reg>
      <orig>
       дѣлать
      </orig>
     </choice>
     и
     <choice>
      <reg>
       с
      </reg>
      <orig>
       съ
      </orig>
     </choice>
     болью, и тогда не думаешь
     <hi>
      6
     </hi>
     о боли, не желаешь прекращенія ея. Я говорю только, что можно. Я только чуть чуть вижу возможность этого, и чѣмъ больше практики, тѣмъ больше можно дойти до этого. Дѣлать дѣло божье въ томъ состояніи, въ кот[оромъ] находишься, какъ велѣно было разслаблен[ному] Силоамской купели,
     <hi>
      7
     </hi>
     одно и
     <choice>
      <reg>
       действительное
      </reg>
      <orig>
       дѣйствительное
      </orig>
     </choice>
     <choice>
      <reg>
       спасение
      </reg>
      <orig>
       спасеніе
      </orig>
     </choice>
     .
    </p>
    <p id="c08d1383-bcb3-4b2b-860a-ac79d1156d54">
     Одно могу сказать, что пока я
     <choice>
      <reg>
       был
      </reg>
      <orig>
       былъ
      </orig>
     </choice>
     <choice>
      <reg>
       болен
      </reg>
      <orig>
       боленъ
      </orig>
     </choice>
     и
     <choice>
      <reg>
       слаб
      </reg>
      <orig>
       слабъ
      </orig>
     </choice>
     , я духовно
     <choice>
      <reg>
       был
      </reg>
      <orig>
       былъ
      </orig>
     </choice>
     <choice>
      <reg>
       сильнее
      </reg>
      <orig>
       сильнѣе
      </orig>
     </choice>
     . Теперь я физически поправляюсь,
     <choice>
      <reg>
       тело
      </reg>
      <orig>
       тѣло
      </orig>
     </choice>
     <choice>
      <reg>
       начинает
      </reg>
      <orig>
       начинаетъ
      </orig>
     </choice>
     опять давить и жалко
     <choice>
      <reg>
       болезни
      </reg>
      <orig>
       болѣзни
      </orig>
     </choice>
     . Помните
     <choice>
      <reg>
       рассказ
      </reg>
      <orig>
       разсказъ
      </orig>
     </choice>
     о
     <choice>
      <reg>
       монахе
      </reg>
      <orig>
       монахѣ
      </orig>
     </choice>
     ,
     <choice>
      <reg>
       умершем
      </reg>
      <orig>
       умершемъ
      </orig>
     </choice>
     и
     <choice>
      <reg>
       воскресшем
      </reg>
      <orig>
       воскресшемъ
      </orig>
     </choice>
     для того,
     <choice original_editorial_correction="что[бы]">
      <sic>
       что
      </sic>
      <corr>
       чтобы
      </corr>
     </choice>
     <choice>
      <reg>
       он
      </reg>
      <orig>
       онъ
      </orig>
     </choice>
     <choice>
      <reg>
       мог
      </reg>
      <orig>
       могъ
      </orig>
     </choice>
     помириться
     <choice>
      <reg>
       с
      </reg>
      <orig>
       съ
      </orig>
     </choice>
     <choice>
      <reg>
       братом
      </reg>
      <orig>
       братомъ
      </orig>
     </choice>
     .
     <hi>
      8
     </hi>
     (Его на
     <choice>
      <reg>
       том
      </reg>
      <orig>
       томъ
      </orig>
     </choice>
     <choice>
      <reg>
       свете
      </reg>
      <orig>
       свѣтѣ
      </orig>
     </choice>
     <choice>
      <reg>
       пожалели
      </reg>
      <orig>
       пожалѣли
      </orig>
     </choice>
     и дали ему воскреснуть, чтобы
     <choice>
      <reg>
       он
      </reg>
      <orig>
       онъ
      </orig>
     </choice>
     <choice>
      <reg>
       мог
      </reg>
      <orig>
       могъ
      </orig>
     </choice>
     помириться.)
     <choice>
      <reg>
       Так
      </reg>
      <orig>
       Такъ
      </orig>
     </choice>
     воскресной
     <choice>
      <reg>
       рассказывал
      </reg>
      <orig>
       разсказывалъ
      </orig>
     </choice>
     ,
     <choice>
      <reg>
       как
      </reg>
      <orig>
       какъ
      </orig>
     </choice>
     хорошо, чисто, радостно, легко,
     <choice>
      <reg>
       светло
      </reg>
      <orig>
       свѣтло
      </orig>
     </choice>
     было
     <choice>
      <reg>
       там
      </reg>
      <orig>
       тамъ
      </orig>
     </choice>
     , и
     <choice>
      <reg>
       как
      </reg>
      <orig>
       какъ
      </orig>
     </choice>
     <choice>
      <reg>
       вдруг
      </reg>
      <orig>
       вдругъ
      </orig>
     </choice>
     его взяли
     <choice>
      <reg>
       из
      </reg>
      <orig>
       изъ
      </orig>
     </choice>
     <choice>
      <reg>
       тех
      </reg>
      <orig>
       тѣхъ
      </orig>
     </choice>
     <choice>
      <reg>
       чистых
      </reg>
      <orig>
       чистыхъ
      </orig>
     </choice>
     ,
     <choice>
      <reg>
       чистых
      </reg>
      <orig>
       чистыхъ
      </orig>
     </choice>
     ,
     <choice>
      <reg>
       радостных
      </reg>
      <orig>
       радостныхъ
      </orig>
     </choice>
     <choice>
      <reg>
       светлых
      </reg>
      <orig>
       свѣтлыхъ
      </orig>
     </choice>
     <choice>
      <reg>
       мест
      </reg>
      <orig>
       мѣстъ
      </orig>
     </choice>
     и привели
     <choice>
      <reg>
       к
      </reg>
      <orig>
       къ
      </orig>
     </choice>
     зловонной, гнойной
     <choice>
      <reg>
       яме
      </reg>
      <orig>
       ямѣ
      </orig>
     </choice>
     и
     <choice>
      <reg>
       велели
      </reg>
      <orig>
       велѣли
      </orig>
     </choice>
     <choice>
      <reg>
       лезть
      </reg>
      <orig>
       лѣзть
      </orig>
     </choice>
     <choice>
      <reg>
       в
      </reg>
      <orig>
       въ
      </orig>
     </choice>
     нее.
     <choice>
      <reg>
       Он
      </reg>
      <orig>
       Онъ
      </orig>
     </choice>
     <choice>
      <reg>
       с
      </reg>
      <orig>
       съ
      </orig>
     </choice>
     <choice>
      <reg>
       отвращением
      </reg>
      <orig>
       отвращеніемъ
      </orig>
     </choice>
     и
     <choice>
      <reg>
       ужасом
      </reg>
      <orig>
       ужасомъ
      </orig>
     </choice>
     повиновался и
     <choice>
      <reg>
       влез
      </reg>
      <orig>
       влѣзъ
      </orig>
     </choice>
     <choice>
      <reg>
       в
      </reg>
      <orig>
       въ
      </orig>
     </choice>
     нее. Эта яма была его
     <choice>
      <reg>
       тело
      </reg>
      <orig>
       тѣло
      </orig>
     </choice>
     . И
     <choice>
      <reg>
       вот
      </reg>
      <orig>
       вотъ
      </orig>
     </choice>
     теперь я чувствую,
     <choice>
      <reg>
       как
      </reg>
      <orig>
       какъ
      </orig>
     </choice>
     благодаря
     <choice>
      <reg>
       лечениям
      </reg>
      <orig>
       лѣченіямъ
      </orig>
     </choice>
     , кумысу,
     <hi style="opdelimiter">
      праздности
     </hi>
     <pb n="30"/>
     <hi style="npdelimiter">
      физической,
     </hi>
     я,
     <choice>
      <reg>
       уж
      </reg>
      <orig>
       ужъ
      </orig>
     </choice>
     <choice>
      <reg>
       начавший
      </reg>
      <orig>
       начавшій
      </orig>
     </choice>
     <choice>
      <reg>
       вылезать
      </reg>
      <orig>
       вылѣзать
      </orig>
     </choice>
     , по грудь
     <choice>
      <reg>
       выпроставшийся
      </reg>
      <orig>
       выпроставшійся
      </orig>
     </choice>
     <choice>
      <reg>
       из
      </reg>
      <orig>
       изъ
      </orig>
     </choice>
     ямы, опять тону
     <choice>
      <reg>
       в
      </reg>
      <orig>
       въ
      </orig>
     </choice>
     ней и начинаю захлебываться. Не знаю,
     <choice>
      <reg>
       как
      </reg>
      <orig>
       какъ
      </orig>
     </choice>
     <choice>
      <reg>
       вам
      </reg>
      <orig>
       вамъ
      </orig>
     </choice>
     ,
     <choice>
      <reg>
       молодым
      </reg>
      <orig>
       молодымъ
      </orig>
     </choice>
     , но
     <choice>
      <reg>
       мне
      </reg>
      <orig>
       мнѣ
      </orig>
     </choice>
     , пожившему уже, не
     <choice>
      <reg>
       рассуждением
      </reg>
      <orig>
       разсужденіемъ
      </orig>
     </choice>
     , но
     <choice>
      <reg>
       чувством
      </reg>
      <orig>
       чувствомъ
      </orig>
     </choice>
     хочется
     <choice>
      <reg>
       освобождения
      </reg>
      <orig>
       освобожденія
      </orig>
     </choice>
     <choice>
      <reg>
       от
      </reg>
      <orig>
       отъ
      </orig>
     </choice>
     червей.
    </p>
    <p id="a73a2cdb-de13-459a-9069-725f023a5b7e">
     Пишу это особенно
     <choice original_editorial_correction="п[отому]">
      <sic>
       п
      </sic>
      <corr>
       потому
      </corr>
     </choice>
     ,
     <choice original_editorial_correction="ч[то]">
      <sic>
       ч
      </sic>
      <corr>
       что
      </corr>
     </choice>
     все это
     <choice>
      <reg>
       последнее
      </reg>
      <orig>
       послѣднее
      </orig>
     </choice>
     время нахожусь
     <choice>
      <reg>
       в
      </reg>
      <orig>
       въ
      </orig>
     </choice>
     <choice>
      <reg>
       самом
      </reg>
      <orig>
       самомъ
      </orig>
     </choice>
     <choice>
      <reg>
       скверном
      </reg>
      <orig>
       скверномъ
      </orig>
     </choice>
     ,
     <choice>
      <reg>
       сонном
      </reg>
      <orig>
       сонномъ
      </orig>
     </choice>
     ,
     <choice>
      <reg>
       склонном
      </reg>
      <orig>
       склонномъ
      </orig>
     </choice>
     <choice>
      <reg>
       к
      </reg>
      <orig>
       къ
      </orig>
     </choice>
     <choice>
      <reg>
       раздражению
      </reg>
      <orig>
       раздраженію
      </orig>
     </choice>
     , эгоизму и всякой гадости, состоянии
     <choice>
      <reg>
       выздоравливающего
      </reg>
      <orig>
       выздоравливающаго
      </orig>
     </choice>
     .
    </p>
    <p id="0b0fbf1c-ea46-498a-b06c-ec4078146ccf">
     <choice>
      <reg>
       Рассказ
      </reg>
      <orig>
       Разсказъ
      </orig>
     </choice>
     отца
     <choice>
      <reg>
       Сергия
      </reg>
      <orig>
       Сергія
      </orig>
     </choice>
     очень
     <choice>
      <reg>
       заинтересовал
      </reg>
      <orig>
       заинтересовалъ
      </orig>
     </choice>
     меня.
     <hi>
      9
     </hi>
     Я
     <choice>
      <reg>
       кончил
      </reg>
      <orig>
       кончилъ
      </orig>
     </choice>
     теперь
     <choice>
      <reg>
       предисловие
      </reg>
      <orig>
       предисловіе
      </orig>
     </choice>
     <choice>
      <reg>
       к
      </reg>
      <orig>
       къ
      </orig>
     </choice>
     <choice>
      <reg>
       книге
      </reg>
      <orig>
       книгѣ
      </orig>
     </choice>
     <choice>
      <reg>
       Алексеева
      </reg>
      <orig>
       Алексѣева
      </orig>
     </choice>
     <hi>
      10
     </hi>
     и займусь
     <choice>
      <reg>
       им
      </reg>
      <orig>
       имъ
      </orig>
     </choice>
     . Очень
     <choice>
      <reg>
       может
      </reg>
      <orig>
       можетъ
      </orig>
     </choice>
     быть интересно.
    </p>
    <p id="a9f6108c-642e-41ab-9b85-ad5f267e5301">
     Ну прощайте.
     <choice>
      <reg>
       Целую
      </reg>
      <orig>
       Цѣлую
      </orig>
     </choice>
     <choice>
      <reg>
       вас
      </reg>
      <orig>
       васъ
      </orig>
     </choice>
     . —
    </p>
    <noteGrp type="comments">
     <note index="false" type="comments">
      <p id="62f17766-6112-44ab-b06a-cd2bbfdc9ff7" rend="Textpetit_otstup left">
       Полностью публикуется впервые. Отрывки напечатаны в ТЕ 1913» стр. 86 и в книге «Посмертные художественные произведения
       <name placement="comments" ref="13883" type="person">
        Л. Н. Толстого
       </name>
       », изд. A. Л Толстой, т. II, М. 1911, стр. 234. На подлиннике надпись черным карандашом рукой Черткова: «255». Дата определяется записью в Дневнике Толстого от 11 июня, о том, что написано письмо Черткову.
      </p>
     </note>
     <note index="false" type="comments">
      <p id="4bd06bbd-fadf-4738-9d6a-5f7a37281162" rend="petit">
       Толстой отвечает на письма Черткова от 29 мая и 3 июня. В первом из этих писем Чертков писал: «Действительно, дорогой
       <name placement="comments" ref="13883" type="person">
        Лев Николаевич
       </name>
       , я последнее время мало писал вам, хотя одно письмо вы, повидимому, не получили, — письмо, в котором рассказываю преимущественно про готовящиеся издания картин...Относительно ваших дневников я теперь вполне понимаю, что вы их мне не отдаете на хранение: я раньше не знал всех обстоятельств. Большое спасибо вам за выборку отрывков из них. Эти отрывки мне очень дороги и нужны. Пожалуйста, доведите эти выборки до конца.
      </p>
     </note>
     <note index="false" type="comments">
      <p id="66ca3f79-b87b-47f7-a132-1b99d678b91e" rend="petit">
       Открытое письмецо ваше о послесловии я получил и тотчас же исполнил ваше желание, т. е. восстановил первоначальное начало (которое, действительно, на мой взгляд проще, скромнее и спокойнее) и вычеркнул ссылку на Арнольда. Диллону я успел вручить эти изменения. Ганзен же уехал из Петербурга, не получив их. О письме к государю я совершенно согласен с вами. Эта потребность была у меня сильна под впечатлением клеветы и ложного освещения, в котором ему сообщаются факты, но теперь — охладела. Быть может, когда-нибудь желание это назреет и осуществится; но это может быть хорошо только, если будет сделано совершенно искренно для него, без всякой задней мысли о результатах для самого себя. Я еще не сознаю себя в соответствующем для этого настроении, и потому воздержусь».
      </p>
     </note>
     <note index="false" type="comments">
      <p id="0cc4ae01-814f-4d72-9883-fe4d2fbe0535" rend="petit">
       Во втором письме, написанном в вагоне железной дороги по пути на Кавказ, Чертков писал:
      </p>
     </note>
     <note index="false" type="comments">
      <p id="2426d671-157e-43df-a14d-7f37c98064eb" rend="petit">
       «Вчера из Петербурга я отправил Маше почтовой посылкой на Тулу: 1) Выписки из вашего дневника обратно (с копией). 2) Одно ваше письмо с копией. 3) Список
       <hi style="opdelimiter">
        Сонаты».
       </hi>
      </p>
     </note>
     <note index="false" type="comments">
      <p id="dbac4ade-769e-457d-bda6-886fd915cb24" rend="Textpetit_otstup left">
       <pb n="31"/>
       <hi>
        <hi style="npdelimiter">
         1
        </hi>
       </hi>
       Письмо И. И. Горбунова от 5 июня из Ржевска о том, что он виделся с Чертковыми на станции ж. д. при проезде их на Кавказ. См. прим. к письму Толстого к Горбунову от 11 июня, т. 65.
      </p>
     </note>
    </noteGrp>
   </div>
  </body>
 </text>
</TEI>
