<?xml version="1.0" encoding="utf-8"?>
<TEI xmlns="http://www.tei-c.org/ns/1.0" xmlns:xi="http://www.w3.org/2001/XInclude">
 <teiHeader>
  <fileDesc>
   <titleStmt>
    <title xml:id="v87_384_a22">
     Письма и документы. Tolstoy Digital
    </title>
    <title type="main">
     Письмо В. Г. Черткову от 22 сентября 1894 г.
    </title>
    <title type="bibl">
     Толстой Л. Н. Письмо В. Г. Черткову, 22 сентября 1894 г. // Толстой Л. Н. Полное собрание сочинений: в 90 тт. Т. 87. М.: Гос. изд. «Художественная литература», 1935. С.
    </title>
    <respStmt>
     <resp>
      Идея, постановка задач, руководство:
     </resp>
     <name>
      Анастасия Бонч-Осмоловская, Фёкла Толстая, Борис Орехов, Тимофей Лукашевский
     </name>
    </respStmt>
    <respStmt>
     <resp>
      Подготовка TEI/XML:
     </resp>
     <name>
      Евгений Можаев, Даниил Скоринкин, Ирина Павлова, Матвей Колбасов, Елена Сидорова, Кирилл Милинцевич, Лев Буланов, Макар Федоров, Константин Петров
     </name>
    </respStmt>
    <respStmt>
     <resp>
      Подготовка метаданных:
     </resp>
     <name>
      Мария Картышева, Вероника Файнберг
     </name>
    </respStmt>
    <respStmt>
     <resp>
      Разметка имен собственных:
     </resp>
     <name>
      Никита Северин, Елена Северина
     </name>
    </respStmt>
    <respStmt>
     <resp>
      Исправление древнегреческого текста:
     </resp>
     <name>
      Ольга Алиева
     </name>
    </respStmt>
    <funder>
     Проект «Слово Толстого»
    </funder>
   </titleStmt>
   <publicationStmt>
    <publisher>
     <orgName>
      Tolstoy Digital, DH CLOUD, Научно-образовательный союз «Родное Слово» проект «Слово Толстого»
     </orgName>
    </publisher>
    <availability>
     <p id="3fd2fa31-147a-477c-9b70-6ea892874171">
      Тексты и метатекстовая разметка доступны для свободного использования и распространения по лицензии Creative Commons Attribution Share-Alike (cc by-sa)
     </p>
    </availability>
    <date from="2015" to="2022"/>
   </publicationStmt>
   <notesStmt>
    <note>
     Публикуемые документы был получены с сайта tolstoy.ru в формате html, переведены в формат TEI. Исправлены некоторые ошибки распознавания. Тексты, написанные в дореформенной орфографии, сопоставлены с их версиями в современной орфографии.
    </note>
   </notesStmt>
   <sourceDesc>
    <biblStruct>
     <analytic>
      <author>
       Толстой Лев Николаевич
      </author>
     </analytic>
     <monogr>
      <title level="m">
       Полное собрание сочинений. Том 87
      </title>
      <imprint>
       <pubPlace>
        Москва
       </pubPlace>
       <publisher>
        Государственное издательство «Художественная литература»
       </publisher>
       <date when="1935"/>
      </imprint>
      <biblScope unit="vol">
       87
      </biblScope>
      <biblScope unit="page">
       289-292
      </biblScope>
     </monogr>
     <series>
      <title level="s">
       Л. Н. Толстой. Полное собрание сочинений: в 90 тт.
      </title>
     </series>
    </biblStruct>
    <bibl/>
   </sourceDesc>
  </fileDesc>
  <encodingDesc>
   <classDecl>
    <xi:include href="../../reference/taxonomy.xml"/>
   </classDecl>
  </encodingDesc>
  <profileDesc>
   <correspDesc>
    <correspAction type="sending">
     <persName ref="13883">
      Л. Н. Толстой
     </persName>
     <placeName>
      Ясная Поляна
     </placeName>
     <date when="1894-09-22"/>
    </correspAction>
    <correspAction type="receiving">
     <persName ref="15284">
      Чертков Владимир Григорьевич
     </persName>
    </correspAction>
   </correspDesc>
   <langUsage>
    <language ident="ru"/>
    <language ident="ru-petr1708"/>
   </langUsage>
   <textClass>
    <catRef ana="#tolstoy_heritage" target="library"/>
    <catRef ana="#letters" target="type"/>
    <catRef ana="#sent" target="sent"/>
   </textClass>
  </profileDesc>
 </teiHeader>
 <xenoData>
  <number type="in a volume">
   384
  </number>
 </xenoData>
 <text xml:id="a22_384" xmlns="http://www.tei-c.org/ns/1.0" xmlns:xi="http://www.w3.org/2001/XInclude">
  <body>
   <div>
    <pb n="289"/>
    <opener index="false">
     * 384.1894 г. Сентября 22. Я. П.
    </opener>
    <p id="e62d4941-3d65-42f2-9a29-434f0835f591">
     <choice>
      <reg>
       Получил
      </reg>
      <orig>
       Получилъ
      </orig>
     </choice>
     3-го дня ваше письмо
     <choice>
      <reg>
       с
      </reg>
      <orig>
       съ
      </orig>
     </choice>
     <choice>
      <reg>
       перерывом
      </reg>
      <orig>
       перерывомъ
      </orig>
     </choice>
     и
     <choice>
      <reg>
       с
      </reg>
      <orig>
       съ
      </orig>
     </choice>
     <choice>
      <reg>
       сетованиямя
      </reg>
      <orig>
       сѣтованіямя
      </orig>
     </choice>
     на
     <choice>
      <reg>
       ослабление
      </reg>
      <orig>
       ослабленіе
      </orig>
     </choice>
     духовной жизни. Я
     <choice>
      <reg>
       испытывал
      </reg>
      <orig>
       испытывалъ
      </orig>
     </choice>
     тоже. Но теперь не испытываю, я думаю
     <choice original_editorial_correction="п[отому]">
      <sic>
       п
      </sic>
      <corr>
       потому
      </corr>
     </choice>
     ,
     <choice original_editorial_correction="ч[то]">
      <sic>
       ч
      </sic>
      <corr>
       что
      </corr>
     </choice>
     я
     <choice>
      <reg>
       более
      </reg>
      <orig>
       болѣе
      </orig>
     </choice>
     <choice>
      <reg>
       убедился
      </reg>
      <orig>
       убѣдился
      </orig>
     </choice>
     ,
     <choice>
      <reg>
       уверовал
      </reg>
      <orig>
       увѣровалъ
      </orig>
     </choice>
     <choice>
      <reg>
       в
      </reg>
      <orig>
       въ
      </orig>
     </choice>
     то, что у меня
     <choice>
      <reg>
       нет
      </reg>
      <orig>
       нѣтъ
      </orig>
     </choice>
     и не
     <choice>
      <reg>
       может
      </reg>
      <orig>
       можетъ
      </orig>
     </choice>
     быть другой жизни,
     <choice>
      <reg>
       как
      </reg>
      <orig>
       какъ
      </orig>
     </choice>
     та,
     <choice original_editorial_correction="кот[орая]">
      <sic>
       кот
      </sic>
      <corr>
       которая
      </corr>
     </choice>
     совершается
     <choice>
      <reg>
       через
      </reg>
      <orig>
       черезъ
      </orig>
     </choice>
     меня
     <choice>
      <reg>
       Богом
      </reg>
      <orig>
       Богомъ
      </orig>
     </choice>
     . Только бы знать, что я не противлюсь ей, что я ищу Бога, зову Его, что я
     <choice>
      <reg>
       ничем
      </reg>
      <orig>
       ничѣмъ
      </orig>
     </choice>
     <hi>
      не заслоняю Его
     </hi>
     , и тогда
     <choice>
      <reg>
       мне
      </reg>
      <orig>
       мнѣ
      </orig>
     </choice>
     спокойно и даже радостно.
     <choice>
      <reg>
       Он
      </reg>
      <orig>
       Онъ
      </orig>
     </choice>
     стремительно
     <hi style="opdelimiter">
      <choice>
       <reg>
        действует
       </reg>
       <orig>
        дѣйствуетъ
       </orig>
      </choice>
     </hi>
     <pb n="290"/>
     <hi style="npdelimiter">
      <choice>
       <reg>
        через
       </reg>
       <orig>
        черезъ
       </orig>
      </choice>
     </hi>
     меня хорошо;
     <choice>
      <reg>
       Он
      </reg>
      <orig>
       Онъ
      </orig>
     </choice>
     не
     <choice>
      <reg>
       употребляет
      </reg>
      <orig>
       употребляетъ
      </orig>
     </choice>
     меня, или
     <choice>
      <reg>
       употребляет
      </reg>
      <orig>
       употребляетъ
      </orig>
     </choice>
     на
     <choice>
      <reg>
       дело
      </reg>
      <orig>
       дѣло
      </orig>
     </choice>
     ,
     <choice original_editorial_correction="кот[орое]">
      <sic>
       кот
      </sic>
      <corr>
       которое
      </corr>
     </choice>
     <choice>
      <reg>
       мне
      </reg>
      <orig>
       мнѣ
      </orig>
     </choice>
     кажется
     <choice>
      <reg>
       ничтожным
      </reg>
      <orig>
       ничтожнымъ
      </orig>
     </choice>
     — Его воля.
    </p>
    <p id="a3ccf11c-50c9-49bf-bdc4-a96091801b73">
     Понимаю я, что
     <choice>
      <reg>
       мучает
      </reg>
      <orig>
       мучаетъ
      </orig>
     </choice>
     <choice>
      <reg>
       вас
      </reg>
      <orig>
       васъ
      </orig>
     </choice>
     то, что
     <choice>
      <reg>
       заслоняет
      </reg>
      <orig>
       заслоняетъ
      </orig>
     </choice>
     <choice>
      <reg>
       вам
      </reg>
      <orig>
       вамъ
      </orig>
     </choice>
     Его. Что
     <choice>
      <reg>
       ж
      </reg>
      <orig>
       жъ
      </orig>
     </choice>
     <choice>
      <reg>
       делать
      </reg>
      <orig>
       дѣлать
      </orig>
     </choice>
     ! Это
     <choice>
      <reg>
       крест
      </reg>
      <orig>
       крестъ
      </orig>
     </choice>
     ,
     <choice original_editorial_correction="кот[орый]">
      <sic>
       кот
      </sic>
      <corr>
       который
      </corr>
     </choice>
     <choice>
      <reg>
       послан
      </reg>
      <orig>
       посланъ
      </orig>
     </choice>
     <choice>
      <reg>
       нам
      </reg>
      <orig>
       намъ
      </orig>
     </choice>
     . Надо его нести
     <choice>
      <reg>
       как
      </reg>
      <orig>
       какъ
      </orig>
     </choice>
     <choice>
      <reg>
       крест
      </reg>
      <orig>
       крестъ
      </orig>
     </choice>
     , падать, подниматься и нести, зная, что все таки
     <choice>
      <reg>
       он
      </reg>
      <orig>
       онъ
      </orig>
     </choice>
     донесется, т. е. что
     <choice>
      <reg>
       победа
      </reg>
      <orig>
       побѣда
      </orig>
     </choice>
     , хоть старостью, хоть смертью, но
     <choice>
      <reg>
       будет
      </reg>
      <orig>
       будетъ
      </orig>
     </choice>
     на моей
     <choice>
      <reg>
       стороне
      </reg>
      <orig>
       сторонѣ
      </orig>
     </choice>
     , т. е. на Божьей.
    </p>
    <p id="8144aeca-b52c-47cd-a534-fe3a54e330ae">
     Я все
     <choice>
      <reg>
       в
      </reg>
      <orig>
       въ
      </orig>
     </choice>
     <choice>
      <reg>
       том
      </reg>
      <orig>
       томъ
      </orig>
     </choice>
     же
     <choice>
      <reg>
       положении
      </reg>
      <orig>
       положеніи
      </orig>
     </choice>
     ,
     <choice>
      <reg>
       в
      </reg>
      <orig>
       въ
      </orig>
     </choice>
     <choice original_editorial_correction="кот[ором]">
      <sic>
       кот
      </sic>
      <corr>
       <choice>
        <reg>
         котором
        </reg>
        <orig>
         которомъ
        </orig>
       </choice>
      </corr>
     </choice>
     вы оставили меня. Все черепашьими шагами двигаюсь
     <choice>
      <reg>
       в
      </reg>
      <orig>
       въ
      </orig>
     </choice>
     своей
     <choice>
      <reg>
       работе
      </reg>
      <orig>
       работѣ
      </orig>
     </choice>
     и живу ею и
     <choice>
      <reg>
       рад
      </reg>
      <orig>
       радъ
      </orig>
     </choice>
     , что
     <choice>
      <reg>
       делаю
      </reg>
      <orig>
       дѣлаю
      </orig>
     </choice>
     ее,
     <choice>
      <reg>
       беспрестанно
      </reg>
      <orig>
       безпрестанно
      </orig>
     </choice>
     <choice>
      <reg>
       поверяю
      </reg>
      <orig>
       повѣряю
      </orig>
     </choice>
     на
     <choice>
      <reg>
       себе
      </reg>
      <orig>
       себѣ
      </orig>
     </choice>
     правдивость того, что пишу.
     <ref target="#note1">
      1
     </ref>
     <note index="false" resp="volume_editor" xml:id="note1">
      Записи о работе над рукописью «Христианское учение» см. в Дневнике Толстого от 16, 20, 22 сентября 1894 г., т. 52.
     </note>
    </p>
    <p id="59967acc-d6d5-4983-a88b-8972e3a3c4d1">
     Я опять
     <choice>
      <reg>
       с
      </reg>
      <orig>
       съ
      </orig>
     </choice>
     двумя дочерьми и двумя маленькими, жена
     <choice>
      <reg>
       в
      </reg>
      <orig>
       въ
      </orig>
     </choice>
     <choice>
      <reg>
       Москве
      </reg>
      <orig>
       Москвѣ
      </orig>
     </choice>
     , но на
     <choice>
      <reg>
       днях
      </reg>
      <orig>
       дняхъ
      </orig>
     </choice>
     <choice>
      <reg>
       приезжает
      </reg>
      <orig>
       прiѣзжаетъ
      </orig>
     </choice>
     .
     <ref target="#note2">
      2
     </ref>
     <note index="false" resp="volume_editor" xml:id="note2">
      Толстой в это время жил в Ясной поляне с Татьяной Львовной и Марьей Львовной и младшими детьми Александрой и Иваном. С. А. Толстая вернулась из Москвы 25 сентября.
     </note>
    </p>
    <p id="0a407031-c63f-49e3-90d2-2d968bb66030">
     Нынче Ваня
     <choice>
      <reg>
       Горбунов
      </reg>
      <orig>
       Горбуновъ
      </orig>
     </choice>
     <choice>
      <reg>
       пишет
      </reg>
      <orig>
       пишетъ
      </orig>
     </choice>
     , что
     <choice>
      <reg>
       он
      </reg>
      <orig>
       онъ
      </orig>
     </choice>
     <choice>
      <reg>
       с
      </reg>
      <orig>
       съ
      </orig>
     </choice>
     ней очень сердечно
     <choice>
      <reg>
       говорил
      </reg>
      <orig>
       говорилъ
      </orig>
     </choice>
     и
     <choice>
      <reg>
       в
      </reg>
      <orig>
       въ
      </orig>
     </choice>
     первый
     <choice>
      <reg>
       раз
      </reg>
      <orig>
       разъ
      </orig>
     </choice>
     . Меня это очень порадовало,
     <choice original_editorial_correction="п[отому]">
      <sic>
       п
      </sic>
      <corr>
       потому
      </corr>
     </choice>
     <choice original_editorial_correction="ч[то]">
      <sic>
       ч
      </sic>
      <corr>
       что
      </corr>
     </choice>
     <choice>
      <reg>
       последнее
      </reg>
      <orig>
       послѣднее
      </orig>
     </choice>
     время я
     <choice>
      <reg>
       замечаю
      </reg>
      <orig>
       замѣчаю
      </orig>
     </choice>
     <choice>
      <reg>
       в
      </reg>
      <orig>
       въ
      </orig>
     </choice>
     ней радостную
     <choice>
      <reg>
       перемену
      </reg>
      <orig>
       перемѣну
      </orig>
     </choice>
     — доброту особенную,
     <choice original_editorial_correction="кот[орая]">
      <sic>
       кот
      </sic>
      <corr>
       которая
      </corr>
     </choice>
     очень
     <choice>
      <reg>
       трогает
      </reg>
      <orig>
       трогаетъ
      </orig>
     </choice>
     меня.
     <ref target="#note3">
      3
     </ref>
     <note index="false" resp="volume_editor" xml:id="note3">
      Толстой писал об улучшении отношений с С. А. Толстой в
      <hi style="opdelimiter">
       своем
      </hi>
      <hi style="npdelimiter">
       Дневнике
      </hi>
      от 22 сентября: «Помоги мне, господи, установить любовь с самым близким человеком. И кажется, что устанавливается». См. также записи в Дневнике Толстого от 27 и 29 сентября и 4 октября (т. 52).
     </note>
     Что вы думаете о
     <choice>
      <reg>
       затеянном
      </reg>
      <orig>
       затѣянномъ
      </orig>
     </choice>
     Ваней
     <choice original_editorial_correction="Г[орбуновым]">
      <sic>
       Г
      </sic>
      <corr>
       <choice>
        <reg>
         Горбуновым
        </reg>
        <orig>
         Горбуновымъ
        </orig>
       </choice>
      </corr>
     </choice>
     <choice>
      <reg>
       журнале
      </reg>
      <orig>
       журналѣ
      </orig>
     </choice>
     ?
     <ref target="#note4">
      4
     </ref>
     <note index="false" resp="volume_editor" xml:id="note4">
      И. И. Горбунов, приехав в Ясную поляну 10 сентября, в разговоре с Толстым высказал мысль об издании рукописного журнала, о содержании которого Толстой писал
      <name placement="note" ref="13844" type="person">
       Софье Андреевне
      </name>
      в письме от 12 сентября 1894 г.: «С
      <name placement="note" ref="3642" type="person">
       Иваном Ивановичем
      </name>
      хорошо придумал, т. е. придумал он — собирать все те прекрасные статьи, книги и даже письма, которые я и мы получаем, переводить и составлять как бы журнал рукописный, исключая всё задорное, осудительное. Не знаю, удастся ли, но мне всегда жалко, что пропадают неизвестные многим, прекрасные, интересные и поучительные и для души полезные вещи, которые я получаю».
     </note>
     Если бы они взялись за это
     <choice>
      <reg>
       с
      </reg>
      <orig>
       съ
      </orig>
     </choice>
     <choice>
      <reg>
       энергией
      </reg>
      <orig>
       энергіей
      </orig>
     </choice>
     и
     <choice>
      <reg>
       упорством
      </reg>
      <orig>
       упорствомъ
      </orig>
     </choice>
     , очень полезное бы было
     <choice>
      <reg>
       дело
      </reg>
      <orig>
       дѣло
      </orig>
     </choice>
     . —
    </p>
    <p id="ba4737c9-3e0d-4b6a-8cd8-25c65fa7c59c">
     Что ваша лихорадка?
     <choice>
      <reg>
       Совсем
      </reg>
      <orig>
       Совсѣмъ
      </orig>
     </choice>
     прошла?
    </p>
    <p id="41524f25-9ca4-49a3-90aa-e280d910c1ae">
     У меня вчера и нынче
     <choice>
      <reg>
       сильнейший
      </reg>
      <orig>
       сильнѣйшій
      </orig>
     </choice>
     <choice>
      <reg>
       насморк
      </reg>
      <orig>
       насморкъ
      </orig>
     </choice>
     <choice>
      <reg>
       с
      </reg>
      <orig>
       съ
      </orig>
     </choice>
     <choice>
      <reg>
       кашлем
      </reg>
      <orig>
       кашлемъ
      </orig>
     </choice>
     и
     <choice>
      <reg>
       жаром
      </reg>
      <orig>
       жаромъ
      </orig>
     </choice>
     , и я
     <choice>
      <reg>
       так
      </reg>
      <orig>
       такъ
      </orig>
     </choice>
     <choice>
      <reg>
       редко
      </reg>
      <orig>
       рѣдко
      </orig>
     </choice>
     <choice>
      <reg>
       болею
      </reg>
      <orig>
       болѣю
      </orig>
     </choice>
     , что обрадовался этому
     <choice>
      <reg>
       подобию
      </reg>
      <orig>
       подобію
      </orig>
     </choice>
     <choice>
      <reg>
       болезни
      </reg>
      <orig>
       болѣзни
      </orig>
     </choice>
     , чтобы
     <choice>
      <reg>
       проверить
      </reg>
      <orig>
       провѣрить
      </orig>
     </choice>
     Левино и ваше
     <choice>
      <reg>
       отношение
      </reg>
      <orig>
       отношеніе
      </orig>
     </choice>
     <choice>
      <reg>
       к
      </reg>
      <orig>
       къ
      </orig>
     </choice>
     <choice>
      <reg>
       болезни
      </reg>
      <orig>
       болѣзни
      </orig>
     </choice>
     . Только бы помнить, что
     <choice>
      <reg>
       болезнь
      </reg>
      <orig>
       болѣзнь
      </orig>
     </choice>
     есть только маленькая
     <choice>
      <reg>
       перемена
      </reg>
      <orig>
       перемѣна
      </orig>
     </choice>
     <choice>
      <reg>
       условий
      </reg>
      <orig>
       условій
      </orig>
     </choice>
     жизни,
     <choice>
      <reg>
       в
      </reg>
      <orig>
       въ
      </orig>
     </choice>
     <choice>
      <reg>
       роде
      </reg>
      <orig>
       родѣ
      </orig>
     </choice>
     того,
     <choice>
      <reg>
       как
      </reg>
      <orig>
       какъ
      </orig>
     </choice>
     <choice>
      <reg>
       работал
      </reg>
      <orig>
       работалъ
      </orig>
     </choice>
     на
     <choice>
      <reg>
       дворе
      </reg>
      <orig>
       дворѣ
      </orig>
     </choice>
     , а теперь
     <choice>
      <reg>
       в
      </reg>
      <orig>
       въ
      </orig>
     </choice>
     <choice>
      <reg>
       комнатах
      </reg>
      <orig>
       комнатахъ
      </orig>
     </choice>
     , но работать не надо переставать
     <choice>
      <reg>
       от
      </reg>
      <orig>
       отъ
      </orig>
     </choice>
     того, что
     <choice>
      <reg>
       перешел
      </reg>
      <orig>
       перешелъ
      </orig>
     </choice>
     <choice>
      <reg>
       в
      </reg>
      <orig>
       въ
      </orig>
     </choice>
     комнаты.
    </p>
    <p id="549ad8d6-d4af-432d-b14a-0ccd642e819b">
     <ref target="#note5">
      5
     </ref>
     <note index="false" resp="volume_editor" xml:id="note5">
      <hi>
       Абзац редактора.
      </hi>
     </note>
     <choice>
      <reg>
       Прочел
      </reg>
      <orig>
       Прочелъ
      </orig>
     </choice>
     интересное письмо Іосифа и
     <choice>
      <reg>
       отослал
      </reg>
      <orig>
       отослалъ
      </orig>
     </choice>
     .
     <ref target="#note6">
      6
     </ref>
     <note index="false" resp="volume_editor" xml:id="note6">
      Письмо И. К. Дитерихса, о котором пишет Толстой, не разыскано.
     </note>
    </p>
    <p id="9c062e8d-9f3b-4a59-9954-a18647ad758a">
     <choice>
      <reg>
       Как
      </reg>
      <orig>
       Какъ
      </orig>
     </choice>
     ваше
     <choice original_editorial_correction="физич[еское]">
      <sic>
       физич
      </sic>
      <corr>
       физическое
      </corr>
     </choice>
     и, главное, душевное
     <choice>
      <reg>
       состояние
      </reg>
      <orig>
       состояніе
      </orig>
     </choice>
     , милый
     <choice>
      <reg>
       друг
      </reg>
      <orig>
       другъ
      </orig>
     </choice>
     ,
     <choice original_editorial_correction="Ан[на]">
      <sic>
       Ан
      </sic>
      <corr>
       <name placement="text" ref="15291" type="person">
        Анна
       </name>
      </corr>
     </choice>
     <choice original_editorial_correction="Конст[антиновна]">
      <sic>
       <name placement="text" ref="15291" type="person">
        Конст
       </name>
      </sic>
      <corr>
       <name placement="text" ref="15291" type="person">
        Константиновна
       </name>
      </corr>
     </choice>
     ? На то, что вы писали,
     <ref target="#note7">
      7
     </ref>
     <note index="false" resp="volume_editor" xml:id="note7">
      Письмо А. К. Чертковой не найдено.
     </note>
     <choice>
      <reg>
       мне
      </reg>
      <orig>
       мнѣ
      </orig>
     </choice>
     <choice>
      <reg>
       хотелось
      </reg>
      <orig>
       хотѣлось
      </orig>
     </choice>
     <choice>
      <reg>
       ответить
      </reg>
      <orig>
       отвѣтить
      </orig>
     </choice>
     , можеть быть не кстати, но я
     <choice>
      <reg>
       отвечаю
      </reg>
      <orig>
       отвѣчаю
      </orig>
     </choice>
     » на все ваше душевное
     <choice>
      <reg>
       состояние
      </reg>
      <orig>
       состояніе
      </orig>
     </choice>
     ,
     <choice>
      <reg>
       как
      </reg>
      <orig>
       какъ
      </orig>
     </choice>
     оно
     <choice>
      <reg>
       мне
      </reg>
      <orig>
       мнѣ
      </orig>
     </choice>
     представляется: Если есть
     <choice>
      <reg>
       вера
      </reg>
      <orig>
       вѣра
      </orig>
     </choice>
     , живите по
     <choice>
      <reg>
       вере
      </reg>
      <orig>
       вѣрѣ
      </orig>
     </choice>
     , проводите ее
     <choice>
      <reg>
       в
      </reg>
      <orig>
       въ
      </orig>
     </choice>
     жизнь: если
     <choice>
      <reg>
       в
      </reg>
      <orig>
       въ
      </orig>
     </choice>
     <choice>
      <reg>
       чем
      </reg>
      <orig>
       чемъ
      </orig>
     </choice>
     <choice>
      <reg>
       нет
      </reg>
      <orig>
       нѣтъ
      </orig>
     </choice>
     твердой
     <choice>
      <reg>
       уверенности
      </reg>
      <orig>
       увѣренности
      </orig>
     </choice>
     , есть
     <choice>
      <reg>
       колебания
      </reg>
      <orig>
       колебанія
      </orig>
     </choice>
     , ищите
     <choice>
      <reg>
       веры
      </reg>
      <orig>
       вѣры
      </orig>
     </choice>
     — отвлеченно, думая, общаясь
     <choice>
      <reg>
       с
      </reg>
      <orig>
       съ
      </orig>
     </choice>
     <choice>
      <reg>
       верующими
      </reg>
      <orig>
       вѣрующими
      </orig>
     </choice>
     живыми и умершими. Молитесь, если это
     <choice>
      <reg>
       вам
      </reg>
      <orig>
       вамъ
      </orig>
     </choice>
     свойственно, и практически испытывайте жизнь по
     <choice>
      <reg>
       вере
      </reg>
      <orig>
       вѣрѣ
      </orig>
     </choice>
     . Если
     <choice>
      <reg>
       вера
      </reg>
      <orig>
       вѣра
      </orig>
     </choice>
     правая, то жизнь по ней
     <choice>
      <reg>
       будет
      </reg>
      <orig>
       будетъ
      </orig>
     </choice>
     <hi style="opdelimiter">
      радостна.
     </hi>
    </p>
    <p id="87fec1ae-d181-4dcb-afab-e9e52f021a61">
     <pb n="291"/>
     <hi style="npdelimiter">
      Простите,
     </hi>
     что философствую и даю
     <choice>
      <reg>
       советы
      </reg>
      <orig>
       совѣты
      </orig>
     </choice>
     ,
     <choice>
      <reg>
       как
      </reg>
      <orig>
       какъ
      </orig>
     </choice>
     будто я все уже для себя знаю и могу учить
     <choice>
      <reg>
       других
      </reg>
      <orig>
       другихъ
      </orig>
     </choice>
     . Я говорю то, что
     <choice>
      <reg>
       сам
      </reg>
      <orig>
       самъ
      </orig>
     </choice>
     переживаю; и кажется иногда, что вы этого высказыванья
     <choice>
      <reg>
       от
      </reg>
      <orig>
       отъ
      </orig>
     </choice>
     меня хотите.
    </p>
    <p id="888e3564-11cb-4417-96f6-c4374075bdb2">
     Скажите Емельяну, что я
     <choice>
      <reg>
       получил
      </reg>
      <orig>
       получилъ
      </orig>
     </choice>
     его письмо и благодарю за него.
     <ref target="#note8">
      8
     </ref>
     <note index="false" resp="volume_editor" xml:id="note8">
      Толстой имеет в виду письмо
      <name placement="note" ref="5032" type="person">
       Емельяна Ещенко
      </name>
      , которое было получено в Ясной поляне 4 сентября. В этом письме Е. Ещенко писал о своей семейной жизни и просил Толстого дать некоторые советы в этой области, если у него явится «добрая мысль», которой он сможет поделиться.
     </note>
     <choice>
      <reg>
       В
      </reg>
      <orig>
       Въ
      </orig>
     </choice>
     эту минуту не
     <choice>
      <reg>
       имею
      </reg>
      <orig>
       имѣю
      </orig>
     </choice>
     времени
     <choice>
      <reg>
       ответить
      </reg>
      <orig>
       отвѣтить
      </orig>
     </choice>
     .
    </p>
    <noteGrp type="comments">
     <note index="false" type="comments">
      <p id="bd22d8f9-899c-4ca2-93ad-56c3022ac4f2" rend="Textpetit_otstup left">
       Полностью публикуется впервые. Отрывок напечатан в книге: В. Жданов. «Любовь в жизни
       <name placement="comments" ref="13883" type="person">
        Льва Толстого
       </name>
       », кн. 2. изд. М. и С. Сабашниковых, М. 1928. стр. 130. На подлиннике надпись рукой Черткова: «№ 380 24 сент. 94. Я. П. » Датируется на основании записи в Дневнике Толстого от 22 сентября о том, что в этот день написано письмо Черткову.
      </p>
     </note>
     <note index="false" type="comments">
      <p id="047f528c-2860-4651-b563-2e7aab935943" rend="petit">
       Толстой отвечает на письмо Черткова от 10—11 сентября, отосланное, как это видно из записной книжки Черткова за 1894 год, 19 сентября.
      </p>
     </note>
     <note index="false" type="comments">
      <p id="e07717fa-21e1-4845-9e3b-d2e6550ded6a" rend="petit">
       В письме от 10 сентября Чертков писал: «Посылаю вам для прочтения письмо от Галиного брата, которого вы видели нынче летом. По прочтении, пожалуйста, отправьте его по почте в прилагаемом конверте. У нас жизнь идет очень однообразно. Я всё еще вял. Но устроил себе под боком верстак, так как думаю, что в такие периоды умственной вялости следует побольше работать физически, что и вы мне не раз говорили.
      </p>
     </note>
     <note index="false" type="comments">
      <p id="2b1321da-6b89-4a94-9e3d-81aaebaa9216" rend="petit">
       Но помимо этой временной и в значительной степени физической послеболезненной вялости, меня гораздо серьезнее беспокоит то, что, присматриваясь к себе, ко всему тону моей жизни, я не могу не заметить какое-то охлаждение или равнодушие к тому самому, в чем одном вижу смысл жизни. Вспоминаю с завистью первый период восторженного пробуждения сознания: даже с радостью вспоминаю последующий период усиленной и воодушевленной деятельности на новом пути. И сравниваю с тем, чтό теперь. И вместо сравнительного подъема против прежнего, замечаю какое-то охлаждение и сердечную пустоту. Я сочувствую Христу и его учению, но как-то умом только. В сердце же не чувствую того, что должно было бы соответствовать этому. — В первое время моей болезни в Дёминке я испытывал
       <choice>
        <reg>
         как будто
        </reg>
        <orig>
         как-будто
        </orig>
       </choice>
       какое-то воодушевление; но оно прошло еще скорей, чем лихорадка. Мне тяжело говорить об этом; но я привык делиться с вами всем, чтό меня беспокоит; а это не только беспокоит; оно очень мучает». — В приписке к этому письму от 11 сентября Чертков писал, что его тяготят чувственные желания, с которыми он считает нужным бороться: «Молю бога вернуть мне преобладание над моею ненавистною плотью. Тогда бы и вся духовная жизнь воскресла бы». Этими переживаниями он объясняет и «ту апатию или сравнительное равнодушие, о котором писал вчера».
      </p>
     </note>
    </noteGrp>
   </div>
  </body>
 </text>
</TEI>
