<?xml version="1.0" encoding="utf-8"?>
<TEI xmlns="http://www.tei-c.org/ns/1.0" xmlns:xi="http://www.w3.org/2001/XInclude">
 <teiHeader>
  <fileDesc>
   <titleStmt>
    <title xml:id="v88_505_iyulya6">
     Письма и документы. Tolstoy Digital
    </title>
    <title type="main">
     Письмо В. Г. Черткову от 6 июля 1898 г.
    </title>
    <title type="bibl">
     Толстой Л. Н. Письмо В. Г. Черткову, 6 июля 1898 г. // Толстой Л. Н. Полное собрание сочинений: в 90 тт. Т. 88. М.: Гос. изд. «Художественная литература», 1957. С.
    </title>
    <respStmt>
     <resp>
      Идея, постановка задач, руководство:
     </resp>
     <name>
      Анастасия Бонч-Осмоловская, Фёкла Толстая, Борис Орехов, Тимофей Лукашевский
     </name>
    </respStmt>
    <respStmt>
     <resp>
      Подготовка TEI/XML:
     </resp>
     <name>
      Евгений Можаев, Даниил Скоринкин, Ирина Павлова, Матвей Колбасов, Елена Сидорова, Кирилл Милинцевич, Лев Буланов, Макар Федоров, Константин Петров
     </name>
    </respStmt>
    <respStmt>
     <resp>
      Подготовка метаданных:
     </resp>
     <name>
      Мария Картышева, Вероника Файнберг
     </name>
    </respStmt>
    <respStmt>
     <resp>
      Разметка имен собственных:
     </resp>
     <name>
      Никита Северин, Елена Северина
     </name>
    </respStmt>
    <respStmt>
     <resp>
      Исправление древнегреческого текста:
     </resp>
     <name>
      Ольга Алиева
     </name>
    </respStmt>
    <funder>
     Проект «Слово Толстого»
    </funder>
   </titleStmt>
   <publicationStmt>
    <publisher>
     <orgName>
      Tolstoy Digital, DH CLOUD, Научно-образовательный союз «Родное Слово» проект «Слово Толстого»
     </orgName>
    </publisher>
    <availability>
     <p id="ca62429d-9fc4-4889-9669-7bd59908e419">
      Тексты и метатекстовая разметка доступны для свободного использования и распространения по лицензии Creative Commons Attribution Share-Alike (cc by-sa)
     </p>
    </availability>
    <date from="2015" to="2022"/>
   </publicationStmt>
   <notesStmt>
    <note>
     Публикуемые документы был получены с сайта tolstoy.ru в формате html, переведены в формат TEI. Исправлены некоторые ошибки распознавания. Тексты, написанные в дореформенной орфографии, сопоставлены с их версиями в современной орфографии.
    </note>
   </notesStmt>
   <sourceDesc>
    <biblStruct>
     <analytic>
      <author>
       Толстой Лев Николаевич
      </author>
     </analytic>
     <monogr>
      <title level="m">
       Полное собрание сочинений. Том 88
      </title>
      <imprint>
       <pubPlace>
        Москва
       </pubPlace>
       <publisher>
        Государственное издательство «Художественная литература»
       </publisher>
       <date when="1957"/>
      </imprint>
      <biblScope unit="vol">
       88
      </biblScope>
      <biblScope unit="page">
       104-105
      </biblScope>
     </monogr>
     <series>
      <title level="s">
       Л. Н. Толстой. Полное собрание сочинений: в 90 тт.
      </title>
     </series>
    </biblStruct>
    <bibl>
     Публикуется впервые
    </bibl>
   </sourceDesc>
  </fileDesc>
  <encodingDesc>
   <classDecl>
    <xi:include href="../../reference/taxonomy.xml"/>
   </classDecl>
  </encodingDesc>
  <profileDesc>
   <correspDesc>
    <correspAction type="sending">
     <persName ref="13883">
      Л. Н. Толстой
     </persName>
     <placeName>
      Ясная Поляна
     </placeName>
     <date when="1898-07-06"/>
    </correspAction>
    <correspAction type="receiving">
     <persName ref="15284">
      Чертков Владимир Григорьевич
     </persName>
    </correspAction>
   </correspDesc>
   <langUsage>
    <language ident="ru"/>
   </langUsage>
   <textClass>
    <catRef ana="#tolstoy_heritage" target="library"/>
    <catRef ana="#letters" target="type"/>
    <catRef ana="#sent" target="sent"/>
   </textClass>
  </profileDesc>
 </teiHeader>
 <xenoData>
  <number type="in a volume">
   505
  </number>
 </xenoData>
 <text xml:id="iyulya6_505" xmlns="http://www.tei-c.org/ns/1.0" xmlns:xi="http://www.w3.org/2001/XInclude">
  <body>
   <div>
    <pb n="104"/>
    <opener index="false">
     * 505.1898 г. Июля 6. Я. П.
    </opener>
    <p id="cbf8c974-ff1b-4a21-b714-4076a469ddd3">
     Получил оба ваши письма, милые друзья, и ваше,
     <choice original_editorial_correction="В[ладимир]">
      <sic>
       В
      </sic>
      <corr>
       <name placement="text" ref="15284" type="person">
        Владимир
       </name>
      </corr>
     </choice>
     <choice original_editorial_correction="Г[ригорьевич]">
      <sic>
       <name placement="text" ref="15284" type="person">
        Г
       </name>
      </sic>
      <corr>
       <name placement="text" ref="15284" type="person">
        Григорьевич
       </name>
      </corr>
     </choice>
     , совершенно согласившись с ним, по желанию вашему уничтожено. Ваше же,
     <choice original_editorial_correction="А[нна]">
      <sic>
       А
      </sic>
      <corr>
       <name placement="text" ref="15291" type="person">
        Анна
       </name>
      </corr>
     </choice>
     <choice original_editorial_correction="К[онстантиновна]">
      <sic>
       <name placement="text" ref="15291" type="person">
        К
       </name>
      </sic>
      <corr>
       <name placement="text" ref="15291" type="person">
        Константиновна
       </name>
      </corr>
     </choice>
     , прочел с особенным интересом. То, что вы пишете о воспитании, очень интересно и важно. Нельзя быть достаточно внимательным и строгим к себе и другим в этом отношении. По нашему религиозному мировоззрению, все наши дела — как вы верно пишете — должны быть совсем иные, новые, в особенности воспитание, но к некоторым вещам мы так привыкли, что не видим их противоречия с нашей верой, и вот тут и надо нам помогать друг другу. Один видит одно, а не видит другого, и наоборот. Ваш разговор с Моодом служит этому прекрасной иллюстрацией. Я уверен, что в другом отношении этот же милый Моод укажет вам и мне того верблюда, которого мы проглатывали, не замечая, и
     <choice original_editorial_correction="кот[орый]">
      <sic>
       кот
      </sic>
      <corr>
       который
      </corr>
     </choice>
     ему виден.
    </p>
    <p id="464c5b75-59bc-494e-a51c-bf1bd814e0ee">
     Простите, что я вам в предшествующих письмах писал как бы укоризны и обличения. Я никакого не имею права на это, права в своей совести. Это я от нездоровья. Теперь я совсем здоров. Несмотря, однако, на то, что я был слаб и нездоров, когда писал, одно я и теперь повторяю, а именно просьбу о том, чтобы составить смету нужных расходов для переезда
     <choice original_editorial_correction="дух[оборов]">
      <sic>
       дух
      </sic>
      <corr>
       духоборов
      </corr>
     </choice>
     и прислать мне.
     <ref target="#note1">
      1
     </ref>
     <note index="false" resp="volume_editor" xml:id="note1">
      Смета на переселение духоборов была прислана Чертковым в письме от 1 сентября н. с. После исправления она была напечатана в «Листках Свободного слова» 1898, № 2.
     </note>
     Еще думаю, что нехорошо временно селиться на Кипре. Надо сразу ехать на то место, где останутся.
    </p>
    <p id="594d465a-e25e-4e1f-b72d-ce39a37a1cc6">
     Жду Жозю с
     <choice original_editorial_correction="Ол[ьгой]">
      <sic>
       Ол
      </sic>
      <corr>
       <name placement="text" ref="13838" type="person">
        Ольгой
       </name>
      </corr>
     </choice>
     <choice original_editorial_correction="К[онстантиновной]">
      <sic>
       <name placement="text" ref="13838" type="person">
        К
       </name>
      </sic>
      <corr>
       <name placement="text" ref="13838" type="person">
        Константиновной
       </name>
      </corr>
     </choice>
     с обещанными более подробными
     <hi style="opdelimiter">
      сведениями.
     </hi>
    </p>
    <p id="956ad9c3-bb1b-4e7f-bb52-8f815db3ec47">
     <pb n="105"/>
     <hi style="npdelimiter">
      Передайте
     </hi>
     мою любовь Шкарвану. Живо
     <ref target="#note2">
      2
     </ref>
     <note index="false" resp="volume_editor" xml:id="note2">
      <hi>
       В подлиннике:
      </hi>
      Живу
     </note>
     представляю себе его душевное состояние, временами возмущения животного, и всей душой желаю и верю, что возмущения эти всё реже и реже, что дух преобладает и он живет им. Напишите мне про него и от него что-нибудь. —
    </p>
    <p id="064bcf90-b791-4123-a943-ebd44e4abcec">
     Прощайте. Рад слышать, что вы не унываете. Не унывайте и когда разъедутся друзья,
     <ref target="#note3">
      3
     </ref>
     <note index="false" resp="volume_editor" xml:id="note3">
      А. К. Черткова писала Толстому, что из Англии уезжают М. Н. Ростовцева, А. Шкарван и X. Н. Абрикосов.
     </note>
     мы все вместе, если только мы с богом.
    </p>
    <p id="f0c4887a-1862-4c51-91ca-60c4a727da07">
     Только горе в том, что сказать это легко, а точно жить для одного бога ужасно трудно. Но можно и будем стараться.
    </p>
    <p id="b2c7ab6f-37a0-4900-807d-954769b66143">
     Таня больна, лежит 3-й день, дизентерия. Нынче получше.
    </p>
    <p id="8a168d65-94c0-4c99-9971-fee48d31d415">
     Вчера была Анненкова и Дунаев. Разумеется, говорили и думали про всех вас.
    </p>
    <p id="21ac2264-5ac6-4786-a74d-eb1a1ce06dc7" rend="right">
     Л. Т.
    </p>
    <p id="15559c11-f3e0-4f60-9bfd-01104c7d87be">
     6 июля.
    </p>
    <lb/>
    <p id="5a1cb79d-a14b-4bf4-ba82-909072f51b99">
     Письмо ваше о воспитании очень хорошее.
    </p>
    <lb/>
    <p id="f6182b85-3b42-44c1-9770-9870749f9838">
     <hi>
      На конверте:
     </hi>
     Англия. Заказное. Angleterre, Mill House, Purleigh, Maldon, Essex. V. Tchertkoff. Черткову, Эссекс Registered.
    </p>
    <noteGrp type="comments">
     <note index="false" type="comments">
      <p id="4ae55b57-90fa-45b1-bf7c-3c375cd2d2e5" rend="Textpetit_otstup left">
       Ответ на письмо от 26 июня н. с., в котором А. К. Черткова писала о вопросах воспитания и преподавания.
      </p>
     </note>
    </noteGrp>
   </div>
  </body>
 </text>
</TEI>
