<?xml version="1.0" encoding="utf-8"?>
<TEI xmlns="http://www.tei-c.org/ns/1.0" xmlns:xi="http://www.w3.org/2001/XInclude">
 <teiHeader>
  <fileDesc>
   <titleStmt>
    <title xml:id="v88_615_fevralya25">
     Письма и документы. Tolstoy Digital
    </title>
    <title type="main">
     Письмо В. Г. Черткову от 25 февраля 1901 г.
    </title>
    <title type="bibl">
     Толстой Л. Н. Письмо В. Г. Черткову, 25 февраля 1901 г. // Толстой Л. Н. Полное собрание сочинений: в 90 тт. Т. 88. М.: Гос. изд. «Художественная литература», 1957. С.
    </title>
    <respStmt>
     <resp>
      Идея, постановка задач, руководство:
     </resp>
     <name>
      Анастасия Бонч-Осмоловская, Фёкла Толстая, Борис Орехов, Тимофей Лукашевский
     </name>
    </respStmt>
    <respStmt>
     <resp>
      Подготовка TEI/XML:
     </resp>
     <name>
      Евгений Можаев, Даниил Скоринкин, Ирина Павлова, Матвей Колбасов, Елена Сидорова, Кирилл Милинцевич, Лев Буланов, Макар Федоров, Константин Петров
     </name>
    </respStmt>
    <respStmt>
     <resp>
      Подготовка метаданных:
     </resp>
     <name>
      Мария Картышева, Вероника Файнберг
     </name>
    </respStmt>
    <respStmt>
     <resp>
      Разметка имен собственных:
     </resp>
     <name>
      Никита Северин, Елена Северина
     </name>
    </respStmt>
    <respStmt>
     <resp>
      Исправление древнегреческого текста:
     </resp>
     <name>
      Ольга Алиева
     </name>
    </respStmt>
    <funder>
     Проект «Слово Толстого»
    </funder>
   </titleStmt>
   <publicationStmt>
    <publisher>
     <orgName>
      Tolstoy Digital, DH CLOUD, Научно-образовательный союз «Родное Слово» проект «Слово Толстого»
     </orgName>
    </publisher>
    <availability>
     <p id="5474ac81-aa9e-49ef-bc04-b952a9127b27">
      Тексты и метатекстовая разметка доступны для свободного использования и распространения по лицензии Creative Commons Attribution Share-Alike (cc by-sa)
     </p>
    </availability>
    <date from="2015" to="2022"/>
   </publicationStmt>
   <notesStmt>
    <note>
     Публикуемые документы был получены с сайта tolstoy.ru в формате html, переведены в формат TEI. Исправлены некоторые ошибки распознавания. Тексты, написанные в дореформенной орфографии, сопоставлены с их версиями в современной орфографии.
    </note>
   </notesStmt>
   <sourceDesc>
    <biblStruct>
     <analytic>
      <author>
       Толстой Лев Николаевич
      </author>
     </analytic>
     <monogr>
      <title level="m">
       Полное собрание сочинений. Том 88
      </title>
      <imprint>
       <pubPlace>
        Москва
       </pubPlace>
       <publisher>
        Государственное издательство «Художественная литература»
       </publisher>
       <date when="1957"/>
      </imprint>
      <biblScope unit="vol">
       88
      </biblScope>
      <biblScope unit="page">
       225-226
      </biblScope>
     </monogr>
     <series>
      <title level="s">
       Л. Н. Толстой. Полное собрание сочинений: в 90 тт.
      </title>
     </series>
    </biblStruct>
    <bibl>
     Публикуется впервые
    </bibl>
   </sourceDesc>
  </fileDesc>
  <encodingDesc>
   <classDecl>
    <xi:include href="../../reference/taxonomy.xml"/>
   </classDecl>
  </encodingDesc>
  <profileDesc>
   <correspDesc>
    <correspAction type="sending">
     <persName ref="13883">
      Л. Н. Толстой
     </persName>
     <placeName>
      Москва
     </placeName>
     <date when="1901-02-25"/>
    </correspAction>
    <correspAction type="receiving">
     <persName ref="15284">
      Чертков Владимир Григорьевич
     </persName>
    </correspAction>
   </correspDesc>
   <langUsage>
    <language ident="ru"/>
   </langUsage>
   <textClass>
    <catRef ana="#tolstoy_heritage" target="library"/>
    <catRef ana="#letters" target="type"/>
    <catRef ana="#sent" target="sent"/>
   </textClass>
  </profileDesc>
 </teiHeader>
 <xenoData>
  <number type="in a volume">
   615
  </number>
 </xenoData>
 <text xml:id="fevralya25_615" xmlns="http://www.tei-c.org/ns/1.0" xmlns:xi="http://www.w3.org/2001/XInclude">
  <body>
   <div>
    <pb n="225"/>
    <opener index="false">
     * 615.1901 г. Февраля 25? Москва.
    </opener>
    <p id="8204e9cc-63a4-4d66-ae25-4c9dbe7f4643">
     Прочел вашу статью о
     <choice original_editorial_correction="студ[енческих]">
      <sic>
       студ
      </sic>
      <corr>
       студенческих
      </corr>
     </choice>
     волнениях.
     <ref target="#note1">
      1
     </ref>
     <note index="false" resp="volume_editor" xml:id="note1">
      Рукопись статьи Черткова о студенческих волнениях. Статья эта была частично использована Чертковым в заметке «О значении открытых протестов», помещенной в «Листках Свободного слова», № 20.
     </note>
     Держал карандаш в руках, но ничего не поправил — нечего. Нешто то, что правительство
     <hi>
      само себе подставляет ножку.
     </hi>
     Как-нибудь иначе надо. Хорошо то, что вы строго и твердо держитесь радикального взгляда, от
     <choice original_editorial_correction="к[оторого]">
      <sic>
       к
      </sic>
      <corr>
       которого
      </corr>
     </choice>
     делаешь невольно уступки, когда приходится говорить со студентами. Я слово в слово говорил и говорю им то, что вы пишете, но когда дело начато и тысяча их сидит, то для оставшихся товарищей является уж другой вопрос: что им делать? Я советую им одно: стараться собираться и обсудить сообща, что делать. И собираться, соединяться,
     <choice original_editorial_correction="п[отому]">
      <sic>
       п
      </sic>
      <corr>
       потому
      </corr>
     </choice>
     <choice original_editorial_correction="ч[то]">
      <sic>
       ч
      </sic>
      <corr>
       что
      </corr>
     </choice>
     в единении только может
     <choice original_editorial_correction="б[ыть]">
      <sic>
       б
      </sic>
      <corr>
       быть
      </corr>
     </choice>
     дан отпор правительству. Как? — я не знаю; но знаю, что чем больше будет единения, тем действительнее будет воздействие на людей правительства.
    </p>
    <p id="f75f2fa9-a758-4816-96cb-6e5394ba29a0">
     Пишу вам au courant de la plume,
     <ref target="#note2">
      2
     </ref>
     <note index="false" resp="volume_editor" xml:id="note2">
      <hi rend="italic">
       на ходу,
      </hi>
     </note>
     собираясь ехать в баню и переговариваясь с двумя посетителями; потому не
     <hi style="opdelimiter">
      приписывайте
     </hi>
     <pb n="226"/>
     <hi style="npdelimiter">
      моим
     </hi>
     словам никакого значения. Если буду жив, напишу подробно.
    </p>
    <p id="c25c4cdd-0b27-4ee9-9845-6c416af5ff3d">
     Вы, верно, уже знаете, что волнения внешние не только не меньше, но гораздо больше и значительнее прежних волнений, особенно тем, что в них принимают участие общество и люди из народа. Положение очень серьезное, и я стараюсь быть осторожнее, чтобы не сделать ошибки в смысле нравственном при тех требованиях,
     <choice original_editorial_correction="кот[орые]">
      <sic>
       кот
      </sic>
      <corr>
       которые
      </corr>
     </choice>
     ко мне заявляются.
    </p>
    <p id="004963b3-297e-42ea-8940-16b3cc4b632d" rend="right">
     Ваш Л. Толстой.
    </p>
    <noteGrp type="comments">
     <note index="false" type="comments">
      <p id="8a170b8e-d1ef-4abc-88f2-5d850985fa44" rend="Textpetit_otstup left">
       Датируется на основании пометы Черткова на подлиннике.
      </p>
     </note>
    </noteGrp>
   </div>
  </body>
 </text>
</TEI>
