<?xml version="1.0" encoding="utf-8"?>
<TEI xmlns="http://www.tei-c.org/ns/1.0" xmlns:xi="http://www.w3.org/2001/XInclude">
 <teiHeader>
  <fileDesc>
   <titleStmt>
    <title xml:id="v88_641_noyabrya6">
     Письма и документы. Tolstoy Digital
    </title>
    <title type="main">
     Письмо В. Г. Черткову от 6 ноября 1901 г.
    </title>
    <title type="bibl">
     Толстой Л. Н. Письмо В. Г. Черткову, 6 ноября 1901 г. // Толстой Л. Н. Полное собрание сочинений: в 90 тт. Т. 88. М.: Гос. изд. «Художественная литература», 1957. С.
    </title>
    <respStmt>
     <resp>
      Идея, постановка задач, руководство:
     </resp>
     <name>
      Анастасия Бонч-Осмоловская, Фёкла Толстая, Борис Орехов, Тимофей Лукашевский
     </name>
    </respStmt>
    <respStmt>
     <resp>
      Подготовка TEI/XML:
     </resp>
     <name>
      Евгений Можаев, Даниил Скоринкин, Ирина Павлова, Матвей Колбасов, Елена Сидорова, Кирилл Милинцевич, Лев Буланов, Макар Федоров, Константин Петров
     </name>
    </respStmt>
    <respStmt>
     <resp>
      Подготовка метаданных:
     </resp>
     <name>
      Мария Картышева, Вероника Файнберг
     </name>
    </respStmt>
    <respStmt>
     <resp>
      Разметка имен собственных:
     </resp>
     <name>
      Никита Северин, Елена Северина
     </name>
    </respStmt>
    <respStmt>
     <resp>
      Исправление древнегреческого текста:
     </resp>
     <name>
      Ольга Алиева
     </name>
    </respStmt>
    <funder>
     Проект «Слово Толстого»
    </funder>
   </titleStmt>
   <publicationStmt>
    <publisher>
     <orgName>
      Tolstoy Digital, DH CLOUD, Научно-образовательный союз «Родное Слово» проект «Слово Толстого»
     </orgName>
    </publisher>
    <availability>
     <p id="47a56231-a23b-440b-8815-10e06b013a03">
      Тексты и метатекстовая разметка доступны для свободного использования и распространения по лицензии Creative Commons Attribution Share-Alike (cc by-sa)
     </p>
    </availability>
    <date from="2015" to="2022"/>
   </publicationStmt>
   <notesStmt>
    <note>
     Публикуемые документы был получены с сайта tolstoy.ru в формате html, переведены в формат TEI. Исправлены некоторые ошибки распознавания. Тексты, написанные в дореформенной орфографии, сопоставлены с их версиями в современной орфографии.
    </note>
   </notesStmt>
   <sourceDesc>
    <biblStruct>
     <analytic>
      <author>
       Толстой Лев Николаевич
      </author>
     </analytic>
     <monogr>
      <title level="m">
       Полное собрание сочинений. Том 88
      </title>
      <imprint>
       <pubPlace>
        Москва
       </pubPlace>
       <publisher>
        Государственное издательство «Художественная литература»
       </publisher>
       <date when="1957"/>
      </imprint>
      <biblScope unit="vol">
       88
      </biblScope>
      <biblScope unit="page">
       247-250
      </biblScope>
     </monogr>
     <series>
      <title level="s">
       Л. Н. Толстой. Полное собрание сочинений: в 90 тт.
      </title>
     </series>
    </biblStruct>
    <bibl>
     Публикуется впервые
    </bibl>
   </sourceDesc>
  </fileDesc>
  <encodingDesc>
   <classDecl>
    <xi:include href="../../reference/taxonomy.xml"/>
   </classDecl>
  </encodingDesc>
  <profileDesc>
   <correspDesc>
    <correspAction type="sending">
     <persName ref="13883">
      Л. Н. Толстой
     </persName>
     <placeName>
      Гаспра
     </placeName>
     <date when="1901-11-06"/>
    </correspAction>
    <correspAction type="receiving">
     <persName ref="15284">
      Чертков Владимир Григорьевич
     </persName>
    </correspAction>
   </correspDesc>
   <langUsage>
    <language ident="ru"/>
   </langUsage>
   <textClass>
    <catRef ana="#tolstoy_heritage" target="library"/>
    <catRef ana="#letters" target="type"/>
    <catRef ana="#sent" target="sent"/>
   </textClass>
  </profileDesc>
 </teiHeader>
 <xenoData>
  <number type="in a volume">
   641
  </number>
 </xenoData>
 <text xml:id="noyabrya6_641" xmlns="http://www.tei-c.org/ns/1.0" xmlns:xi="http://www.w3.org/2001/XInclude">
  <body>
   <div>
    <pb n="247"/>
    <opener index="false">
     * 641.1901 г. Ноября 6. Гаспра.
    </opener>
    <p id="84acaad9-d8be-48c0-827b-ee97f0449c66">
     Сейчас получил ваше письмо, милый друг, — № 42, лежа в постели. И пишу в постели. Болезнь очень неважная, но неприятная. Не знаю отчего — может
     <choice original_editorial_correction="б[ыть]">
      <sic>
       б
      </sic>
      <corr>
       быть
      </corr>
     </choice>
     , ушиб при езде верхом, но я его не заметил — ушиб яйца, большая опухоль и жар. Нынче 3-ий день, и мне лучше. Ездит очень милый доктор еврей — один из лучших здесь и не платный.
     <ref target="#note1">
      1
     </ref>
     <note index="false" resp="volume_editor" xml:id="note1">
      Исаак Наумович Альтшулер, земский врач Ялтинского уезда. О нем с
      <hi>
       м
      </hi>
      . т. 54, стр. 571.
     </note>
     Два дня пропали для работы. Во всяком случае знаменатель от числителя 2 небольшой, и эти 2 дня уже значительная потеря.
    </p>
    <p id="52d88e8d-c93f-4bb2-a95a-8a22cdeeb0dd">
     Пишу я, как вы знаете, о религии, «Что такое религия?». Написано и много раз пересмотрено 12 глав, — остается едва ли 6. Читаю я прекрасную монографию
     <name placement="text" ref="14600" type="person">
      Куно Фишера
     </name>
     о Канте.
     <ref target="#note2">
      2
     </ref>
     <note index="false" resp="volume_editor" xml:id="note2">
      Kuno Fischer, «Geschichte der neueren Philosophie», В. IV—V, «Immanuel Kant». Русский перевод:
      <name placement="note" ref="14600" type="person">
       Куно Фишер
      </name>
      , «
      <name placement="note" ref="6092" type="person">
       Иммануил Кант
      </name>
      и его учение», Спб. 1901.
     </note>
     Он пишет там, что Кант особенно дорожил
     <choice original_editorial_correction="сво[им]">
      <sic>
       сво
      </sic>
      <corr>
       своим
      </corr>
     </choice>
     последним сочинением,
     <ref target="#note3">
      3
     </ref>
     <note index="false" resp="volume_editor" xml:id="note3">
      I. Kant, «Religion innerhalb der Grenzen der blossen Vernunft». Русский перевод: И. Кант, «Религия в пределах только разума», изд. Яковенко, Спб. 1908.
     </note>
     а вышло оно плохо. Боюсь того же. А все-таки особенно дорожу этим писанием и приписываю ему большую важность. — Если что-нибудь новое и особенно хорошее
     <choice original_editorial_correction="по-англ[ийски]">
      <sic>
       по-англ
      </sic>
      <corr>
       по-английски
      </corr>
     </choice>
     или
     <choice original_editorial_correction="др[угих]">
      <sic>
       др
      </sic>
      <corr>
       других
      </corr>
     </choice>
     <choice original_editorial_correction="язык[ах]">
      <sic>
       язык
      </sic>
      <corr>
       языках
      </corr>
     </choice>
     о философии религии, об ее определении, напишите мне. Мооду, если увидите, — что получил его перевод, благодарю и любуюсь и переводом и
     <hi style="opdelimiter">
      изданием
     </hi>
     <ref target="#note4">
      4
     </ref>
     <note index="false" resp="volume_editor" xml:id="note4">
      «Sevastopol and other mititary tales», translated by Louise and Aylmer Maude, London, 1900.
     </note>
     .
    </p>
    <p id="ca6b01e8-4bf7-4e8a-8e34-d2bc11d43606">
     <pb n="248"/>
     <hi style="npdelimiter">
      О
     </hi>
     вашей духовной близости со мною читал с радостью, хотя знаю это. Верю, что то, что нас сближает, — истина. Говорят, что в час смерти многое открывается людям. Я говорю моим, чтобы меня спросили: верю ли я, умирая, всё так же? Если верю, я кивну головой, если нет — покачаю, если ни то ни с
     <hi>
      е
     </hi>
     , подниму глаза и голову кверху. Думаю, однако, что это ребячество, и нам не надо заглядывать туда, не дано познавать истину иным путем, как усилием души — механически.
    </p>
    <p id="9b756460-4fcc-441c-a2cb-75e9e95088a1">
     Здесь очень хорошо. Хотя я и не могу сказать, чтобы был здоров, но мне хорошо, радостно, и нельзя знать, чтобы
     <choice original_editorial_correction="б[ыло]">
      <sic>
       б
      </sic>
      <corr>
       было
      </corr>
     </choice>
     , если бы оставался в России. Зиму мы, вероятно, останемся здесь. Дочери, бедняжки, кроме Саши,
     <choice original_editorial_correction="к[оторая]">
      <sic>
       к
      </sic>
      <corr>
       которая
      </corr>
     </choice>
     перестала расти физически и стала расти духовно и в хорошую сторону, — нехороши здоровьем. Маша слаба, а Таня довела до 7 месяцев и теперь, кажется, начинает родить мертвого.
    </p>
    <p id="eb788ae8-0e86-4963-8a78-9ab76e423e48">
     Как протекла болезнь бедного Ляни?
     <ref target="#note5">
      5
     </ref>
     <note index="false" resp="volume_editor" xml:id="note5">
      X. H. Абрикосов был болен дифтеритом.
     </note>
     Надеюсь, что он здоров теперь. Поцелуйте его от меня.
    </p>
    <p id="980c735a-583e-42e2-a386-f17f2b7b863c">
     Здесь мы живем в величайшей роскоши. Окружающая же нас роскошь Юсуповых
     <ref target="#note6">
      6
     </ref>
     <note index="false" resp="volume_editor" xml:id="note6">
      Князья Юсуповы, владельцы имения вблизи Гаспры.
     </note>
     и
     <choice original_editorial_correction="вел[иких]">
      <sic>
       вел
      </sic>
      <corr>
       великих
      </corr>
     </choice>
     <choice original_editorial_correction="кн[язей]">
      <sic>
       кн
      </sic>
      <corr>
       князей
      </corr>
     </choice>
     <ref target="#note7">
      7
     </ref>
     <note index="false" resp="volume_editor" xml:id="note7">
      Недалеко от Гаспры находились имения великих князей Александра Михайловича и Петра Николаевича.
     </note>
     еще больше, и мы со всех сторон окружены ими.
    </p>
    <p id="0a1ee4e7-5149-4bb4-8c54-d000f0e2f01c">
     Я, разумеется, избегаю их, но на днях явился
     <choice original_editorial_correction="Ник[олай]">
      <sic>
       Ник
      </sic>
      <corr>
       <name placement="text" ref="9803" type="person">
        Николай
       </name>
      </corr>
     </choice>
     <choice original_editorial_correction="Мих[айлович]">
      <sic>
       <name placement="text" ref="9803" type="person">
        Мих
       </name>
      </sic>
      <corr>
       <name placement="text" ref="9803" type="person">
        Михайлович
       </name>
      </corr>
     </choice>
     ,
     <ref target="#note8">
      8
     </ref>
     <note index="false" resp="volume_editor" xml:id="note8">
      Великий князь
      <name placement="note" ref="9803" type="person">
       Николай Михайлович
      </name>
      (1859—1918). См. т. 73, стр. 166. Отец его был председателем комитета по обучению и образованию войск
      <hi/>
      и хорошо
      <hi>
       з
      </hi>
      нал отца В. Г. Черткова, Григория Ивановича, который занимал должность его помощника. Толстой называет вел. кн.
      <name placement="note" ref="9803" type="person">
       Николая Михайловича
      </name>
      товарищем В. Г. Черткова, так как они были знакомы с
      <hi style="opdelimiter">
       юности.
      </hi>
     </note>
     ваш товарищ, и непременно желал познакомиться. Для чего ему это нужно, не понимаю. Говорил, что Шервашидзе
     <ref target="#note9">
      9
     </ref>
     <note index="false" resp="volume_editor" xml:id="note9">
      Чертков по просьбе студентов Оксфордского университета прочитал в их клубе лекцию о Толстом.
     </note>
     не виноват в деле
     <choice original_editorial_correction="духобор[ов]">
      <sic>
       духобор
      </sic>
      <corr>
       духоборов
      </corr>
     </choice>
     и в доказательство
     <choice original_editorial_correction="прив[одил]">
      <sic>
       прив
      </sic>
      <corr>
       приводил
      </corr>
     </choice>
     его доклад. Надеюсь, что я внушил ему, что он очень ошибается. Внушил я ему тоже всю степень моей заразности. Они все,
     <choice original_editorial_correction="очевид[но]">
      <sic>
       очевид
      </sic>
      <corr>
       очевидно
      </corr>
     </choice>
     , ничего не читают, кроме
     <choice original_editorial_correction="Моск[овских]">
      <sic>
       Моск
      </sic>
      <corr>
       Московских
      </corr>
     </choice>
     <choice original_editorial_correction="Вед[омостей]">
      <sic>
       Вед
      </sic>
      <corr>
       Ведомостей
      </corr>
     </choice>
     . Этот либеральничает; но как они мало образованы, просвещены, едва ли не меньше ваших слушателей в Охford’e.
     <ref target="#note10">
      10
     </ref>
     <note index="false" resp="volume_editor" xml:id="note10">
      Н. К. Михайловский, «Отрывки о религии», «Русское богатство» 1901, № 9-10.
     </note>
     Эти ужасные заслонки,
     <choice original_editorial_correction="к[оторыми]">
      <sic>
       к
      </sic>
      <corr>
       которыми
      </corr>
     </choice>
     закрыты души лю дей, и через
     <choice original_editorial_correction="к[оторые]">
      <sic>
       к
      </sic>
      <corr>
       которые
      </corr>
     </choice>
     ничто не проникает — ужасны. И всему причина религия ложная. Нынче читал
     <choice original_editorial_correction="Михайл[овского]">
      <sic>
       Михайл
      </sic>
      <corr>
       Михайловского
      </corr>
     </choice>
     <hi>
      О религии
     </hi>
     .
     <ref target="#note11">
      11
     </ref>
     <note index="false" resp="volume_editor" xml:id="note11">
      Г. Буасье (1823—1908), французский филолог и историк.
     </note>
     Что за произвольная, легкомысленная, ничего не говорящая чепуха,
     <choice original_editorial_correction="к[оторая]">
      <sic>
       к
      </sic>
      <corr>
       которая
      </corr>
     </choice>
     , он думает, перестанет
     <choice original_editorial_correction="б[ыть]">
      <sic>
       б
      </sic>
      <corr>
       быть
      </corr>
     </choice>
     чепухой оттого, что он подтвердит ее Boissier,
     <ref target="#note12">
      12
     </ref>
     <note index="false" resp="volume_editor" xml:id="note12">
      Фюстель де Куланж (1830—1889), французский историк.
     </note>
     Fustel de Coulanges,
     <ref target="#note13">
      13
     </ref>
     <note index="false" resp="volume_editor" xml:id="note13">
      Г. Спенсер (1820—1903), английский социолог и философ-позитивист.
     </note>
     Spencer
     <ref target="#note14">
      14
     </ref>
     <note index="false" resp="volume_editor" xml:id="note14">
      Сектанты-штундисты села Павловки Сумского уезда Харьковской губ., участники разгрома церкви (см. т. 73, стр. 160). Участники этого разгрома были избиты полицией и православными крестьянами, причем несколько человек были убиты, а 20 человек ранено. Многие павловские сектанты были затем приговорены к ссылке в каторжные работы и на поселение.
     </note>
     и т. д. Вот уж истинно — слепые толкуют о разных тонкостях цветов.
    </p>
    <p id="8d795260-24fa-41f1-ae13-b3108ab374d0">
     Не браните меня за ужасную калиграфию. Теперь кроме временного случайного недуга главная моя болезнь — боли в руках ревматические. И мне больно
     <hi style="opdelimiter">
      писать.
     </hi>
    </p>
    <p id="24c255ad-c14f-492a-999b-0b75f41339b9">
     <pb n="249"/>
     <hi style="npdelimiter">
      Утешило
     </hi>
     меня то, что Кант под старость отвечал на письма через год. Я, кажется, также скоро буду делать, но только не вам.
    </p>
    <p id="b5737872-3275-45e5-af97-943f8bc53347">
     Как хорошо, что в Германии запретили ответ Синоду. Мы часто
     <choice original_editorial_correction="заблужд[аемся]">
      <sic>
       заблужд
      </sic>
      <corr>
       заблуждаемся
      </corr>
     </choice>
     , становясь в положение угнетенных. Они, враги не наши, а истины, — доживают
     <choice original_editorial_correction="последн[ие]">
      <sic>
       последн
      </sic>
      <corr>
       последние
      </corr>
     </choice>
     дни, и они жалки, а не мы, если мы только умеем понять свое положение и помнить того хозяина, которому служим.
    </p>
    <p id="670aef30-f454-4c87-a96d-33d303491e5f">
     Жаль очень Павловцев.
     <ref target="#note15">
      15
     </ref>
     <note index="false" resp="volume_editor" xml:id="note15">
      И. М. Трегубов прислал Толстому «Народные листки» — противоправительственные брошюры, издававшиеся в Женеве Д. А. Хилковым. Отзыв Толстого об этих изданиях см. в его письме к Трегубову от 2 декабря 1901 г. (т. 73, стр. 169).
     </note>
     Но и то, что о них пишут, подтверждает то же. Оторвут меня от моей работы две вещи,
     <choice original_editorial_correction="к[оторые]">
      <sic>
       к
      </sic>
      <corr>
       которые
      </corr>
     </choice>
     хотелось бы написать: «Суждение о
     <choice original_editorial_correction="Народн[ых]">
      <sic>
       Народн
      </sic>
      <corr>
       Народных
      </corr>
     </choice>
     листках» (мысли военного),
     <choice original_editorial_correction="Ив[ан]">
      <sic>
       Ив
      </sic>
      <corr>
       <name placement="text" ref="13980" type="person">
        Иван
       </name>
      </corr>
     </choice>
     <choice original_editorial_correction="М[ихайлович]">
      <sic>
       <name placement="text" ref="13980" type="person">
        М
       </name>
      </sic>
      <corr>
       <name placement="text" ref="13980" type="person">
        Михайлович
       </name>
      </corr>
     </choice>
     прислал.
     <hi>
      16
     </hi>
     И о том, что называется свобода совести, а что в
     <choice original_editorial_correction="сущн[ости]">
      <sic>
       сущн
      </sic>
      <corr>
       сущности
      </corr>
     </choice>
     есть покушение на запугивание людей, чтобы они говорили, что мы хотим, и не говорили, чего мы не хотим. Ну, да еще,
     <choice original_editorial_correction="б[ог]">
      <sic>
       б
      </sic>
      <corr>
       бог
      </corr>
     </choice>
     даст, напишу, вы прочтете.
    </p>
    <p id="ff6f4a06-7af1-4791-968b-2e88fb99e86b">
     Прощайте, милые друзья.
    </p>
    <noteGrp type="comments">
     <note index="false" type="comments">
      <p id="973dedcf-e617-4b5b-8cb9-8bf56781fc37" rend="Textpetit_otstup left">
       Письмо датируется на основании даты письма О. К. Толстой к В. Г. Черткову, посланного одновр
       <hi>
        е
       </hi>
       менно и приложенного
       <hi>
        к
       </hi>
       подлиннику. Ответ на письмо от 21 ноября н. с., в
       <hi>
        к
       </hi>
       отором Чертков писал о своей близости к Толстому, о предпринятом им издании произведений Толстого на английском языке и о других своих изданиях.
      </p>
     </note>
    </noteGrp>
   </div>
  </body>
 </text>
</TEI>
