<?xml version="1.0" encoding="utf-8"?>
<TEI xmlns="http://www.tei-c.org/ns/1.0" xmlns:xi="http://www.w3.org/2001/XInclude">
 <teiHeader>
  <fileDesc>
   <titleStmt>
    <title xml:id="v88_725_iyulya3">
     Письма и документы. Tolstoy Digital
    </title>
    <title type="main">
     Письмо В. Г. Черткову и Е. И. Попову от 3 июля 1904 г.
    </title>
    <title type="bibl">
     Толстой Л. Н. Письмо В. Г. Черткову и Е. И. Попову, 3 июля 1904 г. // Толстой Л. Н. Полное собрание сочинений: в 90 тт. Т. 88. М.: Гос. изд. «Художественная литература», 1957. С.
    </title>
    <respStmt>
     <resp>
      Идея, постановка задач, руководство:
     </resp>
     <name>
      Анастасия Бонч-Осмоловская, Фёкла Толстая, Борис Орехов, Тимофей Лукашевский
     </name>
    </respStmt>
    <respStmt>
     <resp>
      Подготовка TEI/XML:
     </resp>
     <name>
      Евгений Можаев, Даниил Скоринкин, Ирина Павлова, Матвей Колбасов, Елена Сидорова, Кирилл Милинцевич, Лев Буланов, Макар Федоров, Константин Петров
     </name>
    </respStmt>
    <respStmt>
     <resp>
      Подготовка метаданных:
     </resp>
     <name>
      Мария Картышева, Вероника Файнберг
     </name>
    </respStmt>
    <respStmt>
     <resp>
      Разметка имен собственных:
     </resp>
     <name>
      Никита Северин, Елена Северина
     </name>
    </respStmt>
    <respStmt>
     <resp>
      Исправление древнегреческого текста:
     </resp>
     <name>
      Ольга Алиева
     </name>
    </respStmt>
    <funder>
     Проект «Слово Толстого»
    </funder>
   </titleStmt>
   <publicationStmt>
    <publisher>
     <orgName>
      Tolstoy Digital, DH CLOUD, Научно-образовательный союз «Родное Слово» проект «Слово Толстого»
     </orgName>
    </publisher>
    <availability>
     <p id="8ca782f1-1fb4-4950-85e3-72b93d9a447c">
      Тексты и метатекстовая разметка доступны для свободного использования и распространения по лицензии Creative Commons Attribution Share-Alike (cc by-sa)
     </p>
    </availability>
    <date from="2015" to="2022"/>
   </publicationStmt>
   <notesStmt>
    <note>
     Публикуемые документы был получены с сайта tolstoy.ru в формате html, переведены в формат TEI. Исправлены некоторые ошибки распознавания. Тексты, написанные в дореформенной орфографии, сопоставлены с их версиями в современной орфографии.
    </note>
   </notesStmt>
   <sourceDesc>
    <biblStruct>
     <analytic>
      <author>
       Толстой Лев Николаевич
      </author>
     </analytic>
     <monogr>
      <title level="m">
       Полное собрание сочинений. Том 88
      </title>
      <imprint>
       <pubPlace>
        Москва
       </pubPlace>
       <publisher>
        Государственное издательство «Художественная литература»
       </publisher>
       <date when="1957"/>
      </imprint>
      <biblScope unit="vol">
       88
      </biblScope>
      <biblScope unit="page">
       339-340
      </biblScope>
     </monogr>
     <series>
      <title level="s">
       Л. Н. Толстой. Полное собрание сочинений: в 90 тт.
      </title>
     </series>
    </biblStruct>
    <bibl>
     Публикуется впервые
    </bibl>
   </sourceDesc>
  </fileDesc>
  <encodingDesc>
   <classDecl>
    <xi:include href="../../reference/taxonomy.xml"/>
   </classDecl>
  </encodingDesc>
  <profileDesc>
   <correspDesc>
    <correspAction type="sending">
     <persName ref="13883">
      Л. Н. Толстой
     </persName>
     <placeName>
      Ясная Поляна
     </placeName>
     <date when="1904-07-03"/>
    </correspAction>
    <correspAction type="receiving">
     <persName ref="11086">
      Попов Евгений Иванович
     </persName>
     <persName ref="15284">
      Чертков Владимир Григорьевич
     </persName>
    </correspAction>
   </correspDesc>
   <langUsage>
    <language ident="ru"/>
   </langUsage>
   <textClass>
    <catRef ana="#tolstoy_heritage" target="library"/>
    <catRef ana="#letters" target="type"/>
    <catRef ana="#sent" target="sent"/>
   </textClass>
  </profileDesc>
 </teiHeader>
 <xenoData>
  <number type="in a volume">
   725
  </number>
 </xenoData>
 <text xml:id="iyulya3_725" xmlns="http://www.tei-c.org/ns/1.0" xmlns:xi="http://www.w3.org/2001/XInclude">
  <body>
   <div>
    <pb n="339"/>
    <opener index="false">
     * 725. В. Г. Черткову и
     <name placement="text" ref="11086" type="person">
      Е. И. Попову
     </name>
     .1904 г. Июля 3. Я. П.
    </opener>
    <p id="2c08ae1a-100d-4731-92c4-f40f4434bf14" rend="Obrashenie">
     Дорогие друзья
     <choice original_editorial_correction="Евг[ений]">
      <sic>
       Евг
      </sic>
      <corr>
       <name placement="text" ref="11086" type="person">
        Евгений
       </name>
      </corr>
     </choice>
     <choice original_editorial_correction="И[ванович]">
      <sic>
       <name placement="text" ref="11086" type="person">
        И
       </name>
      </sic>
      <corr>
       <name placement="text" ref="11086" type="person">
        Иванович
       </name>
      </corr>
     </choice>
    </p>
    <p id="a6d7b8ac-ca9e-4dd7-9e11-c08e0e634b0b" rend="Obrashenie2 left">
     и
     <choice original_editorial_correction="Вл[адимир]">
      <sic>
       Вл
      </sic>
      <corr>
       <name placement="text" ref="15284" type="person">
        Владимир
       </name>
      </corr>
     </choice>
     <choice original_editorial_correction="Г[ригорьевич]">
      <sic>
       <name placement="text" ref="15284" type="person">
        Г
       </name>
      </sic>
      <corr>
       <name placement="text" ref="15284" type="person">
        Григорьевич
       </name>
      </corr>
     </choice>
    </p>
    <p id="2138cd3d-5f00-4879-afd6-d2cb7dba77e3">
     Получил ваши хорошие письма и согласен был с ними еще до их получения, как вы увидите из посланного вам письма,
     <ref target="#note1">
      1
     </ref>
     <note index="false" resp="volume_editor" xml:id="note1">
      <ref target="file:///Volume_88_iyulya1_723.xml">
       См. письмо № 723
      </ref>
      .
     </note>
     <hi>
      <hi/>
     </hi>
     и тем более согласен теперь, после получения ваших. Хотел сказать, что благодарю вас, но это не то: не благодарю, а радуюсь тому, что мы все-таки знаем и любим то, во имя чего мы едины. Послал еще телеграмму без надобности, но от радости. Не брался еще за предисловие — ничего не могу делать, но хочется написать не так скверно, как то,
     <hi>
      и
     </hi>
     надеюсь это сделать.
     <ref target="#note2">
      2
     </ref>
     <note index="false" resp="volume_editor" xml:id="note2">
      Заметки о работе над предисловием к статье Черткова «О революции» имеются в Дневнике Толстого 7, 12, 17, 21 и 22 июля. Предисловие под писано Толстым 22 июля. См. т. 36.
     </note>
     <hi>
      <hi/>
     </hi>
     Братски любовно приветствую вас, милые друзья. Пока прощайте.
    </p>
    <p id="4875523a-f221-4ee0-a0b1-78e9b4212751" rend="right">
     <name placement="text" ref="13883" type="person">
      Л. Толстой
     </name>
     .
    </p>
    <p id="0d36f6f7-b6ca-4c7b-a754-6d6bfe573ee7">
     3 июля 1904.
    </p>
    <noteGrp type="comments">
     <note index="false" type="comments">
      <p id="408b9e02-4101-4a98-ab8f-15fd19d84b81" rend="Textpetit_otstup left">
       Ответ на письма Черткова от 6 июля н. с. и Е. И. Попова о предисловии Толстого к статье Черткова «О революции». Чертков писал, что у него «эта маленькая статья вызывает больше сомнений и беспокойства, чем какая-либо другая». Возражая против сопоставления деятельности революционеров с опасным и требующим мужества спортом, Чертков писал:
      </p>
     </note>
     <note index="false" type="comments">
      <p id="cb052972-e206-4db7-b882-40ee9c2f641f" rend="petit">
       «Представьте себе какого-нибудь революционера из рабочих, вроде Михайлова, сознательно жертвующего заработком, семьею, жизнью в надежде послужить этим своим порабощенным товарищам, — а теперь таких среди рабочих самих все больше и больше... — представьте его впечатление, прочитавши ваши слова о “спорте” революционном и узнавши, справившись в словаре иностранных слов, что это значит известного рода забава, какую горькую обиду, какое чувство жестокой несправедливости он должен испытать».
      </p>
     </note>
     <note index="false" type="comments">
      <p id="d006e913-b03c-49ca-ba12-5821d872b109" rend="petit">
       К письму Черткова было приложено письмо Е. И. Попова, также писавшего о сомнениях, явившихся у него при чтении статьи Толстого.
      </p>
     </note>
    </noteGrp>
   </div>
  </body>
 </text>
</TEI>
