<?xml version="1.0" encoding="utf-8"?>
<TEI xmlns="http://www.tei-c.org/ns/1.0" xmlns:xi="http://www.w3.org/2001/XInclude">
 <teiHeader>
  <fileDesc>
   <titleStmt>
    <title xml:id="v88_440_marta8">
     Письма и документы. Tolstoy Digital
    </title>
    <title type="main">
     Письмо В. Г. Черткову от 8 марта 1897 г.
    </title>
    <title type="bibl">
     Толстой Л. Н. Письмо В. Г. Черткову, 8 марта 1897 г. // Толстой Л. Н. Полное собрание сочинений: в 90 тт. Т. 88. М.: Гос. изд. «Художественная литература», 1957. С.
    </title>
    <respStmt>
     <resp>
      Идея, постановка задач, руководство:
     </resp>
     <name>
      Анастасия Бонч-Осмоловская, Фёкла Толстая, Борис Орехов, Тимофей Лукашевский
     </name>
    </respStmt>
    <respStmt>
     <resp>
      Подготовка TEI/XML:
     </resp>
     <name>
      Евгений Можаев, Даниил Скоринкин, Ирина Павлова, Матвей Колбасов, Елена Сидорова, Кирилл Милинцевич, Лев Буланов, Макар Федоров, Константин Петров
     </name>
    </respStmt>
    <respStmt>
     <resp>
      Подготовка метаданных:
     </resp>
     <name>
      Мария Картышева, Вероника Файнберг
     </name>
    </respStmt>
    <respStmt>
     <resp>
      Разметка имен собственных:
     </resp>
     <name>
      Никита Северин, Елена Северина
     </name>
    </respStmt>
    <respStmt>
     <resp>
      Исправление древнегреческого текста:
     </resp>
     <name>
      Ольга Алиева
     </name>
    </respStmt>
    <funder>
     Проект «Слово Толстого»
    </funder>
   </titleStmt>
   <publicationStmt>
    <publisher>
     <orgName>
      Tolstoy Digital, DH CLOUD, Научно-образовательный союз «Родное Слово» проект «Слово Толстого»
     </orgName>
    </publisher>
    <availability>
     <p id="655b4112-77f1-44f3-8748-d9cc37e67722">
      Тексты и метатекстовая разметка доступны для свободного использования и распространения по лицензии Creative Commons Attribution Share-Alike (cc by-sa)
     </p>
    </availability>
    <date from="2015" to="2022"/>
   </publicationStmt>
   <notesStmt>
    <note>
     Публикуемые документы был получены с сайта tolstoy.ru в формате html, переведены в формат TEI. Исправлены некоторые ошибки распознавания. Тексты, написанные в дореформенной орфографии, сопоставлены с их версиями в современной орфографии.
    </note>
   </notesStmt>
   <sourceDesc>
    <biblStruct>
     <analytic>
      <author>
       Толстой Лев Николаевич
      </author>
     </analytic>
     <monogr>
      <title level="m">
       Полное собрание сочинений. Том 88
      </title>
      <imprint>
       <pubPlace>
        Москва
       </pubPlace>
       <publisher>
        Государственное издательство «Художественная литература»
       </publisher>
       <date when="1957"/>
      </imprint>
      <biblScope unit="vol">
       88
      </biblScope>
      <biblScope unit="page">
       14-16
      </biblScope>
     </monogr>
     <series>
      <title level="s">
       Л. Н. Толстой. Полное собрание сочинений: в 90 тт.
      </title>
     </series>
    </biblStruct>
    <bibl>
     Публикуется впервые
    </bibl>
   </sourceDesc>
  </fileDesc>
  <encodingDesc>
   <classDecl>
    <xi:include href="../../reference/taxonomy.xml"/>
   </classDecl>
  </encodingDesc>
  <profileDesc>
   <correspDesc>
    <correspAction type="sending">
     <persName ref="13883">
      Л. Н. Толстой
     </persName>
     <placeName>
      Москва
     </placeName>
     <date when="1897-03-08"/>
    </correspAction>
    <correspAction type="receiving">
     <persName ref="15284">
      Чертков Владимир Григорьевич
     </persName>
    </correspAction>
   </correspDesc>
   <langUsage>
    <language ident="ru"/>
   </langUsage>
   <textClass>
    <catRef ana="#tolstoy_heritage" target="library"/>
    <catRef ana="#letters" target="type"/>
    <catRef ana="#sent" target="sent"/>
   </textClass>
  </profileDesc>
 </teiHeader>
 <xenoData>
  <number type="in a volume">
   440
  </number>
 </xenoData>
 <text xml:id="marta8_440" xmlns="http://www.tei-c.org/ns/1.0" xmlns:xi="http://www.w3.org/2001/XInclude">
  <body>
   <div>
    <pb n="14"/>
    <opener index="false">
     * 440.1897 г. Марта 8. Москва.
    </opener>
    <p id="64b929ce-08d8-479e-982f-f99ff4fe7078" rend="right">
     8 марта 1897 г. № 4.
    </p>
    <p id="bb26af2b-14f7-4403-9d85-04751ce36de0">
     Последнее полученное от вас известие, милые друзья, было письмо Гали, за которое благодарю ее. Просил бы побольше подробностей о вашем житье, какое помещение? Где? Кто хозяева? Кто к вам ходит? Как кто проводит время? Что делаете вы,
     <choice original_editorial_correction="В[ладимир]">
      <sic>
       В
      </sic>
      <corr>
       <name placement="text" ref="15284" type="person">
        Владимир
       </name>
      </corr>
     </choice>
     <choice original_editorial_correction="Г[ригорьевич]">
      <sic>
       <name placement="text" ref="15284" type="person">
        Г
       </name>
      </sic>
      <corr>
       <name placement="text" ref="15284" type="person">
        Григорьевич
       </name>
      </corr>
     </choice>
     ? Что делает Галя? Димочка? Шкарван? Катя,
     <ref target="#note1">
      1
     </ref>
     <note index="false" resp="volume_editor" xml:id="note1">
      <name placement="note" ref="4237" type="person">
       Екатерина Васильевна Дегтярева
      </name>
      , домашняя работница Чертковых.
     </note>
     Аннушка?
     <ref target="#note2">
      2
     </ref>
     <note index="false" resp="volume_editor" xml:id="note2">
      <name placement="note" ref="9283" type="person">
       Анна Григорьевна Морозова
      </name>
      , повариха и экономка Чертковых, служившая у них с 1889 г. и ставшая близким человеком в их семье.
     </note>
     Как проходит день? Такое письмо, как тот дневник,
     <choice original_editorial_correction="к[оторый]">
      <sic>
       к
      </sic>
      <corr>
       который
      </corr>
     </choice>
     прислал на днях Поша, из
     <choice original_editorial_correction="к[оторого]">
      <sic>
       к
      </sic>
      <corr>
       которого
      </corr>
     </choice>
     мы узнали всё, чтò с ним было до его помещения в первый день на месте. На этом дневник оборвался. Теперь к нему поехала
     <choice original_editorial_correction="Пав[ла]">
      <sic>
       Пав
      </sic>
      <corr>
       <name placement="text" ref="1448" type="person">
        Павла
       </name>
      </corr>
     </choice>
     <choice original_editorial_correction="Ник[олаевна]">
      <sic>
       <name placement="text" ref="1448" type="person">
        Ник
       </name>
      </sic>
      <corr>
       <name placement="text" ref="1448" type="person">
        Николаевна
       </name>
      </corr>
     </choice>
     ;
     <ref target="#note3">
      3
     </ref>
     <note index="false" resp="volume_editor" xml:id="note3">
      Павла Николаевна Шарапова, с 1899 г. жена П. И. Бирюкова.
     </note>
     надеемся через нее иметь
     <hi style="opdelimiter">
      более
     </hi>
     <pb n="15"/>
     <hi style="npdelimiter">
      частые
     </hi>
     известия. А то я писал ему 5 писем и не получил ни одного. Смущает меня в моей переписке с вами, что на днях по объявлению
     <ref target="#note4">
      4
     </ref>
     <note index="false" resp="volume_editor" xml:id="note4">
      Толстой называл объявлением повестку на получение заказного письма.
     </note>
     не выдали заказного из Англии письма, и я боюсь, уж не от вас ли это? Если долго не получу от вас или окажется пропащий номер, то приму меры, чтобы не пропадали письма. Здесь, как вы, верно, знаете,
     <name placement="text" ref="9532" type="person">
      Елена Петровна
     </name>
     .
     <ref target="#note5">
      5
     </ref>
     <note index="false" resp="volume_editor" xml:id="note5">
      <name placement="note" ref="9532" type="person">
       Елена Петровна Накашидзе
      </name>
      , сочувствовавшая взглядам Толстого и помогавшая духоборам.
     </note>
     Я очень рад был узнать ее. Еще здесь один старик, бывший старообрядец,
     <choice original_editorial_correction="Вас[илий]">
      <sic>
       Вас
      </sic>
      <corr>
       <name placement="text" ref="10495" type="person">
        Василий
       </name>
      </corr>
     </choice>
     <choice original_editorial_correction="Вас[ильевич]">
      <sic>
       <name placement="text" ref="10495" type="person">
        Вас
       </name>
      </sic>
      <corr>
       <name placement="text" ref="10495" type="person">
        Васильевич
       </name>
      </corr>
     </choice>
     <name placement="text" ref="10495" type="person">
      Паньков
     </name>
     , с
     <choice original_editorial_correction="к[оторым]">
      <sic>
       к
      </sic>
      <corr>
       которым
      </corr>
     </choice>
     я переписывался и
     <choice original_editorial_correction="кот[орый]">
      <sic>
       кот
      </sic>
      <corr>
       который
      </corr>
     </choice>
     два раза приезжал сюда, чтобы свидеться. Он называет себя свободомыслящим, и человек очень правдивый и религиозный. Он мещанин и живет тем, что в Царицыне продает рубашки,
     <choice original_editorial_correction="кот[орые]">
      <sic>
       кот
      </sic>
      <corr>
       которые
      </corr>
     </choice>
     шьет его жена и дочь. Приехал он с молодым молоканином
     <ref target="#note6">
      6
     </ref>
     <note index="false" resp="volume_editor" xml:id="note6">
      <name placement="note" ref="13795" type="person">
       Яков Александрович Токарев
      </name>
      .
     </note>
     из Дубовки, и встретились они у меня с Суллержицким
     <ref target="#note7">
      7
     </ref>
     <note index="false" resp="volume_editor" xml:id="note7">
      Леопольд Антонович Суллержицкий (1872—1916), учившийся вместе с T. Л. Толстой в Школе живописи и ваяния, впоследствии помощник режиссера Московского Художественного театра. Л. А. Суллержицкий принимал участие в помощи духоборам.
     </note>
     и с Желтовым.
     <ref target="#note8">
      8
     </ref>
     <note index="false" resp="volume_editor" xml:id="note8">
      <name placement="note" ref="5073" type="person">
       Федор Алексеевич Желтов
      </name>
      (р. 1859), сектант-молоканин из с. Богородского Нижегородской губ.
     </note>
     Очень интересный был разговор старика с Желтовым. Старик внушал Желтову, что нехорошо, не веря в божественность Христа, продолжать поддерживать это суеверие в собраниях. При этом выяснилось, что тот молодой молоканин, Дубовской, отделился с некоторыми друзьями от своего общества именно вследствие непризнания божественности Христа. Он считает, что не может участвовать в молениях, начинающихся словами: во имя отца и
     <choice original_editorial_correction="с[ына]">
      <sic>
       с
      </sic>
      <corr>
       сына
      </corr>
     </choice>
     и
     <choice original_editorial_correction="св[ятого]">
      <sic>
       св
      </sic>
      <corr>
       святого
      </corr>
     </choice>
     <choice original_editorial_correction="д[уха]">
      <sic>
       д
      </sic>
      <corr>
       духа
      </corr>
     </choice>
     . Так что эти выделившиеся суть не что иное, как унитарьянцы.
     <ref target="#note9">
      9
     </ref>
     <note index="false" resp="volume_editor" xml:id="note9">
      Английская секта, последователи которой отрицают догмат о троичности божества и божественность Христа.
     </note>
     Это очень поразило и порадовало меня.
    </p>
    <p id="9eb470de-edca-4606-bc77-ab0ea1ffd5e4">
     Мне кажется, что для того, чтобы вернуться к христианству, как его разумел
     <choice original_editorial_correction="Хр[истос]">
      <sic>
       Хр
      </sic>
      <corr>
       Христос
      </corr>
     </choice>
     , надо прежде всего откинуть всё то идолопоклонство,
     <choice original_editorial_correction="кот[орое]">
      <sic>
       кот
      </sic>
      <corr>
       которое
      </corr>
     </choice>
     выросло на христианстве, не говоря о святых и богородице, веру в божественность
     <choice original_editorial_correction="Хр[иста]">
      <sic>
       Хр
      </sic>
      <corr>
       Христа
      </corr>
     </choice>
     , веру в святость Библии и Евангелий. И это первое, через что должно пройти, т. е. уничтожить всю ложь, мешающую видеть истину. О себе скажу, что пишу понемногу, но не скучаю и когда не пишу. Не могу достаточно благодарить бога за то спокойствие,
     <choice original_editorial_correction="к[оторое]">
      <sic>
       к
      </sic>
      <corr>
       которое
      </corr>
     </choice>
     он мне дал последнее время — какое-то твердое любовное спокойствие, делающее жизнь легкою и часто радостною.
    </p>
    <p id="35d7ee31-b4f2-4308-8ead-717e9987b8ab">
     Теперь суббота. У нас в столовой горят огни, уставлен стол яствами, лакеи служат, и всем, кроме мальчиков, пожирающих сладкое, мучительно тяжело и скучно. Я ушел оттуда и пишу письмо, но пришла
     <choice original_editorial_correction="С[офья]">
      <sic>
       С
      </sic>
      <corr>
       <name placement="text" ref="13844" type="person">
        Софья
       </name>
      </corr>
     </choice>
     <choice original_editorial_correction="А[ндреевна]">
      <sic>
       <name placement="text" ref="13844" type="person">
        А
       </name>
      </sic>
      <corr>
       <name placement="text" ref="13844" type="person">
        Андреевна
       </name>
      </corr>
     </choice>
     , прося помочь ей занимать вашу кузину Сологуб.
     <ref target="#note10">
      10
     </ref>
     <note index="false" resp="volume_editor" xml:id="note10">
      Наталия Михайловна Сологуб (1852—1918).
     </note>
     Мне нисколько не скучно и
     <hi style="opdelimiter">
      не
     </hi>
     <pb n="16"/>
     <hi style="npdelimiter">
      неприятно,
     </hi>
     а хотелось бы помочь им. Простите, что хвастаюсь.
     <choice original_editorial_correction="Р[усанов]а">
      <sic>
       Ра
      </sic>
      <corr>
       Русанова
      </corr>
     </choice>
     <ref target="#note11">
      11
     </ref>
     <note index="false" resp="volume_editor" xml:id="note11">
      Вероятно,
      <name placement="note" ref="11971" type="person">
       Антонина Алексеевна Русанова
      </name>
      (1855—1905), жена Г. А. Русанова.
     </note>
     очень нервна, и жалка, и хороша. Вчера был у них.
     <choice original_editorial_correction="М[оод]ы">
      <sic>
       Мы
      </sic>
      <corr>
       Мооды
      </corr>
     </choice>
     <ref target="#note12">
      12
     </ref>
     <note index="false" resp="volume_editor" xml:id="note12">
      Алексей (Эйльмер) Францевич Моод (1858—1938) и его жена Л. Я. Моод, переводившие на английский язык произведения Толстого. Автор биографии Толстого: «The Life of Tolstoy», v. I, London, 1908, v. II, London, 1910 («Жизнь Толстого», т. I, Лондон, 1908, т. II, Лондон, 1910).
     </note>
     скоро едут к вам. Я сейчас был у них. Целую вас всех.
    </p>
    <p id="5a5edc4a-090e-4b93-b967-48cd697d17a6" rend="right">
     Л. Т.
    </p>
    <noteGrp type="comments">
     <note index="false" type="comments">
      <p id="b4a7acb6-a250-4b0d-b031-51800d8f8945" rend="Textpetit_otstup left">
       Отрывки напечатаны: «Толстой и Чертков», стр. 242.
      </p>
     </note>
     <note index="false" type="comments">
      <p id="16c0ccba-0c95-4d82-8630-0f0a4a3a3e8f" rend="petit">
       Ответ на письмо А. К. Чертковой от 6 марта н. с. из Кройдона.
      </p>
     </note>
    </noteGrp>
   </div>
  </body>
 </text>
</TEI>
