<?xml version="1.0" encoding="utf-8"?>
<TEI xmlns="http://www.tei-c.org/ns/1.0" xmlns:xi="http://www.w3.org/2001/XInclude">
 <teiHeader>
  <fileDesc>
   <titleStmt>
    <title xml:id="v88_596_sentyabrya6">
     Письма и документы. Tolstoy Digital
    </title>
    <title type="main">
     Письмо В. Г. Черткову от 6 сентября 1900 г.
    </title>
    <title type="bibl">
     Толстой Л. Н. Письмо В. Г. Черткову, 6 сентября 1900 г. // Толстой Л. Н. Полное собрание сочинений: в 90 тт. Т. 88. М.: Гос. изд. «Художественная литература», 1957. С.
    </title>
    <respStmt>
     <resp>
      Идея, постановка задач, руководство:
     </resp>
     <name>
      Анастасия Бонч-Осмоловская, Фёкла Толстая, Борис Орехов, Тимофей Лукашевский
     </name>
    </respStmt>
    <respStmt>
     <resp>
      Подготовка TEI/XML:
     </resp>
     <name>
      Евгений Можаев, Даниил Скоринкин, Ирина Павлова, Матвей Колбасов, Елена Сидорова, Кирилл Милинцевич, Лев Буланов, Макар Федоров, Константин Петров
     </name>
    </respStmt>
    <respStmt>
     <resp>
      Подготовка метаданных:
     </resp>
     <name>
      Мария Картышева, Вероника Файнберг
     </name>
    </respStmt>
    <respStmt>
     <resp>
      Разметка имен собственных:
     </resp>
     <name>
      Никита Северин, Елена Северина
     </name>
    </respStmt>
    <respStmt>
     <resp>
      Исправление древнегреческого текста:
     </resp>
     <name>
      Ольга Алиева
     </name>
    </respStmt>
    <funder>
     Проект «Слово Толстого»
    </funder>
   </titleStmt>
   <publicationStmt>
    <publisher>
     <orgName>
      Tolstoy Digital, DH CLOUD, Научно-образовательный союз «Родное Слово» проект «Слово Толстого»
     </orgName>
    </publisher>
    <availability>
     <p id="6edbf64b-8039-4324-9e4c-d5d50affb394">
      Тексты и метатекстовая разметка доступны для свободного использования и распространения по лицензии Creative Commons Attribution Share-Alike (cc by-sa)
     </p>
    </availability>
    <date from="2015" to="2022"/>
   </publicationStmt>
   <notesStmt>
    <note>
     Публикуемые документы был получены с сайта tolstoy.ru в формате html, переведены в формат TEI. Исправлены некоторые ошибки распознавания. Тексты, написанные в дореформенной орфографии, сопоставлены с их версиями в современной орфографии.
    </note>
   </notesStmt>
   <sourceDesc>
    <biblStruct>
     <analytic>
      <author>
       Толстой Лев Николаевич
      </author>
     </analytic>
     <monogr>
      <title level="m">
       Полное собрание сочинений. Том 88
      </title>
      <imprint>
       <pubPlace>
        Москва
       </pubPlace>
       <publisher>
        Государственное издательство «Художественная литература»
       </publisher>
       <date when="1957"/>
      </imprint>
      <biblScope unit="vol">
       88
      </biblScope>
      <biblScope unit="page">
       203-204
      </biblScope>
     </monogr>
     <series>
      <title level="s">
       Л. Н. Толстой. Полное собрание сочинений: в 90 тт.
      </title>
     </series>
    </biblStruct>
    <bibl>
     Публикуется впервые
    </bibl>
   </sourceDesc>
  </fileDesc>
  <encodingDesc>
   <classDecl>
    <xi:include href="../../reference/taxonomy.xml"/>
   </classDecl>
  </encodingDesc>
  <profileDesc>
   <correspDesc>
    <correspAction type="sending">
     <persName ref="13883">
      Л. Н. Толстой
     </persName>
     <placeName>
      Ясная Поляна
     </placeName>
     <date when="1900-09-06"/>
    </correspAction>
    <correspAction type="receiving">
     <persName ref="15284">
      Чертков Владимир Григорьевич
     </persName>
    </correspAction>
   </correspDesc>
   <langUsage>
    <language ident="ru"/>
   </langUsage>
   <textClass>
    <catRef ana="#tolstoy_heritage" target="library"/>
    <catRef ana="#letters" target="type"/>
    <catRef ana="#sent" target="sent"/>
   </textClass>
  </profileDesc>
 </teiHeader>
 <xenoData>
  <number type="in a volume">
   596
  </number>
 </xenoData>
 <text xml:id="sentyabrya6_596" xmlns="http://www.tei-c.org/ns/1.0" xmlns:xi="http://www.w3.org/2001/XInclude">
  <body>
   <div>
    <pb n="203"/>
    <opener index="false">
     * 596.1900 г. Сентября 6. Я. П.
    </opener>
    <p id="5aaab27b-43a9-4eed-925a-4a05fadca376">
     Сейчас прочел Мысли о боге.
     <ref target="#note1">
      1
     </ref>
     <note index="false" resp="volume_editor" xml:id="note1">
      «Мысли о боге»
      <name placement="note" ref="13883" type="person">
       Льва Толстого
      </name>
      , изд. «Свободного слова», Purleigh, 1900.
     </note>
     Там есть хорошее, и я умилялся, читая их. Но издание их преждевременно. Их надо было издать после смерти (недолго). А то очень страшно жить с такой программой жизни. Сейчас подумал это и потом устыдился. Разве не всё равно, если жить не перед людьми, а перед богом? Перед людьми жить очень хлопотно — всем потрафить, от всех заслужить доброе мнение, скрыть от них свои гадости. Очень трудно. А как покойно и легко перед богом. Перед ним трудиться, скрывать и рисоваться нечего. Он знает, каков я и чего я стою. Это одно и большое преимущество служения богу, а не людям.
    </p>
    <p id="8eccfec5-0875-494d-80fd-d8a8cd812b1b">
     Еще читая эти мысли, вспомнил то, что недавно думал об этом. Думал то, что нельзя говорить: бог есть любовь или бог есть логос, разум. Через любовь и разум мы познаем бога, но понятие бога не только не покрывается этими понятиями, но так же отличается от бога, как понятие глаза или зрения от света. Почти то же там есть.
    </p>
    <p id="695534bd-a856-45a2-862b-e86ef02d77c5">
     Прощайте и меня и Лебединского,
     <ref target="#note2">
      2
     </ref>
     <note index="false" resp="volume_editor" xml:id="note2">
      См. т. 72, стр. 449.
     </note>
     <choice original_editorial_correction="к[оторый]">
      <sic>
       к
      </sic>
      <corr>
       который
      </corr>
     </choice>
     просит прислать ему для продажи книги.
    </p>
    <p id="32ebc7d7-79c1-432e-95a8-a5029b89dcc0" rend="right">
     Л. Т.
    </p>
    <p id="315938bd-f77d-4afb-bfac-b3f236616dc1">
     6 сент.
    </p>
    <noteGrp type="comments">
     <note index="false" type="comments">
      <p id="91ccde45-8ff5-483f-8519-7f140234c15e" rend="Textpetit_otstup left">
       Отрывок напечатан в «Листках Свободного слова» 1900, № 18, стр. 16.
      </p>
     </note>
    </noteGrp>
   </div>
  </body>
 </text>
</TEI>
