<?xml version="1.0" encoding="utf-8"?>
<TEI xmlns="http://www.tei-c.org/ns/1.0" xmlns:xi="http://www.w3.org/2001/XInclude">
 <teiHeader>
  <fileDesc>
   <titleStmt>
    <title xml:id="v88_488_marta8">
     Письма и документы. Tolstoy Digital
    </title>
    <title type="main">
     Письмо В. Г. Черткову от 8 марта 1898 г.
    </title>
    <title type="bibl">
     Толстой Л. Н. Письмо В. Г. Черткову, 8 марта 1898 г. // Толстой Л. Н. Полное собрание сочинений: в 90 тт. Т. 88. М.: Гос. изд. «Художественная литература», 1957. С.
    </title>
    <respStmt>
     <resp>
      Идея, постановка задач, руководство:
     </resp>
     <name>
      Анастасия Бонч-Осмоловская, Фёкла Толстая, Борис Орехов, Тимофей Лукашевский
     </name>
    </respStmt>
    <respStmt>
     <resp>
      Подготовка TEI/XML:
     </resp>
     <name>
      Евгений Можаев, Даниил Скоринкин, Ирина Павлова, Матвей Колбасов, Елена Сидорова, Кирилл Милинцевич, Лев Буланов, Макар Федоров, Константин Петров
     </name>
    </respStmt>
    <respStmt>
     <resp>
      Подготовка метаданных:
     </resp>
     <name>
      Мария Картышева, Вероника Файнберг
     </name>
    </respStmt>
    <respStmt>
     <resp>
      Разметка имен собственных:
     </resp>
     <name>
      Никита Северин, Елена Северина
     </name>
    </respStmt>
    <respStmt>
     <resp>
      Исправление древнегреческого текста:
     </resp>
     <name>
      Ольга Алиева
     </name>
    </respStmt>
    <funder>
     Проект «Слово Толстого»
    </funder>
   </titleStmt>
   <publicationStmt>
    <publisher>
     <orgName>
      Tolstoy Digital, DH CLOUD, Научно-образовательный союз «Родное Слово» проект «Слово Толстого»
     </orgName>
    </publisher>
    <availability>
     <p id="ab7ad999-3635-4ca0-b331-4edc7afee170">
      Тексты и метатекстовая разметка доступны для свободного использования и распространения по лицензии Creative Commons Attribution Share-Alike (cc by-sa)
     </p>
    </availability>
    <date from="2015" to="2022"/>
   </publicationStmt>
   <notesStmt>
    <note>
     Публикуемые документы был получены с сайта tolstoy.ru в формате html, переведены в формат TEI. Исправлены некоторые ошибки распознавания. Тексты, написанные в дореформенной орфографии, сопоставлены с их версиями в современной орфографии.
    </note>
   </notesStmt>
   <sourceDesc>
    <biblStruct>
     <analytic>
      <author>
       Толстой Лев Николаевич
      </author>
     </analytic>
     <monogr>
      <title level="m">
       Полное собрание сочинений. Том 88
      </title>
      <imprint>
       <pubPlace>
        Москва
       </pubPlace>
       <publisher>
        Государственное издательство «Художественная литература»
       </publisher>
       <date when="1957"/>
      </imprint>
      <biblScope unit="vol">
       88
      </biblScope>
      <biblScope unit="page">
       82-83
      </biblScope>
     </monogr>
     <series>
      <title level="s">
       Л. Н. Толстой. Полное собрание сочинений: в 90 тт.
      </title>
     </series>
    </biblStruct>
    <bibl>
     Публикуется впервые
    </bibl>
   </sourceDesc>
  </fileDesc>
  <encodingDesc>
   <classDecl>
    <xi:include href="../../reference/taxonomy.xml"/>
   </classDecl>
  </encodingDesc>
  <profileDesc>
   <correspDesc>
    <correspAction type="sending">
     <persName ref="13883">
      Л. Н. Толстой
     </persName>
     <placeName>
      Москва
     </placeName>
     <date when="1898-03-08"/>
    </correspAction>
    <correspAction type="receiving">
     <persName ref="15284">
      Чертков Владимир Григорьевич
     </persName>
    </correspAction>
   </correspDesc>
   <langUsage>
    <language ident="ru"/>
   </langUsage>
   <textClass>
    <catRef ana="#tolstoy_heritage" target="library"/>
    <catRef ana="#letters" target="type"/>
    <catRef ana="#sent" target="sent"/>
   </textClass>
  </profileDesc>
 </teiHeader>
 <xenoData>
  <number type="in a volume">
   488
  </number>
 </xenoData>
 <text xml:id="marta8_488" xmlns="http://www.tei-c.org/ns/1.0" xmlns:xi="http://www.w3.org/2001/XInclude">
  <body>
   <div>
    <pb n="82"/>
    <opener index="false">
     * 488.1898 г. Марта 8. Москва.
    </opener>
    <p id="29269f13-b20e-45d9-a94c-fe79fb0f33b6">
     Вчера получил ваше письмо о Шкарване и о том же письмо от Буланже. Мне всегда совестно признаваться в том, что известия о болезнях, приближающих людей к смерти, не огорчают или мало огорчают меня, особенно когда, как у милого Шкарвана, это приближение не вызывает ни страха, ни противления, а только кротость и серьезность. Огорчает и заставляет страдать всё больше и больше равнодушие, жестокость, озлобление людей. Мне хочется написать отдельно
     <choice original_editorial_correction="Шк[арвану]">
      <sic>
       Шк
      </sic>
      <corr>
       Шкарвану
      </corr>
     </choice>
     ,
     <ref target="#note1">
      1
     </ref>
     <note index="false" resp="volume_editor" xml:id="note1">
      Письмо Толстого к Шкарвану от 15 марта н. с. 1898 г. (т. 71, № 70).
     </note>
     но если не напишу, то надеюсь, что он примет это письмо как письмо к нему вместе с вами.
    </p>
    <p id="6784fde3-a3e3-4c3c-9513-a17a5e3b3db2">
     Одно мучительно и ужасно видеть — это раздор, нелюбовь существ, на минутку сошедшихся в этой жизни, а болезнь, близость смерти (спасибо ей за это) уничтожает эти нелепые раздоры, непонимание друг друга и сближает людей. Вот и меня приблизила к Шкарвану. Я так живо вспомнил всего его, всё, что знаю о нем, и так живо полюбил его.
    </p>
    <p id="40cea84c-fc15-4bc0-beb3-5ee58a8b999f">
     Я думаю, Поша увидится с его матерью
     <ref target="#note2">
      2
     </ref>
     <note index="false" resp="volume_editor" xml:id="note2">
      П. И. Бирюков по пути из России в Англию заехал в Австрию, где в г. Жилине проживал врач Д. П. Маковицкий, друг Шкарвана. Толстой полагал, что Бирюков увидит мать Шкарвана.
     </note>
     и сделает всё, что нужно, для них обоих.
    </p>
    <p id="0775ddb6-1c1d-4375-b488-47a8433ca537">
     У нас нынешнюю [зиму] со всех сторон такие, напоминающие об истинной, забываемой нами, жизни, явления. Ужасное самоубийство
     <choice original_editorial_correction="Вар[и]">
      <sic>
       Вар
      </sic>
      <corr>
       Вари
      </corr>
     </choice>
     , смерть Лизы Олсуфьевой. Это прелестное было существо — веселое, скромное, простое, доброе. Заболела скарлатиной и в 4 дня умерла. Умирала в памяти, зная, что умирает, распоряжалась делами, заплатила долг за народ в банк и
     <choice original_editorial_correction="т[ому]">
      <sic>
       т
      </sic>
      <corr>
       тому
      </corr>
     </choice>
     <choice original_editorial_correction="п[одобное]">
      <sic>
       п
      </sic>
      <corr>
       подобное
      </corr>
     </choice>
     , потом прощалась со всеми, прощалась заочно, вспоминала нас и особенно меня. Мне радостно было это. Мы с ней часто спорили о православии, от
     <choice original_editorial_correction="кот[орого]">
      <sic>
       кот
      </sic>
      <corr>
       которого
      </corr>
     </choice>
     она не хотела отказаться. Умирая, однако, она не позвала священника. И перед смертью так же, как многие, остановила глаза на чем-то и с удивлением проговорила: а так это вот что!
    </p>
    <p id="4e31511e-5217-42a4-a4e9-4ad0e326f24e">
     Теперь же Таня уехала к Вере,
     <ref target="#note3">
      3
     </ref>
     <note index="false" resp="volume_editor" xml:id="note3">
      <name placement="note" ref="13824" type="person">
       Вера Сергеевна Толстая
      </name>
      (1865—1923), племянница Толстого.
     </note>
     про которую пишут, что у нее определенная чахотка, и очень быстро подвигающаяся. Жду от Тани известий. Ах, только бы мы не цеплялись друг за друга своим эгоизмом, а любили, только бы любили.
    </p>
    <p id="d9d66969-661f-413a-9d10-546efafa852c">
     Прощайте, милые друзья.
    </p>
    <p id="74d6bd5e-04b6-4df7-a7b6-bbe22b5ca2ba" rend="right">
     Л.
     <hi style="opdelimiter">
      Т.
     </hi>
    </p>
    <noteGrp type="comments">
     <note index="false" type="comments">
      <p id="282da15e-730c-41e7-a856-8cabe79d161f" rend="Textpetit_otstup left">
       <pb n="83"/>
       <hi style="npdelimiter">
        Отрывок
       </hi>
       напечатан в «Листках Свободного слова» 1898, № 1, стр. 31. Датируется на основании сопоставления с письмом Толстого П. И. Бирюкову от 8 марта н. с. (см. т. 71, № 62). Ответ на письмо от 13 марта н. с., в котором А. К. Черткова писала о том, что у Шкарвана, больного туберкулезом, было сильное легочное кровотечение.
      </p>
     </note>
    </noteGrp>
   </div>
  </body>
 </text>
</TEI>
