<?xml version="1.0" encoding="utf-8"?>
<TEI xmlns="http://www.tei-c.org/ns/1.0" xmlns:xi="http://www.w3.org/2001/XInclude">
 <teiHeader>
  <fileDesc>
   <titleStmt>
    <title xml:id="v88_618_marta20">
     Письма и документы. Tolstoy Digital
    </title>
    <title type="main">
     Письмо В. Г. Черткову от 20 марта 1901 г.
    </title>
    <title type="bibl">
     Толстой Л. Н. Письмо В. Г. Черткову, 20 марта 1901 г. // Толстой Л. Н. Полное собрание сочинений: в 90 тт. Т. 88. М.: Гос. изд. «Художественная литература», 1957. С.
    </title>
    <respStmt>
     <resp>
      Идея, постановка задач, руководство:
     </resp>
     <name>
      Анастасия Бонч-Осмоловская, Фёкла Толстая, Борис Орехов, Тимофей Лукашевский
     </name>
    </respStmt>
    <respStmt>
     <resp>
      Подготовка TEI/XML:
     </resp>
     <name>
      Евгений Можаев, Даниил Скоринкин, Ирина Павлова, Матвей Колбасов, Елена Сидорова, Кирилл Милинцевич, Лев Буланов, Макар Федоров, Константин Петров
     </name>
    </respStmt>
    <respStmt>
     <resp>
      Подготовка метаданных:
     </resp>
     <name>
      Мария Картышева, Вероника Файнберг
     </name>
    </respStmt>
    <respStmt>
     <resp>
      Разметка имен собственных:
     </resp>
     <name>
      Никита Северин, Елена Северина
     </name>
    </respStmt>
    <respStmt>
     <resp>
      Исправление древнегреческого текста:
     </resp>
     <name>
      Ольга Алиева
     </name>
    </respStmt>
    <funder>
     Проект «Слово Толстого»
    </funder>
   </titleStmt>
   <publicationStmt>
    <publisher>
     <orgName>
      Tolstoy Digital, DH CLOUD, Научно-образовательный союз «Родное Слово» проект «Слово Толстого»
     </orgName>
    </publisher>
    <availability>
     <p id="824951ce-e22a-458a-a386-273728273ee3">
      Тексты и метатекстовая разметка доступны для свободного использования и распространения по лицензии Creative Commons Attribution Share-Alike (cc by-sa)
     </p>
    </availability>
    <date from="2015" to="2022"/>
   </publicationStmt>
   <notesStmt>
    <note>
     Публикуемые документы был получены с сайта tolstoy.ru в формате html, переведены в формат TEI. Исправлены некоторые ошибки распознавания. Тексты, написанные в дореформенной орфографии, сопоставлены с их версиями в современной орфографии.
    </note>
   </notesStmt>
   <sourceDesc>
    <biblStruct>
     <analytic>
      <author>
       Толстой Лев Николаевич
      </author>
     </analytic>
     <monogr>
      <title level="m">
       Полное собрание сочинений. Том 88
      </title>
      <imprint>
       <pubPlace>
        Москва
       </pubPlace>
       <publisher>
        Государственное издательство «Художественная литература»
       </publisher>
       <date when="1957"/>
      </imprint>
      <biblScope unit="vol">
       88
      </biblScope>
      <biblScope unit="page">
       227-229
      </biblScope>
     </monogr>
     <series>
      <title level="s">
       Л. Н. Толстой. Полное собрание сочинений: в 90 тт.
      </title>
     </series>
    </biblStruct>
    <bibl>
     Публикуется впервые
    </bibl>
   </sourceDesc>
  </fileDesc>
  <encodingDesc>
   <classDecl>
    <xi:include href="../../reference/taxonomy.xml"/>
   </classDecl>
  </encodingDesc>
  <profileDesc>
   <correspDesc>
    <correspAction type="sending">
     <persName ref="13883">
      Л. Н. Толстой
     </persName>
     <placeName>
      Москва
     </placeName>
     <date when="1901-03-20"/>
    </correspAction>
    <correspAction type="receiving">
     <persName ref="15284">
      Чертков Владимир Григорьевич
     </persName>
    </correspAction>
   </correspDesc>
   <langUsage>
    <language ident="ru"/>
   </langUsage>
   <textClass>
    <catRef ana="#tolstoy_heritage" target="library"/>
    <catRef ana="#letters" target="type"/>
    <catRef ana="#sent" target="sent"/>
   </textClass>
  </profileDesc>
 </teiHeader>
 <xenoData>
  <number type="in a volume">
   618
  </number>
 </xenoData>
 <text xml:id="marta20_618" xmlns="http://www.tei-c.org/ns/1.0" xmlns:xi="http://www.w3.org/2001/XInclude">
  <body>
   <div>
    <pb n="227"/>
    <opener index="false">
     * 618.1901 г. Марта 20. Москва.
    </opener>
    <p id="0b30b67d-a114-4169-99a3-97646544e7a2" rend="Obrashenie">
     Милая Галя и
     <choice original_editorial_correction="Влад[имир]">
      <sic>
       Влад
      </sic>
      <corr>
       <name placement="text" ref="15284" type="person">
        Владимир
       </name>
      </corr>
     </choice>
     <choice original_editorial_correction="Гр[игорьевич]">
      <sic>
       <name placement="text" ref="15284" type="person">
        Гр
       </name>
      </sic>
      <corr>
       <name placement="text" ref="15284" type="person">
        Григорьевич
       </name>
      </corr>
     </choice>
     ,
    </p>
    <p id="15ae1e31-aea2-4445-837f-b1d62c9c2e81">
     У нас очень суетливо; от этого давно не писал. На днях пошлю вам, что написал по случаю всего случившегося.
     <ref target="#note1">
      1
     </ref>
     <note index="false" resp="volume_editor" xml:id="note1">
      Толстой, вероятно, имеет в виду студенческие волнения в Москве 23—24 февраля и демонстрацию на Казанской площади в Петербурге 4 марта, закончившуюся избиением демонстрантов. В первой половине марта Толстой написал статью «Царю и его помощникам» и письмо к Л. Д. Вяземскому в связи с демонстрацией на Казанской площади.
     </note>
    </p>
    <p id="bd2c88ca-1f9f-4ccb-985a-2ddbf7255ca0">
     Письмо я, шутя, продиктовал Суллеру, а оно перепечатано. Оно так: не имея возможности благодарить всех и т. д...., передаю через вашу газету мою искреннюю благодарность за
     <hi style="opdelimiter">
      выраженное
     </hi>
     <pb n="228"/>
     <hi style="npdelimiter">
      мне
     </hi>
     сочувствие,
     <choice original_editorial_correction="кот[орое]">
      <sic>
       кот
      </sic>
      <corr>
       которое
      </corr>
     </choice>
     отношу никак не к своим заслугам, а к остроумию и благовременности постановления Синода.
     <ref target="#note2">
      2
     </ref>
     <note index="false" resp="volume_editor" xml:id="note2">
      Текст письма Толстого в редакции газет по поводу его отлучения от церкви, которое не могло быть напечатано в русской легальной прессе. Впервые напечатано по-русски в «Листках Свободного слова» 1901, № 23, стр. 24. См. т. 73, стр. 50.
     </note>
    </p>
    <p id="7cefcfa3-c497-4d36-aef8-47607ceff303">
     Сведений о расстрелянии
     <choice original_editorial_correction="киевск[ого]">
      <sic>
       киевск
      </sic>
      <corr>
       киевского
      </corr>
     </choice>
     студента никаких точных не имею.
     <ref target="#note3">
      3
     </ref>
     <note index="false" resp="volume_editor" xml:id="note3">
      В. Г. и А. К. Чертковы получили сообщение из Киева о том, что студент Пиратов, отданный в солдаты, находясь в строю, дал пощечину обругавшему его офицеру. За это Пиратов был расстрелян 9 марта 1901 г. («Листки Свободного слова», № 19).
     </note>
     <name placement="note" ref="2968" type="person">
      Вяземский
     </name>
     <ref target="#note4">
      4
     </ref>
     <note index="false" resp="volume_editor" xml:id="note4">
      <name placement="note" ref="2968" type="person">
       Леонид Дмитриевич Вяземский
      </name>
      , князь, член Государственного совета, вмешался в действия полиции, избивавшей демонстрантов на Казанской площади, и за это был выслан. Сочувственный адрес Вяземскому составленный Толстым и подписанный многими лицами, был впервые опубликован в «Листках Свободного слова», № 19. Письмо Толстого Вяземскому см. т. 73, стр. 49.
     </note>
     выслан, и я написал ему письмо,
     <choice original_editorial_correction="кот[орое]">
      <sic>
       кот
      </sic>
      <corr>
       которое
      </corr>
     </choice>
     хотят подписать очень многие. Тоже вышлю вам. Вышлю три своих вещи: обращение к царю и его помощникам,
     <ref target="#note5">
      5
     </ref>
     <note index="false" resp="volume_editor" xml:id="note5">
      «Царю и его помощникам». Впервые опубликовано: «Листки Свободного слова» 1901, № 20. См. т. 34, стр. 239—244.
     </note>
     Чего может желать большинство
     <choice original_editorial_correction="русс[кого]">
      <sic>
       русс
      </sic>
      <corr>
       русского
      </corr>
     </choice>
     народа
     <ref target="#note6">
      6
     </ref>
     <note index="false" resp="volume_editor" xml:id="note6">
      Так Толстой называет статью, которая впоследствии получила название «Единственное средство» (см. т. 34, стр. 254—269).
     </note>
     и письмо Вяземскому и разные сведения от разных лиц.
    </p>
    <p id="8cab1073-80e5-484f-8109-8fb624b58f0a" rend="right">
     Целую вас.
     <name placement="text" ref="13883" type="person">
      Л. Толстой
     </name>
     .
    </p>
    <lb/>
    <p id="f554175c-3a01-45a6-90e8-d75afdda1bea">
     <hi>
      На конверте:
     </hi>
     Англия, England, Christchurch, Hants, V. Tchertkoff.
    </p>
    <noteGrp type="comments">
     <note index="false" type="comments">
      <p id="ee459531-2244-4d69-8570-fec937f2a7ba" rend="Textpetit_otstup left">
       Отрывок напечатан в ТП, 3, М. 1923, стр. 133—134.
      </p>
     </note>
     <note index="false" type="comments">
      <p id="fe26fdec-2510-4464-981f-5f07f9980750" rend="petit">
       Ответ на письмо А. К. Чертковой от 28 марта н. с., которая спрашивала, насколько точно воспроизведен в немецких газетах текст письма Толстого по поводу его отлучения от церкви.
      </p>
     </note>
    </noteGrp>
   </div>
  </body>
 </text>
</TEI>
