<?xml version="1.0" encoding="utf-8"?>
<TEI xmlns="http://www.tei-c.org/ns/1.0" xmlns:xi="http://www.w3.org/2001/XInclude">
 <teiHeader>
  <fileDesc>
   <titleStmt>
    <title xml:id="v88_454_iyunya21">
     Письма и документы. Tolstoy Digital
    </title>
    <title type="main">
     Письмо В. Г. Черткову от 21 июня 1897 г.
    </title>
    <title type="bibl">
     Толстой Л. Н. Письмо В. Г. Черткову, 21 июня 1897 г. // Толстой Л. Н. Полное собрание сочинений: в 90 тт. Т. 88. М.: Гос. изд. «Художественная литература», 1957. С.
    </title>
    <respStmt>
     <resp>
      Идея, постановка задач, руководство:
     </resp>
     <name>
      Анастасия Бонч-Осмоловская, Фёкла Толстая, Борис Орехов, Тимофей Лукашевский
     </name>
    </respStmt>
    <respStmt>
     <resp>
      Подготовка TEI/XML:
     </resp>
     <name>
      Евгений Можаев, Даниил Скоринкин, Ирина Павлова, Матвей Колбасов, Елена Сидорова, Кирилл Милинцевич, Лев Буланов, Макар Федоров, Константин Петров
     </name>
    </respStmt>
    <respStmt>
     <resp>
      Подготовка метаданных:
     </resp>
     <name>
      Мария Картышева, Вероника Файнберг
     </name>
    </respStmt>
    <respStmt>
     <resp>
      Разметка имен собственных:
     </resp>
     <name>
      Никита Северин, Елена Северина
     </name>
    </respStmt>
    <respStmt>
     <resp>
      Исправление древнегреческого текста:
     </resp>
     <name>
      Ольга Алиева
     </name>
    </respStmt>
    <funder>
     Проект «Слово Толстого»
    </funder>
   </titleStmt>
   <publicationStmt>
    <publisher>
     <orgName>
      Tolstoy Digital, DH CLOUD, Научно-образовательный союз «Родное Слово» проект «Слово Толстого»
     </orgName>
    </publisher>
    <availability>
     <p id="2df1cd29-6df3-4a56-8a13-2fd421bf5f94">
      Тексты и метатекстовая разметка доступны для свободного использования и распространения по лицензии Creative Commons Attribution Share-Alike (cc by-sa)
     </p>
    </availability>
    <date from="2015" to="2022"/>
   </publicationStmt>
   <notesStmt>
    <note>
     Публикуемые документы был получены с сайта tolstoy.ru в формате html, переведены в формат TEI. Исправлены некоторые ошибки распознавания. Тексты, написанные в дореформенной орфографии, сопоставлены с их версиями в современной орфографии.
    </note>
   </notesStmt>
   <sourceDesc>
    <biblStruct>
     <analytic>
      <author>
       Толстой Лев Николаевич
      </author>
     </analytic>
     <monogr>
      <title level="m">
       Полное собрание сочинений. Том 88
      </title>
      <imprint>
       <pubPlace>
        Москва
       </pubPlace>
       <publisher>
        Государственное издательство «Художественная литература»
       </publisher>
       <date when="1957"/>
      </imprint>
      <biblScope unit="vol">
       88
      </biblScope>
      <biblScope unit="page">
       35-38
      </biblScope>
     </monogr>
     <series>
      <title level="s">
       Л. Н. Толстой. Полное собрание сочинений: в 90 тт.
      </title>
     </series>
    </biblStruct>
    <bibl>
     Публикуется впервые
    </bibl>
   </sourceDesc>
  </fileDesc>
  <encodingDesc>
   <classDecl>
    <xi:include href="../../reference/taxonomy.xml"/>
   </classDecl>
  </encodingDesc>
  <profileDesc>
   <correspDesc>
    <correspAction type="sending">
     <persName ref="13883">
      Л. Н. Толстой
     </persName>
     <placeName>
      Ясная Поляна
     </placeName>
     <date when="1897-06-21"/>
    </correspAction>
    <correspAction type="receiving">
     <persName ref="15284">
      Чертков Владимир Григорьевич
     </persName>
    </correspAction>
   </correspDesc>
   <langUsage>
    <language ident="ru"/>
   </langUsage>
   <textClass>
    <catRef ana="#tolstoy_heritage" target="library"/>
    <catRef ana="#letters" target="type"/>
    <catRef ana="#sent" target="sent"/>
   </textClass>
  </profileDesc>
 </teiHeader>
 <xenoData>
  <number type="in a volume">
   454
  </number>
 </xenoData>
 <text xml:id="iyunya21_454" xmlns="http://www.tei-c.org/ns/1.0" xmlns:xi="http://www.w3.org/2001/XInclude">
  <body>
   <div>
    <pb n="35"/>
    <opener index="false">
     * 454.1897 г. Июня 21. Я. П.
    </opener>
    <p id="c9fb6a59-db2f-46a8-80b4-1345a43708cb">
     В два дня пишу вам 3-е письмо, милые друзья. Пишу определенно во
     <choice original_editorial_correction="множеств[енном]">
      <sic>
       множеств
      </sic>
      <corr>
       множественном
      </corr>
     </choice>
     числе,
     <choice original_editorial_correction="п[отому]">
      <sic>
       п
      </sic>
      <corr>
       потому
      </corr>
     </choice>
     <choice original_editorial_correction="ч[то]">
      <sic>
       ч
      </sic>
      <corr>
       что
      </corr>
     </choice>
     обращаюсь к обоим, имею в виду обоих, прочтя только теперь письма ваши к
     <choice original_editorial_correction="Ив[ану]">
      <sic>
       Ив
      </sic>
      <corr>
       Ивану
      </corr>
     </choice>
     <choice original_editorial_correction="Мих[айловичу]">
      <sic>
       Мих
      </sic>
      <corr>
       Михайловичу
      </corr>
     </choice>
     <ref target="#note1">
      1
     </ref>
     <note index="false" resp="volume_editor" xml:id="note1">
      Письма В. Г. и А. К. Чертковых к И. М. Трегубову, находившемуся в это время в ссылке в Курляндской губ., написаны в связи с его личными переживаниями.
     </note>
     и в то же время ответ о беседе в
     <choice original_editorial_correction="Brotherh[ood]">
      <sic>
       Brotherh
      </sic>
      <corr>
       Brotherhood
      </corr>
     </choice>
     <choice original_editorial_correction="Ch[urch]">
      <sic>
       Ch
      </sic>
      <corr>
       Church
      </corr>
     </choice>
     <ref target="#note2">
      2
     </ref>
     <note index="false" resp="volume_editor" xml:id="note2">
      <hi rend="italic">
       Братская церковь
      </hi>
      , община единомышленников Кенворти.
     </note>
     о том же предмете и прекрасное письмо к St. John’y Eliya...
     <ref target="#note3">
      3
     </ref>
     <note index="false" resp="volume_editor" xml:id="note3">
      Письмо Э. Пиккард к Син-Джону от 11 июня 1897 г. об отношениях между полами. Копия письма хранится в ГМТ.
     </note>
     — не разобрал фамилию. Пишу, чтоб сказать, какое впечатление произвело всё это на меня и чтò мне думалось по этому поводу. Впечатление самое хорошее: очевидно, это всё люди, для
     <choice original_editorial_correction="кот[орых]">
      <sic>
       кот
      </sic>
      <corr>
       которых
      </corr>
     </choice>
     вопросы нравственные — вопросы жизни. Я всегда думал, что один из вернейших признаков серьезности отношения к
     <choice original_editorial_correction="нравствен[ным]">
      <sic>
       нравствен
      </sic>
      <corr>
       нравственным
      </corr>
     </choice>
     вопросам — это строгость к себе в половом вопросе. И вы,
     <choice original_editorial_correction="В[ладимир]">
      <sic>
       В
      </sic>
      <corr>
       <name placement="text" ref="15284" type="person">
        Владимир
       </name>
      </corr>
     </choice>
     <choice original_editorial_correction="Г[ригорьевич]">
      <sic>
       <name placement="text" ref="15284" type="person">
        Г
       </name>
      </sic>
      <corr>
       <name placement="text" ref="15284" type="person">
        Григорьевич
       </name>
      </corr>
     </choice>
     , и Галя в письме к
     <choice original_editorial_correction="Ив[ану]">
      <sic>
       Ив
      </sic>
      <corr>
       <name placement="text" ref="13980" type="person">
        Ивану
       </name>
      </corr>
     </choice>
     <choice original_editorial_correction="Мих[айловичу]">
      <sic>
       <name placement="text" ref="13980" type="person">
        Мих
       </name>
      </sic>
      <corr>
       <name placement="text" ref="13980" type="person">
        Михайловичу
       </name>
      </corr>
     </choice>
     , и Eliya, и Kenvorthy
     <ref target="#note4">
      4
     </ref>
     <note index="false" resp="volume_editor" xml:id="note4">
      Речь Кенворти на собрании руководимой им общины о любви и браке. Чертков в письме от 13 июня сообщал Толстому, что пошлет ему в ближайшее время запись этой речи. См. письма №№ 455 и 456.
     </note>
     все сказали существенное по этому вопросу, и мне кажется, что милый St. John согласится с вами.
    </p>
    <p id="0af716da-9fc9-4bce-94ed-f98720e85fff">
     Соблазн, в
     <choice original_editorial_correction="к[оторый]">
      <sic>
       к
      </sic>
      <corr>
       который
      </corr>
     </choice>
     он впал, очень понятный и свойствен именно таким честным, правдивым натурам, каким я его воображаю. Отношения установились, и ему хотелось ничего
     <hi style="opdelimiter">
      не
     </hi>
     <pb n="36"/>
     <hi style="npdelimiter">
      скрывать,
     </hi>
     а прямо и открыто признать их, придав им характер духовности. Я вполне понимаю его мысль: воспользоваться тем душевным подъемом,
     <choice original_editorial_correction="к[оторый]">
      <sic>
       к
      </sic>
      <corr>
       который
      </corr>
     </choice>
     дает влюбленность, для того, чтобы этот подъем употребить на дело божие. Это возможно, и я думаю, что энергия людей, находящихся в этом положении, может значительно повыситься и дать неожиданно кажущиеся нам большие результаты; я даже не раз видал это и знавал такие случаи, но тут страшно то, что при уничтожении влюбленности (чтò очень возможно и вероятно) вдруг не только может упасть этот подъем энергии, но и всякий интерес к делу божиему, чего тоже я видал примеры. А что случается и может случиться, доказывает то, что дело божие, служение ему не может и не должно опираться ни на что, а всё остальное должно опираться на сознании необходимости и радости этого служения. Так можно (что тоже и часто делается) усилить энергию служения богу славой людской. И опять та же опасность охлаждения к делу божию, как только уничтожается одобрение людей. Всё это вы знаете и высказали, но я хотел только прибавить одно к тому, чтò писал вам в последнем письме о том, что я согласен с St.
     <choice original_editorial_correction="J[ohn]ом">
      <sic>
       Jом
      </sic>
      <corr>
       John’ом
      </corr>
     </choice>
     в том, что союз мужчины и женщины хорош, когда он имеет целью совокупить служение богу и людям. (Я, очевидно, не понял St.
     <choice original_editorial_correction="J[ohn]’a">
      <sic>
       J’a
      </sic>
      <corr>
       John’a
      </corr>
     </choice>
     . Он говорил о союзе духовном, платоническом, а я говорил о браке.) Но я все-таки хочу прибавить к тому, чтò я там сказал. А именно то, что союз брачный, телесный, не то что прибавляет силы для служения, а для некоторых людей, одержимых беспокойством потребности влюбления, устраняет это беспокойство, препятствующее отдаче всех своих сил на служение, и потому, хотя целомудрие, если оно полное, есть самое выгодное условие для служения, для
     <choice original_editorial_correction="некот[орых]">
      <sic>
       некот
      </sic>
      <corr>
       некоторых
      </corr>
     </choice>
     людей брак, успокаивая их, устраняя препятствие, усиливает в них способность служения. Но при этом — вот это главное я хотел сказать — надо, чтобы люди понимали и признавали и вне брака и в браке, что способность влюбчивости и того душевного подъема, который при этом совершается, предназначена не на забаву, не на наслаждение, не на
     <choice original_editorial_correction="худож[ественное]">
      <sic>
       худож
      </sic>
      <corr>
       художественное
      </corr>
     </choice>
     творчество (многие так думают — Тургенев), не на увеличение энергии для служения богу, как думает St. John, а только на половое, брачное соединение с одним мужем и одной женой для произведения детей и взаимного освобождения от похоти. Всякое же
     <hi style="opdelimiter">
      направление
     </hi>
     <pb n="37"/>
     <hi style="npdelimiter">
      этой
     </hi>
     способности на что-либо другое может только затруднять путь жизни человека, а не облегчать и не услаждать его.
    </p>
    <p id="87422fc6-9ec4-4d8e-862d-7939c613432c">
     И потому я совершенно согласен с вами, что это самый опасный соблазн, против которого нельзя быть достаточно осторожным. Но, говорят, почему же не быть дружным с лицами другого пола, так же как и с лицами одного пола? Нет никакой причины, и, чем больше мы любим, тем лучше. Но искренний и серьезный в
     <choice original_editorial_correction="нравствен[ном]">
      <sic>
       нравствен
      </sic>
      <corr>
       нравственном
      </corr>
     </choice>
     деле человек сейчас заметит, как это сделал St. John, что его отношения к тем двум женщинам были особенные. Если человек не будет себя обманывать, он всегда заметит, что сближение совершается легче, чем обыкновенно, что велосипед едет очень легко и скоро, и что не нужно тех усилий,
     <choice original_editorial_correction="к[оторые]">
      <sic>
       к
      </sic>
      <corr>
       которые
      </corr>
     </choice>
     нужны обыкновенно, и что потому должна быть этому причина. А как только серьезный в
     <choice original_editorial_correction="нравствен[ном]">
      <sic>
       нравствен
      </sic>
      <corr>
       нравственном
      </corr>
     </choice>
     деле человек заметит это и не желает съехать под гору, зная, что движение это всё будет усиливаться и приведет к браку или исключительному чувству, то он остановится.
    </p>
    <p id="81e32295-f9e4-4057-9f56-36f90ad0caa5">
     Пожалуйста, не читайте этого моего письма друзьям. Я пишу для вас и как попало, хотя думаю определенно то, чтò пишу.
    </p>
    <p id="583651ee-ee35-4f00-ad60-c5b227b29dff">
     Прочел я и историю Miss Pickard.
     <ref target="#note5">
      5
     </ref>
     <note index="false" resp="volume_editor" xml:id="note5">
      <ref target="file:///Volume_88_iyulya15_456.xml">
       См. письмо № 456
      </ref>
      .
     </note>
     Мне страшно за ее искания. Неужели нет для нее ничего несомненно твердого. А если есть, то на этом твердом надо остановиться.
    </p>
    <p id="b0c2e2e2-a522-4459-ad0f-cd5c82a9b12b">
     Как ни далека она от наших православных и как ни на много выше их ее квакерские основы, и в тех основах, на
     <choice original_editorial_correction="к[оторых]">
      <sic>
       к
      </sic>
      <corr>
       которых
      </corr>
     </choice>
     она воспитана, была та ложка дегтя,
     <choice original_editorial_correction="кот[орая]">
      <sic>
       кот
      </sic>
      <corr>
       которая
      </corr>
     </choice>
     всё губит: вера в сверхъестественное. Ох, как бы мне хотелось успеть написать об этом то, чтò хочется!
    </p>
    <p id="b2a5cd31-8c27-4155-8c48-474d1f65921f">
     Я вчера получил от Кенворти хорошее письмо,
     <ref target="#note6">
      6
     </ref>
     <note index="false" resp="volume_editor" xml:id="note6">
      Письмо Кенворти к Толстому от 24 июня н. с. 1897 г., в котором Кенворти писал о деятельности Черткова в Англии, о намерении издать по-английски «Христианское учение» и о проекте переселения духоборов в Америку.
     </note>
     поблагодарите его за него и попросите извинить, что не отвечаю еще ему. Как бы я счастлив был, если бы
     <choice original_editorial_correction="Хр[истианское]">
      <sic>
       Хр
      </sic>
      <corr>
       Христианское
      </corr>
     </choice>
     <choice original_editorial_correction="уч[ение]">
      <sic>
       уч
      </sic>
      <corr>
       учение
      </corr>
     </choice>
     послужило бы на пользу людям.
    </p>
    <p id="ef610153-1c6b-4763-9e10-852b5cf2800c">
     Рад, что он будет участвовать в английском изложении его. Он так прекрасно владеет языком, а главное так одноцентренен. Я умилился его прекрасной речью в отчете.
    </p>
    <p id="5f472322-8dba-4671-b7e0-608c4e874bf1">
     На днях напишу вам еще письмо об интересном деле, в том конверте,
     <choice original_editorial_correction="к[оторый]">
      <sic>
       к
      </sic>
      <corr>
       который
      </corr>
     </choice>
     вы мне прислали.
    </p>
    <p id="f2f4ddc2-039e-4cbf-8720-959340857f54" rend="right">
     <name placement="text" ref="13883" type="person">
      Л. Толстой
     </name>
     .
    </p>
    <lb/>
    <p id="40529310-8afc-43b8-92bb-1bc45e7c06cd">
     Работаю очень радостно. Вот-вот кончаю. Но всё сомневаюсь, и хочется поскорее
     <hi style="opdelimiter">
      освободиться.
     </hi>
    </p>
    <noteGrp type="comments">
     <note index="false" type="comments">
      <p id="23114829-5157-4c99-b386-03f5318e956f" rend="Textpetit_otstup left">
       <pb n="38"/>
       <hi style="npdelimiter">
        Датируется
       </hi>
       на основании слов Толстого, что он пишет «в два дня» третье письмо. Так как предыдущие два письма написаны 20 июня, то это письмо, вероятно, написано 21 июня.
      </p>
     </note>
    </noteGrp>
   </div>
  </body>
 </text>
</TEI>
