<?xml version="1.0" encoding="utf-8"?>
<TEI xmlns="http://www.tei-c.org/ns/1.0" xmlns:xi="http://www.w3.org/2001/XInclude">
 <teiHeader>
  <fileDesc>
   <titleStmt>
    <title xml:id="v88_634_iyulya28">
     Письма и документы. Tolstoy Digital
    </title>
    <title type="main">
     Письмо В. Г. Черткову от 28 июля 1901 г.
    </title>
    <title type="bibl">
     Толстой Л. Н. Письмо В. Г. Черткову, 28 июля 1901 г. // Толстой Л. Н. Полное собрание сочинений: в 90 тт. Т. 88. М.: Гос. изд. «Художественная литература», 1957. С.
    </title>
    <respStmt>
     <resp>
      Идея, постановка задач, руководство:
     </resp>
     <name>
      Анастасия Бонч-Осмоловская, Фёкла Толстая, Борис Орехов, Тимофей Лукашевский
     </name>
    </respStmt>
    <respStmt>
     <resp>
      Подготовка TEI/XML:
     </resp>
     <name>
      Евгений Можаев, Даниил Скоринкин, Ирина Павлова, Матвей Колбасов, Елена Сидорова, Кирилл Милинцевич, Лев Буланов, Макар Федоров, Константин Петров
     </name>
    </respStmt>
    <respStmt>
     <resp>
      Подготовка метаданных:
     </resp>
     <name>
      Мария Картышева, Вероника Файнберг
     </name>
    </respStmt>
    <respStmt>
     <resp>
      Разметка имен собственных:
     </resp>
     <name>
      Никита Северин, Елена Северина
     </name>
    </respStmt>
    <respStmt>
     <resp>
      Исправление древнегреческого текста:
     </resp>
     <name>
      Ольга Алиева
     </name>
    </respStmt>
    <funder>
     Проект «Слово Толстого»
    </funder>
   </titleStmt>
   <publicationStmt>
    <publisher>
     <orgName>
      Tolstoy Digital, DH CLOUD, Научно-образовательный союз «Родное Слово» проект «Слово Толстого»
     </orgName>
    </publisher>
    <availability>
     <p id="6bb2fa67-15c7-4768-9678-9685ed4c7d9e">
      Тексты и метатекстовая разметка доступны для свободного использования и распространения по лицензии Creative Commons Attribution Share-Alike (cc by-sa)
     </p>
    </availability>
    <date from="2015" to="2022"/>
   </publicationStmt>
   <notesStmt>
    <note>
     Публикуемые документы был получены с сайта tolstoy.ru в формате html, переведены в формат TEI. Исправлены некоторые ошибки распознавания. Тексты, написанные в дореформенной орфографии, сопоставлены с их версиями в современной орфографии.
    </note>
   </notesStmt>
   <sourceDesc>
    <biblStruct>
     <analytic>
      <author>
       Толстой Лев Николаевич
      </author>
     </analytic>
     <monogr>
      <title level="m">
       Полное собрание сочинений. Том 88
      </title>
      <imprint>
       <pubPlace>
        Москва
       </pubPlace>
       <publisher>
        Государственное издательство «Художественная литература»
       </publisher>
       <date when="1957"/>
      </imprint>
      <biblScope unit="vol">
       88
      </biblScope>
      <biblScope unit="page">
       241-242
      </biblScope>
     </monogr>
     <series>
      <title level="s">
       Л. Н. Толстой. Полное собрание сочинений: в 90 тт.
      </title>
     </series>
    </biblStruct>
    <bibl>
     Публикуется впервые
    </bibl>
   </sourceDesc>
  </fileDesc>
  <encodingDesc>
   <classDecl>
    <xi:include href="../../reference/taxonomy.xml"/>
   </classDecl>
  </encodingDesc>
  <profileDesc>
   <correspDesc>
    <correspAction type="sending">
     <persName ref="13883">
      Л. Н. Толстой
     </persName>
     <placeName>
      Ясная Поляна
     </placeName>
     <date when="1901-07-28"/>
    </correspAction>
    <correspAction type="receiving">
     <persName ref="15284">
      Чертков Владимир Григорьевич
     </persName>
    </correspAction>
   </correspDesc>
   <langUsage>
    <language ident="ru"/>
   </langUsage>
   <textClass>
    <catRef ana="#tolstoy_heritage" target="library"/>
    <catRef ana="#letters" target="type"/>
    <catRef ana="#sent" target="sent"/>
   </textClass>
  </profileDesc>
 </teiHeader>
 <xenoData>
  <number type="in a volume">
   634
  </number>
 </xenoData>
 <text xml:id="iyulya28_634" xmlns="http://www.tei-c.org/ns/1.0" xmlns:xi="http://www.w3.org/2001/XInclude">
  <body>
   <div>
    <pb n="241"/>
    <opener index="false">
     * 634.1901 г. Июля 28. Я. П.
    </opener>
    <p id="203a833a-d316-4ea7-984d-bdece3c29d8c">
     В последнем письме забыл прибавить вам две вещи, милые друзья:
    </p>
    <p id="723ec1b6-bd22-411e-8ded-9ae85b207c54">
     Bo-1-x, поклон Лизавете Ивановне и выражение моего чувства грусти всегда, когда думаю о ней, что она не любит меня, упрекает меня в душе и упрекает напрасно.
     <ref target="#note1">
      1
     </ref>
     <note index="false" resp="volume_editor" xml:id="note1">
      Елизавета
      <name placement="note" ref="15293" type="person">
       Ивановна Черткова
      </name>
      , мать В. Г. Черткова, будучи после довательницей евангелической секты («редстокистов»), тяжело переживала религиозные разногласия с сыном и отрицательно относилась к его дружбе с Толстым.
     </note>
     То, на чем мы сошлись с вами (и что называют моим увлечением вас), происходит в такой области, для которой не может быть никаких соображений о земных, мирских отношениях. Люди устанавливают отношение своей бессмертной души к богу, за такое
     <hi style="opdelimiter">
      дело,
     </hi>
     <pb n="242"/>
     <hi style="npdelimiter">
      как
     </hi>
     оно ни чуждо нам, нельзя обвинять никого. Но это философия, а мне просто хотелось бы попросить
     <choice original_editorial_correction="Лиз[авету]">
      <sic>
       Лиз
      </sic>
      <corr>
       Лизавету
      </corr>
     </choice>
     <choice original_editorial_correction="Ив[ановну]">
      <sic>
       Ив
      </sic>
      <corr>
       Ивановну
      </corr>
     </choice>
     , чтобы она не не любила меня. Я во
     <choice original_editorial_correction="стольк[ом]">
      <sic>
       стольк
      </sic>
      <corr>
       стольком
      </corr>
     </choice>
     виноват перед многими, что, вероятно, и перед ней, и я прошу ее, чтобы она простила меня. Пишу это вам.
     <choice original_editorial_correction="Лиз[авете]">
      <sic>
       Лиз
      </sic>
      <corr>
       Лизавете
      </corr>
     </choice>
     <choice original_editorial_correction="Ив[ановне]">
      <sic>
       Ив
      </sic>
      <corr>
       Ивановне
      </corr>
     </choice>
     же лучше не показывать этого письма, а вы сами своими словами лучше скажете то, что бы ее смягчило ко мне.
    </p>
    <p id="279f32a6-9c8c-403d-9a89-542adb19c86f">
     Это одно, другое же это то, что мне пришло в голову в добавление к последнему письму о том, чтобы брать крест на каждый день, и в связи с тем, что вы пишете про В. А. Пашкова,
     <ref target="#note2">
      2
     </ref>
     <note index="false" resp="volume_editor" xml:id="note2">
      <name placement="note" ref="10575" type="person">
       Василий Александрович Пашков
      </name>
      (1831—1902), бывший полковник гвардии, последователь «евангелического учения» лорда Редстока, выслан ный из России за попытку устроить съезд русских сектантов. В. А. Пашков был женат на тетке В. Г. Черткова.
     </note>
     <choice original_editorial_correction="к[оторый]">
      <sic>
       к
      </sic>
      <corr>
       который
      </corr>
     </choice>
     молится, чтобы не умереть, вероятно
     <choice original_editorial_correction="п[отому]">
      <sic>
       п
      </sic>
      <corr>
       потому
      </corr>
     </choice>
     ,
     <choice original_editorial_correction="ч[то]">
      <sic>
       ч
      </sic>
      <corr>
       что
      </corr>
     </choice>
     ему думается, что он может еще сделать доброе. Я думаю, что не надо желать жить, чтобы делать, т. е. служить богу, а надо
     <choice original_editorial_correction="п[отому]">
      <sic>
       п
      </sic>
      <corr>
       потому
      </corr>
     </choice>
     ,
     <choice original_editorial_correction="ч[то]">
      <sic>
       ч
      </sic>
      <corr>
       что
      </corr>
     </choice>
     живешь, делать, т. е. служить богу.
    </p>
    <p id="39e3f3ce-70cd-4732-80f1-dae9b6fdf162">
     Я понемногу работаю, и мне очень хорошо.
    </p>
    <p id="4ebfc6fb-dae5-47e2-a1ba-07baf968abf9" rend="right">
     Л. Т.
    </p>
    <p id="72a07114-d115-4d51-8b5d-3f093ace853b">
     28 июля 1901.
    </p>
    <noteGrp type="comments">
     <note index="false" type="comments">
      <p id="d539c5ef-878c-4764-8559-37cbbb825202" rend="Textpetit_otstup left">
       Ответ на письмо от 26 июля н. с., в котором Чертков писал, о том, что к нему приехала в гости мать, и сообщал о тяжелой болезни В. А. Пашкова.
      </p>
     </note>
    </noteGrp>
   </div>
  </body>
 </text>
</TEI>
