<?xml version="1.0" encoding="utf-8"?>
<TEI xmlns="http://www.tei-c.org/ns/1.0" xmlns:xi="http://www.w3.org/2001/XInclude">
 <teiHeader>
  <fileDesc>
   <titleStmt>
    <title xml:id="v88_432_yanvarya13">
     Письма и документы. Tolstoy Digital
    </title>
    <title type="main">
     Письмо В. Г. Черткову от 13 января 1897 г.
    </title>
    <title type="bibl">
     Толстой Л. Н. Письмо В. Г. Черткову, 13 января 1897 г. // Толстой Л. Н. Полное собрание сочинений: в 90 тт. Т. 88. М.: Гос. изд. «Художественная литература», 1957. С.
    </title>
    <respStmt>
     <resp>
      Идея, постановка задач, руководство:
     </resp>
     <name>
      Анастасия Бонч-Осмоловская, Фёкла Толстая, Борис Орехов, Тимофей Лукашевский
     </name>
    </respStmt>
    <respStmt>
     <resp>
      Подготовка TEI/XML:
     </resp>
     <name>
      Евгений Можаев, Даниил Скоринкин, Ирина Павлова, Матвей Колбасов, Елена Сидорова, Кирилл Милинцевич, Лев Буланов, Макар Федоров, Константин Петров
     </name>
    </respStmt>
    <respStmt>
     <resp>
      Подготовка метаданных:
     </resp>
     <name>
      Мария Картышева, Вероника Файнберг
     </name>
    </respStmt>
    <respStmt>
     <resp>
      Разметка имен собственных:
     </resp>
     <name>
      Никита Северин, Елена Северина
     </name>
    </respStmt>
    <respStmt>
     <resp>
      Исправление древнегреческого текста:
     </resp>
     <name>
      Ольга Алиева
     </name>
    </respStmt>
    <funder>
     Проект «Слово Толстого»
    </funder>
   </titleStmt>
   <publicationStmt>
    <publisher>
     <orgName>
      Tolstoy Digital, DH CLOUD, Научно-образовательный союз «Родное Слово» проект «Слово Толстого»
     </orgName>
    </publisher>
    <availability>
     <p id="6ba48aa0-a993-49a0-b66f-1d29ca7523bb">
      Тексты и метатекстовая разметка доступны для свободного использования и распространения по лицензии Creative Commons Attribution Share-Alike (cc by-sa)
     </p>
    </availability>
    <date from="2015" to="2022"/>
   </publicationStmt>
   <notesStmt>
    <note>
     Публикуемые документы был получены с сайта tolstoy.ru в формате html, переведены в формат TEI. Исправлены некоторые ошибки распознавания. Тексты, написанные в дореформенной орфографии, сопоставлены с их версиями в современной орфографии.
    </note>
   </notesStmt>
   <sourceDesc>
    <biblStruct>
     <analytic>
      <author>
       Толстой Лев Николаевич
      </author>
     </analytic>
     <monogr>
      <title level="m">
       Полное собрание сочинений. Том 88
      </title>
      <imprint>
       <pubPlace>
        Москва
       </pubPlace>
       <publisher>
        Государственное издательство «Художественная литература»
       </publisher>
       <date when="1957"/>
      </imprint>
      <biblScope unit="vol">
       88
      </biblScope>
      <biblScope unit="page">
       4-6
      </biblScope>
     </monogr>
     <series>
      <title level="s">
       Л. Н. Толстой. Полное собрание сочинений: в 90 тт.
      </title>
     </series>
    </biblStruct>
    <bibl>
     Публикуется впервые
    </bibl>
   </sourceDesc>
  </fileDesc>
  <encodingDesc>
   <classDecl>
    <xi:include href="../../reference/taxonomy.xml"/>
   </classDecl>
  </encodingDesc>
  <profileDesc>
   <correspDesc>
    <correspAction type="sending">
     <persName ref="13883">
      Л. Н. Толстой
     </persName>
     <placeName>
      Москва
     </placeName>
     <date when="1897-01-13"/>
    </correspAction>
    <correspAction type="receiving">
     <persName ref="15284">
      Чертков Владимир Григорьевич
     </persName>
    </correspAction>
   </correspDesc>
   <langUsage>
    <language ident="ru"/>
   </langUsage>
   <textClass>
    <catRef ana="#tolstoy_heritage" target="library"/>
    <catRef ana="#letters" target="type"/>
    <catRef ana="#sent" target="sent"/>
   </textClass>
  </profileDesc>
 </teiHeader>
 <xenoData>
  <number type="in a volume">
   432
  </number>
 </xenoData>
 <text xml:id="yanvarya13_432" xmlns="http://www.tei-c.org/ns/1.0" xmlns:xi="http://www.w3.org/2001/XInclude">
  <body>
   <div>
    <pb n="4"/>
    <opener index="false">
     * 432.1897 г. Января 13. Москва.
    </opener>
    <p id="293bbb11-9af6-4d98-bff8-2305ff0293e6">
     Дорогой друг
     <choice original_editorial_correction="Вл[адимир]">
      <sic>
       Вл
      </sic>
      <corr>
       <name placement="text" ref="15284" type="person">
        Владимир
       </name>
      </corr>
     </choice>
     <choice original_editorial_correction="Гр[игорьевич]">
      <sic>
       <name placement="text" ref="15284" type="person">
        Гр
       </name>
      </sic>
      <corr>
       <name placement="text" ref="15284" type="person">
        Григорьевич
       </name>
      </corr>
     </choice>
     . Вчера, будучи в очень унылом настроении, написал вам длинное письмо, наклеил марку, такое же по настроению письмо написал Маше
     <ref target="#note1">
      1
     </ref>
     <note index="false" resp="volume_editor" xml:id="note1">
      Письмо к М. Л. Толстой от 12 января 1897 г. См. т. 70, стр. 16—17.
     </note>
     и потом устыдился своей слабости и того,
     <choice original_editorial_correction="мож[ет]">
      <sic>
       мож
      </sic>
      <corr>
       может
      </corr>
     </choice>
     быть,
     <hi style="opdelimiter">
      несправедливого,
     </hi>
     <pb n="5"/>
     <hi style="npdelimiter">
      что
     </hi>
     могло быть в письме, и усумнился послать и отложил оба письма и спрятал так, чтобы они не попались на глаза; и спрятал так хорошо, что теперь не могу найти, чтобы послать или уничтожить.
    </p>
    <p id="e5b4b2f2-8c99-4c87-ac30-3bed67ebd45a">
     Хорошего писал я в том письме только то, что говорил вам, почти то же, что вы пишете мне, а именно, что хотя и хочется знать, что у вас делается во внешнем мире, мне важнее всего знать, что у вас в душе делается: как вы живете духовной жизнью, что, если это хорошо, то и всё внешнее будет хорошо.
    </p>
    <p id="cfe03193-b1ed-448f-8efa-20c53c9a607e">
     Еще писал, что слишком много приготовлений, подготовлений для того дела,
     <choice original_editorial_correction="кот[орое]">
      <sic>
       кот
      </sic>
      <corr>
       которое
      </corr>
     </choice>
     вы
     <choice original_editorial_correction="де[лаете]">
      <sic>
       де
      </sic>
      <corr>
       делаете
      </corr>
     </choice>
     , и что поэтому я сомневаюсь в важности самого дела. И на это вы отвечаете, и я согласен.
    </p>
    <p id="a6518264-271b-44ca-b032-7c19f02944d9">
     Меня трогает и умиляет жизнь
     <choice original_editorial_correction="духоб[оров]">
      <sic>
       духоб
      </sic>
      <corr>
       духоборов
      </corr>
     </choice>
     , их внутреннее устройство и управление без насилия. И многое это мне уяснило и открыло и закрепило. Ведь [если] есть при тех условиях, при
     <choice original_editorial_correction="кот[орых]">
      <sic>
       кот
      </sic>
      <corr>
       которых
      </corr>
     </choice>
     они, возможность жить так, как они, то ведь нечего еще искать, нечего дожидаться, а надо именно так точно жить, как они. Для того, чтобы жить, как они, я не только готов так же, как они, псалмы петь, но готов причащаться и ходить ко всенощной... Хочется об этом написать, и знаю как, и думаю, что важно.
    </p>
    <p id="f0e77a38-890b-4b67-af21-37298d83ed71">
     О себе же я писал скверно, — скверно тем, что признавал свою слабость и свое уныние и тем закреплял ее; хорошо же только тем, что не старался казаться спокойным, кротким и мудрым, а показывал себя, какой я есмь — слабый, злой и бессмысленный. Таким я был и теперь еще немного такой. Хотя и получше немного.
    </p>
    <p id="fb67f9bf-1480-49cb-8674-7337ac3d113a">
     Еще писал, что мне нужна ваша дружба, ваша, Пошина и Машина, и что вас не было никого, и от этого мне стало грустно.
    </p>
    <p id="23d9d2b6-6f73-4931-8d25-69abae9a09b4">
     Вчера читал отрывки писем Барыковой.
     <ref target="#note2">
      2
     </ref>
     <note index="false" resp="volume_editor" xml:id="note2">
      <name placement="note" ref="1009" type="person">
       Анна Павловна Барыкова
      </name>
      (1839—1893), писательница. О ней см. т. 86, стр.
      <hi style="opdelimiter">
       150.
      </hi>
     </note>
     Как хорошо. Я давно не испытывал такого приятного чувства.
    </p>
    <p id="49b3994d-2413-4745-bd0c-7da35287dce3">
     Прощайте, милые друзья. Как хорошо, что
     <choice original_editorial_correction="Ив[ан]">
      <sic>
       Ив
      </sic>
      <corr>
       <name placement="text" ref="13980" type="person">
        Иван
       </name>
      </corr>
     </choice>
     <choice original_editorial_correction="Мих[айлович]">
      <sic>
       <name placement="text" ref="13980" type="person">
        Мих
       </name>
      </sic>
      <corr>
       <name placement="text" ref="13980" type="person">
        Михайлович
       </name>
      </corr>
     </choice>
     <hi>
      3
     </hi>
     пока цел и всё случилось, как случилось.
    </p>
    <p id="b8323e5b-6c70-4044-9d5f-36a31dbc56f1" rend="right">
     Л. Т.
    </p>
    <noteGrp type="comments">
     <note index="false" type="comments">
      <p id="a9b50c2d-c231-4da5-a3da-1a0b6eccb6f2" rend="Textpetit_otstup left">
       Датируется 13 января, так как в письме есть указание, что оно написано на другой день после предыдущего письма от 12 января.
      </p>
     </note>
    </noteGrp>
   </div>
  </body>
 </text>
</TEI>
