<?xml version="1.0" encoding="utf-8"?>
<TEI xmlns="http://www.tei-c.org/ns/1.0" xmlns:xi="http://www.w3.org/2001/XInclude">
 <teiHeader>
  <fileDesc>
   <titleStmt>
    <title xml:id="v88_501_iyunya24">
     Письма и документы. Tolstoy Digital
    </title>
    <title type="main">
     Письмо В. Г. Черткову от 24 июня 1898 г.
    </title>
    <title type="bibl">
     Толстой Л. Н. Письмо В. Г. Черткову, 24 июня 1898 г. // Толстой Л. Н. Полное собрание сочинений: в 90 тт. Т. 88. М.: Гос. изд. «Художественная литература», 1957. С.
    </title>
    <respStmt>
     <resp>
      Идея, постановка задач, руководство:
     </resp>
     <name>
      Анастасия Бонч-Осмоловская, Фёкла Толстая, Борис Орехов, Тимофей Лукашевский
     </name>
    </respStmt>
    <respStmt>
     <resp>
      Подготовка TEI/XML:
     </resp>
     <name>
      Евгений Можаев, Даниил Скоринкин, Ирина Павлова, Матвей Колбасов, Елена Сидорова, Кирилл Милинцевич, Лев Буланов, Макар Федоров, Константин Петров
     </name>
    </respStmt>
    <respStmt>
     <resp>
      Подготовка метаданных:
     </resp>
     <name>
      Мария Картышева, Вероника Файнберг
     </name>
    </respStmt>
    <respStmt>
     <resp>
      Разметка имен собственных:
     </resp>
     <name>
      Никита Северин, Елена Северина
     </name>
    </respStmt>
    <respStmt>
     <resp>
      Исправление древнегреческого текста:
     </resp>
     <name>
      Ольга Алиева
     </name>
    </respStmt>
    <funder>
     Проект «Слово Толстого»
    </funder>
   </titleStmt>
   <publicationStmt>
    <publisher>
     <orgName>
      Tolstoy Digital, DH CLOUD, Научно-образовательный союз «Родное Слово» проект «Слово Толстого»
     </orgName>
    </publisher>
    <availability>
     <p id="787ed00f-f947-402e-9dee-26e9a203dd84">
      Тексты и метатекстовая разметка доступны для свободного использования и распространения по лицензии Creative Commons Attribution Share-Alike (cc by-sa)
     </p>
    </availability>
    <date from="2015" to="2022"/>
   </publicationStmt>
   <notesStmt>
    <note>
     Публикуемые документы был получены с сайта tolstoy.ru в формате html, переведены в формат TEI. Исправлены некоторые ошибки распознавания. Тексты, написанные в дореформенной орфографии, сопоставлены с их версиями в современной орфографии.
    </note>
   </notesStmt>
   <sourceDesc>
    <biblStruct>
     <analytic>
      <author>
       Толстой Лев Николаевич
      </author>
     </analytic>
     <monogr>
      <title level="m">
       Полное собрание сочинений. Том 88
      </title>
      <imprint>
       <pubPlace>
        Москва
       </pubPlace>
       <publisher>
        Государственное издательство «Художественная литература»
       </publisher>
       <date when="1957"/>
      </imprint>
      <biblScope unit="vol">
       88
      </biblScope>
      <biblScope unit="page">
       100-100
      </biblScope>
     </monogr>
     <series>
      <title level="s">
       Л. Н. Толстой. Полное собрание сочинений: в 90 тт.
      </title>
     </series>
    </biblStruct>
    <bibl>
     Публикуется впервые
    </bibl>
   </sourceDesc>
  </fileDesc>
  <encodingDesc>
   <classDecl>
    <xi:include href="../../reference/taxonomy.xml"/>
   </classDecl>
  </encodingDesc>
  <profileDesc>
   <correspDesc>
    <correspAction type="sending">
     <persName ref="13883">
      Л. Н. Толстой
     </persName>
     <placeName>
      Ясная Поляна
     </placeName>
     <date when="1898-06-24"/>
    </correspAction>
    <correspAction type="receiving">
     <persName ref="15284">
      Чертков Владимир Григорьевич
     </persName>
    </correspAction>
   </correspDesc>
   <langUsage>
    <language ident="ru"/>
   </langUsage>
   <textClass>
    <catRef ana="#tolstoy_heritage" target="library"/>
    <catRef ana="#letters" target="type"/>
    <catRef ana="#sent" target="sent"/>
   </textClass>
  </profileDesc>
 </teiHeader>
 <xenoData>
  <number type="in a volume">
   501
  </number>
 </xenoData>
 <text xml:id="iyunya24_501" xmlns="http://www.tei-c.org/ns/1.0" xmlns:xi="http://www.w3.org/2001/XInclude">
  <body>
   <div>
    <pb n="100"/>
    <opener index="false">
     * 501.1898 г. Июня 24. Я. П.
    </opener>
    <p id="c9952fc1-882e-455b-ba26-f38b9f1f8d7c">
     Après rechute rétabli convalescent. Lettre suit.
    </p>
    <p id="b1664938-00ec-4c92-891e-24f3c45616aa" rend="right">
     Tolstoy.
    </p>
    <p id="6e023c57-1326-4335-95a2-a68647472cba" rend="Textpetit_otstup left">
     После повторного приступа выздоравливаю. Письмо следует.
    </p>
    <p id="387ec6fd-ee67-46b0-80a0-2eb515a84105" rend="petit right">
     Толстой.
    </p>
    <noteGrp type="comments">
     <note index="false" type="comments">
      <p id="699f265c-8490-4692-be84-e8b32a9b6b90" rend="Textpetit_otstup left">
       Телеграмма. Датируется на основании пометки на телеграфном бланке.
      </p>
     </note>
     <note index="false" type="comments">
      <p id="853f85e3-2fce-4dc7-a1f0-63ff1a6ea4b8" rend="petit">
       Ответ на телеграфный запрос Черткова о здоровье Толстого.
      </p>
     </note>
    </noteGrp>
   </div>
  </body>
 </text>
</TEI>
