<?xml version="1.0" encoding="utf-8"?>
<TEI xmlns="http://www.tei-c.org/ns/1.0" xmlns:xi="http://www.w3.org/2001/XInclude">
 <teiHeader>
  <fileDesc>
   <titleStmt>
    <title xml:id="v89_881_a24">
     Письма и документы. Tolstoy Digital
    </title>
    <title type="main">
     Письмо В. Г. Черткову от 24 марта 1910 г.
    </title>
    <title type="bibl">
     Толстой Л. Н. Письмо В. Г. Черткову, 24 марта 1910 г. // Толстой Л. Н. Полное собрание сочинений: в 90 тт. Т. 89. М.: Гос. изд. «Художественная литература», 1957. С.
    </title>
    <respStmt>
     <resp>
      Идея, постановка задач, руководство:
     </resp>
     <name>
      Анастасия Бонч-Осмоловская, Фёкла Толстая, Борис Орехов, Тимофей Лукашевский
     </name>
    </respStmt>
    <respStmt>
     <resp>
      Подготовка TEI/XML:
     </resp>
     <name>
      Евгений Можаев, Даниил Скоринкин, Ирина Павлова, Матвей Колбасов, Елена Сидорова, Кирилл Милинцевич, Лев Буланов, Макар Федоров, Константин Петров
     </name>
    </respStmt>
    <respStmt>
     <resp>
      Подготовка метаданных:
     </resp>
     <name>
      Мария Картышева, Вероника Файнберг
     </name>
    </respStmt>
    <respStmt>
     <resp>
      Разметка имен собственных:
     </resp>
     <name>
      Никита Северин, Елена Северина
     </name>
    </respStmt>
    <respStmt>
     <resp>
      Исправление древнегреческого текста:
     </resp>
     <name>
      Ольга Алиева
     </name>
    </respStmt>
    <funder>
     Проект «Слово Толстого»
    </funder>
   </titleStmt>
   <publicationStmt>
    <publisher>
     <orgName>
      Tolstoy Digital, DH CLOUD, Научно-образовательный союз «Родное Слово» проект «Слово Толстого»
     </orgName>
    </publisher>
    <availability>
     <p id="5f4a86b3-68cf-485d-ab27-f0acbb845805">
      Тексты и метатекстовая разметка доступны для свободного использования и распространения по лицензии Creative Commons Attribution Share-Alike (cc by-sa)
     </p>
    </availability>
    <date from="2015" to="2022"/>
   </publicationStmt>
   <notesStmt>
    <note>
     Публикуемые документы был получены с сайта tolstoy.ru в формате html, переведены в формат TEI. Исправлены некоторые ошибки распознавания. Тексты, написанные в дореформенной орфографии, сопоставлены с их версиями в современной орфографии.
    </note>
   </notesStmt>
   <sourceDesc>
    <biblStruct>
     <analytic>
      <author>
       Толстой Лев Николаевич
      </author>
     </analytic>
     <monogr>
      <title level="m">
       Полное собрание сочинений. Том 89
      </title>
      <imprint>
       <pubPlace>
        Москва
       </pubPlace>
       <publisher>
        Государственное издательство «Художественная литература»
       </publisher>
       <date when="1957"/>
      </imprint>
      <biblScope unit="vol">
       89
      </biblScope>
      <biblScope unit="page">
       178-179
      </biblScope>
     </monogr>
     <series>
      <title level="s">
       Л. Н. Толстой. Полное собрание сочинений: в 90 тт.
      </title>
     </series>
    </biblStruct>
    <bibl>
     Публикуется впервые
    </bibl>
   </sourceDesc>
  </fileDesc>
  <encodingDesc>
   <classDecl>
    <xi:include href="../../reference/taxonomy.xml"/>
   </classDecl>
  </encodingDesc>
  <profileDesc>
   <correspDesc>
    <correspAction type="sending">
     <persName ref="13883">
      Л. Н. Толстой
     </persName>
     <placeName>
      Ясная Поляна
     </placeName>
     <date when="1910-03-24"/>
    </correspAction>
    <correspAction type="receiving">
     <persName ref="15284">
      Чертков Владимир Григорьевич
     </persName>
    </correspAction>
   </correspDesc>
   <langUsage>
    <language ident="ru"/>
   </langUsage>
   <textClass>
    <catRef ana="#tolstoy_heritage" target="library"/>
    <catRef ana="#letters" target="type"/>
    <catRef ana="#sent" target="sent"/>
   </textClass>
  </profileDesc>
 </teiHeader>
 <xenoData>
  <number type="in a volume">
   881
  </number>
 </xenoData>
 <text xml:id="a24_881" xmlns="http://www.tei-c.org/ns/1.0" xmlns:xi="http://www.w3.org/2001/XInclude">
  <body>
   <div>
    <pb n="178"/>
    <opener index="false">
     * 881.1910 г. Марта 24. Я. П.
    </opener>
    <p id="fab5d00d-f26b-4e15-8d16-97e3029aafcc">
     Благодарствуйте, милый друг, и за ваше предложение и за мягкость вашего укора — вполне заслуженного мною. Это моя старческая память, т. е. отсутствие ее. Я даже забыл, что послал переводить Мооду и Димочку просил просить вас перевести.
     <ref target="#note1">
      1
     </ref>
     <note index="false" resp="volume_editor" xml:id="note1">
      Ответ на письмо В. Г. Черткова от 22 марта, в котором Чертков сожалел о том, что Толстой свое письмо к японцу
      <name placement="note" ref="15645" type="person">
       Киносуке
      </name>
      <hi style="opdelimiter">
       <name placement="note" ref="15645" type="person">
        Шираиши
       </name>
      </hi>
      <hi style="npdelimiter">
       (см.
      </hi>
      т. 81, № 205) послал для перевода в Англию Э. Мооду, а не ему. См. письмо Толстого к Мооду от 16—19 марта 1910 г. (т. 81, № 206).
     </note>
     Я
     <choice original_editorial_correction="б[ыл]">
      <sic>
       б
      </sic>
      <corr>
       был
      </corr>
     </choice>
     нездоров, теперь поправился. Надо бы удержаться от хвастовства, но уж
     <choice original_editorial_correction="оч[ень]">
      <sic>
       оч
      </sic>
      <corr>
       очень
      </corr>
     </choice>
     хочется перед вами: на душе всё лучше и лучше. Дай бог, чтобы у вас
     <choice original_editorial_correction="б[ыло]">
      <sic>
       б
      </sic>
      <corr>
       было
      </corr>
     </choice>
     , наверное и есть, тоже. Растения растут сначала быстро, а потом медленно, а духовная жизнь наоборот. Ернефельда вновь
     <choice original_editorial_correction="оч[ень]">
      <sic>
       оч
      </sic>
      <corr>
       очень
      </corr>
     </choice>
     полюбил и рад
     <choice original_editorial_correction="б[ыл]">
      <sic>
       б
      </sic>
      <corr>
       был
      </corr>
     </choice>
     , что драма его понравилась мне и теперь чем больше думаю о ней, тем
     <choice original_editorial_correction="бол[ьше]">
      <sic>
       бол
      </sic>
      <corr>
       больше
      </corr>
     </choice>
     нравится.
     <ref target="#note2">
      2
     </ref>
     <note index="false" resp="volume_editor" xml:id="note2">
      А. Ернефельт был у Толстого два раза, 21 и 22 марта, когда Толстой прислал за ним в Телятинки лошадей и пригласил его приехать в Ясную Поляну. Свои впечатления от пребывания у Толстого Ернефельт изложил в письме к В. Г. Черткову от 28 марта 1910 г., часть которого опубликована в приложении к русскому переводу книги Ернефельта «Мое пробуждение (Исповедь)», М. 1921, стр. ХІѴ—ХѴІ. См. также т. 58, стр. 344—346, и Дневник В. Ф. Булгакова, стр. 113—117. Драма Ернефельта, о которой упоминает Толстой, — «Тит» («Titus»). В своем Дневнике, после первого ознакомления с этой драмой, 21 марта Толстой записал: «Потом
      <choice original_editorial_correction="Эрнеф[ельт]">
       <sic>
        Эрнеф
       </sic>
       <corr>
        Эрнефельт
       </corr>
      </choice>
      . Драма его — драма, мало мне интересная» (т. 58, стр. 28).
     </note>
    </p>
    <p id="58f83cfa-bee9-4507-86ab-5f7d3aaffd6b" rend="right">
     <name placement="text" ref="13883" type="person">
      Л. Толстой
     </name>
     . 24 м.
    </p>
    <lb/>
    <p id="696ca307-4c7b-49bf-82c8-ab3ffabecd9c">
     Всё мечтаю о том,
     <choice original_editorial_correction="ч[то]">
      <sic>
       ч
      </sic>
      <corr>
       что
      </corr>
     </choice>
     вот-вот отворится дверь и войдет
     <choice original_editorial_correction="Ч[ертков]">
      <sic>
       Ч
      </sic>
      <corr>
       Чертков
      </corr>
     </choice>
     .
    </p>
    <noteGrp type="comments">
     <note index="false" type="comments">
      <p id="66ed80dd-efe0-41a9-ab4a-c46cf14dc307" rend="Textpetit_otstup left">
       Отрывок опубликован: «Толстой и Чертков», стр. 404.
      </p>
     </note>
    </noteGrp>
   </div>
  </body>
 </text>
</TEI>
