<?xml version="1.0" encoding="utf-8"?>
<TEI xmlns="http://www.tei-c.org/ns/1.0" xmlns:xi="http://www.w3.org/2001/XInclude">
 <teiHeader>
  <fileDesc>
   <titleStmt>
    <title xml:id="v89_888_a27">
     Письма и документы. Tolstoy Digital
    </title>
    <title type="main">
     Письмо В. Г. Черткову от 27 апреля 1910 г.
    </title>
    <title type="bibl">
     Толстой Л. Н. Письмо В. Г. Черткову, 27 апреля 1910 г. // Толстой Л. Н. Полное собрание сочинений: в 90 тт. Т. 89. М.: Гос. изд. «Художественная литература», 1957. С.
    </title>
    <respStmt>
     <resp>
      Идея, постановка задач, руководство:
     </resp>
     <name>
      Анастасия Бонч-Осмоловская, Фёкла Толстая, Борис Орехов, Тимофей Лукашевский
     </name>
    </respStmt>
    <respStmt>
     <resp>
      Подготовка TEI/XML:
     </resp>
     <name>
      Евгений Можаев, Даниил Скоринкин, Ирина Павлова, Матвей Колбасов, Елена Сидорова, Кирилл Милинцевич, Лев Буланов, Макар Федоров, Константин Петров
     </name>
    </respStmt>
    <respStmt>
     <resp>
      Подготовка метаданных:
     </resp>
     <name>
      Мария Картышева, Вероника Файнберг
     </name>
    </respStmt>
    <respStmt>
     <resp>
      Разметка имен собственных:
     </resp>
     <name>
      Никита Северин, Елена Северина
     </name>
    </respStmt>
    <respStmt>
     <resp>
      Исправление древнегреческого текста:
     </resp>
     <name>
      Ольга Алиева
     </name>
    </respStmt>
    <funder>
     Проект «Слово Толстого»
    </funder>
   </titleStmt>
   <publicationStmt>
    <publisher>
     <orgName>
      Tolstoy Digital, DH CLOUD, Научно-образовательный союз «Родное Слово» проект «Слово Толстого»
     </orgName>
    </publisher>
    <availability>
     <p id="6591fa06-c9d8-4d14-8b9e-39bd5f3c4052">
      Тексты и метатекстовая разметка доступны для свободного использования и распространения по лицензии Creative Commons Attribution Share-Alike (cc by-sa)
     </p>
    </availability>
    <date from="2015" to="2022"/>
   </publicationStmt>
   <notesStmt>
    <note>
     Публикуемые документы был получены с сайта tolstoy.ru в формате html, переведены в формат TEI. Исправлены некоторые ошибки распознавания. Тексты, написанные в дореформенной орфографии, сопоставлены с их версиями в современной орфографии.
    </note>
   </notesStmt>
   <sourceDesc>
    <biblStruct>
     <analytic>
      <author>
       Толстой Лев Николаевич
      </author>
     </analytic>
     <monogr>
      <title level="m">
       Полное собрание сочинений. Том 89
      </title>
      <imprint>
       <pubPlace>
        Москва
       </pubPlace>
       <publisher>
        Государственное издательство «Художественная литература»
       </publisher>
       <date when="1957"/>
      </imprint>
      <biblScope unit="vol">
       89
      </biblScope>
      <biblScope unit="page">
       187-188
      </biblScope>
     </monogr>
     <series>
      <title level="s">
       Л. Н. Толстой. Полное собрание сочинений: в 90 тт.
      </title>
     </series>
    </biblStruct>
    <bibl>
     Публикуется впервые
    </bibl>
   </sourceDesc>
  </fileDesc>
  <encodingDesc>
   <classDecl>
    <xi:include href="../../reference/taxonomy.xml"/>
   </classDecl>
  </encodingDesc>
  <profileDesc>
   <correspDesc>
    <correspAction type="sending">
     <persName ref="13883">
      Л. Н. Толстой
     </persName>
     <placeName>
      Ясная Поляна
     </placeName>
     <date when="1910-04-27"/>
    </correspAction>
    <correspAction type="receiving">
     <persName ref="15284">
      Чертков Владимир Григорьевич
     </persName>
    </correspAction>
   </correspDesc>
   <langUsage>
    <language ident="ru"/>
   </langUsage>
   <textClass>
    <catRef ana="#tolstoy_heritage" target="library"/>
    <catRef ana="#letters" target="type"/>
    <catRef ana="#sent" target="sent"/>
   </textClass>
  </profileDesc>
 </teiHeader>
 <xenoData>
  <number type="in a volume">
   888
  </number>
 </xenoData>
 <text xml:id="a27_888" xmlns="http://www.tei-c.org/ns/1.0" xmlns:xi="http://www.w3.org/2001/XInclude">
  <body>
   <div>
    <pb n="187"/>
    <opener index="false">
     * 888.1910 г. Апреля 27. Я. П.
    </opener>
    <p id="2347a75f-d99a-4887-aa7a-5426c5b3db50" rend="right">
     27 апр.
    </p>
    <p id="6707b711-9f7c-4a33-a6fe-dd462702ba1f">
     Очень мне
     <choice original_editorial_correction="б[ыло]">
      <sic>
       б
      </sic>
      <corr>
       было
      </corr>
     </choice>
     приятно видеть Алешу
     <choice original_editorial_correction="Серг[еенко]">
      <sic>
       Серг
      </sic>
      <corr>
       Сергеенко
      </corr>
     </choice>
     .
     <ref target="#note1">
      1
     </ref>
     <note index="false" resp="volume_editor" xml:id="note1">
      «Просьба» В. Г. Черткова, переданная через A. П. Сергеенко, заключалась в том, чтобы Толстой не прекращал своих поездок верхом, которые необходимы ему для сохранения и поддержания сил. См. т. 58, прим. 570 и 572, стр. 367. Об этой же «просьбе» Чертков писал Толстому в своем письме от 3 мая. На конверте его Толстой написал: Милый человек и драгоценный друг. Свои верховые поездки Толстой возобновил 10 мая в Кочетах и не прекращал их вплоть до своего ухода из Ясной Поляны.
     </note>
     Он мне всегда особенно приятен — и услыхать добрые вести о вас.— Вашу «просьбу»,
     <ref target="#note2">
      2
     </ref>
     <note index="false" resp="volume_editor" xml:id="note2">
      М. А. Шмидт.
     </note>
     милый друг, никак не могу, или, скорее, не хочу исполнить. Когда
     <choice original_editorial_correction="Мар[ья]">
      <sic>
       Мар
      </sic>
      <corr>
       Марья
      </corr>
     </choice>
     Александровна
     <ref target="#note3">
      3
     </ref>
     <note index="false" resp="volume_editor" xml:id="note3">
      «Табачная держава» — так звали старика старообрядца
      <name placement="note" ref="8385" type="person">
       Михаила Максимовича Максимова
      </name>
      (р. 1840-е гг. — ум. 1910), который время от времени посещал Толстого. Его прозвали «Табачной державой» потому, что он ненавидел и обличал самодержавное правительство, покровительствовавшее «никонианской» церкви, и называл его «табачной державой». За свои обличения не раз подвергался преследованиям со стороны духовных и светских властей и сидел в тюрьмах. См. о нем т. 69, письмо № 188 и т. 55, прим. 70.
     </note>
     послала в Тулу в больницу заболевшего у ней старика («Табачная держава»)
     <ref target="#note4">
      4
     </ref>
     <note index="false" resp="volume_editor" xml:id="note4">
      Вероятно, эти слова относятся к двум письмам Толстого Д. Истгему и Б. Шоу, которые Чертков переводил на английский язык по поручению Толстого и текст которых привез с собою А. П. Сергеенко. См. прим. 2 и 3 к письму № 885.
     </note>
     с стариком крестьянином и тот свез, и она хотела заплатить ему за подводу деньги, то старик обиделся и сказал ей: «Вот ты тó и знаешь, что за себя свечки ставишь, а мне не дашь». То же и я отвечаю вам: ты всякие свечки ставишь, а я в кой-то веки вздумал поставить свечечку, т. е. отказаться от моей, исключительно моей, роскоши, а вы хотите лишить меня этой радости.
    </p>
    <p id="08eec24b-d547-4fa8-a555-39a9c8701919">
     У меня всё хорошо, хороши и вести о Саше. Ваши оба письма прекрасны.
     <ref target="#note5">
      5
     </ref>
     <note index="false" resp="volume_editor" xml:id="note5">
      27 апреля утром Толстой «кончил начерно» предисловие к «Пути жизни». См. т. 58, стр. 42, и т. 45.
     </note>
     <choice original_editorial_correction="Оч[ень]">
      <sic>
       Оч
      </sic>
      <corr>
       Очень
      </corr>
     </choice>
     благодарю. Я нынче чувствую себя таким бодрым и здоровым, каким давно себя не чувствовал. Утро хорошо работал,
     <ref target="#note6">
      6
     </ref>
     <note index="false" resp="volume_editor" xml:id="note6">
      Толстой в этот день ходил на почту в Козловку, ныне ст. Ясная Поляна.
     </note>
     и хочется работать, гуляю по чудной погоде среди чудной природы
     <ref target="#note7">
      7
     </ref>
     <note index="false" resp="volume_editor" xml:id="note7">
      Толстой виделся с Чертковым в Кочетах у T. Л. Сухотиной в мае и гостил у Черткова в «Отрадном» в июне.
     </note>
     и благодарность, благодарность за всё и за то, что есть вы. Непременно сделаю всё, чтобы пожить с вами, где придется. У Тани или у вас, а то и тут и там.
     <hi>
      8
     </hi>
    </p>
    <p id="2c7c95a8-ad31-4ca9-883e-905ad346c308" rend="right">
     Л. Т.
    </p>
    <lb/>
    <p id="7b2e6cde-9e69-4f4c-88f4-821f3854a7f1">
     Димочка, как всегда,
     <choice original_editorial_correction="оч[ень]">
      <sic>
       оч
      </sic>
      <corr>
       очень
      </corr>
     </choice>
     хорош. Гале сердечный привет.
    </p>
    <lb/>
    <p id="46da9d02-216f-4d7d-9e9a-7b4955d3dccb">
     <hi>
      На обороте:
     </hi>
     Владимиру
     <hi style="opdelimiter">
      Григорьевичу.
     </hi>
    </p>
    <noteGrp type="comments">
     <note index="false" type="comments">
      <p id="ceb53ffd-5650-4585-b650-33533cc19732" rend="Textpetit_otstup left">
       <pb n="188"/>
       <hi>
        <hi style="npdelimiter">
         1
        </hi>
       </hi>
       <name placement="comments" ref="12519" type="person">
        Алексей Петрович Сергеенко
       </name>
       , приезжавший в Телятинки из Крекшина, был 26 и 27 апреля в Ясной Поляне и беседовал с Толстым. См. записи Толстого в Дневнике 26 и 27 апреля (т. 58, стр. 42).
      </p>
     </note>
    </noteGrp>
   </div>
  </body>
 </text>
</TEI>
