<?xml version="1.0" encoding="utf-8"?>
<TEI xmlns="http://www.tei-c.org/ns/1.0" xmlns:xi="http://www.w3.org/2001/XInclude">
 <teiHeader>
  <fileDesc>
   <titleStmt>
    <title xml:id="v89_894_a14">
     Письма и документы. Tolstoy Digital
    </title>
    <title type="main">
     Письмо В. Г. Черткову от 14 июля 1910 г.
    </title>
    <title type="bibl">
     Толстой Л. Н. Письмо В. Г. Черткову, 14 июля 1910 г. // Толстой Л. Н. Полное собрание сочинений: в 90 тт. Т. 89. М.: Гос. изд. «Художественная литература», 1957. С.
    </title>
    <respStmt>
     <resp>
      Идея, постановка задач, руководство:
     </resp>
     <name>
      Анастасия Бонч-Осмоловская, Фёкла Толстая, Борис Орехов, Тимофей Лукашевский
     </name>
    </respStmt>
    <respStmt>
     <resp>
      Подготовка TEI/XML:
     </resp>
     <name>
      Евгений Можаев, Даниил Скоринкин, Ирина Павлова, Матвей Колбасов, Елена Сидорова, Кирилл Милинцевич, Лев Буланов, Макар Федоров, Константин Петров
     </name>
    </respStmt>
    <respStmt>
     <resp>
      Подготовка метаданных:
     </resp>
     <name>
      Мария Картышева, Вероника Файнберг
     </name>
    </respStmt>
    <respStmt>
     <resp>
      Разметка имен собственных:
     </resp>
     <name>
      Никита Северин, Елена Северина
     </name>
    </respStmt>
    <respStmt>
     <resp>
      Исправление древнегреческого текста:
     </resp>
     <name>
      Ольга Алиева
     </name>
    </respStmt>
    <funder>
     Проект «Слово Толстого»
    </funder>
   </titleStmt>
   <publicationStmt>
    <publisher>
     <orgName>
      Tolstoy Digital, DH CLOUD, Научно-образовательный союз «Родное Слово» проект «Слово Толстого»
     </orgName>
    </publisher>
    <availability>
     <p id="492aaeac-1849-4b41-a601-c8032cec894f">
      Тексты и метатекстовая разметка доступны для свободного использования и распространения по лицензии Creative Commons Attribution Share-Alike (cc by-sa)
     </p>
    </availability>
    <date from="2015" to="2022"/>
   </publicationStmt>
   <notesStmt>
    <note>
     Публикуемые документы был получены с сайта tolstoy.ru в формате html, переведены в формат TEI. Исправлены некоторые ошибки распознавания. Тексты, написанные в дореформенной орфографии, сопоставлены с их версиями в современной орфографии.
    </note>
   </notesStmt>
   <sourceDesc>
    <biblStruct>
     <analytic>
      <author>
       Толстой Лев Николаевич
      </author>
     </analytic>
     <monogr>
      <title level="m">
       Полное собрание сочинений. Том 89
      </title>
      <imprint>
       <pubPlace>
        Москва
       </pubPlace>
       <publisher>
        Государственное издательство «Художественная литература»
       </publisher>
       <date when="1957"/>
      </imprint>
      <biblScope unit="vol">
       89
      </biblScope>
      <biblScope unit="page">
       193-194
      </biblScope>
     </monogr>
     <series>
      <title level="s">
       Л. Н. Толстой. Полное собрание сочинений: в 90 тт.
      </title>
     </series>
    </biblStruct>
    <bibl/>
   </sourceDesc>
  </fileDesc>
  <encodingDesc>
   <classDecl>
    <xi:include href="../../reference/taxonomy.xml"/>
   </classDecl>
  </encodingDesc>
  <profileDesc>
   <correspDesc>
    <correspAction type="sending">
     <persName ref="13883">
      Л. Н. Толстой
     </persName>
     <placeName>
      Ясная Поляна
     </placeName>
     <date when="1910-07-14"/>
    </correspAction>
    <correspAction type="receiving">
     <persName ref="15284">
      Чертков Владимир Григорьевич
     </persName>
    </correspAction>
   </correspDesc>
   <langUsage>
    <language ident="ru"/>
   </langUsage>
   <textClass>
    <catRef ana="#tolstoy_heritage" target="library"/>
    <catRef ana="#letters" target="type"/>
    <catRef ana="#sent" target="sent"/>
   </textClass>
  </profileDesc>
 </teiHeader>
 <xenoData>
  <number type="in a volume">
   894
  </number>
 </xenoData>
 <text xml:id="a14_894" xmlns="http://www.tei-c.org/ns/1.0" xmlns:xi="http://www.w3.org/2001/XInclude">
  <body>
   <div>
    <pb n="193"/>
    <opener index="false">
     894.1910 г. Июля 14. Я. П.
    </opener>
    <p id="bd1af288-3b05-4e98-a6d9-bced098f85a8">
     Я так был взволнован нынче утром, что, писав вам, думал, что я написал главное: то, чтобы вы сейчас же отдали дневники Саше. Теперь прошу вас об этом. Саша же прямо свезет их [в] банк. Очень тяжело, но тем лучше. Крепитесь в добре и вы, милый друг.
    </p>
    <p id="9c809cd3-348f-4a4f-bf6f-4d3730eb0ab0" rend="right">
     <name placement="text" ref="13883" type="person">
      Лев Толстой
     </name>
     .
    </p>
    <noteGrp type="comments">
     <note index="false" type="comments">
      <p id="a724fa9c-a8e0-493e-bf7e-0d6ba5f72bba" rend="Textpetit_otstup left">
       Дата на подлиннике рукой А. П. Сергеенко: «14 июля 1910 г. Днем». Впервые опубликовано: «Толстой и Чертков», стр. 413.
      </p>
     </note>
     <note index="false" type="comments">
      <p id="026bd91c-dbc5-432e-a2b9-1a805fba8a04" rend="petit">
       14 июля днем Лев Николаевич поручил А. Л. Толстой, только что возвратившейся из Телятинок, немедленно вновь съездить к Черткову и привезти от него семь тетрадей Дневников, начиная с 1900 г. и кончая июнем 1910 г. (см. прим. 1 к письму № 893). Тетради Дневников были привезены 3 июля А. Б. Гольденвейзером из Москвы, по поручению В. Г. Черткова. По этому поводу см. Записи А. Б. Гольденвейзера, 2, стр. 88. Поездка А. Л. Толстой к В. Г. Черткову за Дневником подробно описана в прим. 1014 к Дневнику 1910 г. (т. 58, стр. 452). А. Л. Толстая передала тетради своей сестре Т. Л. Сухотиной, которая их заперла, а 16 июля свезла в Тулу и положила в Тульское отделение Государственного банка на имя Толстого. См. т. 82. «Деловые бумаги и официальные документы», № 305. По поводу этого письма см. запись Толстого в Дневнике 14 июля (т. 58, стр. 79 и прим. 1015, стр. 453).
      </p>
     </note>
     <note index="false" type="comments">
      <p id="28c717e5-b2a8-4de2-af49-eaa31cc6f208" rend="emptyline">
       <pb n="194"/>
      </p>
     </note>
    </noteGrp>
   </div>
  </body>
 </text>
</TEI>
