<?xml version="1.0" encoding="utf-8"?>
<TEI xmlns="http://www.tei-c.org/ns/1.0" xmlns:xi="http://www.w3.org/2001/XInclude">
 <teiHeader>
  <fileDesc>
   <titleStmt>
    <title xml:id="v90_014_H_N_Straxovu">
     Письма и документы. Tolstoy Digital
    </title>
    <title type="main">
     Письмо Н. Н. Страхову с 11 октября 1872 г. по 20 октября 1872 г.
    </title>
    <title type="bibl">
     Толстой Л. Н. Письмо Н. Н. Страхову, 11 октября 1872 г. — 20 октября 1872 г. // Толстой Л. Н. Полное собрание сочинений: в 90 тт. Т. 90. М.: Гос. изд. «Художественная литература», 1958. С.
    </title>
    <respStmt>
     <resp>
      Идея, постановка задач, руководство:
     </resp>
     <name>
      Анастасия Бонч-Осмоловская, Фёкла Толстая, Борис Орехов, Тимофей Лукашевский
     </name>
    </respStmt>
    <respStmt>
     <resp>
      Подготовка TEI/XML:
     </resp>
     <name>
      Евгений Можаев, Даниил Скоринкин, Ирина Павлова, Матвей Колбасов, Елена Сидорова, Кирилл Милинцевич, Лев Буланов, Макар Федоров, Константин Петров
     </name>
    </respStmt>
    <respStmt>
     <resp>
      Подготовка метаданных:
     </resp>
     <name>
      Мария Картышева, Вероника Файнберг
     </name>
    </respStmt>
    <respStmt>
     <resp>
      Разметка имен собственных:
     </resp>
     <name>
      Никита Северин, Елена Северина
     </name>
    </respStmt>
    <respStmt>
     <resp>
      Исправление древнегреческого текста:
     </resp>
     <name>
      Ольга Алиева
     </name>
    </respStmt>
    <funder>
     Проект «Слово Толстого»
    </funder>
   </titleStmt>
   <publicationStmt>
    <publisher>
     <orgName>
      Tolstoy Digital, DH CLOUD, Научно-образовательный союз «Родное Слово» проект «Слово Толстого»
     </orgName>
    </publisher>
    <availability>
     <p id="1d9596ed-9d74-4ca3-a9c1-6a82700040b2">
      Тексты и метатекстовая разметка доступны для свободного использования и распространения по лицензии Creative Commons Attribution Share-Alike (cc by-sa)
     </p>
    </availability>
    <date from="2015" to="2022"/>
   </publicationStmt>
   <notesStmt>
    <note>
     Публикуемые документы был получены с сайта tolstoy.ru в формате html, переведены в формат TEI. Исправлены некоторые ошибки распознавания. Тексты, написанные в дореформенной орфографии, сопоставлены с их версиями в современной орфографии.
    </note>
   </notesStmt>
   <sourceDesc>
    <biblStruct>
     <analytic>
      <author>
       Толстой Лев Николаевич
      </author>
     </analytic>
     <monogr>
      <title level="m">
       Полное собрание сочинений. Том 90
      </title>
      <imprint>
       <pubPlace>
        Москва
       </pubPlace>
       <publisher>
        Государственное издательство «Художественная литература»
       </publisher>
       <date when="1958"/>
      </imprint>
      <biblScope unit="vol">
       90
      </biblScope>
      <biblScope unit="page">
       230-230
      </biblScope>
     </monogr>
     <series>
      <title level="s">
       Л. Н. Толстой. Полное собрание сочинений: в 90 тт.
      </title>
     </series>
    </biblStruct>
    <bibl>
     Публикуется впервые
    </bibl>
   </sourceDesc>
  </fileDesc>
  <encodingDesc>
   <classDecl>
    <xi:include href="../../reference/taxonomy.xml"/>
   </classDecl>
  </encodingDesc>
  <profileDesc>
   <correspDesc>
    <correspAction type="sending">
     <persName ref="13883">
      Л. Н. Толстой
     </persName>
     <placeName>
      Ясная Поляна
     </placeName>
     <date notAfter="1872-10-20" notBefore="1872-10-11"/>
    </correspAction>
    <correspAction type="receiving">
     <persName ref="13258">
      Страхов Николай Николаевич
     </persName>
    </correspAction>
   </correspDesc>
   <langUsage>
    <language ident="ru"/>
   </langUsage>
   <textClass>
    <catRef ana="#tolstoy_heritage" target="library"/>
    <catRef ana="#letters" target="type"/>
    <catRef ana="#sent" target="sent"/>
   </textClass>
  </profileDesc>
 </teiHeader>
 <xenoData>
  <number type="in a volume">
   14
  </number>
 </xenoData>
 <text xml:id="H.N.Straxovu_14" xmlns="http://www.tei-c.org/ns/1.0" xmlns:xi="http://www.w3.org/2001/XInclude">
  <body>
   <div>
    <pb n="230"/>
    <opener>
     * 14. H. Н. Страхову.1872 г. Октябрь, середина. Я. П.
    </opener>
    <p id="35e52e39-bdf2-4d07-9887-03c1a4477e2d" rend="Data">
     <hi rend="italic">
      1872 г. Октябрь, середина. Я. П.
     </hi>
    </p>
    <p id="1f19a224-c371-430e-b844-6d241b187e47">
     Забыл ответить нас вопросы об оглавлении и затерял листок вашего письма, где было написано. Мне кажется, что я помню всё.
    </p>
    <p id="b3420b1d-1e1a-4be4-92c0-ccd43acf8db4">
     Волк в пыли — с индейского.
    </p>
    <p id="636e5636-c758-4ed9-998e-f5d979e8e9d1">
     Цапля, лягушка и рак — тоже.
    </p>
    <p id="e83e207a-543e-4441-a0bc-5fdb17aecc39">
     <del>
      Волга и Вазуза — Даля.
     </del>
    </p>
    <p id="4a7f18d5-229f-4b80-92e0-c3c0cc23365a">
     Шат и Дон — народное предание (мною записано).
    </p>
    <p id="3f6e164b-23c1-415a-8fd5-237eef972f88" rend="left margin0">
     Две лошади
    </p>
    <p id="d0d46995-9a6a-49b2-8774-948daf7d2ff8">
     <img alt="" class="w25" src="./img/i00002110r0c1p00000.png"/>
    </p>
    <p id="9fe9021a-1e59-47b4-ad4f-c9da9373aace" rend="left margin0">
     Собаки и повар
    </p>
    <p id="eb2d2fa2-d0ff-4e00-a6b6-ca0a2a2184cf" rend="left margin0">
     Перепелка
    </p>
    <p id="c16f3577-803c-44a8-bfda-d7e80b0505a8" rend="left margin0">
     Топор и пила
    </p>
    <p id="6fb0497b-7046-4f9f-a50a-6680fa989ce1">
     Извините, если забыл еще что-нибудь.
    </p>
    <p id="3a9f0099-fc24-4b5c-8db5-097439f545bf">
     Нашел ваше письмо.
    </p>
    <p id="6691fd7c-de7c-466f-9ad7-023043c3b517">
     Мышь под амбаром — с индейского.
    </p>
    <p id="5a957959-3356-4429-ab42-5beec5a2620f">
     Судома — из хрестоматии Перевлесского.
    </p>
    <p id="75ce20fe-7228-4019-8f3a-948673df9bff">
     Лев и лисица — Эзопа.
    </p>
    <p id="ef14e9a0-a757-4a6a-9e4d-6c64f9a87e54" rend="left margin0">
     Заяц и гончая собака
    </p>
    <p id="60d31059-df0b-4f26-9653-5ee9c006928f">
     <img alt="" class="w25" src="./img/i00002116r0c1p00000.png"/>
    </p>
    <p id="656f1b67-3cbd-4a04-a7e4-8b6a8082ab6f" rend="left margin0">
     Равное наследство
    </p>
    <p id="336b4cc5-4c86-4a9b-a04a-a6e95489e3f0" rend="left margin0">
     Теленок на льду
    </p>
    <p id="056724f6-8f7f-4f9d-9b88-8ec7017477c7" rend="left margin0">
     Сова и заяц
    </p>
    <noteGrp type="comments">
     <note index="false" type="comments">
      <p id="7cac68cb-94e1-4895-9078-6586dceca7be" rend="Textpetit_otstup left">
       Датируется по содержанию (см. т. 21 — «История писания и печатания «Азбуки»).
      </p>
     </note>
     <note index="false" type="comments">
      <p id="18341142-5078-4101-8d82-2154ef6975ba" rend="petit">
       <name placement="comments" ref="13258" type="person">
        Николай Николаевич Страхов
       </name>
       (1828—1896) — философ-идеалист и литературный критик, близкий по взглядам к славянофилам. С Толстым был знаком лично с 1871 г. (см. т. 61, стр. 234).
      </p>
     </note>
     <note index="false" type="comments">
      <p id="affa049e-be1b-4326-a02c-4823c1dceca5" rend="petit">
       Ответ на несохранившееся письмо Страхова, в котором он, очевидно, просил указать источники некоторых рассказов, помещенных в «Азбуке», в то время печатавшейся. Подробнее об этом см. в т. 21.
      </p>
     </note>
     <note index="false" type="comments">
      <p id="36c16a67-1f4e-408c-8ce9-f0cb96953fa1" rend="emptyline">
       <pb n="231"/>
      </p>
     </note>
    </noteGrp>
   </div>
  </body>
 </text>
</TEI>
