<?xml version="1.0" encoding="utf-8"?>
<TEI xmlns="http://www.tei-c.org/ns/1.0" xmlns:xi="http://www.w3.org/2001/XInclude">
 <teiHeader>
  <fileDesc>
   <titleStmt>
    <title xml:id="v90_028_O_A_Novikovoj">
     Письма и документы. Tolstoy Digital
    </title>
    <title type="main">
     Письмо О. А. Новиковой с 1 января 1870 г. по 31 декабря 1870 г.
    </title>
    <title type="bibl">
     Толстой Л. Н. Письмо О. А. Новиковой, 1 января 1870 г. — 31 декабря 1870 г. // Толстой Л. Н. Полное собрание сочинений: в 90 тт. Т. 90. М.: Гос. изд. «Художественная литература», 1958. С.
    </title>
    <respStmt>
     <resp>
      Идея, постановка задач, руководство:
     </resp>
     <name>
      Анастасия Бонч-Осмоловская, Фёкла Толстая, Борис Орехов, Тимофей Лукашевский
     </name>
    </respStmt>
    <respStmt>
     <resp>
      Подготовка TEI/XML:
     </resp>
     <name>
      Евгений Можаев, Даниил Скоринкин, Ирина Павлова, Матвей Колбасов, Елена Сидорова, Кирилл Милинцевич, Лев Буланов, Макар Федоров, Константин Петров
     </name>
    </respStmt>
    <respStmt>
     <resp>
      Подготовка метаданных:
     </resp>
     <name>
      Мария Картышева, Вероника Файнберг
     </name>
    </respStmt>
    <respStmt>
     <resp>
      Разметка имен собственных:
     </resp>
     <name>
      Никита Северин, Елена Северина
     </name>
    </respStmt>
    <respStmt>
     <resp>
      Исправление древнегреческого текста:
     </resp>
     <name>
      Ольга Алиева
     </name>
    </respStmt>
    <funder>
     Проект «Слово Толстого»
    </funder>
   </titleStmt>
   <publicationStmt>
    <publisher>
     <orgName>
      Tolstoy Digital, DH CLOUD, Научно-образовательный союз «Родное Слово» проект «Слово Толстого»
     </orgName>
    </publisher>
    <availability>
     <p id="7927566e-f8d9-4a81-848e-38b620c274e8">
      Тексты и метатекстовая разметка доступны для свободного использования и распространения по лицензии Creative Commons Attribution Share-Alike (cc by-sa)
     </p>
    </availability>
    <date from="2015" to="2022"/>
   </publicationStmt>
   <notesStmt>
    <note>
     Публикуемые документы был получены с сайта tolstoy.ru в формате html, переведены в формат TEI. Исправлены некоторые ошибки распознавания. Тексты, написанные в дореформенной орфографии, сопоставлены с их версиями в современной орфографии.
    </note>
   </notesStmt>
   <sourceDesc>
    <biblStruct>
     <analytic>
      <author>
       Толстой Лев Николаевич
      </author>
     </analytic>
     <monogr>
      <title level="m">
       Полное собрание сочинений. Том 90
      </title>
      <imprint>
       <pubPlace>
        Москва
       </pubPlace>
       <publisher>
        Государственное издательство «Художественная литература»
       </publisher>
       <date when="1958"/>
      </imprint>
      <biblScope unit="vol">
       90
      </biblScope>
      <biblScope unit="page">
       240-240
      </biblScope>
     </monogr>
     <series>
      <title level="s">
       Л. Н. Толстой. Полное собрание сочинений: в 90 тт.
      </title>
     </series>
    </biblStruct>
    <bibl>
     Публикуется впервые
    </bibl>
   </sourceDesc>
  </fileDesc>
  <encodingDesc>
   <classDecl>
    <xi:include href="../../reference/taxonomy.xml"/>
   </classDecl>
  </encodingDesc>
  <profileDesc>
   <correspDesc>
    <correspAction type="sending">
     <persName ref="13883">
      Л. Н. Толстой
     </persName>
     <placeName>
      Ясная Поляна
     </placeName>
     <date notAfter="1870-12-31" notBefore="1870-01-01"/>
    </correspAction>
    <correspAction type="receiving">
     <persName ref="9868">
      Новикова Ольга Алексеевна, рожд. Киреева
     </persName>
    </correspAction>
   </correspDesc>
   <langUsage>
    <language ident="ru"/>
   </langUsage>
   <textClass>
    <catRef ana="#tolstoy_heritage" target="library"/>
    <catRef ana="#letters" target="type"/>
    <catRef ana="#sent" target="sent"/>
   </textClass>
  </profileDesc>
 </teiHeader>
 <xenoData>
  <number type="in a volume">
   28
  </number>
 </xenoData>
 <text xml:id="O.A.Novikovoj_28" xmlns="http://www.tei-c.org/ns/1.0" xmlns:xi="http://www.w3.org/2001/XInclude">
  <body>
   <div>
    <pb n="240"/>
    <opener>
     * 28.
     <name placement="text" ref="9868" type="person">
      О. А. Новиковой
     </name>
     .1870-е гг. Я. П.
    </opener>
    <p id="8d1fbf04-8af3-451d-b5fe-c7ee44522aff" rend="Data">
     <hi rend="italic">
      1870-е гг. Я. П.
     </hi>
    </p>
    <p id="43b175bb-2610-44ac-bb1d-432dda2bca1e">
     Очень благодарю вас,
     <name placement="text" ref="9868" type="person">
      Ольга Алексеевна
     </name>
     , за книгу. Я знаю ее по статье Revue des d
     <choice original_editorial_correction="[eux]">
      <sic/>
      <corr>
       eux
      </corr>
     </choice>
     M
     <choice original_editorial_correction="[onds]">
      <sic/>
      <corr>
       onds
      </corr>
     </choice>
     <ref target="#note1">
      1
     </ref>
     <note index="false" resp="volume_editor" xml:id="note1">
      Какую статью в «La Revue des deux Monds» имеет в виду Толстой, не установлено.
     </note>
     и прочел то, что меня особенно интересовало. Очень сожалею, что в этот
     <hi class="opdelimiter">
      приезд
     </hi>
     <pb n="241"/>
     <hi class="npdelimiter">
      мне
     </hi>
     невозможно было быть у вас. В следующий раз постараюсь доставить себе это удовольствие.
    </p>
    <p id="c3957680-ef49-4562-a7e2-b6f82a26e363" rend="right">
     Граф Л. Толстой.
    </p>
    <p id="593690a3-bd2c-452a-840b-56316bfe4583">
     <hi rend="italic">
      На конверте:
     </hi>
     Ее высокоблагородию
     <name placement="text" ref="9868" type="person">
      Ольге Алексеевне Киреевой
     </name>
     . Близ Собачей площадки, дом Карениной, квартира Киреевой.
    </p>
    <noteGrp type="comments">
     <note index="false" type="comments">
      <p id="9f7e2d9e-1be0-4120-8538-bb7c8f4780e9" rend="Textpetit_otstup left">
       Датируется по почерку и на том основании, что, судя по содержанию письма, Толстые еще не переезжали на жительство в Москву.
      </p>
     </note>
     <note index="false" type="comments">
      <p id="855968a0-e1d7-4a7a-9b7d-50330a551fbb" rend="petit">
       <name placement="comments" ref="9868" type="person">
        Ольга Алексеевна Новикова
       </name>
       , рожд. Киреева (1840—1921 ) — сотрудница «Московских ведомостей»; в последние годы жила в Лондоне, где имела политический салон официозно-монархического направления.
      </p>
     </note>
     <note index="false" type="comments">
      <p id="f56ce44b-cd5c-4c12-86b6-1b4f299582c8" rend="petit">
       О присланной ею Толстому книге сведений не имеется.
      </p>
     </note>
    </noteGrp>
   </div>
  </body>
 </text>
</TEI>
