<?xml version="1.0" encoding="utf-8"?>
<TEI xmlns="http://www.tei-c.org/ns/1.0" xmlns:xi="http://www.w3.org/2001/XInclude">
 <teiHeader>
  <fileDesc>
   <titleStmt>
    <title xml:id="v90_017_P_V_Morozovu">
     Письма и документы. Tolstoy Digital
    </title>
    <title type="main">
     Письмо П. В. Морозову с 1 марта 1874 г. по 15 марта 1874 г.
    </title>
    <title type="bibl">
     Толстой Л. Н. Письмо П. В. Морозову, 1 марта 1874 г. — 15 марта 1874 г. // Толстой Л. Н. Полное собрание сочинений: в 90 тт. Т. 90. М.: Гос. изд. «Художественная литература», 1958. С.
    </title>
    <respStmt>
     <resp>
      Идея, постановка задач, руководство:
     </resp>
     <name>
      Анастасия Бонч-Осмоловская, Фёкла Толстая, Борис Орехов, Тимофей Лукашевский
     </name>
    </respStmt>
    <respStmt>
     <resp>
      Подготовка TEI/XML:
     </resp>
     <name>
      Евгений Можаев, Даниил Скоринкин, Ирина Павлова, Матвей Колбасов, Елена Сидорова, Кирилл Милинцевич, Лев Буланов, Макар Федоров, Константин Петров
     </name>
    </respStmt>
    <respStmt>
     <resp>
      Подготовка метаданных:
     </resp>
     <name>
      Мария Картышева, Вероника Файнберг
     </name>
    </respStmt>
    <respStmt>
     <resp>
      Разметка имен собственных:
     </resp>
     <name>
      Никита Северин, Елена Северина
     </name>
    </respStmt>
    <respStmt>
     <resp>
      Исправление древнегреческого текста:
     </resp>
     <name>
      Ольга Алиева
     </name>
    </respStmt>
    <funder>
     Проект «Слово Толстого»
    </funder>
   </titleStmt>
   <publicationStmt>
    <publisher>
     <orgName>
      Tolstoy Digital, DH CLOUD, Научно-образовательный союз «Родное Слово» проект «Слово Толстого»
     </orgName>
    </publisher>
    <availability>
     <p id="c9268fb2-ac62-4715-aa8b-37c521102839">
      Тексты и метатекстовая разметка доступны для свободного использования и распространения по лицензии Creative Commons Attribution Share-Alike (cc by-sa)
     </p>
    </availability>
    <date from="2015" to="2022"/>
   </publicationStmt>
   <notesStmt>
    <note>
     Публикуемые документы был получены с сайта tolstoy.ru в формате html, переведены в формат TEI. Исправлены некоторые ошибки распознавания. Тексты, написанные в дореформенной орфографии, сопоставлены с их версиями в современной орфографии.
    </note>
   </notesStmt>
   <sourceDesc>
    <biblStruct>
     <analytic>
      <author>
       Толстой Лев Николаевич
      </author>
     </analytic>
     <monogr>
      <title level="m">
       Полное собрание сочинений. Том 90
      </title>
      <imprint>
       <pubPlace>
        Москва
       </pubPlace>
       <publisher>
        Государственное издательство «Художественная литература»
       </publisher>
       <date when="1958"/>
      </imprint>
      <biblScope unit="vol">
       90
      </biblScope>
      <biblScope unit="page">
       232-232
      </biblScope>
     </monogr>
     <series>
      <title level="s">
       Л. Н. Толстой. Полное собрание сочинений: в 90 тт.
      </title>
     </series>
    </biblStruct>
    <bibl>
     Публикуется впервые
    </bibl>
   </sourceDesc>
  </fileDesc>
  <encodingDesc>
   <classDecl>
    <xi:include href="../../reference/taxonomy.xml"/>
   </classDecl>
  </encodingDesc>
  <profileDesc>
   <correspDesc>
    <correspAction type="sending">
     <persName ref="13883">
      Л. Н. Толстой
     </persName>
     <placeName>
      Ясная Поляна
     </placeName>
     <date notAfter="1874-03-15" notBefore="1874-03-01"/>
    </correspAction>
    <correspAction type="receiving">
     <persName ref="9277">
      Морозов Петр Васильевич
     </persName>
    </correspAction>
   </correspDesc>
   <langUsage>
    <language ident="ru"/>
   </langUsage>
   <textClass>
    <catRef ana="#tolstoy_heritage" target="library"/>
    <catRef ana="#letters" target="type"/>
    <catRef ana="#sent" target="sent"/>
   </textClass>
  </profileDesc>
 </teiHeader>
 <xenoData>
  <number type="in a volume">
   17
  </number>
 </xenoData>
 <text xml:id="P.V.Morozovu_17" xmlns="http://www.tei-c.org/ns/1.0" xmlns:xi="http://www.w3.org/2001/XInclude">
  <body>
   <div>
    <pb n="232"/>
    <opener>
     * 17.
     <name placement="text" ref="9277" type="person">
      П. В. Морозову
     </name>
     .1874 г. Февраль — март, до 15. Я. П.
    </opener>
    <p id="553d878a-d6bc-47bf-9e6b-de8e42f1f197" rend="Data">
     <hi rend="italic">
      1874 г. Февраль — март, до 15. Я. П.
     </hi>
    </p>
    <p id="a9d45f98-ba84-4d9f-a4ba-97af3b887294" rend="Obrashenie">
     <name placement="text" ref="9277" type="person">
      Петр Васильевич
     </name>
     !
    </p>
    <p id="ba722f13-2129-4edc-b800-92c48aa91f51">
     Забыл вам сказать и написать об арифметике. Старайтесь поскорее дойти до деления включительно, и когда они поймут деление, то каждый день упражняйте в делении и делении (я всегда так делал с своими, и результаты хорошие были, так как деление включает все четыре правила). Задачи деления надо задавать двух родов: с малыми делителями, 18375 : 5 или на 7 и т. п., и с большими делителями, 18375 : 786. Жалею, что не успел проделать с вами деления. Ясно ли вам, как надо учить задавать. Если вам вполне ясно, то сделайте деление и умножение с 141 стр., т. е. сначала, пропуская излишнее, если ученики поняли, но в особенности пройдите умножение с 166 и деление с 169 стр. и заставляйте делать точно так, как показано.
    </p>
    <p id="8f6a09d7-4609-4d91-a806-c45fda8ee1a7">
     Ожидаю с нетерпением от вас писем. Пишите поподробнее.
    </p>
    <p id="d713c547-2604-49c9-b2de-201291f5eeb7">
     Держите порядок строже, посредством переписывания, диктовки и более длинных уроков.
    </p>
    <p id="c1c01976-b464-4087-996b-32e06db0ef62" rend="right">
     <name placement="text" ref="13883" type="person">
      Гр. Л. Толстой
     </name>
     .
    </p>
    <p id="5e0b95fa-782b-4454-ba6c-f30dc1fcb2d6">
     Старшим счетов больше не нужно. Нешто когда запутались и забыли вычитание.
    </p>
    <noteGrp type="comments">
     <note index="false" type="comments">
      <p id="709b7276-55a5-402b-8d46-6d6111d7f602" rend="Textpetit_otstup left">
       Печатается по машинописной копии. Датируется по содержанию.
      </p>
     </note>
     <note index="false" type="comments">
      <p id="7e482d6e-f6eb-49ec-a61a-d077a8aed9c2" rend="emptyline">
       <pb n="233"/>
      </p>
     </note>
    </noteGrp>
   </div>
  </body>
 </text>
</TEI>
