<?xml version="1.0" encoding="utf-8"?>
<TEI xmlns="http://www.tei-c.org/ns/1.0" xmlns:xi="http://www.w3.org/2001/XInclude">
 <teiHeader>
  <fileDesc>
   <titleStmt>
    <title xml:id="v90_169_A_L_Tolstomu">
     Письма и документы. Tolstoy Digital
    </title>
    <title type="main">
     Письмо А. Л. Толстому с 1 января 1906 г. по 31 декабря 1907 г.
    </title>
    <title type="bibl">
     Толстой Л. Н. Письмо А. Л. Толстому, 1 января 1906 г. — 31 декабря 1907 г. // Толстой Л. Н. Полное собрание сочинений: в 90 тт. Т. 90. М.: Гос. изд. «Художественная литература», 1958. С.
    </title>
    <respStmt>
     <resp>
      Идея, постановка задач, руководство:
     </resp>
     <name>
      Анастасия Бонч-Осмоловская, Фёкла Толстая, Борис Орехов, Тимофей Лукашевский
     </name>
    </respStmt>
    <respStmt>
     <resp>
      Подготовка TEI/XML:
     </resp>
     <name>
      Евгений Можаев, Даниил Скоринкин, Ирина Павлова, Матвей Колбасов, Елена Сидорова, Кирилл Милинцевич, Лев Буланов, Макар Федоров, Константин Петров
     </name>
    </respStmt>
    <respStmt>
     <resp>
      Подготовка метаданных:
     </resp>
     <name>
      Мария Картышева, Вероника Файнберг
     </name>
    </respStmt>
    <respStmt>
     <resp>
      Разметка имен собственных:
     </resp>
     <name>
      Никита Северин, Елена Северина
     </name>
    </respStmt>
    <respStmt>
     <resp>
      Исправление древнегреческого текста:
     </resp>
     <name>
      Ольга Алиева
     </name>
    </respStmt>
    <funder>
     Проект «Слово Толстого»
    </funder>
   </titleStmt>
   <publicationStmt>
    <publisher>
     <orgName>
      Tolstoy Digital, DH CLOUD, Научно-образовательный союз «Родное Слово» проект «Слово Толстого»
     </orgName>
    </publisher>
    <availability>
     <p id="3a169aa0-b06e-432e-96fb-088f414721a3">
      Тексты и метатекстовая разметка доступны для свободного использования и распространения по лицензии Creative Commons Attribution Share-Alike (cc by-sa)
     </p>
    </availability>
    <date from="2015" to="2022"/>
   </publicationStmt>
   <notesStmt>
    <note>
     Публикуемые документы был получены с сайта tolstoy.ru в формате html, переведены в формат TEI. Исправлены некоторые ошибки распознавания. Тексты, написанные в дореформенной орфографии, сопоставлены с их версиями в современной орфографии.
    </note>
   </notesStmt>
   <sourceDesc>
    <biblStruct>
     <analytic>
      <author>
       Толстой Лев Николаевич
      </author>
     </analytic>
     <monogr>
      <title level="m">
       Полное собрание сочинений. Том 90
      </title>
      <imprint>
       <pubPlace>
        Москва
       </pubPlace>
       <publisher>
        Государственное издательство «Художественная литература»
       </publisher>
       <date when="1958"/>
      </imprint>
      <biblScope unit="vol">
       90
      </biblScope>
      <biblScope unit="page">
       333-333
      </biblScope>
     </monogr>
     <series>
      <title level="s">
       Л. Н. Толстой. Полное собрание сочинений: в 90 тт.
      </title>
     </series>
    </biblStruct>
    <bibl/>
   </sourceDesc>
  </fileDesc>
  <encodingDesc>
   <classDecl>
    <xi:include href="../../reference/taxonomy.xml"/>
   </classDecl>
  </encodingDesc>
  <profileDesc>
   <correspDesc>
    <correspAction type="sending">
     <persName ref="13883">
      Л. Н. Толстой
     </persName>
     <placeName>
      Ясная Поляна
     </placeName>
     <date notAfter="1907-12-31" notBefore="1906-01-01"/>
    </correspAction>
    <correspAction type="receiving">
     <persName ref="13860">
      Толстой Андрей Львович
     </persName>
    </correspAction>
   </correspDesc>
   <langUsage>
    <language ident="ru"/>
   </langUsage>
   <textClass>
    <catRef ana="#tolstoy_heritage" target="library"/>
    <catRef ana="#letters" target="type"/>
    <catRef ana="#sent" target="sent"/>
   </textClass>
  </profileDesc>
 </teiHeader>
 <xenoData>
  <number type="in a volume">
   169
  </number>
 </xenoData>
 <text xml:id="A.L.Tolstomu_169" xmlns="http://www.tei-c.org/ns/1.0" xmlns:xi="http://www.w3.org/2001/XInclude">
  <body>
   <div>
    <pb n="333"/>
    <opener>
     169.
     <name placement="text" ref="13855" type="person">
      А. Л. Толстому
     </name>
     .1906 или 1907 г. Я. П.
    </opener>
    <p id="83a2e2cf-022f-4048-951c-ef175df5dfde" rend="Data">
     <hi rend="italic">
      1906 или 1907 г. Я. П.
     </hi>
    </p>
    <p id="af9409c9-e201-4989-85eb-55e4ae0764a9" rend="Obrashenie">
     Милый Андрюша,
    </p>
    <p id="a39d0953-4020-47bd-ab1b-9b69a3c62891">
     <choice original_editorial_correction="Грумантск[ие]">
      <sic>
       Грумантск
      </sic>
      <corr>
       Грумантские
      </corr>
     </choice>
     мужики опять просят. Они говорят, что их враги подали прошенье
     <hi rend="italic">
      губернатору,
     </hi>
     кроме прежнего.
    </p>
    <p id="f9a68955-3c27-4dbd-bc50-f61384609ce5">
     Знаю, что ты сам рад помочь им, но и я очень прошу Арцимовича,
     <ref target="#note1">
      1
     </ref>
     <note index="false" resp="volume_editor" xml:id="note1">
      <name placement="note" ref="720" type="person">
       Михаил Викторович Арцимович
      </name>
      (р. 1857), в 1905—1907 гг. тульский губернатор.
     </note>
     если можно, защитить их. Положение их очень плохое, если снесут построенные каменные дома.
    </p>
    <p id="ce0ff039-33ae-420c-b4c4-e7b0aa088d2d" rend="right">
     Лев Т.
    </p>
    <p id="445e19ef-2274-45cf-8635-fb6f3844f642">
     9
     <hi class="opdelimiter">
      марта.
     </hi>
    </p>
    <noteGrp type="comments">
     <note index="false" type="comments">
      <p id="7e14ce28-b752-4e20-aa4c-ba9fd81c86b6" rend="Textpetit_otstup left">
       <pb n="334"/>
       <hi class="npdelimiter">
        Датируется
       </hi>
       временем службы A. Л. Толстого при тульском губернаторе. Впервые опубликовано в книге: «
       <name placement="comments" ref="13883" type="person">
        Лев Николаевич Толстой
       </name>
       . Юбилейный сборник», Госиздат, М. — Л. 1929, стр. 77.
      </p>
     </note>
    </noteGrp>
   </div>
  </body>
 </text>
</TEI>
